shipment_id,order_code,package_code,request_date,origin_hub,carrier,seller_code,shop_name,seller_region,weight_kg,pickup_status,pickup_duration_hours
SHP100000,ORD100000,PKG100000,2026-03-04,Dhaka Hub,Pathao Courier,SEL1012,Elite Traders,Dhaka,8.44,Completed,3.06
SHP100001,ORD100001,PKG100001,2025-09-16,Khulna Hub,eCourier,SEL1010,Elite Gallery,Sylhet,11.09,Failed,2.77
SHP100002,ORD100002,PKG100002,2025-12-13,Rangpur Hub,Sundarban Courier,SEL1025,Metro Hub,Sylhet,5.98,Completed,4.78
SHP100003,ORD100003,PKG100003,2026-01-29,Sylhet Hub,Pathao Courier,SEL1043,Smart Emporium,Barisal,1.37,Failed,2.11
SHP100004,ORD100004,PKG100004,2026-08-02,Chattogram Hub,Sundarban Courier,SEL1043,Smart Emporium,Barisal,9.24,Completed,4.94
SHP100005,ORD100005,PKG100005,2026-08-10,Khulna Hub,eCourier,SEL1011,Elite Outlet,Chattogram,0.32,Completed,4.34
SHP100006,ORD100006,PKG100006,2025-10-23,Barisal Hub,Sundarban Courier,SEL1043,Smart Emporium,Barisal,9.22,Completed,1.82
SHP100007,ORD100007,PKG100007,2026-07-06,Mymensingh Hub,Steadfast Courier,SEL1053,Trendy Store,Chattogram,1.2,Completed,4.09
SHP100008,ORD100008,PKG100008,2025-10-02,Mymensingh Hub,eCourier,SEL1013,Elite Trading,Dhaka,1.46,Completed,4.05
SHP100009,ORD100009,PKG100009,2026-05-18,Barisal Hub,Steadfast Courier,SEL1001,Bengal Emporium,Rangpur,9.42,Completed,2.34
SHP100010,ORD100010,PKG100010,2026-06-20,Narayanganj Hub,Steadfast Courier,SEL1057,Value Hub,Dhaka,8.34,Completed,2.14
SHP100011,ORD100011,PKG100011,2026-07-06,Khulna Hub,Pathao Courier,SEL1031,Prime Bazaar,Chattogram,6.83,Completed,3.05
SHP100012,ORD100012,PKG100012,2025-11-17,Sylhet Hub,RedX,SEL1046,Smart Traders,Comilla,9.88,Completed,0.5
SHP100013,ORD100013,PKG100013,2026-07-07,Chattogram Hub,Pathao Courier,SEL1019,Green Fashion House,Rajshahi,10.25,Completed,4.32
SHP100014,ORD100014,PKG100014,2025-10-11,Dhaka Hub,Steadfast Courier,SEL1017,Golden Outlet,Khulna,5.6,Completed,2.22
SHP100015,ORD100015,PKG100015,2026-02-27,Dhaka Hub,Pathao Courier,SEL1013,Elite Trading,Dhaka,11.96,Completed,4.08
SHP100016,ORD100016,PKG100016,2026-02-10,Chattogram Hub,RedX,SEL1013,Elite Trading,Dhaka,4.42,Completed,2.59
SHP100017,ORD100017,PKG100017,2025-12-19,Khulna Hub,eCourier,SEL1028,Modern Depot,Khulna,2.22,Completed,2.74
SHP100018,ORD100018,PKG100018,2025-09-08,Narayanganj Hub,Pathao Courier,SEL1006,Delta Store,Rajshahi,10.18,Completed,2.35
SHP100019,ORD100019,PKG100019,2026-05-26,Rangpur Hub,eCourier,SEL1050,Suncity Retail,Chattogram,5.1,Failed,3.63
SHP100020,ORD100020,PKG100020,2025-12-26,Comilla Hub,Pathao Courier,SEL1030,Nova Retail,Dhaka,10.52,Completed,3.4
SHP100021,ORD100021,PKG100021,2026-04-17,Dhaka Hub,Sundarban Courier,SEL1054,Trendy Trading,Narayanganj,0.92,Completed,4.04
SHP100022,ORD100022,PKG100022,2026-01-20,Dhaka Hub,Sundarban Courier,SEL1030,Nova Retail,Dhaka,1.51,Completed,3.69
SHP100023,ORD100023,PKG100023,2026-01-08,Dhaka Hub,Sundarban Courier,SEL1018,Golden Store,Chattogram,0.68,Completed,3.53
SHP100024,ORD100024,PKG100024,2026-07-04,Khulna Hub,RedX,SEL1030,Nova Retail,Dhaka,7.3,Completed,3.19
SHP100025,ORD100025,PKG100025,2025-10-03,Dhaka Hub,Steadfast Courier,SEL1009,Elite Emporium,Dhaka,10.02,Completed,2.67
SHP100026,ORD100026,PKG100026,2026-05-13,Dhaka Hub,Sundarban Courier,SEL1049,Suncity Gallery,Khulna,4.95,Completed,3.87
SHP100027,ORD100027,PKG100027,2026-05-17,Dhaka Hub,RedX,SEL1043,Smart Emporium,Barisal,1.27,Completed,1.49
SHP100028,ORD100028,PKG100028,2026-01-10,Barisal Hub,Steadfast Courier,SEL1008,Elite Depot,Chattogram,4.61,Failed,2.4
SHP100029,ORD100029,PKG100029,2025-11-30,Narayanganj Hub,eCourier,SEL1034,Riverside Emporium,Dhaka,4.31,Completed,2.48
SHP100030,ORD100030,PKG100030,2025-09-02,Dhaka Hub,Pathao Courier,SEL1032,Prime Trading,Khulna,7.79,Completed,2.81
SHP100031,ORD100031,PKG100031,2026-07-22,Dhaka Hub,Steadfast Courier,SEL1012,Elite Traders,Dhaka,7.9,Completed,4.35
SHP100032,ORD100032,PKG100032,2026-07-25,Chattogram Hub,Pathao Courier,SEL1007,Delta Trading,Dhaka,1.42,Completed,4.49
SHP100033,ORD100033,PKG100033,2025-11-23,Rajshahi Hub,RedX,SEL1045,Smart Store,Dhaka,5.16,Completed,3.04
SHP100034,ORD100034,PKG100034,2025-09-12,Chattogram Hub,RedX,SEL1015,Fresh Trading,Dhaka,7.78,Completed,3.88
SHP100035,ORD100035,PKG100035,2025-10-13,Dhaka Hub,eCourier,SEL1031,Prime Bazaar,Chattogram,3.25,Completed,3.39
SHP100036,ORD100036,PKG100036,2025-09-24,Dhaka Hub,Pathao Courier,SEL1014,Fresh Hub,Khulna,5.0,Pending,
SHP100037,ORD100037,PKG100037,2026-06-15,Sylhet Hub,Pathao Courier,SEL1039,Silver Depot,Dhaka,7.44,Completed,2.46
SHP100038,ORD100038,PKG100038,2026-07-06,Dhaka Hub,eCourier,SEL1002,Bengal Hub,Barisal,4.95,Failed,3.73
SHP100039,ORD100039,PKG100039,2025-10-24,Rajshahi Hub,Pathao Courier,SEL1021,Horizon Collection,Narayanganj,0.56,Completed,2.59
SHP100040,ORD100040,PKG100040,2026-05-17,Mymensingh Hub,Sundarban Courier,SEL1032,Prime Trading,Khulna,2.83,Completed,4.9
SHP100041,ORD100041,PKG100041,2025-11-02,Narayanganj Hub,eCourier,SEL1026,Metro Outlet,Sylhet,9.36,Completed,2.45
SHP100042,ORD100042,PKG100042,2026-01-06,Chattogram Hub,RedX,SEL1036,Royal Emporium,Comilla,3.13,Completed,3.55
SHP100043,ORD100043,PKG100043,2026-03-27,Mymensingh Hub,Pathao Courier,SEL1010,Elite Gallery,Sylhet,9.85,Completed,4.03
SHP100044,ORD100044,PKG100044,2026-05-08,Khulna Hub,Sundarban Courier,SEL1026,Metro Outlet,Sylhet,5.71,Completed,3.46
SHP100045,ORD100045,PKG100045,2026-06-30,Dhaka Hub,Steadfast Courier,SEL1045,Smart Store,Dhaka,5.78,Completed,3.25
SHP100046,ORD100046,PKG100046,2025-09-16,Dhaka Hub,Sundarban Courier,SEL1020,Horizon Bazaar,Dhaka,9.29,Completed,3.84
SHP100047,ORD100047,PKG100047,2025-11-07,Sylhet Hub,Pathao Courier,SEL1009,Elite Emporium,Dhaka,4.72,Completed,1.44
SHP100048,ORD100048,PKG100048,2025-12-07,Mymensingh Hub,Pathao Courier,SEL1050,Suncity Retail,Chattogram,3.01,Completed,4.36
SHP100049,ORD100049,PKG100049,2025-12-17,Narayanganj Hub,Sundarban Courier,SEL1046,Smart Traders,Comilla,1.44,Completed,2.17
SHP100050,ORD100050,PKG100050,2026-08-12,Sylhet Hub,Steadfast Courier,SEL1040,Silver Emporium,Barisal,8.13,Completed,3.4
SHP100051,ORD100051,PKG100051,2026-05-27,Rangpur Hub,Sundarban Courier,SEL1047,Suncity Depot,Dhaka,5.75,Completed,2.99
SHP100052,ORD100052,PKG100052,2025-12-20,Dhaka Hub,Pathao Courier,SEL1046,Smart Traders,Comilla,9.75,Completed,1.79
SHP100053,ORD100053,PKG100053,2026-08-03,Rangpur Hub,RedX,SEL1044,Smart Mart,Rangpur,5.6,Completed,2.55
SHP100054,ORD100054,PKG100054,2026-02-20,Dhaka Hub,Pathao Courier,SEL1030,Nova Retail,Dhaka,5.09,Cancelled,
SHP100055,ORD100055,PKG100055,2026-02-21,Chattogram Hub,Pathao Courier,SEL1001,Bengal Emporium,Rangpur,3.73,Completed,3.72
SHP100056,ORD100056,PKG100056,2026-01-29,Rangpur Hub,Steadfast Courier,SEL1035,Riverside Gallery,Mymensingh,2.55,Completed,4.18
SHP100057,ORD100057,PKG100057,2025-10-20,Chattogram Hub,eCourier,SEL1016,Golden Hub,Comilla,10.0,Completed,3.48
SHP100058,ORD100058,PKG100058,2026-07-21,Dhaka Hub,Pathao Courier,SEL1046,Smart Traders,Comilla,1.32,Failed,3.49
SHP100059,ORD100059,PKG100059,2025-09-05,Narayanganj Hub,Sundarban Courier,SEL1028,Modern Depot,Khulna,10.85,Failed,1.59
SHP100060,ORD100060,PKG100060,2025-10-31,Chattogram Hub,Pathao Courier,SEL1054,Trendy Trading,Narayanganj,0.52,Completed,2.77
SHP100061,ORD100061,PKG100061,2025-11-19,Dhaka Hub,Pathao Courier,SEL1035,Riverside Gallery,Mymensingh,6.36,Completed,2.65
SHP100062,ORD100062,PKG100062,2025-12-06,Chattogram Hub,RedX,SEL1033,Riverside Collection,Sylhet,0.89,Completed,2.49
SHP100063,ORD100063,PKG100063,2025-10-16,Barisal Hub,RedX,SEL1055,Urban Collection,Chattogram,9.4,Completed,2.27
SHP100064,ORD100064,PKG100064,2025-09-07,Chattogram Hub,eCourier,SEL1028,Modern Depot,Khulna,2.7,Completed,3.57
SHP100065,ORD100065,PKG100065,2026-04-23,Comilla Hub,Steadfast Courier,SEL1022,Horizon Depot,Sylhet,6.88,Completed,4.13
SHP100066,ORD100066,PKG100066,2026-08-02,Dhaka Hub,Pathao Courier,SEL1022,Horizon Depot,Sylhet,11.01,Completed,3.45
SHP100067,ORD100067,PKG100067,2025-10-13,Khulna Hub,Steadfast Courier,SEL1052,Trendy Collection,Rangpur,7.86,Failed,2.8
SHP100068,ORD100068,PKG100068,2025-12-12,Dhaka Hub,RedX,SEL1045,Smart Store,Dhaka,2.3,Completed,2.43
SHP100069,ORD100069,PKG100069,2026-02-23,Dhaka Hub,Pathao Courier,SEL1009,Elite Emporium,Dhaka,9.6,Completed,2.78
SHP100070,ORD100070,PKG100070,2026-07-18,Dhaka Hub,eCourier,SEL1029,Modern Emporium,Sylhet,5.41,Completed,4.26
SHP100071,ORD100071,PKG100071,2026-04-29,Dhaka Hub,Pathao Courier,SEL1022,Horizon Depot,Sylhet,0.36,Completed,2.18
SHP100072,ORD100072,PKG100072,2026-05-24,Rajshahi Hub,RedX,SEL1038,Royal Outlet,Khulna,5.94,Completed,0.74
SHP100073,ORD100073,PKG100073,2026-03-21,Mymensingh Hub,eCourier,SEL1003,Classic Fashion House,Sylhet,9.79,Completed,3.66
SHP100074,ORD100074,PKG100074,2026-01-23,Mymensingh Hub,Pathao Courier,SEL1042,Smart Bazaar,Rajshahi,5.27,Completed,2.74
SHP100075,ORD100075,PKG100075,2025-11-09,Rajshahi Hub,Steadfast Courier,SEL1044,Smart Mart,Rangpur,9.15,Completed,1.75
SHP100076,ORD100076,PKG100076,2026-06-27,Chattogram Hub,Pathao Courier,SEL1013,Elite Trading,Dhaka,8.53,Completed,3.42
SHP100077,ORD100077,PKG100077,2026-06-06,Dhaka Hub,eCourier,SEL1009,Elite Emporium,Dhaka,5.59,Failed,2.49
SHP100078,ORD100078,PKG100078,2025-09-09,Chattogram Hub,Pathao Courier,SEL1037,Royal Gallery,Dhaka,4.01,Completed,3.68
SHP100079,ORD100079,PKG100079,2026-05-06,Sylhet Hub,Pathao Courier,SEL1015,Fresh Trading,Dhaka,8.77,Failed,1.31
SHP100080,ORD100080,PKG100080,2025-09-30,Rajshahi Hub,Sundarban Courier,SEL1056,Urban Store,Khulna,4.55,Completed,5.46
SHP100081,ORD100081,PKG100081,2026-05-14,Khulna Hub,eCourier,SEL1046,Smart Traders,Comilla,2.21,Completed,4.17
SHP100082,ORD100082,PKG100082,2026-06-13,Rangpur Hub,Pathao Courier,SEL1057,Value Hub,Dhaka,3.99,Completed,2.44
SHP100083,ORD100083,PKG100083,2025-10-16,Dhaka Hub,Steadfast Courier,SEL1032,Prime Trading,Khulna,10.55,Completed,2.61
SHP100084,ORD100084,PKG100084,2026-01-29,Dhaka Hub,Pathao Courier,SEL1056,Urban Store,Khulna,3.54,Completed,2.71
SHP100085,ORD100085,PKG100085,2025-10-13,Narayanganj Hub,Sundarban Courier,SEL1000,Bengal Bazaar,Mymensingh,2.97,Completed,3.27
SHP100086,ORD100086,PKG100086,2026-03-16,Chattogram Hub,Sundarban Courier,SEL1017,Golden Outlet,Khulna,1.77,Completed,4.28
SHP100087,ORD100087,PKG100087,2026-07-18,Narayanganj Hub,Pathao Courier,SEL1000,Bengal Bazaar,Mymensingh,0.85,Completed,1.25
SHP100088,ORD100088,PKG100088,2025-09-28,Chattogram Hub,Steadfast Courier,SEL1040,Silver Emporium,Barisal,11.72,Completed,2.82
SHP100089,ORD100089,PKG100089,2026-01-16,Dhaka Hub,Sundarban Courier,SEL1030,Nova Retail,Dhaka,6.53,Completed,3.77
SHP100090,ORD100090,PKG100090,2026-08-03,Khulna Hub,RedX,SEL1017,Golden Outlet,Khulna,8.81,Completed,2.27
SHP100091,ORD100091,PKG100091,2025-12-14,Dhaka Hub,RedX,SEL1018,Golden Store,Chattogram,9.32,Completed,2.88
SHP100092,ORD100092,PKG100092,2025-10-16,Comilla Hub,RedX,SEL1038,Royal Outlet,Khulna,4.36,Pending,
SHP100093,ORD100093,PKG100093,2026-02-17,Sylhet Hub,RedX,SEL1010,Elite Gallery,Sylhet,9.63,Completed,2.37
SHP100094,ORD100094,PKG100094,2026-02-23,Sylhet Hub,Steadfast Courier,SEL1030,Nova Retail,Dhaka,11.55,Completed,2.17
SHP100095,ORD100095,PKG100095,2026-04-18,Chattogram Hub,RedX,SEL1036,Royal Emporium,Comilla,8.95,Completed,2.03
SHP100096,ORD100096,PKG100096,2025-12-18,Dhaka Hub,RedX,SEL1014,Fresh Hub,Khulna,8.6,Completed,2.93
SHP100097,ORD100097,PKG100097,2026-07-28,Rajshahi Hub,RedX,SEL1013,Elite Trading,Dhaka,5.3,Completed,2.75
SHP100098,ORD100098,PKG100098,2026-02-28,Dhaka Hub,RedX,SEL1021,Horizon Collection,Narayanganj,10.13,Completed,2.12
SHP100099,ORD100099,PKG100099,2025-12-09,Rajshahi Hub,Sundarban Courier,SEL1035,Riverside Gallery,Mymensingh,1.25,Completed,3.84
SHP100100,ORD100100,PKG100100,2026-07-30,Chattogram Hub,RedX,SEL1015,Fresh Trading,Dhaka,9.05,Completed,2.3
SHP100101,ORD100101,PKG100101,2026-07-17,Mymensingh Hub,Sundarban Courier,SEL1022,Horizon Depot,Sylhet,4.47,Completed,2.91
SHP100102,ORD100102,PKG100102,2026-02-20,Khulna Hub,eCourier,SEL1032,Prime Trading,Khulna,6.88,Completed,3.31
SHP100103,ORD100103,PKG100103,2025-09-09,Comilla Hub,Steadfast Courier,SEL1011,Elite Outlet,Chattogram,10.74,Failed,2.81
SHP100104,ORD100104,PKG100104,2026-03-26,Dhaka Hub,Steadfast Courier,SEL1034,Riverside Emporium,Dhaka,7.34,Completed,2.28
SHP100105,ORD100105,PKG100105,2026-03-12,Barisal Hub,eCourier,SEL1008,Elite Depot,Chattogram,0.5,Completed,2.74
SHP100106,ORD100106,PKG100106,2025-10-22,Khulna Hub,RedX,SEL1008,Elite Depot,Chattogram,8.73,Failed,2.93
SHP100107,ORD100107,PKG100107,2026-04-08,Dhaka Hub,eCourier,SEL1014,Fresh Hub,Khulna,11.16,Completed,4.46
SHP100108,ORD100108,PKG100108,2026-06-18,Dhaka Hub,Pathao Courier,SEL1017,Golden Outlet,Khulna,7.78,Completed,3.13
SHP100109,ORD100109,PKG100109,2025-10-07,Barisal Hub,Sundarban Courier,SEL1001,Bengal Emporium,Rangpur,10.36,Completed,3.06
SHP100110,ORD100110,PKG100110,2026-05-09,Chattogram Hub,Pathao Courier,SEL1057,Value Hub,Dhaka,9.94,Completed,2.84
SHP100111,ORD100111,PKG100111,2025-10-19,Dhaka Hub,Pathao Courier,SEL1018,Golden Store,Chattogram,10.36,Completed,1.34
SHP100112,ORD100112,PKG100112,2026-05-18,Barisal Hub,Steadfast Courier,SEL1048,Suncity Emporium,Dhaka,4.26,Completed,3.61
SHP100113,ORD100113,PKG100113,2026-01-24,Chattogram Hub,Steadfast Courier,SEL1054,Trendy Trading,Narayanganj,5.8,Completed,4.18
SHP100114,ORD100114,PKG100114,2025-09-03,Chattogram Hub,RedX,SEL1048,Suncity Emporium,Dhaka,10.21,Completed,4.38
SHP100115,ORD100115,PKG100115,2026-08-01,Dhaka Hub,Pathao Courier,SEL1049,Suncity Gallery,Khulna,10.94,Completed,2.01
SHP100116,ORD100116,PKG100116,2025-10-28,Sylhet Hub,RedX,SEL1006,Delta Store,Rajshahi,1.93,Completed,2.74
SHP100117,ORD100117,PKG100117,2026-03-26,Comilla Hub,Sundarban Courier,SEL1022,Horizon Depot,Sylhet,2.34,Completed,4.32
SHP100118,ORD100118,PKG100118,2025-11-02,Mymensingh Hub,eCourier,SEL1044,Smart Mart,Rangpur,4.29,Completed,4.7
SHP100119,ORD100119,PKG100119,2026-07-20,Chattogram Hub,Steadfast Courier,SEL1034,Riverside Emporium,Dhaka,9.29,Completed,4.24
SHP100120,ORD100120,PKG100120,2026-05-14,Chattogram Hub,Sundarban Courier,SEL1000,Bengal Bazaar,Mymensingh,10.52,Completed,4.44
SHP100121,ORD100121,PKG100121,2026-06-06,Mymensingh Hub,Pathao Courier,SEL1034,Riverside Emporium,Dhaka,7.05,Completed,3.58
SHP100122,ORD100122,PKG100122,2026-01-28,Barisal Hub,Pathao Courier,SEL1048,Suncity Emporium,Dhaka,1.54,Completed,1.76
SHP100123,ORD100123,PKG100123,2026-02-09,Dhaka Hub,Pathao Courier,SEL1049,Suncity Gallery,Khulna,3.78,Completed,3.42
SHP100124,ORD100124,PKG100124,2026-04-08,Comilla Hub,Sundarban Courier,SEL1023,Horizon Shop,Rangpur,10.31,Cancelled,
SHP100125,ORD100125,PKG100125,2026-05-30,Comilla Hub,Pathao Courier,SEL1014,Fresh Hub,Khulna,4.3,Completed,2.59
SHP100126,ORD100126,PKG100126,2026-06-21,Chattogram Hub,Pathao Courier,SEL1018,Golden Store,Chattogram,1.41,Completed,3.34
SHP100127,ORD100127,PKG100127,2025-09-07,Comilla Hub,Pathao Courier,SEL1017,Golden Outlet,Khulna,3.76,Completed,3.52
SHP100128,ORD100128,PKG100128,2026-04-18,Rajshahi Hub,Pathao Courier,SEL1020,Horizon Bazaar,Dhaka,9.72,Completed,2.58
SHP100129,ORD100129,PKG100129,2025-10-08,Mymensingh Hub,eCourier,SEL1018,Golden Store,Chattogram,6.02,Completed,3.72
SHP100130,ORD100130,PKG100130,2025-12-09,Chattogram Hub,Pathao Courier,SEL1027,Modern Corner,Comilla,2.22,Failed,4.19
SHP100131,ORD100131,PKG100131,2026-06-14,Chattogram Hub,Steadfast Courier,SEL1002,Bengal Hub,Barisal,3.89,Completed,4.24
SHP100132,ORD100132,PKG100132,2025-11-26,Khulna Hub,Pathao Courier,SEL1016,Golden Hub,Comilla,11.45,Failed,2.62
SHP100133,ORD100133,PKG100133,2026-06-03,Dhaka Hub,Pathao Courier,SEL1018,Golden Store,Chattogram,5.3,Completed,2.11
SHP100134,ORD100134,PKG100134,2026-02-08,Khulna Hub,Pathao Courier,SEL1009,Elite Emporium,Dhaka,5.41,Completed,2.82
SHP100135,ORD100135,PKG100135,2025-11-20,Khulna Hub,eCourier,SEL1052,Trendy Collection,Rangpur,2.01,Completed,3.0
SHP100136,ORD100136,PKG100136,2025-12-25,Dhaka Hub,Pathao Courier,SEL1040,Silver Emporium,Barisal,3.79,Failed,2.3
SHP100137,ORD100137,PKG100137,2026-03-03,Comilla Hub,RedX,SEL1054,Trendy Trading,Narayanganj,9.81,Failed,3.44
SHP100138,ORD100138,PKG100138,2026-05-23,Dhaka Hub,Pathao Courier,SEL1033,Riverside Collection,Sylhet,9.48,Completed,3.63
SHP100139,ORD100139,PKG100139,2026-03-29,Comilla Hub,Steadfast Courier,SEL1006,Delta Store,Rajshahi,5.34,Completed,3.39
SHP100140,ORD100140,PKG100140,2026-07-20,Khulna Hub,Pathao Courier,SEL1054,Trendy Trading,Narayanganj,10.75,Completed,2.94
SHP100141,ORD100141,PKG100141,2026-06-28,Sylhet Hub,Sundarban Courier,SEL1027,Modern Corner,Comilla,4.69,Failed,2.36
SHP100142,ORD100142,PKG100142,2026-05-19,Mymensingh Hub,eCourier,SEL1041,Silver Hub,Chattogram,10.4,Pending,
SHP100143,ORD100143,PKG100143,2026-03-28,Sylhet Hub,Pathao Courier,SEL1022,Horizon Depot,Sylhet,0.57,Completed,2.71
SHP100144,ORD100144,PKG100144,2025-12-10,Chattogram Hub,Pathao Courier,SEL1029,Modern Emporium,Sylhet,4.3,Completed,2.56
SHP100145,ORD100145,PKG100145,2026-01-21,Dhaka Hub,eCourier,SEL1029,Modern Emporium,Sylhet,10.29,Completed,2.88
SHP100146,ORD100146,PKG100146,2025-10-12,Barisal Hub,Pathao Courier,SEL1017,Golden Outlet,Khulna,10.84,Completed,1.55
SHP100147,ORD100147,PKG100147,2026-01-08,Mymensingh Hub,Pathao Courier,SEL1033,Riverside Collection,Sylhet,9.13,Completed,3.68
SHP100148,ORD100148,PKG100148,2026-07-18,Khulna Hub,Sundarban Courier,SEL1044,Smart Mart,Rangpur,8.1,Completed,3.78
SHP100149,ORD100149,PKG100149,2026-01-26,Chattogram Hub,Pathao Courier,SEL1001,Bengal Emporium,Rangpur,9.82,Completed,3.05
SHP100150,ORD100150,PKG100150,2025-10-10,Narayanganj Hub,Steadfast Courier,SEL1007,Delta Trading,Dhaka,8.55,Completed,3.25
SHP100151,ORD100151,PKG100151,2026-04-14,Rajshahi Hub,RedX,SEL1050,Suncity Retail,Chattogram,3.2,Failed,3.54
SHP100152,ORD100152,PKG100152,2026-07-31,Khulna Hub,RedX,SEL1034,Riverside Emporium,Dhaka,5.7,Completed,3.05
SHP100153,ORD100153,PKG100153,2026-06-28,Rangpur Hub,Pathao Courier,SEL1058,Value Mart,Comilla,8.0,Completed,3.05
SHP100154,ORD100154,PKG100154,2025-12-04,Chattogram Hub,RedX,SEL1036,Royal Emporium,Comilla,7.14,Completed,2.9
SHP100155,ORD100155,PKG100155,2026-02-05,Barisal Hub,RedX,SEL1039,Silver Depot,Dhaka,10.64,Completed,1.88
SHP100156,ORD100156,PKG100156,2026-03-03,Chattogram Hub,Pathao Courier,SEL1053,Trendy Store,Chattogram,5.79,Failed,2.6
SHP100157,ORD100157,PKG100157,2025-11-25,Dhaka Hub,Steadfast Courier,SEL1039,Silver Depot,Dhaka,2.3,Completed,3.85
SHP100158,ORD100158,PKG100158,2025-12-02,Dhaka Hub,RedX,SEL1019,Green Fashion House,Rajshahi,2.73,Cancelled,
SHP100159,ORD100159,PKG100159,2025-11-21,Comilla Hub,eCourier,SEL1031,Prime Bazaar,Chattogram,10.18,Completed,3.12
SHP100160,ORD100160,PKG100160,2026-08-11,Rangpur Hub,Pathao Courier,SEL1014,Fresh Hub,Khulna,0.3,Completed,2.72
SHP100161,ORD100161,PKG100161,2026-05-17,Dhaka Hub,Pathao Courier,SEL1020,Horizon Bazaar,Dhaka,10.46,Completed,3.33
SHP100162,ORD100162,PKG100162,2026-06-18,Dhaka Hub,eCourier,SEL1040,Silver Emporium,Barisal,0.86,Completed,3.13
SHP100163,ORD100163,PKG100163,2026-06-10,Dhaka Hub,eCourier,SEL1008,Elite Depot,Chattogram,4.82,Completed,2.76
SHP100164,ORD100164,PKG100164,2026-07-29,Chattogram Hub,Sundarban Courier,SEL1040,Silver Emporium,Barisal,9.64,Cancelled,
SHP100165,ORD100165,PKG100165,2025-10-07,Rajshahi Hub,Pathao Courier,SEL1035,Riverside Gallery,Mymensingh,5.01,Completed,2.49
SHP100166,ORD100166,PKG100166,2026-07-03,Rajshahi Hub,eCourier,SEL1018,Golden Store,Chattogram,9.9,Completed,3.23
SHP100167,ORD100167,PKG100167,2025-09-24,Dhaka Hub,Pathao Courier,SEL1002,Bengal Hub,Barisal,1.38,Completed,2.5
SHP100168,ORD100168,PKG100168,2026-02-12,Sylhet Hub,Sundarban Courier,SEL1042,Smart Bazaar,Rajshahi,6.24,Completed,2.32
SHP100169,ORD100169,PKG100169,2026-03-25,Khulna Hub,RedX,SEL1049,Suncity Gallery,Khulna,7.07,Completed,1.99
SHP100170,ORD100170,PKG100170,2026-01-02,Dhaka Hub,Pathao Courier,SEL1043,Smart Emporium,Barisal,10.71,Completed,2.58
SHP100171,ORD100171,PKG100171,2025-10-21,Barisal Hub,Pathao Courier,SEL1025,Metro Hub,Sylhet,1.3,Completed,1.22
SHP100172,ORD100172,PKG100172,2025-11-06,Rajshahi Hub,Pathao Courier,SEL1039,Silver Depot,Dhaka,4.2,Completed,1.76
SHP100173,ORD100173,PKG100173,2026-06-13,Barisal Hub,Steadfast Courier,SEL1024,Metro Bazaar,Dhaka,7.98,Cancelled,
SHP100174,ORD100174,PKG100174,2025-12-20,Barisal Hub,Sundarban Courier,SEL1021,Horizon Collection,Narayanganj,11.76,Completed,3.99
SHP100175,ORD100175,PKG100175,2025-12-17,Comilla Hub,RedX,SEL1019,Green Fashion House,Rajshahi,10.21,Completed,4.55
SHP100176,ORD100176,PKG100176,2026-07-17,Barisal Hub,Steadfast Courier,SEL1012,Elite Traders,Dhaka,10.19,Failed,3.05
SHP100177,ORD100177,PKG100177,2025-10-20,Rangpur Hub,RedX,SEL1058,Value Mart,Comilla,6.3,Completed,3.24
SHP100178,ORD100178,PKG100178,2026-07-14,Khulna Hub,RedX,SEL1039,Silver Depot,Dhaka,6.86,Completed,1.42
SHP100179,ORD100179,PKG100179,2026-07-16,Dhaka Hub,RedX,SEL1010,Elite Gallery,Sylhet,10.33,Completed,4.55
SHP100180,ORD100180,PKG100180,2026-03-27,Dhaka Hub,Sundarban Courier,SEL1051,Suncity Shop,Mymensingh,10.46,Completed,4.06
SHP100181,ORD100181,PKG100181,2025-10-28,Sylhet Hub,RedX,SEL1009,Elite Emporium,Dhaka,9.67,Completed,1.27
SHP100182,ORD100182,PKG100182,2025-10-24,Rangpur Hub,Steadfast Courier,SEL1035,Riverside Gallery,Mymensingh,9.86,Completed,5.16
SHP100183,ORD100183,PKG100183,2025-12-08,Khulna Hub,eCourier,SEL1009,Elite Emporium,Dhaka,10.58,Completed,3.36
SHP100184,ORD100184,PKG100184,2026-03-19,Dhaka Hub,Sundarban Courier,SEL1021,Horizon Collection,Narayanganj,1.54,Completed,4.37
SHP100185,ORD100185,PKG100185,2025-10-24,Dhaka Hub,Sundarban Courier,SEL1039,Silver Depot,Dhaka,3.65,Completed,3.56
SHP100186,ORD100186,PKG100186,2026-02-05,Sylhet Hub,Steadfast Courier,SEL1059,Value Store,Dhaka,11.72,Completed,2.79
SHP100187,ORD100187,PKG100187,2025-10-10,Chattogram Hub,Pathao Courier,SEL1059,Value Store,Dhaka,6.63,Completed,3.93
SHP100188,ORD100188,PKG100188,2026-03-06,Barisal Hub,eCourier,SEL1053,Trendy Store,Chattogram,2.28,Completed,2.94
SHP100189,ORD100189,PKG100189,2025-09-08,Dhaka Hub,Pathao Courier,SEL1014,Fresh Hub,Khulna,6.14,Completed,3.74
SHP100190,ORD100190,PKG100190,2026-05-04,Chattogram Hub,eCourier,SEL1005,Delta Corner,Khulna,7.82,Cancelled,
SHP100191,ORD100191,PKG100191,2025-09-20,Khulna Hub,eCourier,SEL1054,Trendy Trading,Narayanganj,9.97,Completed,3.58
SHP100192,ORD100192,PKG100192,2025-11-07,Narayanganj Hub,Sundarban Courier,SEL1055,Urban Collection,Chattogram,9.78,Completed,2.72
SHP100193,ORD100193,PKG100193,2025-10-31,Comilla Hub,Pathao Courier,SEL1016,Golden Hub,Comilla,0.78,Failed,2.35
SHP100194,ORD100194,PKG100194,2026-06-15,Chattogram Hub,eCourier,SEL1001,Bengal Emporium,Rangpur,5.55,Completed,3.39
SHP100195,ORD100195,PKG100195,2025-09-19,Chattogram Hub,Sundarban Courier,SEL1038,Royal Outlet,Khulna,0.44,Completed,4.38
SHP100196,ORD100196,PKG100196,2026-01-27,Narayanganj Hub,Sundarban Courier,SEL1004,Classic Mart,Rajshahi,10.68,Completed,3.64
SHP100197,ORD100197,PKG100197,2026-03-24,Mymensingh Hub,RedX,SEL1002,Bengal Hub,Barisal,2.25,Completed,3.53
SHP100198,ORD100198,PKG100198,2026-02-26,Barisal Hub,Sundarban Courier,SEL1056,Urban Store,Khulna,7.57,Completed,2.61
SHP100199,ORD100199,PKG100199,2026-04-24,Rajshahi Hub,RedX,SEL1029,Modern Emporium,Sylhet,6.93,Completed,2.22
SHP100200,ORD100200,PKG100200,2026-06-05,Barisal Hub,Pathao Courier,SEL1006,Delta Store,Rajshahi,7.58,Completed,1.19
SHP100201,ORD100201,PKG100201,2026-01-15,Barisal Hub,Sundarban Courier,SEL1039,Silver Depot,Dhaka,6.85,Completed,2.04
SHP100202,ORD100202,PKG100202,2026-06-14,Mymensingh Hub,Steadfast Courier,SEL1022,Horizon Depot,Sylhet,8.64,Completed,3.87
SHP100203,ORD100203,PKG100203,2025-12-20,Barisal Hub,Pathao Courier,SEL1032,Prime Trading,Khulna,7.59,Completed,2.01
SHP100204,ORD100204,PKG100204,2026-08-07,Rajshahi Hub,Sundarban Courier,SEL1053,Trendy Store,Chattogram,1.27,Completed,3.93
SHP100205,ORD100205,PKG100205,2026-02-22,Comilla Hub,RedX,SEL1014,Fresh Hub,Khulna,4.53,Completed,2.76
SHP100206,ORD100206,PKG100206,2026-05-13,Narayanganj Hub,Steadfast Courier,SEL1038,Royal Outlet,Khulna,6.65,Completed,2.69
SHP100207,ORD100207,PKG100207,2026-06-30,Chattogram Hub,RedX,SEL1049,Suncity Gallery,Khulna,4.04,Completed,2.18
SHP100208,ORD100208,PKG100208,2026-06-02,Narayanganj Hub,eCourier,SEL1025,Metro Hub,Sylhet,9.17,Completed,1.74
SHP100209,ORD100209,PKG100209,2026-06-22,Chattogram Hub,Pathao Courier,SEL1058,Value Mart,Comilla,3.95,Completed,3.63
SHP100210,ORD100210,PKG100210,2026-03-05,Dhaka Hub,Sundarban Courier,SEL1026,Metro Outlet,Sylhet,9.98,Completed,3.8
SHP100211,ORD100211,PKG100211,2025-09-16,Dhaka Hub,Steadfast Courier,SEL1027,Modern Corner,Comilla,1.93,Completed,3.67
SHP100212,ORD100212,PKG100212,2026-02-18,Dhaka Hub,Steadfast Courier,SEL1053,Trendy Store,Chattogram,9.28,Completed,3.98
SHP100213,ORD100213,PKG100213,2025-11-02,Chattogram Hub,RedX,SEL1038,Royal Outlet,Khulna,2.36,Completed,4.11
SHP100214,ORD100214,PKG100214,2026-07-05,Narayanganj Hub,Sundarban Courier,SEL1052,Trendy Collection,Rangpur,6.43,Completed,3.86
SHP100215,ORD100215,PKG100215,2025-11-21,Chattogram Hub,Sundarban Courier,SEL1047,Suncity Depot,Dhaka,3.98,Failed,5.87
SHP100216,ORD100216,PKG100216,2025-11-18,Comilla Hub,Pathao Courier,SEL1042,Smart Bazaar,Rajshahi,7.72,Completed,2.84
SHP100217,ORD100217,PKG100217,2025-11-26,Dhaka Hub,Steadfast Courier,SEL1014,Fresh Hub,Khulna,2.71,Completed,4.76
SHP100218,ORD100218,PKG100218,2026-04-11,Dhaka Hub,eCourier,SEL1023,Horizon Shop,Rangpur,9.59,Completed,5.33
SHP100219,ORD100219,PKG100219,2026-03-17,Dhaka Hub,Sundarban Courier,SEL1051,Suncity Shop,Mymensingh,6.97,Completed,2.87
SHP100220,ORD100220,PKG100220,2026-07-26,Khulna Hub,Pathao Courier,SEL1036,Royal Emporium,Comilla,11.5,Completed,2.53
SHP100221,ORD100221,PKG100221,2026-01-23,Narayanganj Hub,Sundarban Courier,SEL1016,Golden Hub,Comilla,8.6,Completed,3.0
SHP100222,ORD100222,PKG100222,2025-12-07,Dhaka Hub,Pathao Courier,SEL1019,Green Fashion House,Rajshahi,7.37,Completed,3.0
SHP100223,ORD100223,PKG100223,2025-09-18,Chattogram Hub,eCourier,SEL1046,Smart Traders,Comilla,9.98,Completed,2.84
SHP100224,ORD100224,PKG100224,2025-09-03,Mymensingh Hub,RedX,SEL1010,Elite Gallery,Sylhet,2.79,Completed,2.53
SHP100225,ORD100225,PKG100225,2026-01-08,Khulna Hub,Pathao Courier,SEL1006,Delta Store,Rajshahi,7.67,Completed,3.09
SHP100226,ORD100226,PKG100226,2026-07-18,Chattogram Hub,RedX,SEL1045,Smart Store,Dhaka,4.81,Completed,3.1
SHP100227,ORD100227,PKG100227,2026-03-01,Sylhet Hub,Steadfast Courier,SEL1017,Golden Outlet,Khulna,8.98,Completed,2.83
SHP100228,ORD100228,PKG100228,2026-07-07,Barisal Hub,Pathao Courier,SEL1045,Smart Store,Dhaka,0.49,Completed,3.37
SHP100229,ORD100229,PKG100229,2025-10-06,Chattogram Hub,Sundarban Courier,SEL1032,Prime Trading,Khulna,5.25,Completed,3.73
SHP100230,ORD100230,PKG100230,2025-10-03,Rajshahi Hub,Sundarban Courier,SEL1059,Value Store,Dhaka,7.89,Completed,5.01
SHP100231,ORD100231,PKG100231,2026-06-16,Rangpur Hub,Pathao Courier,SEL1031,Prime Bazaar,Chattogram,5.64,Completed,4.27
SHP100232,ORD100232,PKG100232,2025-10-07,Dhaka Hub,RedX,SEL1052,Trendy Collection,Rangpur,3.01,Completed,1.47
SHP100233,ORD100233,PKG100233,2025-09-18,Rangpur Hub,RedX,SEL1051,Suncity Shop,Mymensingh,5.68,Completed,1.95
SHP100234,ORD100234,PKG100234,2026-01-18,Narayanganj Hub,Pathao Courier,SEL1012,Elite Traders,Dhaka,10.23,Completed,1.78
SHP100235,ORD100235,PKG100235,2026-07-17,Dhaka Hub,Pathao Courier,SEL1059,Value Store,Dhaka,2.64,Cancelled,
SHP100236,ORD100236,PKG100236,2026-04-27,Dhaka Hub,eCourier,SEL1044,Smart Mart,Rangpur,4.53,Completed,3.72
SHP100237,ORD100237,PKG100237,2025-10-05,Rajshahi Hub,Sundarban Courier,SEL1006,Delta Store,Rajshahi,11.89,Pending,
SHP100238,ORD100238,PKG100238,2026-06-17,Barisal Hub,RedX,SEL1000,Bengal Bazaar,Mymensingh,10.97,Completed,1.99
SHP100239,ORD100239,PKG100239,2026-06-19,Sylhet Hub,RedX,SEL1016,Golden Hub,Comilla,0.6,Completed,2.3
SHP100240,ORD100240,PKG100240,2026-06-05,Comilla Hub,eCourier,SEL1000,Bengal Bazaar,Mymensingh,6.46,Completed,3.51
SHP100241,ORD100241,PKG100241,2026-07-10,Dhaka Hub,eCourier,SEL1021,Horizon Collection,Narayanganj,0.97,Completed,3.59
SHP100242,ORD100242,PKG100242,2025-11-22,Dhaka Hub,eCourier,SEL1059,Value Store,Dhaka,11.1,Completed,4.65
SHP100243,ORD100243,PKG100243,2026-08-05,Dhaka Hub,RedX,SEL1028,Modern Depot,Khulna,5.41,Completed,1.01
SHP100244,ORD100244,PKG100244,2025-12-20,Mymensingh Hub,Sundarban Courier,SEL1001,Bengal Emporium,Rangpur,5.14,Completed,4.53
SHP100245,ORD100245,PKG100245,2026-06-05,Dhaka Hub,Sundarban Courier,SEL1029,Modern Emporium,Sylhet,3.42,Completed,4.11
SHP100246,ORD100246,PKG100246,2026-03-20,Rajshahi Hub,Sundarban Courier,SEL1013,Elite Trading,Dhaka,6.91,Completed,3.32
SHP100247,ORD100247,PKG100247,2026-05-28,Comilla Hub,Sundarban Courier,SEL1051,Suncity Shop,Mymensingh,1.91,Completed,4.33
SHP100248,ORD100248,PKG100248,2026-04-06,Dhaka Hub,Pathao Courier,SEL1005,Delta Corner,Khulna,9.63,Completed,3.68
SHP100249,ORD100249,PKG100249,2026-04-11,Dhaka Hub,Sundarban Courier,SEL1046,Smart Traders,Comilla,6.0,Completed,3.42
SHP100250,ORD100250,PKG100250,2026-04-02,Mymensingh Hub,Sundarban Courier,SEL1026,Metro Outlet,Sylhet,6.88,Completed,6.06
SHP100251,ORD100251,PKG100251,2026-05-28,Dhaka Hub,Pathao Courier,SEL1001,Bengal Emporium,Rangpur,10.12,Cancelled,
SHP100252,ORD100252,PKG100252,2026-05-14,Sylhet Hub,Pathao Courier,SEL1040,Silver Emporium,Barisal,2.38,Completed,2.59
SHP100253,ORD100253,PKG100253,2025-10-17,Khulna Hub,eCourier,SEL1027,Modern Corner,Comilla,2.27,Completed,3.42
SHP100254,ORD100254,PKG100254,2026-06-13,Barisal Hub,RedX,SEL1046,Smart Traders,Comilla,5.17,Completed,2.07
SHP100255,ORD100255,PKG100255,2026-03-05,Dhaka Hub,eCourier,SEL1037,Royal Gallery,Dhaka,9.48,Completed,3.84
SHP100256,ORD100256,PKG100256,2025-12-21,Mymensingh Hub,RedX,SEL1047,Suncity Depot,Dhaka,0.89,Completed,2.77
SHP100257,ORD100257,PKG100257,2026-02-25,Rangpur Hub,eCourier,SEL1027,Modern Corner,Comilla,9.58,Completed,4.21
SHP100258,ORD100258,PKG100258,2026-08-01,Dhaka Hub,eCourier,SEL1000,Bengal Bazaar,Mymensingh,6.11,Completed,4.69
SHP100259,ORD100259,PKG100259,2026-06-24,Dhaka Hub,Pathao Courier,SEL1007,Delta Trading,Dhaka,6.83,Completed,2.64
SHP100260,ORD100260,PKG100260,2026-06-16,Barisal Hub,Steadfast Courier,SEL1027,Modern Corner,Comilla,6.86,Completed,1.86
SHP100261,ORD100261,PKG100261,2026-02-08,Sylhet Hub,Pathao Courier,SEL1023,Horizon Shop,Rangpur,0.86,Completed,3.04
SHP100262,ORD100262,PKG100262,2026-05-30,Sylhet Hub,RedX,SEL1047,Suncity Depot,Dhaka,3.15,Completed,2.72
SHP100263,ORD100263,PKG100263,2026-01-12,Dhaka Hub,eCourier,SEL1024,Metro Bazaar,Dhaka,9.11,Completed,2.22
SHP100264,ORD100264,PKG100264,2026-04-26,Barisal Hub,Sundarban Courier,SEL1051,Suncity Shop,Mymensingh,5.06,Completed,3.06
SHP100265,ORD100265,PKG100265,2026-04-10,Dhaka Hub,RedX,SEL1011,Elite Outlet,Chattogram,6.81,Completed,3.22
SHP100266,ORD100266,PKG100266,2025-11-26,Chattogram Hub,Sundarban Courier,SEL1023,Horizon Shop,Rangpur,11.35,Completed,4.56
SHP100267,ORD100267,PKG100267,2025-12-02,Barisal Hub,Pathao Courier,SEL1045,Smart Store,Dhaka,0.75,Completed,3.05
SHP100268,ORD100268,PKG100268,2025-09-22,Narayanganj Hub,Pathao Courier,SEL1007,Delta Trading,Dhaka,5.51,Completed,0.94
SHP100269,ORD100269,PKG100269,2025-10-19,Dhaka Hub,Pathao Courier,SEL1019,Green Fashion House,Rajshahi,4.46,Pending,
SHP100270,ORD100270,PKG100270,2026-01-29,Rajshahi Hub,Pathao Courier,SEL1045,Smart Store,Dhaka,1.46,Completed,3.29
SHP100271,ORD100271,PKG100271,2026-02-13,Dhaka Hub,RedX,SEL1035,Riverside Gallery,Mymensingh,11.42,Completed,2.11
SHP100272,ORD100272,PKG100272,2025-10-28,Dhaka Hub,RedX,SEL1046,Smart Traders,Comilla,11.55,Completed,2.66
SHP100273,ORD100273,PKG100273,2026-01-23,Dhaka Hub,Sundarban Courier,SEL1030,Nova Retail,Dhaka,3.88,Completed,2.99
SHP100274,ORD100274,PKG100274,2026-03-29,Mymensingh Hub,RedX,SEL1051,Suncity Shop,Mymensingh,11.37,Completed,3.8
SHP100275,ORD100275,PKG100275,2025-11-20,Chattogram Hub,Pathao Courier,SEL1052,Trendy Collection,Rangpur,0.62,Pending,
SHP100276,ORD100276,PKG100276,2025-12-27,Comilla Hub,Pathao Courier,SEL1058,Value Mart,Comilla,11.77,Failed,2.99
SHP100277,ORD100277,PKG100277,2026-01-06,Dhaka Hub,eCourier,SEL1007,Delta Trading,Dhaka,10.06,Completed,2.45
SHP100278,ORD100278,PKG100278,2026-02-22,Barisal Hub,Steadfast Courier,SEL1035,Riverside Gallery,Mymensingh,2.73,Completed,2.11
SHP100279,ORD100279,PKG100279,2026-01-05,Khulna Hub,Sundarban Courier,SEL1006,Delta Store,Rajshahi,7.27,Completed,4.16
SHP100280,ORD100280,PKG100280,2026-05-13,Barisal Hub,Pathao Courier,SEL1013,Elite Trading,Dhaka,9.62,Completed,1.63
SHP100281,ORD100281,PKG100281,2025-12-23,Narayanganj Hub,eCourier,SEL1018,Golden Store,Chattogram,3.97,Completed,2.06
SHP100282,ORD100282,PKG100282,2026-01-29,Narayanganj Hub,Steadfast Courier,SEL1038,Royal Outlet,Khulna,4.37,Cancelled,
SHP100283,ORD100283,PKG100283,2026-01-10,Mymensingh Hub,Sundarban Courier,SEL1025,Metro Hub,Sylhet,7.62,Completed,4.99
SHP100284,ORD100284,PKG100284,2025-11-03,Dhaka Hub,Pathao Courier,SEL1051,Suncity Shop,Mymensingh,1.94,Failed,3.14
SHP100285,ORD100285,PKG100285,2026-04-26,Rangpur Hub,Pathao Courier,SEL1017,Golden Outlet,Khulna,1.59,Failed,3.77
SHP100286,ORD100286,PKG100286,2025-11-21,Narayanganj Hub,RedX,SEL1037,Royal Gallery,Dhaka,3.15,Completed,1.89
SHP100287,ORD100287,PKG100287,2025-12-12,Chattogram Hub,Steadfast Courier,SEL1045,Smart Store,Dhaka,8.95,Completed,4.54
SHP100288,ORD100288,PKG100288,2026-06-02,Chattogram Hub,RedX,SEL1058,Value Mart,Comilla,4.53,Failed,2.44
SHP100289,ORD100289,PKG100289,2026-07-26,Sylhet Hub,Sundarban Courier,SEL1014,Fresh Hub,Khulna,6.19,Pending,
SHP100290,ORD100290,PKG100290,2026-04-21,Barisal Hub,RedX,SEL1044,Smart Mart,Rangpur,2.51,Completed,2.13
SHP100291,ORD100291,PKG100291,2026-07-15,Dhaka Hub,eCourier,SEL1005,Delta Corner,Khulna,2.49,Completed,4.96
SHP100292,ORD100292,PKG100292,2026-06-23,Dhaka Hub,Sundarban Courier,SEL1032,Prime Trading,Khulna,7.88,Completed,3.32
SHP100293,ORD100293,PKG100293,2026-02-14,Chattogram Hub,eCourier,SEL1024,Metro Bazaar,Dhaka,1.48,Completed,3.18
SHP100294,ORD100294,PKG100294,2026-05-25,Rajshahi Hub,Sundarban Courier,SEL1057,Value Hub,Dhaka,8.08,Completed,2.85
SHP100295,ORD100295,PKG100295,2025-12-23,Dhaka Hub,Sundarban Courier,SEL1046,Smart Traders,Comilla,4.93,Failed,3.34
SHP100296,ORD100296,PKG100296,2026-02-07,Comilla Hub,RedX,SEL1055,Urban Collection,Chattogram,8.12,Completed,3.2
SHP100297,ORD100297,PKG100297,2026-03-05,Khulna Hub,Sundarban Courier,SEL1051,Suncity Shop,Mymensingh,4.7,Failed,3.04
SHP100298,ORD100298,PKG100298,2026-07-30,Dhaka Hub,Steadfast Courier,SEL1024,Metro Bazaar,Dhaka,10.18,Completed,3.4
SHP100299,ORD100299,PKG100299,2026-06-21,Barisal Hub,RedX,SEL1044,Smart Mart,Rangpur,0.86,Completed,1.92
SHP100300,ORD100300,PKG100300,2026-02-17,Chattogram Hub,Sundarban Courier,SEL1001,Bengal Emporium,Rangpur,10.74,Completed,5.24
SHP100301,ORD100301,PKG100301,2026-04-14,Rangpur Hub,Sundarban Courier,SEL1033,Riverside Collection,Sylhet,3.37,Completed,4.36
SHP100302,ORD100302,PKG100302,2025-11-10,Comilla Hub,RedX,SEL1002,Bengal Hub,Barisal,0.7,Failed,3.49
SHP100303,ORD100303,PKG100303,2026-06-06,Khulna Hub,Sundarban Courier,SEL1043,Smart Emporium,Barisal,6.84,Completed,4.27
SHP100304,ORD100304,PKG100304,2026-03-11,Dhaka Hub,eCourier,SEL1058,Value Mart,Comilla,2.85,Completed,4.13
SHP100305,ORD100305,PKG100305,2026-03-04,Sylhet Hub,Sundarban Courier,SEL1040,Silver Emporium,Barisal,5.62,Pending,
SHP100306,ORD100306,PKG100306,2026-05-24,Khulna Hub,Sundarban Courier,SEL1050,Suncity Retail,Chattogram,9.67,Completed,2.9
SHP100307,ORD100307,PKG100307,2026-04-07,Chattogram Hub,RedX,SEL1014,Fresh Hub,Khulna,9.54,Completed,3.24
SHP100308,ORD100308,PKG100308,2025-09-26,Rangpur Hub,Pathao Courier,SEL1059,Value Store,Dhaka,7.28,Completed,3.01
SHP100309,ORD100309,PKG100309,2025-12-09,Dhaka Hub,RedX,SEL1033,Riverside Collection,Sylhet,11.74,Completed,1.96
SHP100310,ORD100310,PKG100310,2025-11-01,Mymensingh Hub,RedX,SEL1040,Silver Emporium,Barisal,5.67,Completed,3.59
SHP100311,ORD100311,PKG100311,2026-05-13,Sylhet Hub,Sundarban Courier,SEL1046,Smart Traders,Comilla,0.66,Completed,1.96
SHP100312,ORD100312,PKG100312,2025-09-13,Khulna Hub,eCourier,SEL1038,Royal Outlet,Khulna,9.87,Completed,3.24
SHP100313,ORD100313,PKG100313,2025-11-10,Dhaka Hub,eCourier,SEL1019,Green Fashion House,Rajshahi,2.81,Completed,3.3
SHP100314,ORD100314,PKG100314,2026-03-26,Dhaka Hub,eCourier,SEL1036,Royal Emporium,Comilla,2.28,Completed,3.71
SHP100315,ORD100315,PKG100315,2026-04-29,Sylhet Hub,Sundarban Courier,SEL1039,Silver Depot,Dhaka,1.03,Completed,2.52
SHP100316,ORD100316,PKG100316,2026-02-22,Barisal Hub,Sundarban Courier,SEL1051,Suncity Shop,Mymensingh,4.07,Completed,3.52
SHP100317,ORD100317,PKG100317,2026-06-25,Narayanganj Hub,eCourier,SEL1028,Modern Depot,Khulna,4.05,Completed,3.58
SHP100318,ORD100318,PKG100318,2026-07-15,Dhaka Hub,RedX,SEL1030,Nova Retail,Dhaka,3.77,Completed,3.76
SHP100319,ORD100319,PKG100319,2025-10-16,Comilla Hub,RedX,SEL1030,Nova Retail,Dhaka,7.2,Completed,4.18
SHP100320,ORD100320,PKG100320,2026-07-27,Chattogram Hub,RedX,SEL1006,Delta Store,Rajshahi,9.07,Completed,4.0
SHP100321,ORD100321,PKG100321,2026-04-01,Narayanganj Hub,eCourier,SEL1005,Delta Corner,Khulna,11.27,Completed,2.84
SHP100322,ORD100322,PKG100322,2026-04-09,Dhaka Hub,Pathao Courier,SEL1001,Bengal Emporium,Rangpur,1.31,Completed,2.31
SHP100323,ORD100323,PKG100323,2025-10-03,Khulna Hub,RedX,SEL1039,Silver Depot,Dhaka,1.97,Completed,2.38
SHP100324,ORD100324,PKG100324,2026-04-04,Rangpur Hub,Pathao Courier,SEL1025,Metro Hub,Sylhet,7.16,Completed,3.61
SHP100325,ORD100325,PKG100325,2026-05-10,Chattogram Hub,Sundarban Courier,SEL1051,Suncity Shop,Mymensingh,1.36,Completed,3.35
SHP100326,ORD100326,PKG100326,2026-03-20,Narayanganj Hub,RedX,SEL1042,Smart Bazaar,Rajshahi,4.58,Completed,2.88
SHP100327,ORD100327,PKG100327,2025-09-30,Comilla Hub,Sundarban Courier,SEL1008,Elite Depot,Chattogram,7.57,Completed,3.69
SHP100328,ORD100328,PKG100328,2026-03-01,Chattogram Hub,Sundarban Courier,SEL1006,Delta Store,Rajshahi,9.41,Completed,4.22
SHP100329,ORD100329,PKG100329,2026-07-21,Dhaka Hub,Steadfast Courier,SEL1021,Horizon Collection,Narayanganj,2.77,Completed,3.7
SHP100330,ORD100330,PKG100330,2026-05-09,Dhaka Hub,eCourier,SEL1055,Urban Collection,Chattogram,8.08,Failed,3.51
SHP100331,ORD100331,PKG100331,2025-10-18,Dhaka Hub,RedX,SEL1002,Bengal Hub,Barisal,7.82,Completed,2.39
SHP100332,ORD100332,PKG100332,2026-07-30,Barisal Hub,Steadfast Courier,SEL1011,Elite Outlet,Chattogram,10.34,Completed,1.59
SHP100333,ORD100333,PKG100333,2026-07-29,Dhaka Hub,Sundarban Courier,SEL1001,Bengal Emporium,Rangpur,3.9,Pending,
SHP100334,ORD100334,PKG100334,2025-10-29,Sylhet Hub,eCourier,SEL1024,Metro Bazaar,Dhaka,9.05,Pending,
SHP100335,ORD100335,PKG100335,2026-06-05,Dhaka Hub,Pathao Courier,SEL1059,Value Store,Dhaka,9.07,Completed,3.86
SHP100336,ORD100336,PKG100336,2026-01-19,Mymensingh Hub,Sundarban Courier,SEL1041,Silver Hub,Chattogram,3.02,Completed,4.37
SHP100337,ORD100337,PKG100337,2026-03-25,Chattogram Hub,Sundarban Courier,SEL1029,Modern Emporium,Sylhet,7.53,Completed,3.97
SHP100338,ORD100338,PKG100338,2026-02-02,Barisal Hub,Pathao Courier,SEL1008,Elite Depot,Chattogram,8.17,Completed,2.53
SHP100339,ORD100339,PKG100339,2026-05-29,Khulna Hub,RedX,SEL1021,Horizon Collection,Narayanganj,3.44,Pending,
SHP100340,ORD100340,PKG100340,2026-08-11,Chattogram Hub,Pathao Courier,SEL1031,Prime Bazaar,Chattogram,5.53,Completed,2.92
SHP100341,ORD100341,PKG100341,2026-06-03,Rangpur Hub,RedX,SEL1016,Golden Hub,Comilla,5.34,Completed,3.62
SHP100342,ORD100342,PKG100342,2026-07-20,Dhaka Hub,Pathao Courier,SEL1042,Smart Bazaar,Rajshahi,9.33,Completed,3.36
SHP100343,ORD100343,PKG100343,2026-07-25,Barisal Hub,Pathao Courier,SEL1058,Value Mart,Comilla,0.21,Completed,2.13
SHP100344,ORD100344,PKG100344,2025-10-02,Dhaka Hub,Steadfast Courier,SEL1012,Elite Traders,Dhaka,6.11,Completed,2.77
SHP100345,ORD100345,PKG100345,2025-11-27,Dhaka Hub,RedX,SEL1015,Fresh Trading,Dhaka,2.38,Completed,2.84
SHP100346,ORD100346,PKG100346,2026-05-08,Narayanganj Hub,Steadfast Courier,SEL1007,Delta Trading,Dhaka,7.83,Completed,2.7
SHP100347,ORD100347,PKG100347,2026-03-24,Dhaka Hub,Sundarban Courier,SEL1043,Smart Emporium,Barisal,8.23,Failed,3.97
SHP100348,ORD100348,PKG100348,2025-09-18,Dhaka Hub,Pathao Courier,SEL1027,Modern Corner,Comilla,6.11,Cancelled,
SHP100349,ORD100349,PKG100349,2025-10-03,Dhaka Hub,RedX,SEL1017,Golden Outlet,Khulna,6.6,Cancelled,
SHP100350,ORD100350,PKG100350,2026-02-28,Barisal Hub,RedX,SEL1013,Elite Trading,Dhaka,3.92,Completed,1.71
SHP100351,ORD100351,PKG100351,2026-04-02,Rangpur Hub,Pathao Courier,SEL1004,Classic Mart,Rajshahi,3.9,Completed,3.34
SHP100352,ORD100352,PKG100352,2025-10-29,Dhaka Hub,Steadfast Courier,SEL1028,Modern Depot,Khulna,8.99,Completed,2.75
SHP100353,ORD100353,PKG100353,2025-10-30,Khulna Hub,RedX,SEL1040,Silver Emporium,Barisal,1.75,Completed,3.45
SHP100354,ORD100354,PKG100354,2025-10-15,Mymensingh Hub,eCourier,SEL1014,Fresh Hub,Khulna,9.3,Completed,4.89
SHP100355,ORD100355,PKG100355,2026-03-15,Rangpur Hub,Sundarban Courier,SEL1000,Bengal Bazaar,Mymensingh,7.93,Completed,3.97
SHP100356,ORD100356,PKG100356,2025-09-03,Rangpur Hub,RedX,SEL1028,Modern Depot,Khulna,10.64,Completed,3.05
SHP100357,ORD100357,PKG100357,2026-03-18,Dhaka Hub,Pathao Courier,SEL1040,Silver Emporium,Barisal,3.27,Completed,2.69
SHP100358,ORD100358,PKG100358,2026-02-12,Chattogram Hub,Steadfast Courier,SEL1020,Horizon Bazaar,Dhaka,6.17,Completed,3.63
SHP100359,ORD100359,PKG100359,2026-02-09,Khulna Hub,Sundarban Courier,SEL1015,Fresh Trading,Dhaka,0.66,Pending,
SHP100360,ORD100360,PKG100360,2026-04-24,Khulna Hub,Pathao Courier,SEL1009,Elite Emporium,Dhaka,10.97,Completed,2.36
SHP100361,ORD100361,PKG100361,2026-02-28,Rangpur Hub,Pathao Courier,SEL1044,Smart Mart,Rangpur,8.17,Cancelled,
SHP100362,ORD100362,PKG100362,2026-05-10,Comilla Hub,RedX,SEL1051,Suncity Shop,Mymensingh,7.55,Completed,2.57
SHP100363,ORD100363,PKG100363,2026-05-23,Barisal Hub,Steadfast Courier,SEL1046,Smart Traders,Comilla,8.85,Completed,1.63
SHP100364,ORD100364,PKG100364,2026-07-16,Sylhet Hub,Steadfast Courier,SEL1031,Prime Bazaar,Chattogram,3.56,Completed,3.1
SHP100365,ORD100365,PKG100365,2026-06-04,Rajshahi Hub,eCourier,SEL1043,Smart Emporium,Barisal,7.33,Completed,3.45
SHP100366,ORD100366,PKG100366,2026-02-27,Dhaka Hub,Steadfast Courier,SEL1023,Horizon Shop,Rangpur,9.65,Failed,2.7
SHP100367,ORD100367,PKG100367,2026-02-18,Sylhet Hub,eCourier,SEL1001,Bengal Emporium,Rangpur,1.27,Completed,2.4
SHP100368,ORD100368,PKG100368,2025-11-21,Dhaka Hub,Sundarban Courier,SEL1022,Horizon Depot,Sylhet,11.51,Completed,3.7
SHP100369,ORD100369,PKG100369,2026-03-27,Barisal Hub,RedX,SEL1042,Smart Bazaar,Rajshahi,10.72,Completed,2.06
SHP100370,ORD100370,PKG100370,2025-10-19,Rangpur Hub,Pathao Courier,SEL1038,Royal Outlet,Khulna,11.56,Completed,2.61
SHP100371,ORD100371,PKG100371,2026-07-20,Narayanganj Hub,Pathao Courier,SEL1059,Value Store,Dhaka,9.74,Completed,3.28
SHP100372,ORD100372,PKG100372,2026-06-20,Sylhet Hub,Sundarban Courier,SEL1059,Value Store,Dhaka,3.67,Completed,2.1
SHP100373,ORD100373,PKG100373,2025-10-12,Dhaka Hub,Pathao Courier,SEL1014,Fresh Hub,Khulna,7.06,Completed,1.78
SHP100374,ORD100374,PKG100374,2026-05-30,Dhaka Hub,Steadfast Courier,SEL1000,Bengal Bazaar,Mymensingh,1.62,Completed,3.07
SHP100375,ORD100375,PKG100375,2025-10-11,Comilla Hub,Steadfast Courier,SEL1016,Golden Hub,Comilla,9.1,Completed,2.04
SHP100376,ORD100376,PKG100376,2026-05-08,Dhaka Hub,Sundarban Courier,SEL1052,Trendy Collection,Rangpur,2.01,Completed,3.24
SHP100377,ORD100377,PKG100377,2025-10-01,Chattogram Hub,eCourier,SEL1048,Suncity Emporium,Dhaka,10.43,Completed,3.58
SHP100378,ORD100378,PKG100378,2026-02-16,Dhaka Hub,Sundarban Courier,SEL1005,Delta Corner,Khulna,3.04,Completed,3.8
SHP100379,ORD100379,PKG100379,2026-04-16,Mymensingh Hub,Pathao Courier,SEL1009,Elite Emporium,Dhaka,2.09,Completed,3.25
SHP100380,ORD100380,PKG100380,2026-05-11,Chattogram Hub,Sundarban Courier,SEL1033,Riverside Collection,Sylhet,1.04,Completed,4.76
SHP100381,ORD100381,PKG100381,2026-01-23,Chattogram Hub,Pathao Courier,SEL1039,Silver Depot,Dhaka,8.59,Completed,2.9
SHP100382,ORD100382,PKG100382,2026-07-16,Rangpur Hub,Sundarban Courier,SEL1058,Value Mart,Comilla,2.4,Completed,3.67
SHP100383,ORD100383,PKG100383,2026-05-26,Rajshahi Hub,Pathao Courier,SEL1045,Smart Store,Dhaka,2.53,Completed,2.95
SHP100384,ORD100384,PKG100384,2025-11-12,Rajshahi Hub,Pathao Courier,SEL1012,Elite Traders,Dhaka,2.2,Completed,0.95
SHP100385,ORD100385,PKG100385,2026-04-21,Dhaka Hub,Pathao Courier,SEL1002,Bengal Hub,Barisal,3.81,Failed,3.13
SHP100386,ORD100386,PKG100386,2026-05-11,Dhaka Hub,Steadfast Courier,SEL1038,Royal Outlet,Khulna,11.31,Completed,1.65
SHP100387,ORD100387,PKG100387,2025-12-25,Dhaka Hub,Pathao Courier,SEL1033,Riverside Collection,Sylhet,5.94,Completed,2.85
SHP100388,ORD100388,PKG100388,2026-05-14,Narayanganj Hub,Sundarban Courier,SEL1055,Urban Collection,Chattogram,3.28,Completed,3.12
SHP100389,ORD100389,PKG100389,2026-07-08,Dhaka Hub,RedX,SEL1034,Riverside Emporium,Dhaka,2.21,Failed,2.9
SHP100390,ORD100390,PKG100390,2026-06-10,Chattogram Hub,Sundarban Courier,SEL1030,Nova Retail,Dhaka,0.42,Completed,4.16
SHP100391,ORD100391,PKG100391,2026-05-22,Dhaka Hub,RedX,SEL1018,Golden Store,Chattogram,4.51,Completed,2.86
SHP100392,ORD100392,PKG100392,2026-04-08,Sylhet Hub,Pathao Courier,SEL1005,Delta Corner,Khulna,1.5,Pending,
SHP100393,ORD100393,PKG100393,2025-12-03,Dhaka Hub,RedX,SEL1052,Trendy Collection,Rangpur,0.52,Completed,3.65
SHP100394,ORD100394,PKG100394,2026-06-03,Rangpur Hub,RedX,SEL1049,Suncity Gallery,Khulna,1.42,Completed,3.37
SHP100395,ORD100395,PKG100395,2026-01-05,Comilla Hub,RedX,SEL1009,Elite Emporium,Dhaka,3.96,Completed,2.25
SHP100396,ORD100396,PKG100396,2026-03-04,Sylhet Hub,RedX,SEL1042,Smart Bazaar,Rajshahi,9.06,Completed,3.0
SHP100397,ORD100397,PKG100397,2025-12-18,Mymensingh Hub,Sundarban Courier,SEL1021,Horizon Collection,Narayanganj,0.99,Completed,4.65
SHP100398,ORD100398,PKG100398,2025-12-18,Dhaka Hub,Sundarban Courier,SEL1026,Metro Outlet,Sylhet,8.21,Completed,2.99
SHP100399,ORD100399,PKG100399,2025-10-25,Sylhet Hub,Pathao Courier,SEL1050,Suncity Retail,Chattogram,7.52,Completed,2.97
SHP100400,ORD100400,PKG100400,2026-07-30,Dhaka Hub,RedX,SEL1050,Suncity Retail,Chattogram,10.61,Completed,3.83
SHP100401,ORD100401,PKG100401,2025-10-22,Chattogram Hub,Pathao Courier,SEL1011,Elite Outlet,Chattogram,2.37,Completed,3.27
SHP100402,ORD100402,PKG100402,2025-09-30,Sylhet Hub,Sundarban Courier,SEL1018,Golden Store,Chattogram,9.57,Completed,3.13
SHP100403,ORD100403,PKG100403,2026-07-21,Barisal Hub,RedX,SEL1049,Suncity Gallery,Khulna,10.41,Completed,1.88
SHP100404,ORD100404,PKG100404,2026-03-12,Rangpur Hub,Pathao Courier,SEL1055,Urban Collection,Chattogram,11.72,Completed,3.35
SHP100405,ORD100405,PKG100405,2026-01-30,Narayanganj Hub,Pathao Courier,SEL1004,Classic Mart,Rajshahi,9.74,Failed,2.62
SHP100406,ORD100406,PKG100406,2026-05-14,Chattogram Hub,RedX,SEL1050,Suncity Retail,Chattogram,1.66,Completed,3.95
SHP100407,ORD100407,PKG100407,2026-01-11,Barisal Hub,Sundarban Courier,SEL1029,Modern Emporium,Sylhet,11.38,Pending,
SHP100408,ORD100408,PKG100408,2025-10-15,Mymensingh Hub,eCourier,SEL1035,Riverside Gallery,Mymensingh,9.82,Completed,3.59
SHP100409,ORD100409,PKG100409,2026-05-11,Chattogram Hub,Steadfast Courier,SEL1004,Classic Mart,Rajshahi,2.71,Pending,
SHP100410,ORD100410,PKG100410,2025-10-31,Khulna Hub,Steadfast Courier,SEL1040,Silver Emporium,Barisal,2.15,Failed,2.78
SHP100411,ORD100411,PKG100411,2026-03-11,Barisal Hub,Sundarban Courier,SEL1040,Silver Emporium,Barisal,11.25,Completed,2.91
SHP100412,ORD100412,PKG100412,2026-07-26,Dhaka Hub,Pathao Courier,SEL1039,Silver Depot,Dhaka,2.04,Completed,2.2
SHP100413,ORD100413,PKG100413,2026-07-21,Rajshahi Hub,RedX,SEL1047,Suncity Depot,Dhaka,9.37,Completed,2.87
SHP100414,ORD100414,PKG100414,2026-01-03,Khulna Hub,RedX,SEL1056,Urban Store,Khulna,4.98,Failed,2.8
SHP100415,ORD100415,PKG100415,2026-05-28,Chattogram Hub,RedX,SEL1050,Suncity Retail,Chattogram,8.74,Completed,3.68
SHP100416,ORD100416,PKG100416,2026-03-31,Narayanganj Hub,Sundarban Courier,SEL1044,Smart Mart,Rangpur,1.28,Failed,3.03
SHP100417,ORD100417,PKG100417,2026-02-13,Dhaka Hub,Pathao Courier,SEL1058,Value Mart,Comilla,8.76,Completed,1.85
SHP100418,ORD100418,PKG100418,2025-10-19,Narayanganj Hub,Pathao Courier,SEL1040,Silver Emporium,Barisal,6.24,Completed,3.53
SHP100419,ORD100419,PKG100419,2026-01-09,Rajshahi Hub,Pathao Courier,SEL1040,Silver Emporium,Barisal,10.82,Completed,1.63
SHP100420,ORD100420,PKG100420,2026-04-14,Dhaka Hub,Pathao Courier,SEL1032,Prime Trading,Khulna,2.42,Failed,4.58
SHP100421,ORD100421,PKG100421,2026-08-08,Dhaka Hub,Steadfast Courier,SEL1046,Smart Traders,Comilla,1.49,Completed,1.64
SHP100422,ORD100422,PKG100422,2025-09-02,Rangpur Hub,Pathao Courier,SEL1004,Classic Mart,Rajshahi,2.52,Completed,3.0
SHP100423,ORD100423,PKG100423,2026-05-07,Dhaka Hub,RedX,SEL1030,Nova Retail,Dhaka,1.13,Completed,1.7
SHP100424,ORD100424,PKG100424,2026-06-20,Dhaka Hub,Steadfast Courier,SEL1025,Metro Hub,Sylhet,11.77,Completed,4.29
SHP100425,ORD100425,PKG100425,2026-07-27,Khulna Hub,Sundarban Courier,SEL1054,Trendy Trading,Narayanganj,1.65,Pending,
SHP100426,ORD100426,PKG100426,2026-01-25,Narayanganj Hub,RedX,SEL1004,Classic Mart,Rajshahi,2.57,Completed,1.18
SHP100427,ORD100427,PKG100427,2025-10-11,Chattogram Hub,RedX,SEL1038,Royal Outlet,Khulna,9.75,Completed,3.28
SHP100428,ORD100428,PKG100428,2025-12-03,Sylhet Hub,Sundarban Courier,SEL1011,Elite Outlet,Chattogram,3.11,Completed,3.88
SHP100429,ORD100429,PKG100429,2026-06-22,Rangpur Hub,Sundarban Courier,SEL1053,Trendy Store,Chattogram,2.82,Completed,4.79
SHP100430,ORD100430,PKG100430,2026-07-01,Rajshahi Hub,eCourier,SEL1051,Suncity Shop,Mymensingh,8.13,Completed,2.81
SHP100431,ORD100431,PKG100431,2026-04-09,Dhaka Hub,eCourier,SEL1014,Fresh Hub,Khulna,4.91,Completed,3.09
SHP100432,ORD100432,PKG100432,2025-10-13,Khulna Hub,eCourier,SEL1052,Trendy Collection,Rangpur,10.06,Completed,3.8
SHP100433,ORD100433,PKG100433,2025-10-13,Sylhet Hub,Steadfast Courier,SEL1029,Modern Emporium,Sylhet,7.73,Failed,2.35
SHP100434,ORD100434,PKG100434,2026-02-13,Dhaka Hub,Sundarban Courier,SEL1058,Value Mart,Comilla,3.6,Pending,
SHP100435,ORD100435,PKG100435,2026-03-23,Dhaka Hub,eCourier,SEL1043,Smart Emporium,Barisal,7.26,Completed,3.21
SHP100436,ORD100436,PKG100436,2025-09-12,Rajshahi Hub,RedX,SEL1002,Bengal Hub,Barisal,10.42,Completed,2.83
SHP100437,ORD100437,PKG100437,2026-04-26,Dhaka Hub,RedX,SEL1012,Elite Traders,Dhaka,4.5,Completed,3.0
SHP100438,ORD100438,PKG100438,2026-03-08,Rangpur Hub,eCourier,SEL1024,Metro Bazaar,Dhaka,8.89,Completed,4.51
SHP100439,ORD100439,PKG100439,2025-09-05,Sylhet Hub,eCourier,SEL1012,Elite Traders,Dhaka,5.11,Completed,2.07
SHP100440,ORD100440,PKG100440,2025-10-04,Dhaka Hub,Steadfast Courier,SEL1007,Delta Trading,Dhaka,6.61,Completed,2.7
SHP100441,ORD100441,PKG100441,2026-02-05,Narayanganj Hub,Sundarban Courier,SEL1058,Value Mart,Comilla,8.86,Completed,2.69
SHP100442,ORD100442,PKG100442,2026-05-09,Mymensingh Hub,RedX,SEL1052,Trendy Collection,Rangpur,0.91,Completed,3.06
SHP100443,ORD100443,PKG100443,2026-06-13,Rajshahi Hub,Sundarban Courier,SEL1026,Metro Outlet,Sylhet,5.57,Completed,3.99
SHP100444,ORD100444,PKG100444,2026-01-28,Rangpur Hub,RedX,SEL1012,Elite Traders,Dhaka,1.32,Completed,2.05
SHP100445,ORD100445,PKG100445,2025-12-12,Rajshahi Hub,eCourier,SEL1010,Elite Gallery,Sylhet,8.76,Completed,3.85
SHP100446,ORD100446,PKG100446,2026-08-02,Dhaka Hub,eCourier,SEL1054,Trendy Trading,Narayanganj,7.37,Failed,3.11
SHP100447,ORD100447,PKG100447,2026-02-06,Rajshahi Hub,Sundarban Courier,SEL1019,Green Fashion House,Rajshahi,4.06,Completed,4.22
SHP100448,ORD100448,PKG100448,2025-12-19,Dhaka Hub,RedX,SEL1000,Bengal Bazaar,Mymensingh,1.1,Completed,4.45
SHP100449,ORD100449,PKG100449,2026-02-01,Narayanganj Hub,Sundarban Courier,SEL1023,Horizon Shop,Rangpur,11.12,Completed,3.47
SHP100450,ORD100450,PKG100450,2025-09-05,Chattogram Hub,Pathao Courier,SEL1027,Modern Corner,Comilla,3.92,Completed,3.89
SHP100451,ORD100451,PKG100451,2025-12-14,Barisal Hub,Pathao Courier,SEL1037,Royal Gallery,Dhaka,3.45,Completed,2.78
SHP100452,ORD100452,PKG100452,2026-02-26,Dhaka Hub,Steadfast Courier,SEL1020,Horizon Bazaar,Dhaka,1.39,Completed,2.95
SHP100453,ORD100453,PKG100453,2026-07-15,Sylhet Hub,Sundarban Courier,SEL1055,Urban Collection,Chattogram,7.01,Completed,3.06
SHP100454,ORD100454,PKG100454,2026-05-14,Dhaka Hub,Steadfast Courier,SEL1038,Royal Outlet,Khulna,3.33,Failed,2.68
SHP100455,ORD100455,PKG100455,2026-05-29,Chattogram Hub,Pathao Courier,SEL1059,Value Store,Dhaka,10.15,Completed,3.02
SHP100456,ORD100456,PKG100456,2026-03-08,Khulna Hub,eCourier,SEL1022,Horizon Depot,Sylhet,8.26,Completed,3.65
SHP100457,ORD100457,PKG100457,2025-10-09,Rajshahi Hub,RedX,SEL1039,Silver Depot,Dhaka,0.25,Completed,2.47
SHP100458,ORD100458,PKG100458,2026-01-14,Chattogram Hub,RedX,SEL1021,Horizon Collection,Narayanganj,6.87,Completed,3.56
SHP100459,ORD100459,PKG100459,2026-08-11,Dhaka Hub,RedX,SEL1041,Silver Hub,Chattogram,2.94,Completed,2.77
SHP100460,ORD100460,PKG100460,2025-09-16,Rajshahi Hub,eCourier,SEL1044,Smart Mart,Rangpur,0.38,Completed,2.77
SHP100461,ORD100461,PKG100461,2026-07-02,Dhaka Hub,Steadfast Courier,SEL1019,Green Fashion House,Rajshahi,7.51,Completed,3.8
SHP100462,ORD100462,PKG100462,2026-04-25,Rangpur Hub,RedX,SEL1056,Urban Store,Khulna,2.62,Completed,2.35
SHP100463,ORD100463,PKG100463,2025-12-08,Barisal Hub,Pathao Courier,SEL1051,Suncity Shop,Mymensingh,10.82,Pending,
SHP100464,ORD100464,PKG100464,2026-05-28,Rangpur Hub,Pathao Courier,SEL1053,Trendy Store,Chattogram,6.97,Completed,3.75
SHP100465,ORD100465,PKG100465,2026-06-17,Narayanganj Hub,eCourier,SEL1013,Elite Trading,Dhaka,2.67,Completed,2.91
SHP100466,ORD100466,PKG100466,2025-09-15,Chattogram Hub,Sundarban Courier,SEL1043,Smart Emporium,Barisal,11.75,Failed,4.58
SHP100467,ORD100467,PKG100467,2025-10-07,Khulna Hub,RedX,SEL1006,Delta Store,Rajshahi,6.65,Completed,1.52
SHP100468,ORD100468,PKG100468,2026-04-19,Rajshahi Hub,RedX,SEL1006,Delta Store,Rajshahi,2.15,Completed,2.16
SHP100469,ORD100469,PKG100469,2026-08-12,Khulna Hub,Sundarban Courier,SEL1058,Value Mart,Comilla,6.3,Completed,5.41
SHP100470,ORD100470,PKG100470,2025-09-09,Rajshahi Hub,eCourier,SEL1009,Elite Emporium,Dhaka,11.52,Completed,2.79
SHP100471,ORD100471,PKG100471,2026-04-19,Narayanganj Hub,eCourier,SEL1051,Suncity Shop,Mymensingh,5.21,Completed,2.41
SHP100472,ORD100472,PKG100472,2025-10-18,Sylhet Hub,eCourier,SEL1025,Metro Hub,Sylhet,5.22,Completed,2.63
SHP100473,ORD100473,PKG100473,2026-04-13,Mymensingh Hub,eCourier,SEL1018,Golden Store,Chattogram,5.64,Completed,4.25
SHP100474,ORD100474,PKG100474,2026-04-04,Rajshahi Hub,Steadfast Courier,SEL1004,Classic Mart,Rajshahi,3.51,Failed,2.36
SHP100475,ORD100475,PKG100475,2025-10-02,Rangpur Hub,RedX,SEL1040,Silver Emporium,Barisal,2.11,Completed,3.32
SHP100476,ORD100476,PKG100476,2026-04-24,Chattogram Hub,Steadfast Courier,SEL1043,Smart Emporium,Barisal,7.03,Failed,4.12
SHP100477,ORD100477,PKG100477,2026-07-08,Chattogram Hub,Pathao Courier,SEL1028,Modern Depot,Khulna,10.75,Completed,2.24
SHP100478,ORD100478,PKG100478,2026-06-26,Comilla Hub,RedX,SEL1048,Suncity Emporium,Dhaka,8.88,Completed,1.13
SHP100479,ORD100479,PKG100479,2025-09-11,Mymensingh Hub,eCourier,SEL1019,Green Fashion House,Rajshahi,1.34,Completed,3.58
SHP100480,ORD100480,PKG100480,2025-11-25,Khulna Hub,Sundarban Courier,SEL1033,Riverside Collection,Sylhet,4.93,Completed,3.07
SHP100481,ORD100481,PKG100481,2025-11-23,Sylhet Hub,Sundarban Courier,SEL1017,Golden Outlet,Khulna,0.26,Completed,3.09
SHP100482,ORD100482,PKG100482,2026-02-04,Dhaka Hub,RedX,SEL1034,Riverside Emporium,Dhaka,3.83,Completed,2.42
SHP100483,ORD100483,PKG100483,2025-10-20,Dhaka Hub,Sundarban Courier,SEL1008,Elite Depot,Chattogram,8.1,Completed,4.11
SHP100484,ORD100484,PKG100484,2026-06-23,Dhaka Hub,Steadfast Courier,SEL1028,Modern Depot,Khulna,3.62,Completed,3.49
SHP100485,ORD100485,PKG100485,2026-05-27,Narayanganj Hub,Sundarban Courier,SEL1032,Prime Trading,Khulna,10.12,Completed,2.05
SHP100486,ORD100486,PKG100486,2026-06-07,Dhaka Hub,Pathao Courier,SEL1033,Riverside Collection,Sylhet,5.83,Failed,2.58
SHP100487,ORD100487,PKG100487,2025-11-08,Sylhet Hub,RedX,SEL1026,Metro Outlet,Sylhet,8.1,Failed,1.65
SHP100488,ORD100488,PKG100488,2025-09-06,Barisal Hub,Sundarban Courier,SEL1038,Royal Outlet,Khulna,10.63,Completed,3.32
SHP100489,ORD100489,PKG100489,2026-07-13,Rajshahi Hub,Pathao Courier,SEL1030,Nova Retail,Dhaka,8.26,Completed,2.42
SHP100490,ORD100490,PKG100490,2025-12-09,Rangpur Hub,RedX,SEL1016,Golden Hub,Comilla,10.79,Failed,3.66
SHP100491,ORD100491,PKG100491,2026-04-16,Chattogram Hub,RedX,SEL1012,Elite Traders,Dhaka,9.74,Completed,4.17
SHP100492,ORD100492,PKG100492,2026-07-12,Chattogram Hub,Pathao Courier,SEL1038,Royal Outlet,Khulna,6.89,Pending,
SHP100493,ORD100493,PKG100493,2025-09-13,Khulna Hub,RedX,SEL1056,Urban Store,Khulna,3.71,Completed,2.36
SHP100494,ORD100494,PKG100494,2025-09-02,Rajshahi Hub,RedX,SEL1045,Smart Store,Dhaka,3.72,Completed,1.79
SHP100495,ORD100495,PKG100495,2025-09-02,Narayanganj Hub,eCourier,SEL1038,Royal Outlet,Khulna,10.53,Completed,2.91
SHP100496,ORD100496,PKG100496,2025-10-25,Khulna Hub,Sundarban Courier,SEL1055,Urban Collection,Chattogram,0.84,Completed,3.85
SHP100497,ORD100497,PKG100497,2025-09-18,Rangpur Hub,Pathao Courier,SEL1053,Trendy Store,Chattogram,11.31,Completed,2.44
SHP100498,ORD100498,PKG100498,2026-06-11,Comilla Hub,Steadfast Courier,SEL1030,Nova Retail,Dhaka,4.06,Completed,4.06
SHP100499,ORD100499,PKG100499,2026-03-29,Dhaka Hub,RedX,SEL1006,Delta Store,Rajshahi,8.92,Failed,3.32
SHP100500,ORD100500,PKG100500,2026-08-06,Dhaka Hub,Pathao Courier,SEL1038,Royal Outlet,Khulna,4.09,Completed,2.17
SHP100501,ORD100501,PKG100501,2026-06-05,Dhaka Hub,eCourier,SEL1037,Royal Gallery,Dhaka,11.45,Completed,3.56
SHP100502,ORD100502,PKG100502,2026-07-31,Comilla Hub,Pathao Courier,SEL1016,Golden Hub,Comilla,0.63,Completed,3.5
SHP100503,ORD100503,PKG100503,2025-11-22,Chattogram Hub,eCourier,SEL1050,Suncity Retail,Chattogram,4.37,Completed,5.21
SHP100504,ORD100504,PKG100504,2025-12-09,Khulna Hub,eCourier,SEL1052,Trendy Collection,Rangpur,10.44,Completed,3.32
SHP100505,ORD100505,PKG100505,2026-06-21,Sylhet Hub,Steadfast Courier,SEL1019,Green Fashion House,Rajshahi,3.43,Failed,2.4
SHP100506,ORD100506,PKG100506,2025-11-24,Rangpur Hub,Steadfast Courier,SEL1028,Modern Depot,Khulna,3.45,Pending,
SHP100507,ORD100507,PKG100507,2025-09-20,Chattogram Hub,Pathao Courier,SEL1011,Elite Outlet,Chattogram,10.81,Completed,4.34
SHP100508,ORD100508,PKG100508,2026-04-20,Dhaka Hub,eCourier,SEL1010,Elite Gallery,Sylhet,10.0,Completed,3.59
SHP100509,ORD100509,PKG100509,2026-06-05,Chattogram Hub,Sundarban Courier,SEL1015,Fresh Trading,Dhaka,1.45,Completed,4.75
SHP100510,ORD100510,PKG100510,2026-08-01,Sylhet Hub,RedX,SEL1021,Horizon Collection,Narayanganj,7.05,Cancelled,
SHP100511,ORD100511,PKG100511,2026-07-19,Chattogram Hub,RedX,SEL1016,Golden Hub,Comilla,2.84,Failed,3.03
SHP100512,ORD100512,PKG100512,2025-10-12,Dhaka Hub,Pathao Courier,SEL1009,Elite Emporium,Dhaka,2.74,Completed,2.73
SHP100513,ORD100513,PKG100513,2026-05-26,Dhaka Hub,Pathao Courier,SEL1026,Metro Outlet,Sylhet,7.46,Completed,3.33
SHP100514,ORD100514,PKG100514,2026-06-20,Dhaka Hub,Pathao Courier,SEL1037,Royal Gallery,Dhaka,1.66,Completed,3.15
SHP100515,ORD100515,PKG100515,2026-04-30,Comilla Hub,Pathao Courier,SEL1019,Green Fashion House,Rajshahi,5.74,Completed,2.6
SHP100516,ORD100516,PKG100516,2026-06-11,Dhaka Hub,Pathao Courier,SEL1032,Prime Trading,Khulna,3.22,Completed,3.43
SHP100517,ORD100517,PKG100517,2026-06-17,Chattogram Hub,Steadfast Courier,SEL1016,Golden Hub,Comilla,10.28,Completed,3.71
SHP100518,ORD100518,PKG100518,2026-02-02,Dhaka Hub,RedX,SEL1042,Smart Bazaar,Rajshahi,6.74,Completed,2.57
SHP100519,ORD100519,PKG100519,2025-09-14,Dhaka Hub,eCourier,SEL1038,Royal Outlet,Khulna,2.74,Completed,3.85
SHP100520,ORD100520,PKG100520,2026-02-05,Rajshahi Hub,eCourier,SEL1057,Value Hub,Dhaka,11.13,Completed,3.59
SHP100521,ORD100521,PKG100521,2025-11-09,Comilla Hub,eCourier,SEL1003,Classic Fashion House,Sylhet,9.91,Completed,3.84
SHP100522,ORD100522,PKG100522,2025-10-10,Chattogram Hub,Sundarban Courier,SEL1051,Suncity Shop,Mymensingh,3.33,Completed,5.91
SHP100523,ORD100523,PKG100523,2025-10-14,Rangpur Hub,Steadfast Courier,SEL1020,Horizon Bazaar,Dhaka,11.54,Completed,1.96
SHP100524,ORD100524,PKG100524,2026-04-30,Rangpur Hub,eCourier,SEL1003,Classic Fashion House,Sylhet,3.36,Completed,4.12
SHP100525,ORD100525,PKG100525,2026-02-22,Rajshahi Hub,eCourier,SEL1041,Silver Hub,Chattogram,3.65,Completed,2.27
SHP100526,ORD100526,PKG100526,2026-03-06,Mymensingh Hub,Steadfast Courier,SEL1010,Elite Gallery,Sylhet,4.75,Completed,3.75
SHP100527,ORD100527,PKG100527,2026-05-16,Dhaka Hub,RedX,SEL1010,Elite Gallery,Sylhet,2.14,Completed,2.7
SHP100528,ORD100528,PKG100528,2026-03-09,Dhaka Hub,RedX,SEL1058,Value Mart,Comilla,8.31,Completed,2.65
SHP100529,ORD100529,PKG100529,2026-04-06,Sylhet Hub,Steadfast Courier,SEL1013,Elite Trading,Dhaka,6.78,Cancelled,
SHP100530,ORD100530,PKG100530,2025-09-30,Khulna Hub,Sundarban Courier,SEL1032,Prime Trading,Khulna,10.75,Completed,2.98
SHP100531,ORD100531,PKG100531,2026-06-22,Chattogram Hub,eCourier,SEL1012,Elite Traders,Dhaka,3.04,Completed,2.68
SHP100532,ORD100532,PKG100532,2026-02-03,Comilla Hub,Pathao Courier,SEL1007,Delta Trading,Dhaka,2.21,Completed,2.95
SHP100533,ORD100533,PKG100533,2025-10-24,Dhaka Hub,Pathao Courier,SEL1000,Bengal Bazaar,Mymensingh,4.43,Completed,2.94
SHP100534,ORD100534,PKG100534,2026-06-09,Comilla Hub,RedX,SEL1000,Bengal Bazaar,Mymensingh,1.92,Completed,3.34
SHP100535,ORD100535,PKG100535,2026-05-13,Sylhet Hub,Pathao Courier,SEL1028,Modern Depot,Khulna,11.36,Failed,2.98
SHP100536,ORD100536,PKG100536,2025-09-19,Mymensingh Hub,Steadfast Courier,SEL1026,Metro Outlet,Sylhet,8.67,Pending,
SHP100537,ORD100537,PKG100537,2025-11-06,Chattogram Hub,Pathao Courier,SEL1002,Bengal Hub,Barisal,9.6,Completed,4.15
SHP100538,ORD100538,PKG100538,2025-09-06,Khulna Hub,eCourier,SEL1020,Horizon Bazaar,Dhaka,9.03,Completed,2.74
SHP100539,ORD100539,PKG100539,2025-12-03,Barisal Hub,Pathao Courier,SEL1016,Golden Hub,Comilla,3.07,Pending,
SHP100540,ORD100540,PKG100540,2025-10-05,Sylhet Hub,Steadfast Courier,SEL1034,Riverside Emporium,Dhaka,1.86,Completed,2.66
SHP100541,ORD100541,PKG100541,2026-05-04,Mymensingh Hub,Sundarban Courier,SEL1059,Value Store,Dhaka,5.27,Completed,3.61
SHP100542,ORD100542,PKG100542,2026-02-28,Khulna Hub,Pathao Courier,SEL1041,Silver Hub,Chattogram,9.98,Completed,3.7
SHP100543,ORD100543,PKG100543,2026-08-06,Dhaka Hub,Pathao Courier,SEL1055,Urban Collection,Chattogram,4.1,Completed,2.23
SHP100544,ORD100544,PKG100544,2026-05-18,Rangpur Hub,RedX,SEL1011,Elite Outlet,Chattogram,0.31,Failed,2.07
SHP100545,ORD100545,PKG100545,2026-03-31,Sylhet Hub,Steadfast Courier,SEL1012,Elite Traders,Dhaka,7.99,Completed,3.48
SHP100546,ORD100546,PKG100546,2026-02-24,Barisal Hub,Steadfast Courier,SEL1045,Smart Store,Dhaka,2.56,Failed,2.4
SHP100547,ORD100547,PKG100547,2025-09-19,Chattogram Hub,Sundarban Courier,SEL1018,Golden Store,Chattogram,6.61,Completed,3.87
SHP100548,ORD100548,PKG100548,2025-09-25,Barisal Hub,Sundarban Courier,SEL1050,Suncity Retail,Chattogram,0.38,Completed,2.3
SHP100549,ORD100549,PKG100549,2026-04-02,Barisal Hub,Pathao Courier,SEL1027,Modern Corner,Comilla,6.2,Failed,2.75
SHP100550,ORD100550,PKG100550,2025-09-02,Narayanganj Hub,RedX,SEL1012,Elite Traders,Dhaka,4.84,Completed,1.12
SHP100551,ORD100551,PKG100551,2025-09-15,Chattogram Hub,RedX,SEL1050,Suncity Retail,Chattogram,10.59,Completed,3.16
SHP100552,ORD100552,PKG100552,2025-11-15,Dhaka Hub,Pathao Courier,SEL1033,Riverside Collection,Sylhet,8.72,Completed,2.74
SHP100553,ORD100553,PKG100553,2026-07-03,Sylhet Hub,RedX,SEL1048,Suncity Emporium,Dhaka,0.63,Completed,3.95
SHP100554,ORD100554,PKG100554,2026-02-06,Barisal Hub,Steadfast Courier,SEL1027,Modern Corner,Comilla,9.52,Completed,1.21
SHP100555,ORD100555,PKG100555,2026-05-04,Sylhet Hub,Pathao Courier,SEL1007,Delta Trading,Dhaka,9.54,Completed,1.17
SHP100556,ORD100556,PKG100556,2026-01-21,Mymensingh Hub,Pathao Courier,SEL1040,Silver Emporium,Barisal,8.03,Failed,3.0
SHP100557,ORD100557,PKG100557,2025-10-30,Narayanganj Hub,Pathao Courier,SEL1007,Delta Trading,Dhaka,11.17,Completed,1.62
SHP100558,ORD100558,PKG100558,2026-01-07,Narayanganj Hub,Pathao Courier,SEL1039,Silver Depot,Dhaka,9.68,Completed,2.09
SHP100559,ORD100559,PKG100559,2025-10-02,Dhaka Hub,Pathao Courier,SEL1025,Metro Hub,Sylhet,2.78,Completed,2.51
SHP100560,ORD100560,PKG100560,2026-05-25,Dhaka Hub,RedX,SEL1047,Suncity Depot,Dhaka,4.7,Completed,3.28
SHP100561,ORD100561,PKG100561,2025-11-03,Chattogram Hub,Pathao Courier,SEL1052,Trendy Collection,Rangpur,4.33,Completed,3.51
SHP100562,ORD100562,PKG100562,2026-01-09,Comilla Hub,eCourier,SEL1024,Metro Bazaar,Dhaka,6.16,Completed,2.93
SHP100563,ORD100563,PKG100563,2026-08-06,Rangpur Hub,Steadfast Courier,SEL1052,Trendy Collection,Rangpur,11.45,Completed,3.12
SHP100564,ORD100564,PKG100564,2026-03-24,Dhaka Hub,Steadfast Courier,SEL1006,Delta Store,Rajshahi,7.46,Completed,2.97
SHP100565,ORD100565,PKG100565,2026-02-06,Sylhet Hub,RedX,SEL1006,Delta Store,Rajshahi,3.89,Completed,2.84
SHP100566,ORD100566,PKG100566,2026-03-07,Comilla Hub,Pathao Courier,SEL1059,Value Store,Dhaka,11.31,Pending,
SHP100567,ORD100567,PKG100567,2026-05-30,Dhaka Hub,Pathao Courier,SEL1034,Riverside Emporium,Dhaka,8.46,Completed,3.34
SHP100568,ORD100568,PKG100568,2025-11-28,Khulna Hub,Pathao Courier,SEL1027,Modern Corner,Comilla,3.34,Completed,2.44
SHP100569,ORD100569,PKG100569,2026-04-09,Barisal Hub,Steadfast Courier,SEL1009,Elite Emporium,Dhaka,10.9,Completed,2.45
SHP100570,ORD100570,PKG100570,2026-06-29,Dhaka Hub,Steadfast Courier,SEL1017,Golden Outlet,Khulna,4.26,Completed,2.35
SHP100571,ORD100571,PKG100571,2026-03-18,Sylhet Hub,Sundarban Courier,SEL1041,Silver Hub,Chattogram,6.29,Completed,3.34
SHP100572,ORD100572,PKG100572,2026-02-02,Comilla Hub,Sundarban Courier,SEL1049,Suncity Gallery,Khulna,5.85,Pending,
SHP100573,ORD100573,PKG100573,2025-10-21,Dhaka Hub,RedX,SEL1054,Trendy Trading,Narayanganj,11.1,Pending,
SHP100574,ORD100574,PKG100574,2025-11-25,Rajshahi Hub,Sundarban Courier,SEL1024,Metro Bazaar,Dhaka,3.33,Completed,3.34
SHP100575,ORD100575,PKG100575,2026-07-25,Mymensingh Hub,Steadfast Courier,SEL1027,Modern Corner,Comilla,4.13,Completed,3.71
SHP100576,ORD100576,PKG100576,2026-03-07,Sylhet Hub,Pathao Courier,SEL1009,Elite Emporium,Dhaka,7.99,Completed,2.8
SHP100577,ORD100577,PKG100577,2025-12-14,Dhaka Hub,Sundarban Courier,SEL1004,Classic Mart,Rajshahi,10.66,Completed,3.38
SHP100578,ORD100578,PKG100578,2026-01-23,Barisal Hub,Sundarban Courier,SEL1026,Metro Outlet,Sylhet,1.56,Completed,2.26
SHP100579,ORD100579,PKG100579,2026-03-19,Chattogram Hub,Pathao Courier,SEL1034,Riverside Emporium,Dhaka,2.68,Completed,3.57
SHP100580,ORD100580,PKG100580,2026-03-05,Chattogram Hub,Sundarban Courier,SEL1006,Delta Store,Rajshahi,11.39,Completed,5.04
SHP100581,ORD100581,PKG100581,2026-05-01,Dhaka Hub,eCourier,SEL1024,Metro Bazaar,Dhaka,9.37,Completed,3.47
SHP100582,ORD100582,PKG100582,2025-11-29,Narayanganj Hub,Pathao Courier,SEL1038,Royal Outlet,Khulna,4.28,Completed,2.7
SHP100583,ORD100583,PKG100583,2026-04-13,Rangpur Hub,RedX,SEL1048,Suncity Emporium,Dhaka,4.42,Completed,3.28
SHP100584,ORD100584,PKG100584,2026-02-01,Dhaka Hub,Sundarban Courier,SEL1056,Urban Store,Khulna,5.74,Pending,
SHP100585,ORD100585,PKG100585,2026-07-23,Chattogram Hub,Pathao Courier,SEL1020,Horizon Bazaar,Dhaka,8.15,Completed,3.48
SHP100586,ORD100586,PKG100586,2025-10-25,Comilla Hub,Pathao Courier,SEL1023,Horizon Shop,Rangpur,6.82,Completed,3.48
SHP100587,ORD100587,PKG100587,2025-10-22,Mymensingh Hub,Pathao Courier,SEL1052,Trendy Collection,Rangpur,9.36,Completed,2.85
SHP100588,ORD100588,PKG100588,2026-02-07,Chattogram Hub,Pathao Courier,SEL1041,Silver Hub,Chattogram,0.84,Completed,2.99
SHP100589,ORD100589,PKG100589,2026-02-23,Barisal Hub,Sundarban Courier,SEL1016,Golden Hub,Comilla,9.86,Completed,1.66
SHP100590,ORD100590,PKG100590,2026-04-28,Dhaka Hub,eCourier,SEL1041,Silver Hub,Chattogram,0.89,Completed,4.15
SHP100591,ORD100591,PKG100591,2026-01-18,Dhaka Hub,eCourier,SEL1009,Elite Emporium,Dhaka,10.6,Completed,4.85
SHP100592,ORD100592,PKG100592,2026-07-14,Comilla Hub,Steadfast Courier,SEL1026,Metro Outlet,Sylhet,0.71,Failed,2.97
SHP100593,ORD100593,PKG100593,2026-02-12,Khulna Hub,Sundarban Courier,SEL1018,Golden Store,Chattogram,1.71,Completed,4.34
SHP100594,ORD100594,PKG100594,2025-10-15,Dhaka Hub,eCourier,SEL1059,Value Store,Dhaka,2.33,Completed,4.2
SHP100595,ORD100595,PKG100595,2025-10-12,Sylhet Hub,RedX,SEL1002,Bengal Hub,Barisal,2.83,Cancelled,
SHP100596,ORD100596,PKG100596,2026-08-03,Sylhet Hub,Pathao Courier,SEL1051,Suncity Shop,Mymensingh,4.94,Completed,2.42
SHP100597,ORD100597,PKG100597,2025-10-17,Narayanganj Hub,Sundarban Courier,SEL1016,Golden Hub,Comilla,7.93,Completed,3.7
SHP100598,ORD100598,PKG100598,2026-07-25,Dhaka Hub,RedX,SEL1002,Bengal Hub,Barisal,10.73,Completed,2.52
SHP100599,ORD100599,PKG100599,2025-12-06,Barisal Hub,eCourier,SEL1039,Silver Depot,Dhaka,6.39,Completed,2.3
SHP100600,ORD100600,PKG100600,2025-10-03,Rangpur Hub,Sundarban Courier,SEL1040,Silver Emporium,Barisal,6.48,Completed,4.92
SHP100601,ORD100601,PKG100601,2025-12-15,Rangpur Hub,Pathao Courier,SEL1008,Elite Depot,Chattogram,3.97,Completed,2.67
SHP100602,ORD100602,PKG100602,2026-04-01,Rangpur Hub,Steadfast Courier,SEL1002,Bengal Hub,Barisal,9.65,Completed,2.9
SHP100603,ORD100603,PKG100603,2026-01-27,Barisal Hub,Pathao Courier,SEL1006,Delta Store,Rajshahi,1.5,Completed,1.9
SHP100604,ORD100604,PKG100604,2026-05-30,Sylhet Hub,Steadfast Courier,SEL1024,Metro Bazaar,Dhaka,3.75,Cancelled,
SHP100605,ORD100605,PKG100605,2026-03-31,Dhaka Hub,eCourier,SEL1007,Delta Trading,Dhaka,1.34,Completed,3.9
SHP100606,ORD100606,PKG100606,2026-01-17,Narayanganj Hub,eCourier,SEL1042,Smart Bazaar,Rajshahi,2.73,Completed,2.81
SHP100607,ORD100607,PKG100607,2026-04-08,Dhaka Hub,eCourier,SEL1004,Classic Mart,Rajshahi,7.12,Completed,3.71
SHP100608,ORD100608,PKG100608,2026-08-03,Chattogram Hub,Pathao Courier,SEL1047,Suncity Depot,Dhaka,1.69,Completed,2.7
SHP100609,ORD100609,PKG100609,2026-01-21,Dhaka Hub,RedX,SEL1052,Trendy Collection,Rangpur,1.39,Completed,3.11
SHP100610,ORD100610,PKG100610,2025-10-24,Chattogram Hub,eCourier,SEL1043,Smart Emporium,Barisal,9.95,Completed,3.76
SHP100611,ORD100611,PKG100611,2026-01-20,Chattogram Hub,eCourier,SEL1056,Urban Store,Khulna,1.6,Pending,
SHP100612,ORD100612,PKG100612,2026-06-18,Chattogram Hub,Pathao Courier,SEL1056,Urban Store,Khulna,7.38,Completed,3.31
SHP100613,ORD100613,PKG100613,2025-11-15,Chattogram Hub,Pathao Courier,SEL1002,Bengal Hub,Barisal,4.35,Completed,4.15
SHP100614,ORD100614,PKG100614,2026-07-26,Rajshahi Hub,Sundarban Courier,SEL1020,Horizon Bazaar,Dhaka,10.78,Completed,4.71
SHP100615,ORD100615,PKG100615,2026-03-23,Narayanganj Hub,Sundarban Courier,SEL1045,Smart Store,Dhaka,8.55,Completed,2.16
SHP100616,ORD100616,PKG100616,2026-03-28,Khulna Hub,RedX,SEL1020,Horizon Bazaar,Dhaka,0.9,Pending,
SHP100617,ORD100617,PKG100617,2025-12-19,Narayanganj Hub,eCourier,SEL1044,Smart Mart,Rangpur,10.77,Completed,2.35
SHP100618,ORD100618,PKG100618,2026-07-16,Dhaka Hub,eCourier,SEL1046,Smart Traders,Comilla,5.08,Pending,
SHP100619,ORD100619,PKG100619,2025-09-13,Chattogram Hub,RedX,SEL1059,Value Store,Dhaka,3.72,Completed,3.54
SHP100620,ORD100620,PKG100620,2025-12-13,Dhaka Hub,Pathao Courier,SEL1019,Green Fashion House,Rajshahi,8.14,Completed,2.48
SHP100621,ORD100621,PKG100621,2026-01-23,Rajshahi Hub,Sundarban Courier,SEL1020,Horizon Bazaar,Dhaka,8.67,Completed,3.02
SHP100622,ORD100622,PKG100622,2026-02-13,Narayanganj Hub,Sundarban Courier,SEL1001,Bengal Emporium,Rangpur,3.78,Completed,2.68
SHP100623,ORD100623,PKG100623,2026-02-12,Dhaka Hub,Pathao Courier,SEL1017,Golden Outlet,Khulna,4.35,Completed,3.17
SHP100624,ORD100624,PKG100624,2025-10-22,Barisal Hub,Pathao Courier,SEL1016,Golden Hub,Comilla,2.04,Completed,2.43
SHP100625,ORD100625,PKG100625,2025-11-18,Rangpur Hub,Sundarban Courier,SEL1027,Modern Corner,Comilla,7.2,Completed,6.09
SHP100626,ORD100626,PKG100626,2025-10-03,Dhaka Hub,Pathao Courier,SEL1025,Metro Hub,Sylhet,11.49,Completed,3.3
SHP100627,ORD100627,PKG100627,2026-03-18,Sylhet Hub,RedX,SEL1051,Suncity Shop,Mymensingh,5.12,Failed,1.21
SHP100628,ORD100628,PKG100628,2025-12-31,Dhaka Hub,Pathao Courier,SEL1046,Smart Traders,Comilla,11.96,Completed,3.8
SHP100629,ORD100629,PKG100629,2026-03-15,Chattogram Hub,Pathao Courier,SEL1043,Smart Emporium,Barisal,2.28,Completed,3.95
SHP100630,ORD100630,PKG100630,2026-03-24,Rangpur Hub,Pathao Courier,SEL1000,Bengal Bazaar,Mymensingh,9.59,Completed,2.92
SHP100631,ORD100631,PKG100631,2026-05-01,Chattogram Hub,RedX,SEL1028,Modern Depot,Khulna,11.15,Completed,2.56
SHP100632,ORD100632,PKG100632,2026-03-09,Comilla Hub,RedX,SEL1043,Smart Emporium,Barisal,8.32,Completed,2.8
SHP100633,ORD100633,PKG100633,2026-04-13,Rangpur Hub,Sundarban Courier,SEL1014,Fresh Hub,Khulna,1.49,Completed,4.83
SHP100634,ORD100634,PKG100634,2026-03-23,Dhaka Hub,Pathao Courier,SEL1025,Metro Hub,Sylhet,4.05,Completed,3.27
SHP100635,ORD100635,PKG100635,2026-04-14,Sylhet Hub,Steadfast Courier,SEL1043,Smart Emporium,Barisal,1.21,Pending,
SHP100636,ORD100636,PKG100636,2026-04-02,Rajshahi Hub,RedX,SEL1047,Suncity Depot,Dhaka,7.3,Completed,3.39
SHP100637,ORD100637,PKG100637,2025-12-19,Rajshahi Hub,RedX,SEL1051,Suncity Shop,Mymensingh,11.98,Completed,2.63
SHP100638,ORD100638,PKG100638,2025-11-25,Khulna Hub,RedX,SEL1025,Metro Hub,Sylhet,4.62,Completed,0.66
SHP100639,ORD100639,PKG100639,2026-05-31,Chattogram Hub,eCourier,SEL1023,Horizon Shop,Rangpur,2.12,Completed,3.47
SHP100640,ORD100640,PKG100640,2025-12-28,Narayanganj Hub,Steadfast Courier,SEL1022,Horizon Depot,Sylhet,3.37,Failed,1.3
SHP100641,ORD100641,PKG100641,2026-03-10,Dhaka Hub,Sundarban Courier,SEL1040,Silver Emporium,Barisal,6.94,Completed,4.86
SHP100642,ORD100642,PKG100642,2025-11-08,Rajshahi Hub,RedX,SEL1025,Metro Hub,Sylhet,6.91,Completed,2.84
SHP100643,ORD100643,PKG100643,2026-01-28,Dhaka Hub,Pathao Courier,SEL1024,Metro Bazaar,Dhaka,2.91,Completed,2.77
SHP100644,ORD100644,PKG100644,2026-03-03,Khulna Hub,RedX,SEL1010,Elite Gallery,Sylhet,9.06,Completed,2.49
SHP100645,ORD100645,PKG100645,2026-04-05,Dhaka Hub,Sundarban Courier,SEL1028,Modern Depot,Khulna,1.24,Completed,4.62
SHP100646,ORD100646,PKG100646,2026-03-02,Dhaka Hub,Pathao Courier,SEL1014,Fresh Hub,Khulna,7.55,Completed,2.29
SHP100647,ORD100647,PKG100647,2026-01-03,Dhaka Hub,Steadfast Courier,SEL1031,Prime Bazaar,Chattogram,5.22,Failed,2.33
SHP100648,ORD100648,PKG100648,2026-07-30,Narayanganj Hub,Steadfast Courier,SEL1053,Trendy Store,Chattogram,1.7,Pending,
SHP100649,ORD100649,PKG100649,2026-02-25,Dhaka Hub,Sundarban Courier,SEL1046,Smart Traders,Comilla,7.69,Completed,3.94
SHP100650,ORD100650,PKG100650,2026-06-07,Chattogram Hub,Steadfast Courier,SEL1028,Modern Depot,Khulna,8.14,Completed,3.34
SHP100651,ORD100651,PKG100651,2026-05-13,Sylhet Hub,Sundarban Courier,SEL1058,Value Mart,Comilla,5.39,Failed,3.65
SHP100652,ORD100652,PKG100652,2026-03-13,Dhaka Hub,Sundarban Courier,SEL1058,Value Mart,Comilla,9.62,Completed,3.85
SHP100653,ORD100653,PKG100653,2026-07-04,Comilla Hub,eCourier,SEL1026,Metro Outlet,Sylhet,6.21,Completed,2.69
SHP100654,ORD100654,PKG100654,2025-10-15,Dhaka Hub,Sundarban Courier,SEL1045,Smart Store,Dhaka,3.57,Completed,3.68
SHP100655,ORD100655,PKG100655,2026-07-16,Comilla Hub,Sundarban Courier,SEL1020,Horizon Bazaar,Dhaka,11.45,Completed,3.49
SHP100656,ORD100656,PKG100656,2026-06-22,Dhaka Hub,RedX,SEL1052,Trendy Collection,Rangpur,11.34,Completed,2.65
SHP100657,ORD100657,PKG100657,2026-02-22,Chattogram Hub,Pathao Courier,SEL1022,Horizon Depot,Sylhet,1.33,Completed,4.27
SHP100658,ORD100658,PKG100658,2026-05-12,Rangpur Hub,Sundarban Courier,SEL1015,Fresh Trading,Dhaka,11.36,Completed,3.88
SHP100659,ORD100659,PKG100659,2026-02-28,Dhaka Hub,Sundarban Courier,SEL1008,Elite Depot,Chattogram,9.35,Completed,3.37
SHP100660,ORD100660,PKG100660,2025-12-02,Rangpur Hub,RedX,SEL1050,Suncity Retail,Chattogram,1.46,Completed,3.15
SHP100661,ORD100661,PKG100661,2026-06-04,Sylhet Hub,Pathao Courier,SEL1017,Golden Outlet,Khulna,6.33,Completed,1.91
SHP100662,ORD100662,PKG100662,2025-11-25,Sylhet Hub,Pathao Courier,SEL1048,Suncity Emporium,Dhaka,0.61,Completed,2.58
SHP100663,ORD100663,PKG100663,2025-12-18,Dhaka Hub,eCourier,SEL1005,Delta Corner,Khulna,7.15,Completed,3.59
SHP100664,ORD100664,PKG100664,2026-02-27,Dhaka Hub,Pathao Courier,SEL1030,Nova Retail,Dhaka,11.21,Completed,2.15
SHP100665,ORD100665,PKG100665,2026-06-17,Rangpur Hub,Sundarban Courier,SEL1025,Metro Hub,Sylhet,4.54,Completed,3.06
SHP100666,ORD100666,PKG100666,2026-01-11,Dhaka Hub,eCourier,SEL1026,Metro Outlet,Sylhet,6.2,Pending,
SHP100667,ORD100667,PKG100667,2026-02-18,Chattogram Hub,eCourier,SEL1010,Elite Gallery,Sylhet,2.89,Completed,4.35
SHP100668,ORD100668,PKG100668,2025-09-15,Chattogram Hub,Pathao Courier,SEL1004,Classic Mart,Rajshahi,6.58,Failed,4.7
SHP100669,ORD100669,PKG100669,2025-10-11,Dhaka Hub,eCourier,SEL1020,Horizon Bazaar,Dhaka,9.67,Pending,
SHP100670,ORD100670,PKG100670,2025-09-20,Chattogram Hub,eCourier,SEL1028,Modern Depot,Khulna,2.74,Completed,3.36
SHP100671,ORD100671,PKG100671,2025-09-25,Dhaka Hub,Sundarban Courier,SEL1047,Suncity Depot,Dhaka,6.73,Completed,4.51
SHP100672,ORD100672,PKG100672,2026-06-28,Dhaka Hub,eCourier,SEL1027,Modern Corner,Comilla,4.38,Completed,3.48
SHP100673,ORD100673,PKG100673,2026-06-19,Khulna Hub,eCourier,SEL1014,Fresh Hub,Khulna,9.02,Completed,3.34
SHP100674,ORD100674,PKG100674,2026-06-12,Khulna Hub,RedX,SEL1015,Fresh Trading,Dhaka,8.48,Completed,3.28
SHP100675,ORD100675,PKG100675,2025-09-20,Comilla Hub,RedX,SEL1036,Royal Emporium,Comilla,8.45,Completed,3.81
SHP100676,ORD100676,PKG100676,2025-09-27,Khulna Hub,eCourier,SEL1026,Metro Outlet,Sylhet,4.66,Completed,4.19
SHP100677,ORD100677,PKG100677,2025-12-07,Sylhet Hub,Steadfast Courier,SEL1054,Trendy Trading,Narayanganj,7.27,Cancelled,
SHP100678,ORD100678,PKG100678,2026-03-15,Dhaka Hub,RedX,SEL1026,Metro Outlet,Sylhet,7.88,Completed,3.02
SHP100679,ORD100679,PKG100679,2025-12-25,Barisal Hub,eCourier,SEL1034,Riverside Emporium,Dhaka,8.23,Completed,3.16
SHP100680,ORD100680,PKG100680,2026-02-16,Sylhet Hub,eCourier,SEL1003,Classic Fashion House,Sylhet,6.99,Completed,2.34
SHP100681,ORD100681,PKG100681,2025-10-30,Rangpur Hub,eCourier,SEL1011,Elite Outlet,Chattogram,10.43,Completed,3.73
SHP100682,ORD100682,PKG100682,2026-05-11,Dhaka Hub,Steadfast Courier,SEL1051,Suncity Shop,Mymensingh,3.14,Completed,2.78
SHP100683,ORD100683,PKG100683,2025-12-18,Rajshahi Hub,Pathao Courier,SEL1020,Horizon Bazaar,Dhaka,0.86,Completed,1.91
SHP100684,ORD100684,PKG100684,2025-09-24,Barisal Hub,Pathao Courier,SEL1025,Metro Hub,Sylhet,11.56,Completed,2.33
SHP100685,ORD100685,PKG100685,2026-05-15,Chattogram Hub,RedX,SEL1035,Riverside Gallery,Mymensingh,0.92,Completed,3.94
SHP100686,ORD100686,PKG100686,2026-07-10,Sylhet Hub,Sundarban Courier,SEL1003,Classic Fashion House,Sylhet,10.85,Completed,3.44
SHP100687,ORD100687,PKG100687,2025-09-06,Dhaka Hub,RedX,SEL1030,Nova Retail,Dhaka,7.42,Pending,
SHP100688,ORD100688,PKG100688,2026-01-30,Dhaka Hub,eCourier,SEL1020,Horizon Bazaar,Dhaka,11.04,Completed,4.27
SHP100689,ORD100689,PKG100689,2026-06-14,Dhaka Hub,Steadfast Courier,SEL1008,Elite Depot,Chattogram,6.87,Completed,3.6
SHP100690,ORD100690,PKG100690,2026-05-03,Chattogram Hub,Sundarban Courier,SEL1025,Metro Hub,Sylhet,9.89,Completed,5.42
SHP100691,ORD100691,PKG100691,2026-06-24,Dhaka Hub,eCourier,SEL1026,Metro Outlet,Sylhet,8.71,Failed,2.7
SHP100692,ORD100692,PKG100692,2026-01-22,Mymensingh Hub,Pathao Courier,SEL1011,Elite Outlet,Chattogram,6.4,Completed,4.02
SHP100693,ORD100693,PKG100693,2026-01-07,Barisal Hub,RedX,SEL1032,Prime Trading,Khulna,4.49,Completed,2.38
SHP100694,ORD100694,PKG100694,2026-05-04,Mymensingh Hub,Pathao Courier,SEL1044,Smart Mart,Rangpur,0.23,Completed,2.54
SHP100695,ORD100695,PKG100695,2025-10-24,Narayanganj Hub,RedX,SEL1016,Golden Hub,Comilla,3.16,Completed,2.3
SHP100696,ORD100696,PKG100696,2025-11-22,Khulna Hub,RedX,SEL1057,Value Hub,Dhaka,11.43,Pending,
SHP100697,ORD100697,PKG100697,2026-03-27,Rangpur Hub,eCourier,SEL1036,Royal Emporium,Comilla,3.45,Completed,3.5
SHP100698,ORD100698,PKG100698,2026-04-20,Sylhet Hub,RedX,SEL1046,Smart Traders,Comilla,9.07,Completed,3.7
SHP100699,ORD100699,PKG100699,2025-10-12,Rangpur Hub,Sundarban Courier,SEL1004,Classic Mart,Rajshahi,6.2,Completed,4.18
SHP100700,ORD100700,PKG100700,2026-02-23,Khulna Hub,Pathao Courier,SEL1046,Smart Traders,Comilla,3.84,Completed,2.91
SHP100701,ORD100701,PKG100701,2026-01-05,Barisal Hub,Pathao Courier,SEL1020,Horizon Bazaar,Dhaka,11.89,Completed,1.01
SHP100702,ORD100702,PKG100702,2026-02-21,Dhaka Hub,Steadfast Courier,SEL1042,Smart Bazaar,Rajshahi,0.75,Completed,3.4
SHP100703,ORD100703,PKG100703,2026-07-29,Barisal Hub,Steadfast Courier,SEL1048,Suncity Emporium,Dhaka,7.07,Pending,
SHP100704,ORD100704,PKG100704,2025-09-27,Khulna Hub,Sundarban Courier,SEL1015,Fresh Trading,Dhaka,5.65,Pending,
SHP100705,ORD100705,PKG100705,2026-08-11,Dhaka Hub,Pathao Courier,SEL1015,Fresh Trading,Dhaka,1.1,Completed,2.12
SHP100706,ORD100706,PKG100706,2026-02-03,Barisal Hub,Sundarban Courier,SEL1003,Classic Fashion House,Sylhet,2.73,Completed,3.34
SHP100707,ORD100707,PKG100707,2026-05-26,Chattogram Hub,RedX,SEL1036,Royal Emporium,Comilla,8.39,Completed,4.21
SHP100708,ORD100708,PKG100708,2026-01-25,Rajshahi Hub,Sundarban Courier,SEL1046,Smart Traders,Comilla,1.48,Cancelled,
SHP100709,ORD100709,PKG100709,2025-12-17,Rajshahi Hub,Pathao Courier,SEL1024,Metro Bazaar,Dhaka,9.65,Completed,3.3
SHP100710,ORD100710,PKG100710,2026-05-25,Barisal Hub,Sundarban Courier,SEL1009,Elite Emporium,Dhaka,7.58,Completed,2.74
SHP100711,ORD100711,PKG100711,2026-04-26,Barisal Hub,Pathao Courier,SEL1018,Golden Store,Chattogram,1.39,Completed,1.52
SHP100712,ORD100712,PKG100712,2025-10-20,Chattogram Hub,Sundarban Courier,SEL1024,Metro Bazaar,Dhaka,3.58,Completed,6.18
SHP100713,ORD100713,PKG100713,2026-05-03,Rajshahi Hub,Pathao Courier,SEL1054,Trendy Trading,Narayanganj,1.82,Completed,1.6
SHP100714,ORD100714,PKG100714,2026-05-19,Comilla Hub,RedX,SEL1007,Delta Trading,Dhaka,9.61,Completed,3.26
SHP100715,ORD100715,PKG100715,2026-01-13,Dhaka Hub,RedX,SEL1020,Horizon Bazaar,Dhaka,6.49,Completed,2.27
SHP100716,ORD100716,PKG100716,2026-07-18,Rangpur Hub,Pathao Courier,SEL1038,Royal Outlet,Khulna,0.23,Completed,2.85
SHP100717,ORD100717,PKG100717,2026-04-10,Dhaka Hub,RedX,SEL1014,Fresh Hub,Khulna,6.61,Completed,3.84
SHP100718,ORD100718,PKG100718,2025-12-25,Sylhet Hub,Sundarban Courier,SEL1053,Trendy Store,Chattogram,5.9,Completed,2.95
SHP100719,ORD100719,PKG100719,2025-09-04,Dhaka Hub,eCourier,SEL1054,Trendy Trading,Narayanganj,7.79,Completed,3.13
SHP100720,ORD100720,PKG100720,2026-04-22,Rangpur Hub,Steadfast Courier,SEL1022,Horizon Depot,Sylhet,0.61,Completed,2.94
SHP100721,ORD100721,PKG100721,2025-11-12,Dhaka Hub,Pathao Courier,SEL1044,Smart Mart,Rangpur,0.62,Completed,3.28
SHP100722,ORD100722,PKG100722,2026-05-20,Barisal Hub,Steadfast Courier,SEL1045,Smart Store,Dhaka,4.32,Completed,1.61
SHP100723,ORD100723,PKG100723,2026-03-01,Chattogram Hub,eCourier,SEL1040,Silver Emporium,Barisal,8.32,Cancelled,
SHP100724,ORD100724,PKG100724,2026-02-09,Dhaka Hub,RedX,SEL1011,Elite Outlet,Chattogram,8.07,Completed,2.63
SHP100725,ORD100725,PKG100725,2025-10-27,Narayanganj Hub,Sundarban Courier,SEL1002,Bengal Hub,Barisal,3.48,Pending,
SHP100726,ORD100726,PKG100726,2026-05-05,Chattogram Hub,Sundarban Courier,SEL1020,Horizon Bazaar,Dhaka,2.75,Completed,3.64
SHP100727,ORD100727,PKG100727,2025-10-28,Dhaka Hub,Pathao Courier,SEL1007,Delta Trading,Dhaka,8.26,Completed,2.91
SHP100728,ORD100728,PKG100728,2026-01-23,Sylhet Hub,Steadfast Courier,SEL1017,Golden Outlet,Khulna,0.52,Completed,2.18
SHP100729,ORD100729,PKG100729,2026-06-17,Chattogram Hub,RedX,SEL1038,Royal Outlet,Khulna,6.77,Failed,3.46
SHP100730,ORD100730,PKG100730,2026-07-16,Barisal Hub,Sundarban Courier,SEL1035,Riverside Gallery,Mymensingh,5.2,Completed,1.2
SHP100731,ORD100731,PKG100731,2026-08-09,Dhaka Hub,RedX,SEL1012,Elite Traders,Dhaka,3.02,Completed,2.41
SHP100732,ORD100732,PKG100732,2026-07-29,Barisal Hub,Pathao Courier,SEL1001,Bengal Emporium,Rangpur,6.34,Cancelled,
SHP100733,ORD100733,PKG100733,2026-03-12,Sylhet Hub,Pathao Courier,SEL1013,Elite Trading,Dhaka,2.76,Cancelled,
SHP100734,ORD100734,PKG100734,2025-11-09,Rangpur Hub,RedX,SEL1027,Modern Corner,Comilla,6.86,Completed,4.14
SHP100735,ORD100735,PKG100735,2026-06-18,Chattogram Hub,RedX,SEL1046,Smart Traders,Comilla,1.96,Completed,3.56
SHP100736,ORD100736,PKG100736,2026-06-05,Dhaka Hub,eCourier,SEL1021,Horizon Collection,Narayanganj,4.99,Completed,3.26
SHP100737,ORD100737,PKG100737,2026-08-09,Rangpur Hub,RedX,SEL1017,Golden Outlet,Khulna,6.22,Completed,2.91
SHP100738,ORD100738,PKG100738,2026-04-14,Dhaka Hub,RedX,SEL1033,Riverside Collection,Sylhet,0.57,Completed,2.13
SHP100739,ORD100739,PKG100739,2025-10-19,Sylhet Hub,eCourier,SEL1004,Classic Mart,Rajshahi,7.41,Completed,3.55
SHP100740,ORD100740,PKG100740,2026-02-22,Mymensingh Hub,Pathao Courier,SEL1013,Elite Trading,Dhaka,9.05,Completed,3.56
SHP100741,ORD100741,PKG100741,2026-02-03,Comilla Hub,RedX,SEL1002,Bengal Hub,Barisal,11.48,Completed,3.01
SHP100742,ORD100742,PKG100742,2026-06-19,Dhaka Hub,eCourier,SEL1031,Prime Bazaar,Chattogram,2.6,Completed,4.06
SHP100743,ORD100743,PKG100743,2026-01-14,Mymensingh Hub,Pathao Courier,SEL1026,Metro Outlet,Sylhet,2.66,Completed,3.7
SHP100744,ORD100744,PKG100744,2025-12-23,Rangpur Hub,Pathao Courier,SEL1034,Riverside Emporium,Dhaka,3.8,Completed,2.52
SHP100745,ORD100745,PKG100745,2025-09-28,Comilla Hub,Pathao Courier,SEL1037,Royal Gallery,Dhaka,10.71,Completed,3.11
SHP100746,ORD100746,PKG100746,2026-06-17,Mymensingh Hub,Pathao Courier,SEL1023,Horizon Shop,Rangpur,5.0,Completed,3.83
SHP100747,ORD100747,PKG100747,2026-05-20,Dhaka Hub,RedX,SEL1052,Trendy Collection,Rangpur,3.76,Completed,2.77
SHP100748,ORD100748,PKG100748,2025-09-15,Narayanganj Hub,Pathao Courier,SEL1055,Urban Collection,Chattogram,8.95,Completed,1.17
SHP100749,ORD100749,PKG100749,2026-01-29,Dhaka Hub,RedX,SEL1006,Delta Store,Rajshahi,0.65,Failed,3.71
SHP100750,ORD100750,PKG100750,2026-02-13,Chattogram Hub,Pathao Courier,SEL1055,Urban Collection,Chattogram,6.68,Completed,3.6
SHP100751,ORD100751,PKG100751,2026-02-10,Chattogram Hub,Pathao Courier,SEL1011,Elite Outlet,Chattogram,5.51,Completed,3.22
SHP100752,ORD100752,PKG100752,2026-07-15,Sylhet Hub,Sundarban Courier,SEL1014,Fresh Hub,Khulna,7.57,Completed,3.37
SHP100753,ORD100753,PKG100753,2025-10-23,Dhaka Hub,Pathao Courier,SEL1031,Prime Bazaar,Chattogram,8.83,Completed,2.54
SHP100754,ORD100754,PKG100754,2025-12-15,Dhaka Hub,Steadfast Courier,SEL1001,Bengal Emporium,Rangpur,4.03,Completed,2.13
SHP100755,ORD100755,PKG100755,2025-11-02,Mymensingh Hub,Sundarban Courier,SEL1021,Horizon Collection,Narayanganj,7.71,Completed,4.56
SHP100756,ORD100756,PKG100756,2025-11-24,Rajshahi Hub,Pathao Courier,SEL1011,Elite Outlet,Chattogram,6.39,Cancelled,
SHP100757,ORD100757,PKG100757,2026-07-11,Sylhet Hub,Pathao Courier,SEL1028,Modern Depot,Khulna,1.78,Failed,2.01
SHP100758,ORD100758,PKG100758,2026-07-23,Rangpur Hub,Sundarban Courier,SEL1048,Suncity Emporium,Dhaka,10.6,Completed,3.81
SHP100759,ORD100759,PKG100759,2025-09-16,Comilla Hub,RedX,SEL1055,Urban Collection,Chattogram,9.1,Completed,2.83
SHP100760,ORD100760,PKG100760,2026-04-07,Dhaka Hub,eCourier,SEL1012,Elite Traders,Dhaka,11.08,Failed,3.28
SHP100761,ORD100761,PKG100761,2025-11-20,Chattogram Hub,Sundarban Courier,SEL1032,Prime Trading,Khulna,8.7,Completed,4.74
SHP100762,ORD100762,PKG100762,2025-11-06,Comilla Hub,RedX,SEL1028,Modern Depot,Khulna,3.09,Completed,3.51
SHP100763,ORD100763,PKG100763,2025-12-11,Khulna Hub,Sundarban Courier,SEL1024,Metro Bazaar,Dhaka,5.28,Cancelled,
SHP100764,ORD100764,PKG100764,2025-11-07,Chattogram Hub,eCourier,SEL1037,Royal Gallery,Dhaka,4.77,Completed,5.49
SHP100765,ORD100765,PKG100765,2026-02-17,Dhaka Hub,RedX,SEL1059,Value Store,Dhaka,0.62,Completed,3.94
SHP100766,ORD100766,PKG100766,2026-08-11,Narayanganj Hub,Sundarban Courier,SEL1024,Metro Bazaar,Dhaka,5.04,Completed,2.19
SHP100767,ORD100767,PKG100767,2026-03-22,Khulna Hub,eCourier,SEL1003,Classic Fashion House,Sylhet,4.28,Completed,3.31
SHP100768,ORD100768,PKG100768,2026-05-09,Mymensingh Hub,eCourier,SEL1054,Trendy Trading,Narayanganj,0.25,Completed,4.5
SHP100769,ORD100769,PKG100769,2026-02-18,Rajshahi Hub,Sundarban Courier,SEL1055,Urban Collection,Chattogram,10.2,Completed,2.17
SHP100770,ORD100770,PKG100770,2025-09-05,Sylhet Hub,Steadfast Courier,SEL1019,Green Fashion House,Rajshahi,1.9,Completed,2.66
SHP100771,ORD100771,PKG100771,2025-09-30,Mymensingh Hub,Steadfast Courier,SEL1030,Nova Retail,Dhaka,6.11,Completed,3.21
SHP100772,ORD100772,PKG100772,2025-12-03,Chattogram Hub,Pathao Courier,SEL1051,Suncity Shop,Mymensingh,9.46,Completed,3.45
SHP100773,ORD100773,PKG100773,2025-11-24,Rangpur Hub,eCourier,SEL1030,Nova Retail,Dhaka,7.33,Completed,3.49
SHP100774,ORD100774,PKG100774,2026-06-18,Sylhet Hub,RedX,SEL1028,Modern Depot,Khulna,2.2,Completed,0.84
SHP100775,ORD100775,PKG100775,2026-06-19,Comilla Hub,RedX,SEL1055,Urban Collection,Chattogram,7.49,Completed,4.65
SHP100776,ORD100776,PKG100776,2026-06-23,Khulna Hub,RedX,SEL1049,Suncity Gallery,Khulna,9.14,Completed,2.44
SHP100777,ORD100777,PKG100777,2026-04-09,Chattogram Hub,eCourier,SEL1030,Nova Retail,Dhaka,10.29,Completed,5.07
SHP100778,ORD100778,PKG100778,2026-03-12,Barisal Hub,RedX,SEL1009,Elite Emporium,Dhaka,3.96,Completed,0.79
SHP100779,ORD100779,PKG100779,2026-04-13,Mymensingh Hub,RedX,SEL1026,Metro Outlet,Sylhet,0.6,Cancelled,
SHP100780,ORD100780,PKG100780,2026-01-19,Mymensingh Hub,Pathao Courier,SEL1040,Silver Emporium,Barisal,7.37,Completed,3.97
SHP100781,ORD100781,PKG100781,2026-04-20,Sylhet Hub,Sundarban Courier,SEL1016,Golden Hub,Comilla,2.86,Completed,2.73
SHP100782,ORD100782,PKG100782,2026-06-02,Sylhet Hub,Steadfast Courier,SEL1032,Prime Trading,Khulna,9.41,Completed,2.98
SHP100783,ORD100783,PKG100783,2026-05-22,Dhaka Hub,eCourier,SEL1039,Silver Depot,Dhaka,8.22,Completed,3.78
SHP100784,ORD100784,PKG100784,2026-04-01,Dhaka Hub,Pathao Courier,SEL1005,Delta Corner,Khulna,9.32,Completed,2.28
SHP100785,ORD100785,PKG100785,2025-09-21,Comilla Hub,Steadfast Courier,SEL1034,Riverside Emporium,Dhaka,11.62,Completed,4.31
SHP100786,ORD100786,PKG100786,2026-05-09,Barisal Hub,eCourier,SEL1044,Smart Mart,Rangpur,7.1,Cancelled,
SHP100787,ORD100787,PKG100787,2026-01-05,Khulna Hub,RedX,SEL1012,Elite Traders,Dhaka,10.87,Completed,1.79
SHP100788,ORD100788,PKG100788,2026-05-16,Khulna Hub,Pathao Courier,SEL1032,Prime Trading,Khulna,7.77,Completed,3.04
SHP100789,ORD100789,PKG100789,2026-03-06,Dhaka Hub,RedX,SEL1042,Smart Bazaar,Rajshahi,2.34,Completed,3.16
SHP100790,ORD100790,PKG100790,2026-07-02,Sylhet Hub,Pathao Courier,SEL1002,Bengal Hub,Barisal,9.63,Completed,2.11
SHP100791,ORD100791,PKG100791,2025-12-27,Comilla Hub,Sundarban Courier,SEL1038,Royal Outlet,Khulna,8.39,Completed,4.17
SHP100792,ORD100792,PKG100792,2026-07-20,Sylhet Hub,RedX,SEL1015,Fresh Trading,Dhaka,11.74,Completed,2.4
SHP100793,ORD100793,PKG100793,2026-06-20,Khulna Hub,Steadfast Courier,SEL1023,Horizon Shop,Rangpur,3.07,Completed,2.15
SHP100794,ORD100794,PKG100794,2025-12-24,Chattogram Hub,Sundarban Courier,SEL1038,Royal Outlet,Khulna,4.13,Completed,4.48
SHP100795,ORD100795,PKG100795,2026-02-14,Dhaka Hub,Steadfast Courier,SEL1000,Bengal Bazaar,Mymensingh,9.89,Completed,2.92
SHP100796,ORD100796,PKG100796,2026-03-03,Chattogram Hub,Steadfast Courier,SEL1001,Bengal Emporium,Rangpur,0.94,Completed,4.38
SHP100797,ORD100797,PKG100797,2026-05-24,Dhaka Hub,Pathao Courier,SEL1026,Metro Outlet,Sylhet,7.67,Pending,
SHP100798,ORD100798,PKG100798,2026-04-27,Khulna Hub,Pathao Courier,SEL1056,Urban Store,Khulna,6.52,Completed,4.33
SHP100799,ORD100799,PKG100799,2026-06-22,Narayanganj Hub,eCourier,SEL1000,Bengal Bazaar,Mymensingh,2.19,Completed,2.02
SHP100800,ORD100800,PKG100800,2026-01-06,Chattogram Hub,eCourier,SEL1047,Suncity Depot,Dhaka,2.15,Pending,
SHP100801,ORD100801,PKG100801,2026-02-22,Mymensingh Hub,Sundarban Courier,SEL1004,Classic Mart,Rajshahi,9.76,Completed,5.4
SHP100802,ORD100802,PKG100802,2026-01-28,Dhaka Hub,RedX,SEL1029,Modern Emporium,Sylhet,0.38,Failed,3.12
SHP100803,ORD100803,PKG100803,2026-07-12,Khulna Hub,RedX,SEL1025,Metro Hub,Sylhet,9.01,Cancelled,
SHP100804,ORD100804,PKG100804,2025-12-15,Rajshahi Hub,eCourier,SEL1028,Modern Depot,Khulna,8.85,Completed,2.81
SHP100805,ORD100805,PKG100805,2026-03-23,Chattogram Hub,eCourier,SEL1004,Classic Mart,Rajshahi,7.87,Pending,
SHP100806,ORD100806,PKG100806,2025-10-12,Dhaka Hub,Pathao Courier,SEL1045,Smart Store,Dhaka,5.03,Completed,3.18
SHP100807,ORD100807,PKG100807,2026-06-22,Dhaka Hub,Pathao Courier,SEL1016,Golden Hub,Comilla,0.53,Completed,2.46
SHP100808,ORD100808,PKG100808,2026-01-11,Dhaka Hub,Pathao Courier,SEL1046,Smart Traders,Comilla,9.66,Completed,4.1
SHP100809,ORD100809,PKG100809,2025-12-27,Comilla Hub,Steadfast Courier,SEL1039,Silver Depot,Dhaka,1.68,Completed,3.61
SHP100810,ORD100810,PKG100810,2026-03-21,Dhaka Hub,Steadfast Courier,SEL1033,Riverside Collection,Sylhet,3.51,Completed,2.98
SHP100811,ORD100811,PKG100811,2026-02-20,Dhaka Hub,eCourier,SEL1018,Golden Store,Chattogram,11.37,Completed,3.04
SHP100812,ORD100812,PKG100812,2026-06-21,Rangpur Hub,Pathao Courier,SEL1039,Silver Depot,Dhaka,3.76,Completed,2.11
SHP100813,ORD100813,PKG100813,2026-03-03,Chattogram Hub,RedX,SEL1059,Value Store,Dhaka,3.21,Completed,3.77
SHP100814,ORD100814,PKG100814,2026-02-26,Chattogram Hub,Pathao Courier,SEL1055,Urban Collection,Chattogram,11.69,Cancelled,
SHP100815,ORD100815,PKG100815,2025-10-07,Chattogram Hub,Sundarban Courier,SEL1054,Trendy Trading,Narayanganj,1.21,Completed,4.51
SHP100816,ORD100816,PKG100816,2025-09-08,Comilla Hub,Pathao Courier,SEL1013,Elite Trading,Dhaka,2.1,Completed,4.87
SHP100817,ORD100817,PKG100817,2026-01-16,Comilla Hub,eCourier,SEL1035,Riverside Gallery,Mymensingh,5.37,Completed,2.34
SHP100818,ORD100818,PKG100818,2026-08-12,Comilla Hub,Pathao Courier,SEL1023,Horizon Shop,Rangpur,9.49,Completed,3.02
SHP100819,ORD100819,PKG100819,2026-07-15,Chattogram Hub,RedX,SEL1058,Value Mart,Comilla,10.64,Completed,2.3
SHP100820,ORD100820,PKG100820,2026-04-06,Dhaka Hub,Steadfast Courier,SEL1057,Value Hub,Dhaka,9.12,Completed,2.78
SHP100821,ORD100821,PKG100821,2026-04-07,Mymensingh Hub,RedX,SEL1052,Trendy Collection,Rangpur,11.72,Completed,3.1
SHP100822,ORD100822,PKG100822,2026-01-14,Mymensingh Hub,Pathao Courier,SEL1009,Elite Emporium,Dhaka,0.4,Failed,2.48
SHP100823,ORD100823,PKG100823,2025-11-01,Chattogram Hub,Steadfast Courier,SEL1019,Green Fashion House,Rajshahi,7.51,Completed,4.12
SHP100824,ORD100824,PKG100824,2025-09-03,Khulna Hub,RedX,SEL1042,Smart Bazaar,Rajshahi,1.57,Completed,3.81
SHP100825,ORD100825,PKG100825,2025-12-27,Chattogram Hub,Sundarban Courier,SEL1044,Smart Mart,Rangpur,10.94,Completed,4.83
SHP100826,ORD100826,PKG100826,2025-12-19,Dhaka Hub,RedX,SEL1021,Horizon Collection,Narayanganj,11.24,Completed,3.27
SHP100827,ORD100827,PKG100827,2025-11-06,Chattogram Hub,Steadfast Courier,SEL1008,Elite Depot,Chattogram,3.78,Completed,4.97
SHP100828,ORD100828,PKG100828,2025-11-29,Comilla Hub,Sundarban Courier,SEL1008,Elite Depot,Chattogram,9.97,Pending,
SHP100829,ORD100829,PKG100829,2025-09-09,Mymensingh Hub,RedX,SEL1041,Silver Hub,Chattogram,7.64,Completed,1.55
SHP100830,ORD100830,PKG100830,2026-03-30,Dhaka Hub,Sundarban Courier,SEL1027,Modern Corner,Comilla,1.39,Completed,3.91
SHP100831,ORD100831,PKG100831,2026-07-18,Chattogram Hub,Pathao Courier,SEL1029,Modern Emporium,Sylhet,7.31,Cancelled,
SHP100832,ORD100832,PKG100832,2026-04-28,Dhaka Hub,eCourier,SEL1048,Suncity Emporium,Dhaka,11.72,Completed,2.81
SHP100833,ORD100833,PKG100833,2026-02-03,Chattogram Hub,Pathao Courier,SEL1001,Bengal Emporium,Rangpur,3.84,Completed,2.4
SHP100834,ORD100834,PKG100834,2026-01-24,Chattogram Hub,Sundarban Courier,SEL1045,Smart Store,Dhaka,0.21,Completed,4.79
SHP100835,ORD100835,PKG100835,2025-12-16,Dhaka Hub,Sundarban Courier,SEL1016,Golden Hub,Comilla,11.73,Completed,3.16
SHP100836,ORD100836,PKG100836,2025-10-20,Comilla Hub,Sundarban Courier,SEL1055,Urban Collection,Chattogram,5.09,Completed,4.32
SHP100837,ORD100837,PKG100837,2026-03-27,Mymensingh Hub,Sundarban Courier,SEL1057,Value Hub,Dhaka,5.29,Completed,5.06
SHP100838,ORD100838,PKG100838,2026-03-16,Comilla Hub,RedX,SEL1030,Nova Retail,Dhaka,8.61,Failed,2.24
SHP100839,ORD100839,PKG100839,2025-09-03,Rangpur Hub,Sundarban Courier,SEL1018,Golden Store,Chattogram,7.33,Completed,4.11
SHP100840,ORD100840,PKG100840,2026-01-22,Rangpur Hub,Pathao Courier,SEL1013,Elite Trading,Dhaka,3.76,Failed,1.12
SHP100841,ORD100841,PKG100841,2025-12-06,Rangpur Hub,Steadfast Courier,SEL1010,Elite Gallery,Sylhet,1.38,Completed,2.23
SHP100842,ORD100842,PKG100842,2025-10-29,Barisal Hub,Steadfast Courier,SEL1059,Value Store,Dhaka,9.96,Completed,3.11
SHP100843,ORD100843,PKG100843,2026-05-02,Dhaka Hub,Sundarban Courier,SEL1011,Elite Outlet,Chattogram,5.9,Completed,3.17
SHP100844,ORD100844,PKG100844,2026-03-01,Dhaka Hub,Sundarban Courier,SEL1026,Metro Outlet,Sylhet,8.14,Failed,3.42
SHP100845,ORD100845,PKG100845,2026-04-08,Khulna Hub,Pathao Courier,SEL1028,Modern Depot,Khulna,10.35,Completed,2.37
SHP100846,ORD100846,PKG100846,2026-05-05,Barisal Hub,Pathao Courier,SEL1040,Silver Emporium,Barisal,0.41,Completed,0.79
SHP100847,ORD100847,PKG100847,2026-08-06,Dhaka Hub,Sundarban Courier,SEL1050,Suncity Retail,Chattogram,10.34,Completed,3.06
SHP100848,ORD100848,PKG100848,2026-06-05,Khulna Hub,Steadfast Courier,SEL1033,Riverside Collection,Sylhet,9.07,Failed,3.26
SHP100849,ORD100849,PKG100849,2026-04-03,Comilla Hub,eCourier,SEL1045,Smart Store,Dhaka,11.37,Completed,3.33
SHP100850,ORD100850,PKG100850,2026-07-02,Dhaka Hub,Sundarban Courier,SEL1034,Riverside Emporium,Dhaka,2.96,Pending,
SHP100851,ORD100851,PKG100851,2026-02-13,Chattogram Hub,Steadfast Courier,SEL1026,Metro Outlet,Sylhet,4.0,Cancelled,
SHP100852,ORD100852,PKG100852,2026-08-07,Narayanganj Hub,Sundarban Courier,SEL1009,Elite Emporium,Dhaka,8.01,Completed,2.74
SHP100853,ORD100853,PKG100853,2026-05-22,Chattogram Hub,Pathao Courier,SEL1012,Elite Traders,Dhaka,11.12,Cancelled,
SHP100854,ORD100854,PKG100854,2026-04-14,Dhaka Hub,Sundarban Courier,SEL1025,Metro Hub,Sylhet,11.91,Completed,4.44
SHP100855,ORD100855,PKG100855,2026-07-10,Barisal Hub,Pathao Courier,SEL1002,Bengal Hub,Barisal,5.12,Completed,1.0
SHP100856,ORD100856,PKG100856,2026-02-26,Narayanganj Hub,Steadfast Courier,SEL1018,Golden Store,Chattogram,6.56,Completed,2.63
SHP100857,ORD100857,PKG100857,2026-05-08,Dhaka Hub,Sundarban Courier,SEL1027,Modern Corner,Comilla,2.21,Completed,4.07
SHP100858,ORD100858,PKG100858,2025-12-08,Dhaka Hub,RedX,SEL1028,Modern Depot,Khulna,8.39,Completed,2.11
SHP100859,ORD100859,PKG100859,2026-07-31,Sylhet Hub,Sundarban Courier,SEL1048,Suncity Emporium,Dhaka,10.08,Completed,2.81
SHP100860,ORD100860,PKG100860,2026-04-04,Khulna Hub,Steadfast Courier,SEL1058,Value Mart,Comilla,9.62,Pending,
SHP100861,ORD100861,PKG100861,2026-05-29,Mymensingh Hub,RedX,SEL1043,Smart Emporium,Barisal,4.28,Completed,2.72
SHP100862,ORD100862,PKG100862,2026-02-07,Narayanganj Hub,Sundarban Courier,SEL1004,Classic Mart,Rajshahi,11.57,Completed,2.25
SHP100863,ORD100863,PKG100863,2026-06-27,Mymensingh Hub,Pathao Courier,SEL1024,Metro Bazaar,Dhaka,1.62,Completed,2.53
SHP100864,ORD100864,PKG100864,2025-09-26,Chattogram Hub,Steadfast Courier,SEL1043,Smart Emporium,Barisal,6.03,Failed,5.25
SHP100865,ORD100865,PKG100865,2025-10-10,Rangpur Hub,RedX,SEL1035,Riverside Gallery,Mymensingh,6.74,Completed,2.46
SHP100866,ORD100866,PKG100866,2026-02-23,Rajshahi Hub,Sundarban Courier,SEL1027,Modern Corner,Comilla,6.53,Completed,2.53
SHP100867,ORD100867,PKG100867,2026-05-12,Sylhet Hub,Steadfast Courier,SEL1026,Metro Outlet,Sylhet,9.14,Completed,1.16
SHP100868,ORD100868,PKG100868,2026-06-07,Rajshahi Hub,Pathao Courier,SEL1024,Metro Bazaar,Dhaka,7.39,Completed,1.98
SHP100869,ORD100869,PKG100869,2026-01-31,Sylhet Hub,Sundarban Courier,SEL1034,Riverside Emporium,Dhaka,1.11,Completed,3.06
SHP100870,ORD100870,PKG100870,2026-04-13,Rajshahi Hub,RedX,SEL1010,Elite Gallery,Sylhet,2.32,Completed,2.22
SHP100871,ORD100871,PKG100871,2026-03-11,Barisal Hub,Sundarban Courier,SEL1031,Prime Bazaar,Chattogram,6.48,Completed,2.92
SHP100872,ORD100872,PKG100872,2026-07-30,Dhaka Hub,Sundarban Courier,SEL1012,Elite Traders,Dhaka,8.4,Completed,4.29
SHP100873,ORD100873,PKG100873,2026-04-15,Rajshahi Hub,Pathao Courier,SEL1040,Silver Emporium,Barisal,6.27,Completed,2.44
SHP100874,ORD100874,PKG100874,2026-01-23,Dhaka Hub,Pathao Courier,SEL1051,Suncity Shop,Mymensingh,4.39,Completed,2.75
SHP100875,ORD100875,PKG100875,2026-08-02,Chattogram Hub,Pathao Courier,SEL1030,Nova Retail,Dhaka,0.8,Completed,4.54
SHP100876,ORD100876,PKG100876,2025-10-08,Sylhet Hub,Pathao Courier,SEL1023,Horizon Shop,Rangpur,9.47,Completed,2.67
SHP100877,ORD100877,PKG100877,2026-08-07,Narayanganj Hub,Steadfast Courier,SEL1056,Urban Store,Khulna,6.07,Pending,
SHP100878,ORD100878,PKG100878,2025-10-24,Chattogram Hub,RedX,SEL1039,Silver Depot,Dhaka,6.56,Completed,3.02
SHP100879,ORD100879,PKG100879,2025-12-09,Mymensingh Hub,Sundarban Courier,SEL1025,Metro Hub,Sylhet,5.73,Completed,4.99
SHP100880,ORD100880,PKG100880,2026-06-12,Chattogram Hub,Sundarban Courier,SEL1001,Bengal Emporium,Rangpur,3.33,Completed,4.84
SHP100881,ORD100881,PKG100881,2026-05-12,Dhaka Hub,eCourier,SEL1000,Bengal Bazaar,Mymensingh,3.46,Completed,3.53
SHP100882,ORD100882,PKG100882,2026-08-02,Sylhet Hub,Pathao Courier,SEL1013,Elite Trading,Dhaka,0.95,Completed,2.66
SHP100883,ORD100883,PKG100883,2026-05-18,Dhaka Hub,Pathao Courier,SEL1014,Fresh Hub,Khulna,8.55,Failed,3.07
SHP100884,ORD100884,PKG100884,2026-04-09,Mymensingh Hub,RedX,SEL1043,Smart Emporium,Barisal,3.41,Completed,2.14
SHP100885,ORD100885,PKG100885,2025-12-29,Sylhet Hub,Sundarban Courier,SEL1030,Nova Retail,Dhaka,3.72,Completed,2.91
SHP100886,ORD100886,PKG100886,2025-09-02,Barisal Hub,eCourier,SEL1059,Value Store,Dhaka,11.92,Completed,1.56
SHP100887,ORD100887,PKG100887,2025-10-13,Rangpur Hub,Steadfast Courier,SEL1032,Prime Trading,Khulna,4.75,Completed,3.72
SHP100888,ORD100888,PKG100888,2025-12-13,Chattogram Hub,eCourier,SEL1054,Trendy Trading,Narayanganj,6.23,Completed,2.92
SHP100889,ORD100889,PKG100889,2025-09-15,Sylhet Hub,Pathao Courier,SEL1033,Riverside Collection,Sylhet,4.76,Completed,2.13
SHP100890,ORD100890,PKG100890,2026-02-23,Dhaka Hub,Pathao Courier,SEL1021,Horizon Collection,Narayanganj,3.62,Completed,2.88
SHP100891,ORD100891,PKG100891,2026-05-27,Barisal Hub,Pathao Courier,SEL1042,Smart Bazaar,Rajshahi,0.27,Pending,
SHP100892,ORD100892,PKG100892,2026-07-31,Mymensingh Hub,eCourier,SEL1026,Metro Outlet,Sylhet,10.29,Completed,3.9
SHP100893,ORD100893,PKG100893,2026-02-17,Khulna Hub,Steadfast Courier,SEL1016,Golden Hub,Comilla,5.78,Completed,3.81
SHP100894,ORD100894,PKG100894,2026-06-30,Dhaka Hub,Steadfast Courier,SEL1028,Modern Depot,Khulna,8.69,Failed,2.76
SHP100895,ORD100895,PKG100895,2026-08-07,Barisal Hub,Sundarban Courier,SEL1039,Silver Depot,Dhaka,11.51,Completed,2.87
SHP100896,ORD100896,PKG100896,2026-06-25,Rajshahi Hub,eCourier,SEL1022,Horizon Depot,Sylhet,0.23,Completed,3.32
SHP100897,ORD100897,PKG100897,2026-02-08,Chattogram Hub,RedX,SEL1042,Smart Bazaar,Rajshahi,8.17,Completed,2.51
SHP100898,ORD100898,PKG100898,2025-12-22,Chattogram Hub,eCourier,SEL1058,Value Mart,Comilla,1.6,Completed,4.05
SHP100899,ORD100899,PKG100899,2026-08-05,Sylhet Hub,RedX,SEL1024,Metro Bazaar,Dhaka,5.6,Completed,1.89
SHP100900,ORD100900,PKG100900,2025-11-23,Rangpur Hub,Pathao Courier,SEL1017,Golden Outlet,Khulna,10.19,Completed,2.94
SHP100901,ORD100901,PKG100901,2026-01-21,Barisal Hub,Pathao Courier,SEL1024,Metro Bazaar,Dhaka,1.04,Completed,0.88
SHP100902,ORD100902,PKG100902,2025-09-26,Khulna Hub,Steadfast Courier,SEL1050,Suncity Retail,Chattogram,11.88,Completed,2.28
SHP100903,ORD100903,PKG100903,2026-06-02,Rangpur Hub,Sundarban Courier,SEL1010,Elite Gallery,Sylhet,7.05,Completed,4.79
SHP100904,ORD100904,PKG100904,2026-04-13,Mymensingh Hub,Sundarban Courier,SEL1058,Value Mart,Comilla,4.86,Completed,5.05
SHP100905,ORD100905,PKG100905,2025-09-30,Dhaka Hub,Sundarban Courier,SEL1024,Metro Bazaar,Dhaka,0.43,Completed,3.94
SHP100906,ORD100906,PKG100906,2025-11-16,Dhaka Hub,Sundarban Courier,SEL1050,Suncity Retail,Chattogram,7.12,Pending,
SHP100907,ORD100907,PKG100907,2026-03-12,Sylhet Hub,Steadfast Courier,SEL1047,Suncity Depot,Dhaka,6.04,Completed,1.47
SHP100908,ORD100908,PKG100908,2026-03-06,Rangpur Hub,Pathao Courier,SEL1047,Suncity Depot,Dhaka,2.74,Completed,2.79
SHP100909,ORD100909,PKG100909,2026-06-05,Dhaka Hub,Pathao Courier,SEL1054,Trendy Trading,Narayanganj,5.99,Completed,2.61
SHP100910,ORD100910,PKG100910,2025-12-02,Mymensingh Hub,eCourier,SEL1011,Elite Outlet,Chattogram,0.35,Completed,3.41
SHP100911,ORD100911,PKG100911,2026-07-17,Dhaka Hub,RedX,SEL1035,Riverside Gallery,Mymensingh,11.99,Completed,1.89
SHP100912,ORD100912,PKG100912,2026-02-01,Barisal Hub,Pathao Courier,SEL1005,Delta Corner,Khulna,4.12,Completed,2.92
SHP100913,ORD100913,PKG100913,2026-06-12,Rangpur Hub,Pathao Courier,SEL1017,Golden Outlet,Khulna,5.87,Completed,2.51
SHP100914,ORD100914,PKG100914,2025-11-22,Dhaka Hub,Pathao Courier,SEL1002,Bengal Hub,Barisal,9.46,Completed,3.15
SHP100915,ORD100915,PKG100915,2025-09-13,Mymensingh Hub,Pathao Courier,SEL1040,Silver Emporium,Barisal,8.61,Completed,3.62
SHP100916,ORD100916,PKG100916,2025-09-20,Mymensingh Hub,Pathao Courier,SEL1036,Royal Emporium,Comilla,10.68,Completed,4.12
SHP100917,ORD100917,PKG100917,2026-01-07,Dhaka Hub,Pathao Courier,SEL1044,Smart Mart,Rangpur,11.31,Completed,3.35
SHP100918,ORD100918,PKG100918,2026-07-27,Dhaka Hub,eCourier,SEL1010,Elite Gallery,Sylhet,2.43,Completed,3.1
SHP100919,ORD100919,PKG100919,2025-09-17,Mymensingh Hub,eCourier,SEL1019,Green Fashion House,Rajshahi,4.81,Completed,3.07
SHP100920,ORD100920,PKG100920,2026-01-06,Narayanganj Hub,Steadfast Courier,SEL1040,Silver Emporium,Barisal,8.3,Completed,2.92
SHP100921,ORD100921,PKG100921,2025-10-08,Sylhet Hub,Sundarban Courier,SEL1049,Suncity Gallery,Khulna,0.73,Completed,3.73
SHP100922,ORD100922,PKG100922,2026-07-20,Dhaka Hub,Sundarban Courier,SEL1053,Trendy Store,Chattogram,8.66,Completed,5.51
SHP100923,ORD100923,PKG100923,2026-04-22,Dhaka Hub,Steadfast Courier,SEL1004,Classic Mart,Rajshahi,0.26,Completed,3.84
SHP100924,ORD100924,PKG100924,2026-05-22,Chattogram Hub,eCourier,SEL1024,Metro Bazaar,Dhaka,10.99,Completed,3.58
SHP100925,ORD100925,PKG100925,2026-05-05,Rajshahi Hub,RedX,SEL1000,Bengal Bazaar,Mymensingh,8.67,Completed,2.04
SHP100926,ORD100926,PKG100926,2026-04-16,Barisal Hub,Pathao Courier,SEL1049,Suncity Gallery,Khulna,6.87,Completed,0.55
SHP100927,ORD100927,PKG100927,2026-05-26,Rajshahi Hub,Sundarban Courier,SEL1007,Delta Trading,Dhaka,5.26,Completed,2.82
SHP100928,ORD100928,PKG100928,2025-09-03,Comilla Hub,RedX,SEL1049,Suncity Gallery,Khulna,11.86,Completed,2.03
SHP100929,ORD100929,PKG100929,2026-06-27,Dhaka Hub,RedX,SEL1009,Elite Emporium,Dhaka,8.89,Completed,3.09
SHP100930,ORD100930,PKG100930,2026-05-14,Chattogram Hub,Pathao Courier,SEL1000,Bengal Bazaar,Mymensingh,9.73,Completed,4.12
SHP100931,ORD100931,PKG100931,2026-05-14,Chattogram Hub,Steadfast Courier,SEL1052,Trendy Collection,Rangpur,9.94,Completed,5.41
SHP100932,ORD100932,PKG100932,2026-01-15,Rangpur Hub,RedX,SEL1026,Metro Outlet,Sylhet,0.46,Completed,4.95
SHP100933,ORD100933,PKG100933,2026-06-05,Barisal Hub,RedX,SEL1025,Metro Hub,Sylhet,0.85,Completed,2.07
SHP100934,ORD100934,PKG100934,2026-01-11,Comilla Hub,Pathao Courier,SEL1038,Royal Outlet,Khulna,2.54,Completed,2.68
SHP100935,ORD100935,PKG100935,2025-09-17,Chattogram Hub,eCourier,SEL1016,Golden Hub,Comilla,7.93,Failed,3.75
SHP100936,ORD100936,PKG100936,2026-07-12,Mymensingh Hub,eCourier,SEL1041,Silver Hub,Chattogram,7.56,Completed,3.47
SHP100937,ORD100937,PKG100937,2025-11-21,Khulna Hub,Pathao Courier,SEL1025,Metro Hub,Sylhet,4.04,Completed,4.58
SHP100938,ORD100938,PKG100938,2025-10-06,Dhaka Hub,RedX,SEL1016,Golden Hub,Comilla,11.68,Completed,0.74
SHP100939,ORD100939,PKG100939,2026-04-04,Mymensingh Hub,RedX,SEL1023,Horizon Shop,Rangpur,1.3,Completed,4.33
SHP100940,ORD100940,PKG100940,2025-11-20,Dhaka Hub,eCourier,SEL1000,Bengal Bazaar,Mymensingh,9.37,Completed,2.66
SHP100941,ORD100941,PKG100941,2026-06-24,Rangpur Hub,Pathao Courier,SEL1018,Golden Store,Chattogram,5.87,Failed,2.67
SHP100942,ORD100942,PKG100942,2026-02-01,Khulna Hub,Steadfast Courier,SEL1035,Riverside Gallery,Mymensingh,5.14,Completed,1.46
SHP100943,ORD100943,PKG100943,2025-09-02,Khulna Hub,Sundarban Courier,SEL1008,Elite Depot,Chattogram,0.5,Completed,4.66
SHP100944,ORD100944,PKG100944,2026-07-27,Khulna Hub,Pathao Courier,SEL1007,Delta Trading,Dhaka,8.79,Failed,3.5
SHP100945,ORD100945,PKG100945,2026-02-26,Narayanganj Hub,Pathao Courier,SEL1039,Silver Depot,Dhaka,9.3,Completed,1.3
SHP100946,ORD100946,PKG100946,2025-11-30,Khulna Hub,Pathao Courier,SEL1025,Metro Hub,Sylhet,3.96,Completed,3.72
SHP100947,ORD100947,PKG100947,2026-04-23,Dhaka Hub,Sundarban Courier,SEL1008,Elite Depot,Chattogram,6.3,Completed,4.43
SHP100948,ORD100948,PKG100948,2026-03-03,Narayanganj Hub,Sundarban Courier,SEL1044,Smart Mart,Rangpur,7.36,Completed,2.38
SHP100949,ORD100949,PKG100949,2025-09-11,Chattogram Hub,eCourier,SEL1046,Smart Traders,Comilla,4.54,Completed,2.59
SHP100950,ORD100950,PKG100950,2026-05-21,Sylhet Hub,Pathao Courier,SEL1002,Bengal Hub,Barisal,7.46,Completed,2.0
SHP100951,ORD100951,PKG100951,2026-01-17,Mymensingh Hub,Steadfast Courier,SEL1012,Elite Traders,Dhaka,5.32,Completed,4.49
SHP100952,ORD100952,PKG100952,2026-05-01,Dhaka Hub,Pathao Courier,SEL1022,Horizon Depot,Sylhet,10.56,Completed,2.2
SHP100953,ORD100953,PKG100953,2026-07-07,Dhaka Hub,RedX,SEL1043,Smart Emporium,Barisal,8.68,Completed,3.44
SHP100954,ORD100954,PKG100954,2026-03-31,Mymensingh Hub,Steadfast Courier,SEL1004,Classic Mart,Rajshahi,1.5,Completed,3.16
SHP100955,ORD100955,PKG100955,2026-04-21,Dhaka Hub,eCourier,SEL1048,Suncity Emporium,Dhaka,9.64,Completed,3.25
SHP100956,ORD100956,PKG100956,2025-11-28,Khulna Hub,RedX,SEL1019,Green Fashion House,Rajshahi,4.18,Completed,2.26
SHP100957,ORD100957,PKG100957,2025-11-22,Dhaka Hub,eCourier,SEL1007,Delta Trading,Dhaka,11.24,Completed,3.42
SHP100958,ORD100958,PKG100958,2026-01-22,Chattogram Hub,Pathao Courier,SEL1051,Suncity Shop,Mymensingh,7.32,Cancelled,
SHP100959,ORD100959,PKG100959,2026-06-23,Rangpur Hub,Pathao Courier,SEL1005,Delta Corner,Khulna,0.53,Completed,4.09
SHP100960,ORD100960,PKG100960,2026-03-01,Narayanganj Hub,Sundarban Courier,SEL1007,Delta Trading,Dhaka,8.87,Completed,2.9
SHP100961,ORD100961,PKG100961,2025-12-30,Khulna Hub,Pathao Courier,SEL1056,Urban Store,Khulna,1.74,Completed,1.85
SHP100962,ORD100962,PKG100962,2026-05-28,Chattogram Hub,Sundarban Courier,SEL1031,Prime Bazaar,Chattogram,10.55,Completed,5.04
SHP100963,ORD100963,PKG100963,2026-06-23,Dhaka Hub,Pathao Courier,SEL1027,Modern Corner,Comilla,11.39,Cancelled,
SHP100964,ORD100964,PKG100964,2026-07-10,Chattogram Hub,Steadfast Courier,SEL1041,Silver Hub,Chattogram,8.4,Completed,3.61
SHP100965,ORD100965,PKG100965,2025-12-13,Mymensingh Hub,Steadfast Courier,SEL1037,Royal Gallery,Dhaka,6.49,Completed,3.84
SHP100966,ORD100966,PKG100966,2026-05-04,Rangpur Hub,eCourier,SEL1036,Royal Emporium,Comilla,7.3,Completed,3.83
SHP100967,ORD100967,PKG100967,2026-03-24,Chattogram Hub,eCourier,SEL1001,Bengal Emporium,Rangpur,5.26,Completed,3.73
SHP100968,ORD100968,PKG100968,2026-02-03,Dhaka Hub,Pathao Courier,SEL1033,Riverside Collection,Sylhet,1.19,Failed,3.25
SHP100969,ORD100969,PKG100969,2026-01-16,Khulna Hub,Pathao Courier,SEL1016,Golden Hub,Comilla,11.16,Completed,3.22
SHP100970,ORD100970,PKG100970,2025-10-10,Mymensingh Hub,RedX,SEL1048,Suncity Emporium,Dhaka,4.08,Completed,3.61
SHP100971,ORD100971,PKG100971,2025-12-05,Khulna Hub,RedX,SEL1030,Nova Retail,Dhaka,3.89,Completed,3.39
SHP100972,ORD100972,PKG100972,2026-03-10,Khulna Hub,Sundarban Courier,SEL1007,Delta Trading,Dhaka,2.46,Failed,2.38
SHP100973,ORD100973,PKG100973,2026-07-04,Barisal Hub,Sundarban Courier,SEL1053,Trendy Store,Chattogram,11.91,Completed,2.4
SHP100974,ORD100974,PKG100974,2026-06-27,Dhaka Hub,Sundarban Courier,SEL1017,Golden Outlet,Khulna,11.32,Completed,3.68
SHP100975,ORD100975,PKG100975,2025-11-04,Rajshahi Hub,Pathao Courier,SEL1016,Golden Hub,Comilla,4.32,Completed,2.37
SHP100976,ORD100976,PKG100976,2026-04-24,Dhaka Hub,Sundarban Courier,SEL1056,Urban Store,Khulna,3.27,Completed,3.18
SHP100977,ORD100977,PKG100977,2025-09-30,Dhaka Hub,Sundarban Courier,SEL1046,Smart Traders,Comilla,9.7,Failed,3.33
SHP100978,ORD100978,PKG100978,2026-04-22,Dhaka Hub,RedX,SEL1051,Suncity Shop,Mymensingh,5.19,Completed,3.05
SHP100979,ORD100979,PKG100979,2025-12-28,Rajshahi Hub,Steadfast Courier,SEL1039,Silver Depot,Dhaka,11.62,Failed,3.15
SHP100980,ORD100980,PKG100980,2026-02-03,Narayanganj Hub,RedX,SEL1054,Trendy Trading,Narayanganj,10.83,Completed,1.97
SHP100981,ORD100981,PKG100981,2026-05-07,Dhaka Hub,eCourier,SEL1006,Delta Store,Rajshahi,9.16,Completed,2.61
SHP100982,ORD100982,PKG100982,2026-01-26,Sylhet Hub,eCourier,SEL1035,Riverside Gallery,Mymensingh,1.26,Completed,3.12
SHP100983,ORD100983,PKG100983,2026-06-07,Comilla Hub,Pathao Courier,SEL1017,Golden Outlet,Khulna,8.49,Completed,3.64
SHP100984,ORD100984,PKG100984,2026-03-04,Mymensingh Hub,RedX,SEL1023,Horizon Shop,Rangpur,11.85,Completed,3.98
SHP100985,ORD100985,PKG100985,2026-08-12,Sylhet Hub,Sundarban Courier,SEL1014,Fresh Hub,Khulna,4.6,Pending,
SHP100986,ORD100986,PKG100986,2026-04-09,Rangpur Hub,RedX,SEL1012,Elite Traders,Dhaka,10.6,Completed,5.32
SHP100987,ORD100987,PKG100987,2025-12-12,Dhaka Hub,Pathao Courier,SEL1026,Metro Outlet,Sylhet,5.02,Failed,2.99
SHP100988,ORD100988,PKG100988,2026-05-27,Rangpur Hub,Steadfast Courier,SEL1055,Urban Collection,Chattogram,11.66,Completed,2.75
SHP100989,ORD100989,PKG100989,2026-01-20,Barisal Hub,Steadfast Courier,SEL1038,Royal Outlet,Khulna,7.91,Completed,3.89
SHP100990,ORD100990,PKG100990,2026-03-04,Khulna Hub,Pathao Courier,SEL1020,Horizon Bazaar,Dhaka,1.34,Completed,3.46
SHP100991,ORD100991,PKG100991,2025-10-18,Dhaka Hub,Pathao Courier,SEL1026,Metro Outlet,Sylhet,5.85,Completed,2.98
SHP100992,ORD100992,PKG100992,2025-10-12,Chattogram Hub,Pathao Courier,SEL1031,Prime Bazaar,Chattogram,0.79,Completed,3.67
SHP100993,ORD100993,PKG100993,2026-03-18,Dhaka Hub,eCourier,SEL1014,Fresh Hub,Khulna,4.86,Completed,4.21
SHP100994,ORD100994,PKG100994,2025-11-04,Dhaka Hub,RedX,SEL1031,Prime Bazaar,Chattogram,11.0,Completed,2.86
SHP100995,ORD100995,PKG100995,2026-08-12,Comilla Hub,Pathao Courier,SEL1041,Silver Hub,Chattogram,2.94,Completed,1.88
SHP100996,ORD100996,PKG100996,2026-06-24,Dhaka Hub,eCourier,SEL1014,Fresh Hub,Khulna,11.42,Completed,3.3
SHP100997,ORD100997,PKG100997,2026-05-01,Dhaka Hub,Sundarban Courier,SEL1035,Riverside Gallery,Mymensingh,1.38,Completed,4.41
SHP100998,ORD100998,PKG100998,2026-05-13,Barisal Hub,Sundarban Courier,SEL1042,Smart Bazaar,Rajshahi,8.04,Completed,2.64
SHP100999,ORD100999,PKG100999,2026-03-25,Chattogram Hub,Sundarban Courier,SEL1031,Prime Bazaar,Chattogram,11.6,Completed,3.91
SHP101000,ORD101000,PKG101000,2025-09-21,Chattogram Hub,RedX,SEL1017,Golden Outlet,Khulna,7.92,Completed,3.23
SHP101001,ORD101001,PKG101001,2026-01-14,Dhaka Hub,Sundarban Courier,SEL1033,Riverside Collection,Sylhet,10.81,Completed,4.39
SHP101002,ORD101002,PKG101002,2026-02-19,Comilla Hub,Pathao Courier,SEL1047,Suncity Depot,Dhaka,11.89,Completed,3.98
SHP101003,ORD101003,PKG101003,2026-07-14,Narayanganj Hub,Sundarban Courier,SEL1013,Elite Trading,Dhaka,7.77,Completed,1.98
SHP101004,ORD101004,PKG101004,2025-11-15,Chattogram Hub,Steadfast Courier,SEL1034,Riverside Emporium,Dhaka,9.43,Completed,3.01
SHP101005,ORD101005,PKG101005,2026-02-19,Dhaka Hub,RedX,SEL1040,Silver Emporium,Barisal,0.58,Completed,2.64
SHP101006,ORD101006,PKG101006,2025-12-29,Barisal Hub,Steadfast Courier,SEL1019,Green Fashion House,Rajshahi,5.24,Completed,1.74
SHP101007,ORD101007,PKG101007,2025-10-17,Rangpur Hub,RedX,SEL1023,Horizon Shop,Rangpur,3.6,Completed,2.38
SHP101008,ORD101008,PKG101008,2025-10-06,Dhaka Hub,eCourier,SEL1053,Trendy Store,Chattogram,9.93,Pending,
SHP101009,ORD101009,PKG101009,2026-01-05,Sylhet Hub,Sundarban Courier,SEL1021,Horizon Collection,Narayanganj,8.2,Completed,3.41
SHP101010,ORD101010,PKG101010,2025-09-29,Dhaka Hub,eCourier,SEL1035,Riverside Gallery,Mymensingh,7.45,Completed,2.72
SHP101011,ORD101011,PKG101011,2025-09-24,Dhaka Hub,Pathao Courier,SEL1008,Elite Depot,Chattogram,11.19,Completed,2.02
SHP101012,ORD101012,PKG101012,2025-12-31,Sylhet Hub,Pathao Courier,SEL1055,Urban Collection,Chattogram,1.25,Completed,1.64
SHP101013,ORD101013,PKG101013,2025-11-09,Chattogram Hub,Pathao Courier,SEL1035,Riverside Gallery,Mymensingh,11.46,Completed,2.39
SHP101014,ORD101014,PKG101014,2026-03-11,Sylhet Hub,Pathao Courier,SEL1045,Smart Store,Dhaka,1.39,Pending,
SHP101015,ORD101015,PKG101015,2025-09-07,Chattogram Hub,Steadfast Courier,SEL1036,Royal Emporium,Comilla,4.29,Completed,3.91
SHP101016,ORD101016,PKG101016,2025-12-14,Dhaka Hub,Steadfast Courier,SEL1021,Horizon Collection,Narayanganj,7.64,Completed,3.86
SHP101017,ORD101017,PKG101017,2026-02-04,Dhaka Hub,eCourier,SEL1020,Horizon Bazaar,Dhaka,4.23,Completed,2.57
SHP101018,ORD101018,PKG101018,2026-07-31,Dhaka Hub,Pathao Courier,SEL1042,Smart Bazaar,Rajshahi,8.25,Completed,2.92
SHP101019,ORD101019,PKG101019,2026-04-08,Khulna Hub,Steadfast Courier,SEL1051,Suncity Shop,Mymensingh,9.35,Failed,3.5
SHP101020,ORD101020,PKG101020,2026-07-02,Dhaka Hub,eCourier,SEL1007,Delta Trading,Dhaka,9.98,Pending,
SHP101021,ORD101021,PKG101021,2025-12-28,Rajshahi Hub,Sundarban Courier,SEL1050,Suncity Retail,Chattogram,2.32,Completed,3.54
SHP101022,ORD101022,PKG101022,2026-02-03,Rangpur Hub,RedX,SEL1049,Suncity Gallery,Khulna,2.35,Completed,2.96
SHP101023,ORD101023,PKG101023,2026-01-24,Comilla Hub,RedX,SEL1006,Delta Store,Rajshahi,0.82,Completed,2.82
SHP101024,ORD101024,PKG101024,2026-07-05,Narayanganj Hub,Pathao Courier,SEL1006,Delta Store,Rajshahi,5.99,Pending,
SHP101025,ORD101025,PKG101025,2026-07-29,Chattogram Hub,RedX,SEL1041,Silver Hub,Chattogram,1.82,Failed,3.2
SHP101026,ORD101026,PKG101026,2026-07-30,Narayanganj Hub,eCourier,SEL1050,Suncity Retail,Chattogram,3.96,Failed,1.04
SHP101027,ORD101027,PKG101027,2026-05-19,Mymensingh Hub,Pathao Courier,SEL1023,Horizon Shop,Rangpur,10.12,Completed,3.62
SHP101028,ORD101028,PKG101028,2026-02-22,Chattogram Hub,Sundarban Courier,SEL1038,Royal Outlet,Khulna,11.39,Completed,5.12
SHP101029,ORD101029,PKG101029,2026-03-07,Chattogram Hub,RedX,SEL1059,Value Store,Dhaka,9.9,Completed,3.1
SHP101030,ORD101030,PKG101030,2026-08-06,Dhaka Hub,eCourier,SEL1019,Green Fashion House,Rajshahi,0.21,Completed,4.21
SHP101031,ORD101031,PKG101031,2025-12-08,Mymensingh Hub,Steadfast Courier,SEL1013,Elite Trading,Dhaka,6.9,Completed,3.28
SHP101032,ORD101032,PKG101032,2025-12-29,Khulna Hub,eCourier,SEL1059,Value Store,Dhaka,2.17,Completed,2.92
SHP101033,ORD101033,PKG101033,2026-07-08,Dhaka Hub,RedX,SEL1016,Golden Hub,Comilla,4.63,Completed,2.49
SHP101034,ORD101034,PKG101034,2026-01-12,Rangpur Hub,RedX,SEL1028,Modern Depot,Khulna,5.25,Completed,4.37
SHP101035,ORD101035,PKG101035,2025-11-21,Mymensingh Hub,RedX,SEL1026,Metro Outlet,Sylhet,11.33,Completed,3.0
SHP101036,ORD101036,PKG101036,2026-03-13,Rajshahi Hub,RedX,SEL1031,Prime Bazaar,Chattogram,7.68,Completed,3.9
SHP101037,ORD101037,PKG101037,2025-12-22,Chattogram Hub,Pathao Courier,SEL1016,Golden Hub,Comilla,3.36,Completed,3.42
SHP101038,ORD101038,PKG101038,2026-07-06,Dhaka Hub,RedX,SEL1040,Silver Emporium,Barisal,7.78,Pending,
SHP101039,ORD101039,PKG101039,2026-07-12,Rangpur Hub,eCourier,SEL1041,Silver Hub,Chattogram,11.43,Pending,
SHP101040,ORD101040,PKG101040,2025-12-15,Rangpur Hub,RedX,SEL1012,Elite Traders,Dhaka,0.9,Pending,
SHP101041,ORD101041,PKG101041,2026-03-03,Khulna Hub,Steadfast Courier,SEL1028,Modern Depot,Khulna,9.83,Cancelled,
SHP101042,ORD101042,PKG101042,2026-08-07,Rangpur Hub,RedX,SEL1003,Classic Fashion House,Sylhet,2.76,Completed,3.39
SHP101043,ORD101043,PKG101043,2026-05-15,Dhaka Hub,Sundarban Courier,SEL1013,Elite Trading,Dhaka,2.01,Cancelled,
SHP101044,ORD101044,PKG101044,2025-11-14,Khulna Hub,Pathao Courier,SEL1059,Value Store,Dhaka,10.81,Completed,2.53
SHP101045,ORD101045,PKG101045,2026-03-24,Chattogram Hub,Pathao Courier,SEL1030,Nova Retail,Dhaka,0.22,Completed,4.08
SHP101046,ORD101046,PKG101046,2026-04-03,Narayanganj Hub,Sundarban Courier,SEL1037,Royal Gallery,Dhaka,8.94,Completed,2.59
SHP101047,ORD101047,PKG101047,2026-04-15,Sylhet Hub,Sundarban Courier,SEL1053,Trendy Store,Chattogram,1.23,Completed,2.19
SHP101048,ORD101048,PKG101048,2025-09-09,Dhaka Hub,Pathao Courier,SEL1042,Smart Bazaar,Rajshahi,7.49,Completed,2.34
SHP101049,ORD101049,PKG101049,2025-12-13,Dhaka Hub,Pathao Courier,SEL1047,Suncity Depot,Dhaka,7.53,Completed,2.02
SHP101050,ORD101050,PKG101050,2026-06-23,Narayanganj Hub,Pathao Courier,SEL1042,Smart Bazaar,Rajshahi,10.38,Failed,2.13
SHP101051,ORD101051,PKG101051,2025-11-23,Narayanganj Hub,eCourier,SEL1029,Modern Emporium,Sylhet,9.91,Completed,2.47
SHP101052,ORD101052,PKG101052,2025-12-13,Rangpur Hub,eCourier,SEL1037,Royal Gallery,Dhaka,8.28,Completed,4.24
SHP101053,ORD101053,PKG101053,2025-12-21,Sylhet Hub,Sundarban Courier,SEL1017,Golden Outlet,Khulna,4.69,Completed,3.48
SHP101054,ORD101054,PKG101054,2025-11-01,Rajshahi Hub,Pathao Courier,SEL1053,Trendy Store,Chattogram,2.16,Completed,2.26
SHP101055,ORD101055,PKG101055,2025-10-24,Barisal Hub,Pathao Courier,SEL1010,Elite Gallery,Sylhet,7.7,Completed,1.87
SHP101056,ORD101056,PKG101056,2025-12-30,Dhaka Hub,Pathao Courier,SEL1053,Trendy Store,Chattogram,6.06,Completed,2.38
SHP101057,ORD101057,PKG101057,2026-06-30,Dhaka Hub,Sundarban Courier,SEL1052,Trendy Collection,Rangpur,1.12,Completed,3.86
SHP101058,ORD101058,PKG101058,2025-09-01,Chattogram Hub,Pathao Courier,SEL1008,Elite Depot,Chattogram,11.48,Completed,3.29
SHP101059,ORD101059,PKG101059,2025-12-08,Chattogram Hub,Sundarban Courier,SEL1042,Smart Bazaar,Rajshahi,3.91,Completed,4.63
SHP101060,ORD101060,PKG101060,2025-09-21,Sylhet Hub,Steadfast Courier,SEL1059,Value Store,Dhaka,0.23,Completed,3.42
SHP101061,ORD101061,PKG101061,2026-03-14,Chattogram Hub,RedX,SEL1034,Riverside Emporium,Dhaka,10.84,Completed,4.32
SHP101062,ORD101062,PKG101062,2025-11-26,Rajshahi Hub,eCourier,SEL1020,Horizon Bazaar,Dhaka,7.01,Completed,2.53
SHP101063,ORD101063,PKG101063,2026-06-02,Rangpur Hub,Pathao Courier,SEL1052,Trendy Collection,Rangpur,8.85,Completed,3.49
SHP101064,ORD101064,PKG101064,2026-03-22,Mymensingh Hub,Pathao Courier,SEL1030,Nova Retail,Dhaka,2.0,Completed,3.85
SHP101065,ORD101065,PKG101065,2026-05-30,Chattogram Hub,Steadfast Courier,SEL1007,Delta Trading,Dhaka,4.97,Completed,3.45
SHP101066,ORD101066,PKG101066,2026-04-08,Chattogram Hub,Sundarban Courier,SEL1014,Fresh Hub,Khulna,7.81,Completed,5.59
SHP101067,ORD101067,PKG101067,2026-01-30,Dhaka Hub,RedX,SEL1040,Silver Emporium,Barisal,3.16,Completed,1.65
SHP101068,ORD101068,PKG101068,2026-06-25,Khulna Hub,Steadfast Courier,SEL1027,Modern Corner,Comilla,8.48,Completed,4.02
SHP101069,ORD101069,PKG101069,2026-02-12,Dhaka Hub,RedX,SEL1013,Elite Trading,Dhaka,2.96,Completed,2.6
SHP101070,ORD101070,PKG101070,2026-07-26,Mymensingh Hub,Sundarban Courier,SEL1047,Suncity Depot,Dhaka,2.67,Completed,3.77
SHP101071,ORD101071,PKG101071,2026-08-11,Sylhet Hub,RedX,SEL1007,Delta Trading,Dhaka,0.34,Completed,1.91
SHP101072,ORD101072,PKG101072,2026-03-23,Rajshahi Hub,Pathao Courier,SEL1013,Elite Trading,Dhaka,3.53,Failed,3.86
SHP101073,ORD101073,PKG101073,2026-04-22,Chattogram Hub,Pathao Courier,SEL1027,Modern Corner,Comilla,3.11,Completed,5.21
SHP101074,ORD101074,PKG101074,2025-11-28,Dhaka Hub,Pathao Courier,SEL1002,Bengal Hub,Barisal,9.22,Cancelled,
SHP101075,ORD101075,PKG101075,2026-06-09,Rangpur Hub,Steadfast Courier,SEL1023,Horizon Shop,Rangpur,6.92,Completed,3.25
SHP101076,ORD101076,PKG101076,2026-04-21,Sylhet Hub,RedX,SEL1054,Trendy Trading,Narayanganj,2.3,Completed,1.91
SHP101077,ORD101077,PKG101077,2026-07-10,Chattogram Hub,Sundarban Courier,SEL1056,Urban Store,Khulna,6.9,Completed,4.58
SHP101078,ORD101078,PKG101078,2025-12-02,Rangpur Hub,Pathao Courier,SEL1052,Trendy Collection,Rangpur,2.86,Failed,4.09
SHP101079,ORD101079,PKG101079,2026-05-31,Chattogram Hub,RedX,SEL1019,Green Fashion House,Rajshahi,5.22,Completed,2.98
SHP101080,ORD101080,PKG101080,2026-02-10,Rajshahi Hub,Steadfast Courier,SEL1003,Classic Fashion House,Sylhet,10.68,Completed,2.28
SHP101081,ORD101081,PKG101081,2025-11-04,Barisal Hub,Sundarban Courier,SEL1048,Suncity Emporium,Dhaka,8.69,Completed,2.36
SHP101082,ORD101082,PKG101082,2025-10-30,Narayanganj Hub,Sundarban Courier,SEL1022,Horizon Depot,Sylhet,7.88,Completed,2.62
SHP101083,ORD101083,PKG101083,2026-03-14,Rangpur Hub,eCourier,SEL1044,Smart Mart,Rangpur,3.52,Failed,3.98
SHP101084,ORD101084,PKG101084,2025-12-20,Dhaka Hub,Steadfast Courier,SEL1007,Delta Trading,Dhaka,1.67,Completed,3.24
SHP101085,ORD101085,PKG101085,2025-10-06,Rajshahi Hub,Steadfast Courier,SEL1040,Silver Emporium,Barisal,9.08,Completed,3.29
SHP101086,ORD101086,PKG101086,2026-01-26,Rajshahi Hub,Sundarban Courier,SEL1035,Riverside Gallery,Mymensingh,6.9,Failed,4.13
SHP101087,ORD101087,PKG101087,2026-04-14,Dhaka Hub,Pathao Courier,SEL1055,Urban Collection,Chattogram,7.55,Completed,2.64
SHP101088,ORD101088,PKG101088,2025-12-20,Rangpur Hub,Sundarban Courier,SEL1006,Delta Store,Rajshahi,11.71,Completed,3.88
SHP101089,ORD101089,PKG101089,2026-07-28,Chattogram Hub,Sundarban Courier,SEL1024,Metro Bazaar,Dhaka,4.31,Completed,4.94
SHP101090,ORD101090,PKG101090,2026-05-28,Rajshahi Hub,Steadfast Courier,SEL1059,Value Store,Dhaka,9.65,Completed,2.39
SHP101091,ORD101091,PKG101091,2026-02-25,Dhaka Hub,Pathao Courier,SEL1023,Horizon Shop,Rangpur,6.8,Completed,2.87
SHP101092,ORD101092,PKG101092,2026-07-21,Dhaka Hub,RedX,SEL1039,Silver Depot,Dhaka,2.98,Completed,3.42
SHP101093,ORD101093,PKG101093,2026-01-28,Chattogram Hub,Steadfast Courier,SEL1009,Elite Emporium,Dhaka,0.82,Completed,3.92
SHP101094,ORD101094,PKG101094,2025-10-19,Dhaka Hub,Steadfast Courier,SEL1043,Smart Emporium,Barisal,7.47,Completed,4.05
SHP101095,ORD101095,PKG101095,2025-09-13,Narayanganj Hub,RedX,SEL1016,Golden Hub,Comilla,3.71,Completed,1.31
SHP101096,ORD101096,PKG101096,2026-07-22,Barisal Hub,Steadfast Courier,SEL1034,Riverside Emporium,Dhaka,8.41,Failed,2.46
SHP101097,ORD101097,PKG101097,2026-07-30,Dhaka Hub,Pathao Courier,SEL1052,Trendy Collection,Rangpur,8.47,Completed,3.24
SHP101098,ORD101098,PKG101098,2026-05-14,Chattogram Hub,Sundarban Courier,SEL1039,Silver Depot,Dhaka,5.57,Failed,4.82
SHP101099,ORD101099,PKG101099,2025-10-06,Comilla Hub,Pathao Courier,SEL1028,Modern Depot,Khulna,6.53,Completed,2.88
SHP101100,ORD101100,PKG101100,2025-12-11,Rajshahi Hub,Steadfast Courier,SEL1011,Elite Outlet,Chattogram,7.59,Completed,1.8
SHP101101,ORD101101,PKG101101,2025-09-15,Sylhet Hub,Steadfast Courier,SEL1020,Horizon Bazaar,Dhaka,5.73,Completed,3.18
SHP101102,ORD101102,PKG101102,2025-09-18,Khulna Hub,Pathao Courier,SEL1050,Suncity Retail,Chattogram,10.55,Completed,1.95
SHP101103,ORD101103,PKG101103,2025-11-25,Chattogram Hub,Pathao Courier,SEL1012,Elite Traders,Dhaka,1.1,Completed,2.51
SHP101104,ORD101104,PKG101104,2026-03-17,Chattogram Hub,Sundarban Courier,SEL1039,Silver Depot,Dhaka,11.76,Completed,5.0
SHP101105,ORD101105,PKG101105,2025-09-23,Dhaka Hub,Pathao Courier,SEL1029,Modern Emporium,Sylhet,0.59,Completed,2.58
SHP101106,ORD101106,PKG101106,2026-08-07,Barisal Hub,eCourier,SEL1019,Green Fashion House,Rajshahi,2.66,Completed,2.44
SHP101107,ORD101107,PKG101107,2026-02-05,Dhaka Hub,Pathao Courier,SEL1042,Smart Bazaar,Rajshahi,8.56,Completed,1.94
SHP101108,ORD101108,PKG101108,2025-12-01,Sylhet Hub,eCourier,SEL1021,Horizon Collection,Narayanganj,1.2,Completed,2.72
SHP101109,ORD101109,PKG101109,2026-02-26,Comilla Hub,RedX,SEL1017,Golden Outlet,Khulna,3.29,Completed,3.5
SHP101110,ORD101110,PKG101110,2026-06-01,Chattogram Hub,Sundarban Courier,SEL1031,Prime Bazaar,Chattogram,2.02,Completed,3.5
SHP101111,ORD101111,PKG101111,2025-12-18,Chattogram Hub,Pathao Courier,SEL1045,Smart Store,Dhaka,8.74,Completed,3.62
SHP101112,ORD101112,PKG101112,2025-09-17,Sylhet Hub,Steadfast Courier,SEL1051,Suncity Shop,Mymensingh,7.03,Completed,3.03
SHP101113,ORD101113,PKG101113,2025-09-18,Dhaka Hub,RedX,SEL1037,Royal Gallery,Dhaka,0.96,Completed,1.75
SHP101114,ORD101114,PKG101114,2026-06-22,Barisal Hub,Sundarban Courier,SEL1039,Silver Depot,Dhaka,5.63,Completed,2.77
SHP101115,ORD101115,PKG101115,2025-10-09,Barisal Hub,Sundarban Courier,SEL1047,Suncity Depot,Dhaka,2.66,Completed,2.71
SHP101116,ORD101116,PKG101116,2026-04-08,Dhaka Hub,Steadfast Courier,SEL1016,Golden Hub,Comilla,11.62,Completed,3.4
SHP101117,ORD101117,PKG101117,2026-01-12,Sylhet Hub,eCourier,SEL1015,Fresh Trading,Dhaka,1.47,Completed,2.32
SHP101118,ORD101118,PKG101118,2026-05-28,Khulna Hub,eCourier,SEL1029,Modern Emporium,Sylhet,7.26,Completed,2.41
SHP101119,ORD101119,PKG101119,2025-09-21,Mymensingh Hub,RedX,SEL1037,Royal Gallery,Dhaka,5.89,Completed,2.92
SHP101120,ORD101120,PKG101120,2026-07-08,Chattogram Hub,Steadfast Courier,SEL1038,Royal Outlet,Khulna,7.02,Completed,3.44
SHP101121,ORD101121,PKG101121,2026-04-30,Khulna Hub,Sundarban Courier,SEL1009,Elite Emporium,Dhaka,11.49,Pending,
SHP101122,ORD101122,PKG101122,2026-02-03,Comilla Hub,eCourier,SEL1046,Smart Traders,Comilla,4.23,Completed,4.44
SHP101123,ORD101123,PKG101123,2025-11-11,Dhaka Hub,Sundarban Courier,SEL1021,Horizon Collection,Narayanganj,9.04,Completed,2.74
SHP101124,ORD101124,PKG101124,2026-08-05,Barisal Hub,RedX,SEL1052,Trendy Collection,Rangpur,5.48,Completed,2.56
SHP101125,ORD101125,PKG101125,2025-12-14,Rajshahi Hub,Steadfast Courier,SEL1043,Smart Emporium,Barisal,8.0,Completed,4.06
SHP101126,ORD101126,PKG101126,2026-02-17,Dhaka Hub,Steadfast Courier,SEL1058,Value Mart,Comilla,4.51,Completed,4.35
SHP101127,ORD101127,PKG101127,2026-01-15,Narayanganj Hub,RedX,SEL1037,Royal Gallery,Dhaka,2.88,Completed,3.2
SHP101128,ORD101128,PKG101128,2025-11-19,Rangpur Hub,RedX,SEL1031,Prime Bazaar,Chattogram,1.19,Failed,2.92
SHP101129,ORD101129,PKG101129,2026-01-23,Sylhet Hub,Steadfast Courier,SEL1011,Elite Outlet,Chattogram,1.4,Failed,2.45
SHP101130,ORD101130,PKG101130,2025-10-23,Khulna Hub,Steadfast Courier,SEL1023,Horizon Shop,Rangpur,11.52,Completed,2.0
SHP101131,ORD101131,PKG101131,2025-09-01,Chattogram Hub,eCourier,SEL1051,Suncity Shop,Mymensingh,9.5,Completed,3.87
SHP101132,ORD101132,PKG101132,2025-12-10,Dhaka Hub,Pathao Courier,SEL1022,Horizon Depot,Sylhet,3.09,Completed,3.63
SHP101133,ORD101133,PKG101133,2025-10-09,Comilla Hub,Sundarban Courier,SEL1003,Classic Fashion House,Sylhet,6.44,Completed,3.12
SHP101134,ORD101134,PKG101134,2026-01-22,Khulna Hub,Steadfast Courier,SEL1014,Fresh Hub,Khulna,8.63,Failed,2.67
SHP101135,ORD101135,PKG101135,2026-06-26,Chattogram Hub,eCourier,SEL1035,Riverside Gallery,Mymensingh,4.36,Pending,
SHP101136,ORD101136,PKG101136,2025-10-27,Mymensingh Hub,eCourier,SEL1037,Royal Gallery,Dhaka,5.39,Completed,2.79
SHP101137,ORD101137,PKG101137,2025-09-01,Sylhet Hub,RedX,SEL1059,Value Store,Dhaka,8.68,Completed,3.31
SHP101138,ORD101138,PKG101138,2025-10-09,Dhaka Hub,Sundarban Courier,SEL1056,Urban Store,Khulna,2.88,Completed,4.19
SHP101139,ORD101139,PKG101139,2026-02-23,Dhaka Hub,Sundarban Courier,SEL1031,Prime Bazaar,Chattogram,6.41,Completed,4.03
SHP101140,ORD101140,PKG101140,2025-12-05,Narayanganj Hub,eCourier,SEL1033,Riverside Collection,Sylhet,2.68,Completed,2.98
SHP101141,ORD101141,PKG101141,2026-02-17,Chattogram Hub,Sundarban Courier,SEL1048,Suncity Emporium,Dhaka,0.24,Completed,4.36
SHP101142,ORD101142,PKG101142,2025-09-11,Chattogram Hub,RedX,SEL1002,Bengal Hub,Barisal,8.35,Completed,3.45
SHP101143,ORD101143,PKG101143,2025-12-25,Khulna Hub,eCourier,SEL1035,Riverside Gallery,Mymensingh,8.55,Pending,
SHP101144,ORD101144,PKG101144,2026-01-20,Khulna Hub,eCourier,SEL1028,Modern Depot,Khulna,11.95,Completed,1.81
SHP101145,ORD101145,PKG101145,2026-01-28,Sylhet Hub,Sundarban Courier,SEL1046,Smart Traders,Comilla,2.34,Pending,
SHP101146,ORD101146,PKG101146,2026-03-10,Comilla Hub,eCourier,SEL1048,Suncity Emporium,Dhaka,8.93,Completed,4.71
SHP101147,ORD101147,PKG101147,2026-05-29,Chattogram Hub,Pathao Courier,SEL1039,Silver Depot,Dhaka,11.39,Completed,4.62
SHP101148,ORD101148,PKG101148,2026-02-09,Dhaka Hub,Pathao Courier,SEL1039,Silver Depot,Dhaka,7.81,Completed,2.71
SHP101149,ORD101149,PKG101149,2026-06-19,Narayanganj Hub,Sundarban Courier,SEL1041,Silver Hub,Chattogram,11.57,Completed,2.56
SHP101150,ORD101150,PKG101150,2026-03-03,Dhaka Hub,Pathao Courier,SEL1034,Riverside Emporium,Dhaka,11.93,Completed,1.75
SHP101151,ORD101151,PKG101151,2025-11-30,Narayanganj Hub,Steadfast Courier,SEL1013,Elite Trading,Dhaka,9.66,Completed,3.04
SHP101152,ORD101152,PKG101152,2025-11-19,Mymensingh Hub,Steadfast Courier,SEL1017,Golden Outlet,Khulna,11.99,Completed,4.06
SHP101153,ORD101153,PKG101153,2025-12-21,Rangpur Hub,Pathao Courier,SEL1044,Smart Mart,Rangpur,7.58,Completed,2.82
SHP101154,ORD101154,PKG101154,2026-03-26,Dhaka Hub,eCourier,SEL1037,Royal Gallery,Dhaka,6.07,Completed,1.93
SHP101155,ORD101155,PKG101155,2025-11-23,Dhaka Hub,RedX,SEL1014,Fresh Hub,Khulna,11.03,Completed,1.42
SHP101156,ORD101156,PKG101156,2026-07-14,Dhaka Hub,eCourier,SEL1052,Trendy Collection,Rangpur,10.01,Completed,3.4
SHP101157,ORD101157,PKG101157,2026-02-14,Chattogram Hub,Steadfast Courier,SEL1058,Value Mart,Comilla,1.5,Completed,2.75
SHP101158,ORD101158,PKG101158,2026-06-26,Rangpur Hub,RedX,SEL1037,Royal Gallery,Dhaka,3.77,Completed,3.16
SHP101159,ORD101159,PKG101159,2026-04-25,Chattogram Hub,Pathao Courier,SEL1013,Elite Trading,Dhaka,3.28,Failed,3.86
SHP101160,ORD101160,PKG101160,2025-12-25,Dhaka Hub,Pathao Courier,SEL1056,Urban Store,Khulna,10.29,Completed,1.92
SHP101161,ORD101161,PKG101161,2025-11-18,Dhaka Hub,Sundarban Courier,SEL1014,Fresh Hub,Khulna,2.95,Pending,
SHP101162,ORD101162,PKG101162,2026-05-16,Sylhet Hub,Steadfast Courier,SEL1025,Metro Hub,Sylhet,3.79,Completed,1.74
SHP101163,ORD101163,PKG101163,2025-12-24,Dhaka Hub,RedX,SEL1051,Suncity Shop,Mymensingh,6.32,Completed,3.34
SHP101164,ORD101164,PKG101164,2025-11-25,Rangpur Hub,Sundarban Courier,SEL1031,Prime Bazaar,Chattogram,1.1,Completed,6.24
SHP101165,ORD101165,PKG101165,2026-07-19,Dhaka Hub,Pathao Courier,SEL1014,Fresh Hub,Khulna,11.54,Completed,2.76
SHP101166,ORD101166,PKG101166,2026-02-14,Sylhet Hub,Steadfast Courier,SEL1004,Classic Mart,Rajshahi,5.99,Completed,3.43
SHP101167,ORD101167,PKG101167,2025-09-17,Rangpur Hub,Sundarban Courier,SEL1021,Horizon Collection,Narayanganj,2.45,Completed,4.65
SHP101168,ORD101168,PKG101168,2026-02-19,Khulna Hub,eCourier,SEL1040,Silver Emporium,Barisal,3.4,Cancelled,
SHP101169,ORD101169,PKG101169,2026-02-07,Comilla Hub,RedX,SEL1042,Smart Bazaar,Rajshahi,9.62,Completed,3.29
SHP101170,ORD101170,PKG101170,2026-06-26,Mymensingh Hub,Pathao Courier,SEL1013,Elite Trading,Dhaka,7.68,Completed,2.5
SHP101171,ORD101171,PKG101171,2026-05-05,Dhaka Hub,Pathao Courier,SEL1009,Elite Emporium,Dhaka,5.68,Completed,2.94
SHP101172,ORD101172,PKG101172,2025-11-06,Dhaka Hub,Sundarban Courier,SEL1042,Smart Bazaar,Rajshahi,4.11,Completed,3.57
SHP101173,ORD101173,PKG101173,2025-10-23,Mymensingh Hub,Sundarban Courier,SEL1009,Elite Emporium,Dhaka,10.83,Completed,5.47
SHP101174,ORD101174,PKG101174,2026-03-28,Rajshahi Hub,eCourier,SEL1003,Classic Fashion House,Sylhet,9.32,Completed,2.53
SHP101175,ORD101175,PKG101175,2025-09-17,Comilla Hub,eCourier,SEL1029,Modern Emporium,Sylhet,8.67,Completed,2.86
SHP101176,ORD101176,PKG101176,2025-12-20,Dhaka Hub,Pathao Courier,SEL1034,Riverside Emporium,Dhaka,5.46,Pending,
SHP101177,ORD101177,PKG101177,2025-10-18,Narayanganj Hub,RedX,SEL1014,Fresh Hub,Khulna,11.78,Failed,2.55
SHP101178,ORD101178,PKG101178,2025-09-08,Narayanganj Hub,Pathao Courier,SEL1012,Elite Traders,Dhaka,8.58,Failed,1.94
SHP101179,ORD101179,PKG101179,2026-07-15,Dhaka Hub,Pathao Courier,SEL1014,Fresh Hub,Khulna,5.2,Completed,1.66
SHP101180,ORD101180,PKG101180,2025-10-02,Dhaka Hub,eCourier,SEL1020,Horizon Bazaar,Dhaka,11.53,Completed,4.02
SHP101181,ORD101181,PKG101181,2025-09-04,Chattogram Hub,eCourier,SEL1000,Bengal Bazaar,Mymensingh,10.77,Failed,2.96
SHP101182,ORD101182,PKG101182,2026-07-20,Sylhet Hub,eCourier,SEL1000,Bengal Bazaar,Mymensingh,8.93,Completed,2.13
SHP101183,ORD101183,PKG101183,2025-11-05,Dhaka Hub,Pathao Courier,SEL1022,Horizon Depot,Sylhet,9.25,Completed,2.69
SHP101184,ORD101184,PKG101184,2026-06-10,Dhaka Hub,RedX,SEL1001,Bengal Emporium,Rangpur,5.2,Completed,1.91
SHP101185,ORD101185,PKG101185,2025-09-11,Mymensingh Hub,Sundarban Courier,SEL1019,Green Fashion House,Rajshahi,6.19,Completed,3.33
SHP101186,ORD101186,PKG101186,2025-10-24,Dhaka Hub,Steadfast Courier,SEL1034,Riverside Emporium,Dhaka,2.46,Completed,3.72
SHP101187,ORD101187,PKG101187,2025-10-09,Mymensingh Hub,RedX,SEL1001,Bengal Emporium,Rangpur,7.23,Pending,
SHP101188,ORD101188,PKG101188,2026-05-03,Dhaka Hub,Steadfast Courier,SEL1037,Royal Gallery,Dhaka,4.57,Completed,3.19
SHP101189,ORD101189,PKG101189,2026-04-03,Mymensingh Hub,Pathao Courier,SEL1037,Royal Gallery,Dhaka,4.3,Completed,3.64
SHP101190,ORD101190,PKG101190,2026-02-12,Chattogram Hub,Sundarban Courier,SEL1034,Riverside Emporium,Dhaka,11.39,Completed,3.41
SHP101191,ORD101191,PKG101191,2025-11-23,Dhaka Hub,eCourier,SEL1037,Royal Gallery,Dhaka,2.14,Completed,3.68
SHP101192,ORD101192,PKG101192,2025-10-01,Mymensingh Hub,Sundarban Courier,SEL1048,Suncity Emporium,Dhaka,9.99,Pending,
SHP101193,ORD101193,PKG101193,2026-03-16,Dhaka Hub,RedX,SEL1004,Classic Mart,Rajshahi,3.52,Completed,2.99
SHP101194,ORD101194,PKG101194,2025-11-19,Chattogram Hub,RedX,SEL1010,Elite Gallery,Sylhet,0.54,Completed,3.56
SHP101195,ORD101195,PKG101195,2026-03-24,Chattogram Hub,Steadfast Courier,SEL1019,Green Fashion House,Rajshahi,0.68,Completed,4.53
SHP101196,ORD101196,PKG101196,2026-04-26,Rajshahi Hub,Pathao Courier,SEL1041,Silver Hub,Chattogram,5.26,Completed,2.46
SHP101197,ORD101197,PKG101197,2026-06-21,Rajshahi Hub,Steadfast Courier,SEL1052,Trendy Collection,Rangpur,5.56,Pending,
SHP101198,ORD101198,PKG101198,2026-02-18,Dhaka Hub,Sundarban Courier,SEL1055,Urban Collection,Chattogram,3.98,Completed,2.85
SHP101199,ORD101199,PKG101199,2025-09-02,Narayanganj Hub,Sundarban Courier,SEL1034,Riverside Emporium,Dhaka,8.09,Completed,3.23
SHP101200,ORD101200,PKG101200,2025-12-07,Dhaka Hub,RedX,SEL1024,Metro Bazaar,Dhaka,5.93,Completed,2.21
SHP101201,ORD101201,PKG101201,2026-06-23,Mymensingh Hub,Pathao Courier,SEL1024,Metro Bazaar,Dhaka,1.07,Cancelled,
SHP101202,ORD101202,PKG101202,2026-03-04,Barisal Hub,Steadfast Courier,SEL1003,Classic Fashion House,Sylhet,4.31,Completed,1.94
SHP101203,ORD101203,PKG101203,2026-04-03,Chattogram Hub,Steadfast Courier,SEL1027,Modern Corner,Comilla,1.4,Failed,3.08
SHP101204,ORD101204,PKG101204,2026-02-06,Rajshahi Hub,Steadfast Courier,SEL1030,Nova Retail,Dhaka,0.94,Completed,2.75
SHP101205,ORD101205,PKG101205,2025-10-27,Khulna Hub,Steadfast Courier,SEL1012,Elite Traders,Dhaka,2.66,Completed,3.85
SHP101206,ORD101206,PKG101206,2026-07-08,Rajshahi Hub,RedX,SEL1046,Smart Traders,Comilla,8.47,Failed,1.62
SHP101207,ORD101207,PKG101207,2026-05-26,Barisal Hub,Sundarban Courier,SEL1048,Suncity Emporium,Dhaka,8.41,Completed,2.66
SHP101208,ORD101208,PKG101208,2026-08-11,Khulna Hub,eCourier,SEL1018,Golden Store,Chattogram,10.36,Completed,3.9
SHP101209,ORD101209,PKG101209,2026-06-24,Barisal Hub,Pathao Courier,SEL1054,Trendy Trading,Narayanganj,9.13,Completed,0.5
SHP101210,ORD101210,PKG101210,2025-12-10,Dhaka Hub,eCourier,SEL1006,Delta Store,Rajshahi,6.52,Completed,4.61
SHP101211,ORD101211,PKG101211,2025-11-27,Barisal Hub,Sundarban Courier,SEL1054,Trendy Trading,Narayanganj,3.89,Completed,2.35
SHP101212,ORD101212,PKG101212,2025-11-25,Sylhet Hub,RedX,SEL1046,Smart Traders,Comilla,0.27,Completed,1.38
SHP101213,ORD101213,PKG101213,2026-07-15,Narayanganj Hub,Sundarban Courier,SEL1013,Elite Trading,Dhaka,7.84,Completed,2.81
SHP101214,ORD101214,PKG101214,2026-03-12,Mymensingh Hub,Sundarban Courier,SEL1039,Silver Depot,Dhaka,3.62,Completed,4.04
SHP101215,ORD101215,PKG101215,2026-02-05,Dhaka Hub,Pathao Courier,SEL1018,Golden Store,Chattogram,3.15,Completed,2.79
SHP101216,ORD101216,PKG101216,2026-08-02,Rangpur Hub,Sundarban Courier,SEL1047,Suncity Depot,Dhaka,11.7,Completed,3.41
SHP101217,ORD101217,PKG101217,2026-03-28,Rajshahi Hub,Sundarban Courier,SEL1009,Elite Emporium,Dhaka,2.26,Completed,4.18
SHP101218,ORD101218,PKG101218,2026-07-12,Barisal Hub,Pathao Courier,SEL1014,Fresh Hub,Khulna,0.58,Completed,3.88
SHP101219,ORD101219,PKG101219,2026-08-07,Dhaka Hub,Pathao Courier,SEL1018,Golden Store,Chattogram,11.4,Cancelled,
SHP101220,ORD101220,PKG101220,2025-09-28,Rangpur Hub,RedX,SEL1011,Elite Outlet,Chattogram,3.81,Completed,2.92
SHP101221,ORD101221,PKG101221,2026-01-04,Dhaka Hub,Sundarban Courier,SEL1019,Green Fashion House,Rajshahi,4.84,Failed,3.4
SHP101222,ORD101222,PKG101222,2026-05-13,Comilla Hub,eCourier,SEL1036,Royal Emporium,Comilla,1.16,Completed,4.34
SHP101223,ORD101223,PKG101223,2026-06-09,Sylhet Hub,Pathao Courier,SEL1037,Royal Gallery,Dhaka,4.97,Completed,1.62
SHP101224,ORD101224,PKG101224,2025-10-22,Dhaka Hub,RedX,SEL1033,Riverside Collection,Sylhet,11.67,Completed,2.9
SHP101225,ORD101225,PKG101225,2025-12-20,Barisal Hub,Pathao Courier,SEL1011,Elite Outlet,Chattogram,8.39,Completed,1.64
SHP101226,ORD101226,PKG101226,2026-03-09,Chattogram Hub,RedX,SEL1012,Elite Traders,Dhaka,5.79,Completed,2.38
SHP101227,ORD101227,PKG101227,2026-06-04,Dhaka Hub,RedX,SEL1055,Urban Collection,Chattogram,3.83,Failed,2.53
SHP101228,ORD101228,PKG101228,2025-10-10,Rajshahi Hub,RedX,SEL1015,Fresh Trading,Dhaka,4.52,Completed,1.71
SHP101229,ORD101229,PKG101229,2026-03-27,Chattogram Hub,Sundarban Courier,SEL1006,Delta Store,Rajshahi,7.41,Completed,5.63
SHP101230,ORD101230,PKG101230,2025-12-12,Dhaka Hub,RedX,SEL1027,Modern Corner,Comilla,3.2,Completed,2.15
SHP101231,ORD101231,PKG101231,2025-11-14,Rajshahi Hub,Pathao Courier,SEL1000,Bengal Bazaar,Mymensingh,1.99,Completed,2.45
SHP101232,ORD101232,PKG101232,2026-02-26,Chattogram Hub,Sundarban Courier,SEL1020,Horizon Bazaar,Dhaka,8.42,Completed,4.14
SHP101233,ORD101233,PKG101233,2026-01-22,Dhaka Hub,Sundarban Courier,SEL1051,Suncity Shop,Mymensingh,10.46,Completed,2.92
SHP101234,ORD101234,PKG101234,2026-04-08,Dhaka Hub,RedX,SEL1016,Golden Hub,Comilla,10.84,Pending,
SHP101235,ORD101235,PKG101235,2025-12-19,Sylhet Hub,Sundarban Courier,SEL1042,Smart Bazaar,Rajshahi,10.13,Pending,
SHP101236,ORD101236,PKG101236,2026-06-12,Khulna Hub,eCourier,SEL1029,Modern Emporium,Sylhet,6.46,Completed,5.07
SHP101237,ORD101237,PKG101237,2025-09-28,Sylhet Hub,Sundarban Courier,SEL1021,Horizon Collection,Narayanganj,9.51,Completed,3.61
SHP101238,ORD101238,PKG101238,2026-06-26,Comilla Hub,Pathao Courier,SEL1039,Silver Depot,Dhaka,11.13,Pending,
SHP101239,ORD101239,PKG101239,2025-09-11,Chattogram Hub,Pathao Courier,SEL1035,Riverside Gallery,Mymensingh,0.48,Completed,3.7
SHP101240,ORD101240,PKG101240,2026-05-13,Mymensingh Hub,Pathao Courier,SEL1019,Green Fashion House,Rajshahi,5.06,Completed,3.32
SHP101241,ORD101241,PKG101241,2025-12-29,Sylhet Hub,RedX,SEL1013,Elite Trading,Dhaka,2.61,Completed,1.32
SHP101242,ORD101242,PKG101242,2026-01-11,Barisal Hub,eCourier,SEL1055,Urban Collection,Chattogram,11.96,Completed,1.33
SHP101243,ORD101243,PKG101243,2025-09-07,Khulna Hub,eCourier,SEL1010,Elite Gallery,Sylhet,11.17,Completed,2.69
SHP101244,ORD101244,PKG101244,2026-05-01,Dhaka Hub,Sundarban Courier,SEL1057,Value Hub,Dhaka,9.67,Completed,4.72
SHP101245,ORD101245,PKG101245,2025-10-28,Sylhet Hub,Pathao Courier,SEL1028,Modern Depot,Khulna,3.69,Failed,2.34
SHP101246,ORD101246,PKG101246,2026-04-17,Barisal Hub,Steadfast Courier,SEL1059,Value Store,Dhaka,11.43,Completed,2.6
SHP101247,ORD101247,PKG101247,2026-05-09,Dhaka Hub,Pathao Courier,SEL1021,Horizon Collection,Narayanganj,0.55,Completed,3.39
SHP101248,ORD101248,PKG101248,2026-06-20,Chattogram Hub,Sundarban Courier,SEL1033,Riverside Collection,Sylhet,2.42,Cancelled,
SHP101249,ORD101249,PKG101249,2026-05-03,Barisal Hub,eCourier,SEL1036,Royal Emporium,Comilla,7.48,Failed,1.91
SHP101250,ORD101250,PKG101250,2025-12-14,Barisal Hub,Sundarban Courier,SEL1020,Horizon Bazaar,Dhaka,9.56,Completed,4.08
SHP101251,ORD101251,PKG101251,2026-05-14,Khulna Hub,Pathao Courier,SEL1013,Elite Trading,Dhaka,10.63,Completed,3.31
SHP101252,ORD101252,PKG101252,2026-06-13,Barisal Hub,Pathao Courier,SEL1031,Prime Bazaar,Chattogram,3.75,Completed,0.84
SHP101253,ORD101253,PKG101253,2025-12-19,Mymensingh Hub,RedX,SEL1039,Silver Depot,Dhaka,4.81,Completed,1.97
SHP101254,ORD101254,PKG101254,2025-10-13,Khulna Hub,Pathao Courier,SEL1015,Fresh Trading,Dhaka,5.57,Completed,3.47
SHP101255,ORD101255,PKG101255,2026-07-05,Barisal Hub,RedX,SEL1046,Smart Traders,Comilla,0.52,Completed,1.27
SHP101256,ORD101256,PKG101256,2025-10-22,Dhaka Hub,Sundarban Courier,SEL1038,Royal Outlet,Khulna,10.39,Completed,3.69
SHP101257,ORD101257,PKG101257,2026-03-25,Dhaka Hub,Sundarban Courier,SEL1009,Elite Emporium,Dhaka,4.19,Completed,2.25
SHP101258,ORD101258,PKG101258,2025-11-21,Rajshahi Hub,Pathao Courier,SEL1056,Urban Store,Khulna,2.55,Completed,2.22
SHP101259,ORD101259,PKG101259,2025-10-14,Rajshahi Hub,eCourier,SEL1002,Bengal Hub,Barisal,5.03,Completed,3.6
SHP101260,ORD101260,PKG101260,2026-05-27,Chattogram Hub,Sundarban Courier,SEL1039,Silver Depot,Dhaka,8.58,Completed,4.22
SHP101261,ORD101261,PKG101261,2025-10-20,Rajshahi Hub,eCourier,SEL1026,Metro Outlet,Sylhet,10.48,Completed,2.15
SHP101262,ORD101262,PKG101262,2026-04-20,Dhaka Hub,Sundarban Courier,SEL1039,Silver Depot,Dhaka,2.74,Completed,3.61
SHP101263,ORD101263,PKG101263,2026-04-28,Rangpur Hub,Pathao Courier,SEL1046,Smart Traders,Comilla,2.24,Completed,2.97
SHP101264,ORD101264,PKG101264,2025-09-21,Chattogram Hub,Sundarban Courier,SEL1041,Silver Hub,Chattogram,11.34,Completed,4.35
SHP101265,ORD101265,PKG101265,2025-10-30,Khulna Hub,RedX,SEL1039,Silver Depot,Dhaka,6.7,Completed,1.67
SHP101266,ORD101266,PKG101266,2026-06-02,Narayanganj Hub,Sundarban Courier,SEL1050,Suncity Retail,Chattogram,4.52,Completed,3.03
SHP101267,ORD101267,PKG101267,2026-02-23,Khulna Hub,eCourier,SEL1042,Smart Bazaar,Rajshahi,2.55,Pending,
SHP101268,ORD101268,PKG101268,2025-10-12,Khulna Hub,Steadfast Courier,SEL1048,Suncity Emporium,Dhaka,11.94,Completed,3.39
SHP101269,ORD101269,PKG101269,2026-08-10,Dhaka Hub,eCourier,SEL1024,Metro Bazaar,Dhaka,8.69,Completed,2.63
SHP101270,ORD101270,PKG101270,2025-12-01,Dhaka Hub,RedX,SEL1012,Elite Traders,Dhaka,2.77,Failed,3.55
SHP101271,ORD101271,PKG101271,2025-09-02,Comilla Hub,RedX,SEL1014,Fresh Hub,Khulna,1.28,Completed,3.41
SHP101272,ORD101272,PKG101272,2026-07-17,Mymensingh Hub,RedX,SEL1036,Royal Emporium,Comilla,2.55,Completed,2.95
SHP101273,ORD101273,PKG101273,2025-09-06,Mymensingh Hub,Sundarban Courier,SEL1031,Prime Bazaar,Chattogram,3.12,Completed,4.73
SHP101274,ORD101274,PKG101274,2026-03-11,Narayanganj Hub,eCourier,SEL1004,Classic Mart,Rajshahi,1.51,Completed,3.55
SHP101275,ORD101275,PKG101275,2026-08-10,Dhaka Hub,eCourier,SEL1012,Elite Traders,Dhaka,2.91,Completed,4.13
SHP101276,ORD101276,PKG101276,2026-03-19,Rangpur Hub,Pathao Courier,SEL1058,Value Mart,Comilla,1.58,Completed,4.01
SHP101277,ORD101277,PKG101277,2026-03-22,Dhaka Hub,Steadfast Courier,SEL1043,Smart Emporium,Barisal,4.66,Completed,3.58
SHP101278,ORD101278,PKG101278,2026-01-13,Rajshahi Hub,eCourier,SEL1045,Smart Store,Dhaka,5.94,Completed,2.59
SHP101279,ORD101279,PKG101279,2025-10-14,Barisal Hub,Sundarban Courier,SEL1011,Elite Outlet,Chattogram,5.57,Completed,3.08
SHP101280,ORD101280,PKG101280,2026-03-18,Barisal Hub,Steadfast Courier,SEL1003,Classic Fashion House,Sylhet,9.98,Failed,3.41
SHP101281,ORD101281,PKG101281,2026-07-08,Dhaka Hub,Pathao Courier,SEL1017,Golden Outlet,Khulna,3.2,Completed,3.26
SHP101282,ORD101282,PKG101282,2025-10-02,Comilla Hub,Pathao Courier,SEL1051,Suncity Shop,Mymensingh,10.67,Completed,2.51
SHP101283,ORD101283,PKG101283,2026-07-02,Khulna Hub,Sundarban Courier,SEL1030,Nova Retail,Dhaka,10.92,Failed,3.97
SHP101284,ORD101284,PKG101284,2026-01-22,Comilla Hub,RedX,SEL1047,Suncity Depot,Dhaka,11.53,Completed,3.45
SHP101285,ORD101285,PKG101285,2026-03-05,Sylhet Hub,Sundarban Courier,SEL1029,Modern Emporium,Sylhet,2.34,Failed,3.0
SHP101286,ORD101286,PKG101286,2025-10-28,Chattogram Hub,Steadfast Courier,SEL1029,Modern Emporium,Sylhet,3.1,Failed,4.37
SHP101287,ORD101287,PKG101287,2026-04-04,Comilla Hub,Pathao Courier,SEL1036,Royal Emporium,Comilla,7.56,Completed,2.65
SHP101288,ORD101288,PKG101288,2025-11-03,Mymensingh Hub,Sundarban Courier,SEL1057,Value Hub,Dhaka,1.86,Completed,4.37
SHP101289,ORD101289,PKG101289,2025-12-04,Dhaka Hub,RedX,SEL1026,Metro Outlet,Sylhet,1.21,Completed,2.92
SHP101290,ORD101290,PKG101290,2026-05-08,Sylhet Hub,Pathao Courier,SEL1035,Riverside Gallery,Mymensingh,1.07,Completed,2.43
SHP101291,ORD101291,PKG101291,2025-09-18,Dhaka Hub,eCourier,SEL1055,Urban Collection,Chattogram,7.35,Completed,2.87
SHP101292,ORD101292,PKG101292,2026-02-02,Mymensingh Hub,Sundarban Courier,SEL1022,Horizon Depot,Sylhet,9.7,Completed,2.8
SHP101293,ORD101293,PKG101293,2026-03-25,Sylhet Hub,Steadfast Courier,SEL1050,Suncity Retail,Chattogram,3.25,Completed,0.5
SHP101294,ORD101294,PKG101294,2025-10-16,Dhaka Hub,RedX,SEL1032,Prime Trading,Khulna,11.22,Completed,2.65
SHP101295,ORD101295,PKG101295,2025-12-11,Dhaka Hub,Pathao Courier,SEL1052,Trendy Collection,Rangpur,9.54,Completed,2.97
SHP101296,ORD101296,PKG101296,2025-12-28,Chattogram Hub,Pathao Courier,SEL1028,Modern Depot,Khulna,1.11,Completed,3.3
SHP101297,ORD101297,PKG101297,2026-04-18,Chattogram Hub,Pathao Courier,SEL1037,Royal Gallery,Dhaka,5.01,Completed,3.47
SHP101298,ORD101298,PKG101298,2026-08-04,Narayanganj Hub,Steadfast Courier,SEL1019,Green Fashion House,Rajshahi,1.0,Completed,3.41
SHP101299,ORD101299,PKG101299,2026-06-17,Narayanganj Hub,RedX,SEL1038,Royal Outlet,Khulna,11.0,Completed,1.6
SHP101300,ORD101300,PKG101300,2025-11-05,Sylhet Hub,Sundarban Courier,SEL1019,Green Fashion House,Rajshahi,8.97,Failed,3.13
SHP101301,ORD101301,PKG101301,2025-09-07,Comilla Hub,Pathao Courier,SEL1036,Royal Emporium,Comilla,8.3,Completed,4.26
SHP101302,ORD101302,PKG101302,2025-09-18,Rangpur Hub,Steadfast Courier,SEL1047,Suncity Depot,Dhaka,8.26,Completed,2.55
SHP101303,ORD101303,PKG101303,2026-03-26,Rangpur Hub,Pathao Courier,SEL1026,Metro Outlet,Sylhet,3.57,Failed,4.19
SHP101304,ORD101304,PKG101304,2025-10-25,Dhaka Hub,eCourier,SEL1025,Metro Hub,Sylhet,11.22,Completed,3.99
SHP101305,ORD101305,PKG101305,2025-11-20,Rangpur Hub,eCourier,SEL1019,Green Fashion House,Rajshahi,11.09,Failed,3.22
SHP101306,ORD101306,PKG101306,2026-06-21,Narayanganj Hub,Sundarban Courier,SEL1043,Smart Emporium,Barisal,8.93,Completed,0.98
SHP101307,ORD101307,PKG101307,2026-06-30,Mymensingh Hub,RedX,SEL1035,Riverside Gallery,Mymensingh,5.73,Completed,4.17
SHP101308,ORD101308,PKG101308,2026-06-18,Khulna Hub,Pathao Courier,SEL1030,Nova Retail,Dhaka,0.76,Completed,4.18
SHP101309,ORD101309,PKG101309,2025-11-27,Dhaka Hub,Sundarban Courier,SEL1001,Bengal Emporium,Rangpur,0.53,Completed,3.3
SHP101310,ORD101310,PKG101310,2026-04-03,Chattogram Hub,Steadfast Courier,SEL1006,Delta Store,Rajshahi,1.83,Failed,5.11
SHP101311,ORD101311,PKG101311,2026-03-31,Rajshahi Hub,RedX,SEL1000,Bengal Bazaar,Mymensingh,7.23,Pending,
SHP101312,ORD101312,PKG101312,2025-11-04,Dhaka Hub,eCourier,SEL1051,Suncity Shop,Mymensingh,9.62,Completed,3.52
SHP101313,ORD101313,PKG101313,2026-03-11,Chattogram Hub,RedX,SEL1051,Suncity Shop,Mymensingh,11.39,Pending,
SHP101314,ORD101314,PKG101314,2026-03-01,Barisal Hub,Pathao Courier,SEL1004,Classic Mart,Rajshahi,2.27,Completed,1.07
SHP101315,ORD101315,PKG101315,2026-01-16,Comilla Hub,eCourier,SEL1002,Bengal Hub,Barisal,3.45,Completed,3.42
SHP101316,ORD101316,PKG101316,2026-05-19,Barisal Hub,RedX,SEL1046,Smart Traders,Comilla,0.84,Completed,1.87
SHP101317,ORD101317,PKG101317,2026-04-23,Rajshahi Hub,Pathao Courier,SEL1031,Prime Bazaar,Chattogram,11.87,Completed,1.71
SHP101318,ORD101318,PKG101318,2026-03-04,Dhaka Hub,Sundarban Courier,SEL1018,Golden Store,Chattogram,9.41,Completed,4.26
SHP101319,ORD101319,PKG101319,2026-05-10,Barisal Hub,RedX,SEL1036,Royal Emporium,Comilla,5.87,Completed,1.41
SHP101320,ORD101320,PKG101320,2026-05-23,Mymensingh Hub,eCourier,SEL1014,Fresh Hub,Khulna,6.99,Completed,3.7
SHP101321,ORD101321,PKG101321,2026-03-16,Sylhet Hub,Pathao Courier,SEL1011,Elite Outlet,Chattogram,6.83,Completed,3.17
SHP101322,ORD101322,PKG101322,2025-12-02,Comilla Hub,Steadfast Courier,SEL1022,Horizon Depot,Sylhet,3.2,Failed,2.97
SHP101323,ORD101323,PKG101323,2026-05-21,Chattogram Hub,Sundarban Courier,SEL1053,Trendy Store,Chattogram,2.39,Completed,3.01
SHP101324,ORD101324,PKG101324,2026-05-07,Rajshahi Hub,Pathao Courier,SEL1046,Smart Traders,Comilla,3.7,Cancelled,
SHP101325,ORD101325,PKG101325,2026-08-07,Mymensingh Hub,Pathao Courier,SEL1011,Elite Outlet,Chattogram,3.12,Completed,3.46
SHP101326,ORD101326,PKG101326,2025-10-22,Comilla Hub,eCourier,SEL1033,Riverside Collection,Sylhet,6.78,Failed,3.43
SHP101327,ORD101327,PKG101327,2026-01-24,Sylhet Hub,Sundarban Courier,SEL1053,Trendy Store,Chattogram,3.84,Completed,3.48
SHP101328,ORD101328,PKG101328,2026-07-17,Sylhet Hub,Sundarban Courier,SEL1057,Value Hub,Dhaka,8.8,Completed,3.15
SHP101329,ORD101329,PKG101329,2026-02-26,Narayanganj Hub,Pathao Courier,SEL1045,Smart Store,Dhaka,6.9,Completed,1.64
SHP101330,ORD101330,PKG101330,2026-07-24,Sylhet Hub,RedX,SEL1007,Delta Trading,Dhaka,6.48,Failed,2.52
SHP101331,ORD101331,PKG101331,2025-09-05,Dhaka Hub,eCourier,SEL1014,Fresh Hub,Khulna,11.43,Completed,3.64
SHP101332,ORD101332,PKG101332,2025-09-13,Sylhet Hub,Sundarban Courier,SEL1013,Elite Trading,Dhaka,4.0,Completed,3.18
SHP101333,ORD101333,PKG101333,2026-06-03,Rajshahi Hub,Steadfast Courier,SEL1009,Elite Emporium,Dhaka,7.7,Failed,2.71
SHP101334,ORD101334,PKG101334,2026-01-03,Rangpur Hub,Pathao Courier,SEL1010,Elite Gallery,Sylhet,0.2,Completed,3.15
SHP101335,ORD101335,PKG101335,2026-02-27,Dhaka Hub,Pathao Courier,SEL1018,Golden Store,Chattogram,8.9,Failed,2.91
SHP101336,ORD101336,PKG101336,2026-01-27,Khulna Hub,RedX,SEL1033,Riverside Collection,Sylhet,6.13,Completed,2.57
SHP101337,ORD101337,PKG101337,2026-01-20,Rajshahi Hub,eCourier,SEL1023,Horizon Shop,Rangpur,2.66,Pending,
SHP101338,ORD101338,PKG101338,2026-07-23,Barisal Hub,Pathao Courier,SEL1025,Metro Hub,Sylhet,0.22,Failed,2.39
SHP101339,ORD101339,PKG101339,2025-10-03,Dhaka Hub,RedX,SEL1014,Fresh Hub,Khulna,8.54,Completed,3.07
SHP101340,ORD101340,PKG101340,2026-05-26,Rangpur Hub,Sundarban Courier,SEL1009,Elite Emporium,Dhaka,8.02,Pending,
SHP101341,ORD101341,PKG101341,2026-07-05,Rangpur Hub,RedX,SEL1059,Value Store,Dhaka,8.05,Completed,1.21
SHP101342,ORD101342,PKG101342,2026-04-16,Dhaka Hub,RedX,SEL1035,Riverside Gallery,Mymensingh,5.36,Completed,3.31
SHP101343,ORD101343,PKG101343,2026-01-15,Rangpur Hub,Steadfast Courier,SEL1013,Elite Trading,Dhaka,7.74,Completed,2.6
SHP101344,ORD101344,PKG101344,2025-10-26,Rajshahi Hub,Sundarban Courier,SEL1048,Suncity Emporium,Dhaka,6.94,Completed,4.17
SHP101345,ORD101345,PKG101345,2026-04-25,Sylhet Hub,RedX,SEL1049,Suncity Gallery,Khulna,3.02,Completed,1.08
SHP101346,ORD101346,PKG101346,2026-02-10,Rangpur Hub,RedX,SEL1058,Value Mart,Comilla,6.32,Failed,3.89
SHP101347,ORD101347,PKG101347,2025-10-22,Dhaka Hub,Sundarban Courier,SEL1009,Elite Emporium,Dhaka,6.27,Cancelled,
SHP101348,ORD101348,PKG101348,2026-01-03,Chattogram Hub,Pathao Courier,SEL1038,Royal Outlet,Khulna,9.92,Completed,3.67
SHP101349,ORD101349,PKG101349,2026-07-30,Comilla Hub,Steadfast Courier,SEL1058,Value Mart,Comilla,5.32,Completed,3.17
SHP101350,ORD101350,PKG101350,2025-12-01,Dhaka Hub,Pathao Courier,SEL1048,Suncity Emporium,Dhaka,5.35,Completed,3.16
SHP101351,ORD101351,PKG101351,2025-11-01,Comilla Hub,eCourier,SEL1013,Elite Trading,Dhaka,11.82,Completed,4.81
SHP101352,ORD101352,PKG101352,2026-04-24,Rajshahi Hub,Pathao Courier,SEL1053,Trendy Store,Chattogram,10.75,Pending,
SHP101353,ORD101353,PKG101353,2025-11-09,Dhaka Hub,eCourier,SEL1025,Metro Hub,Sylhet,3.06,Pending,
SHP101354,ORD101354,PKG101354,2026-07-16,Dhaka Hub,Pathao Courier,SEL1029,Modern Emporium,Sylhet,10.94,Completed,3.91
SHP101355,ORD101355,PKG101355,2026-06-25,Dhaka Hub,Steadfast Courier,SEL1033,Riverside Collection,Sylhet,1.83,Completed,2.72
SHP101356,ORD101356,PKG101356,2026-08-07,Rangpur Hub,RedX,SEL1046,Smart Traders,Comilla,10.27,Completed,3.04
SHP101357,ORD101357,PKG101357,2026-07-13,Dhaka Hub,Pathao Courier,SEL1007,Delta Trading,Dhaka,2.36,Completed,3.8
SHP101358,ORD101358,PKG101358,2025-11-24,Khulna Hub,RedX,SEL1032,Prime Trading,Khulna,5.22,Completed,3.03
SHP101359,ORD101359,PKG101359,2025-11-13,Mymensingh Hub,RedX,SEL1049,Suncity Gallery,Khulna,11.81,Completed,2.79
SHP101360,ORD101360,PKG101360,2025-12-28,Comilla Hub,Sundarban Courier,SEL1032,Prime Trading,Khulna,1.35,Failed,4.47
SHP101361,ORD101361,PKG101361,2026-02-10,Mymensingh Hub,Pathao Courier,SEL1016,Golden Hub,Comilla,10.11,Completed,3.47
SHP101362,ORD101362,PKG101362,2026-07-02,Khulna Hub,eCourier,SEL1003,Classic Fashion House,Sylhet,6.04,Failed,3.79
SHP101363,ORD101363,PKG101363,2026-05-12,Dhaka Hub,eCourier,SEL1032,Prime Trading,Khulna,1.51,Completed,2.94
SHP101364,ORD101364,PKG101364,2026-04-11,Chattogram Hub,Sundarban Courier,SEL1042,Smart Bazaar,Rajshahi,11.44,Pending,
SHP101365,ORD101365,PKG101365,2026-07-01,Chattogram Hub,Steadfast Courier,SEL1032,Prime Trading,Khulna,6.68,Cancelled,
SHP101366,ORD101366,PKG101366,2026-04-12,Narayanganj Hub,Pathao Courier,SEL1058,Value Mart,Comilla,10.59,Completed,1.72
SHP101367,ORD101367,PKG101367,2026-01-10,Rangpur Hub,Pathao Courier,SEL1036,Royal Emporium,Comilla,10.46,Completed,3.87
SHP101368,ORD101368,PKG101368,2026-01-21,Chattogram Hub,RedX,SEL1030,Nova Retail,Dhaka,0.37,Completed,2.9
SHP101369,ORD101369,PKG101369,2026-02-26,Chattogram Hub,Pathao Courier,SEL1003,Classic Fashion House,Sylhet,3.33,Completed,2.92
SHP101370,ORD101370,PKG101370,2025-10-01,Dhaka Hub,Pathao Courier,SEL1033,Riverside Collection,Sylhet,4.18,Completed,2.01
SHP101371,ORD101371,PKG101371,2026-05-15,Chattogram Hub,RedX,SEL1010,Elite Gallery,Sylhet,6.51,Completed,3.21
SHP101372,ORD101372,PKG101372,2026-04-14,Dhaka Hub,Sundarban Courier,SEL1043,Smart Emporium,Barisal,1.05,Pending,
SHP101373,ORD101373,PKG101373,2026-05-11,Mymensingh Hub,Pathao Courier,SEL1009,Elite Emporium,Dhaka,4.79,Failed,3.89
SHP101374,ORD101374,PKG101374,2026-03-04,Khulna Hub,eCourier,SEL1054,Trendy Trading,Narayanganj,9.81,Failed,2.57
SHP101375,ORD101375,PKG101375,2026-05-29,Rajshahi Hub,RedX,SEL1018,Golden Store,Chattogram,2.24,Completed,1.22
SHP101376,ORD101376,PKG101376,2026-07-26,Dhaka Hub,eCourier,SEL1026,Metro Outlet,Sylhet,8.48,Cancelled,
SHP101377,ORD101377,PKG101377,2026-03-17,Sylhet Hub,RedX,SEL1008,Elite Depot,Chattogram,5.63,Failed,2.36
SHP101378,ORD101378,PKG101378,2026-02-01,Sylhet Hub,Sundarban Courier,SEL1012,Elite Traders,Dhaka,1.03,Completed,3.6
SHP101379,ORD101379,PKG101379,2025-10-07,Dhaka Hub,Pathao Courier,SEL1055,Urban Collection,Chattogram,2.29,Completed,3.51
SHP101380,ORD101380,PKG101380,2026-05-28,Dhaka Hub,eCourier,SEL1017,Golden Outlet,Khulna,1.86,Completed,2.96
SHP101381,ORD101381,PKG101381,2026-07-10,Rajshahi Hub,Pathao Courier,SEL1030,Nova Retail,Dhaka,7.51,Completed,2.63
SHP101382,ORD101382,PKG101382,2026-05-01,Khulna Hub,Pathao Courier,SEL1058,Value Mart,Comilla,1.23,Completed,1.37
SHP101383,ORD101383,PKG101383,2026-06-27,Rajshahi Hub,eCourier,SEL1037,Royal Gallery,Dhaka,9.91,Completed,4.1
SHP101384,ORD101384,PKG101384,2026-06-25,Comilla Hub,eCourier,SEL1002,Bengal Hub,Barisal,9.72,Failed,4.41
SHP101385,ORD101385,PKG101385,2026-06-04,Narayanganj Hub,RedX,SEL1021,Horizon Collection,Narayanganj,1.14,Completed,2.58
SHP101386,ORD101386,PKG101386,2026-02-21,Mymensingh Hub,Pathao Courier,SEL1023,Horizon Shop,Rangpur,10.68,Completed,2.76
SHP101387,ORD101387,PKG101387,2025-10-05,Dhaka Hub,Pathao Courier,SEL1016,Golden Hub,Comilla,11.52,Completed,2.58
SHP101388,ORD101388,PKG101388,2025-09-02,Chattogram Hub,Sundarban Courier,SEL1014,Fresh Hub,Khulna,0.71,Completed,4.46
SHP101389,ORD101389,PKG101389,2025-11-10,Rangpur Hub,eCourier,SEL1030,Nova Retail,Dhaka,11.41,Completed,4.63
SHP101390,ORD101390,PKG101390,2026-01-28,Comilla Hub,Sundarban Courier,SEL1022,Horizon Depot,Sylhet,3.5,Completed,4.81
SHP101391,ORD101391,PKG101391,2026-05-16,Comilla Hub,Pathao Courier,SEL1017,Golden Outlet,Khulna,8.04,Cancelled,
SHP101392,ORD101392,PKG101392,2026-02-05,Barisal Hub,Pathao Courier,SEL1024,Metro Bazaar,Dhaka,2.26,Completed,2.41
SHP101393,ORD101393,PKG101393,2025-09-09,Mymensingh Hub,RedX,SEL1020,Horizon Bazaar,Dhaka,9.85,Completed,2.56
SHP101394,ORD101394,PKG101394,2025-11-12,Dhaka Hub,RedX,SEL1013,Elite Trading,Dhaka,10.13,Completed,1.71
SHP101395,ORD101395,PKG101395,2026-08-05,Chattogram Hub,Pathao Courier,SEL1027,Modern Corner,Comilla,11.74,Completed,3.4
SHP101396,ORD101396,PKG101396,2026-08-08,Dhaka Hub,Pathao Courier,SEL1056,Urban Store,Khulna,11.91,Completed,2.04
SHP101397,ORD101397,PKG101397,2026-01-09,Chattogram Hub,Pathao Courier,SEL1030,Nova Retail,Dhaka,1.1,Completed,2.26
SHP101398,ORD101398,PKG101398,2026-06-06,Rangpur Hub,Pathao Courier,SEL1035,Riverside Gallery,Mymensingh,7.96,Completed,2.97
SHP101399,ORD101399,PKG101399,2026-05-07,Dhaka Hub,RedX,SEL1059,Value Store,Dhaka,3.42,Completed,2.5
SHP101400,ORD101400,PKG101400,2026-07-20,Rangpur Hub,Pathao Courier,SEL1036,Royal Emporium,Comilla,1.68,Completed,2.24
SHP101401,ORD101401,PKG101401,2026-07-05,Rangpur Hub,RedX,SEL1013,Elite Trading,Dhaka,1.96,Failed,2.5
SHP101402,ORD101402,PKG101402,2026-04-06,Mymensingh Hub,eCourier,SEL1023,Horizon Shop,Rangpur,11.25,Failed,4.22
SHP101403,ORD101403,PKG101403,2026-01-15,Narayanganj Hub,Steadfast Courier,SEL1029,Modern Emporium,Sylhet,8.27,Completed,2.14
SHP101404,ORD101404,PKG101404,2026-04-05,Rangpur Hub,Steadfast Courier,SEL1028,Modern Depot,Khulna,0.8,Completed,3.37
SHP101405,ORD101405,PKG101405,2025-12-20,Barisal Hub,Pathao Courier,SEL1008,Elite Depot,Chattogram,11.81,Completed,1.88
SHP101406,ORD101406,PKG101406,2025-12-30,Rangpur Hub,Pathao Courier,SEL1006,Delta Store,Rajshahi,9.73,Completed,4.16
SHP101407,ORD101407,PKG101407,2026-03-30,Dhaka Hub,Sundarban Courier,SEL1020,Horizon Bazaar,Dhaka,3.85,Completed,4.72
SHP101408,ORD101408,PKG101408,2026-03-17,Barisal Hub,eCourier,SEL1054,Trendy Trading,Narayanganj,5.76,Completed,2.42
SHP101409,ORD101409,PKG101409,2026-03-21,Comilla Hub,Pathao Courier,SEL1043,Smart Emporium,Barisal,8.77,Completed,2.51
SHP101410,ORD101410,PKG101410,2026-01-12,Sylhet Hub,Sundarban Courier,SEL1050,Suncity Retail,Chattogram,8.18,Completed,2.48
SHP101411,ORD101411,PKG101411,2026-01-20,Dhaka Hub,Sundarban Courier,SEL1010,Elite Gallery,Sylhet,5.66,Completed,2.88
SHP101412,ORD101412,PKG101412,2025-09-04,Chattogram Hub,Pathao Courier,SEL1024,Metro Bazaar,Dhaka,6.25,Completed,2.89
SHP101413,ORD101413,PKG101413,2026-03-28,Dhaka Hub,eCourier,SEL1034,Riverside Emporium,Dhaka,0.71,Completed,3.78
SHP101414,ORD101414,PKG101414,2026-03-19,Rajshahi Hub,RedX,SEL1026,Metro Outlet,Sylhet,6.11,Pending,
SHP101415,ORD101415,PKG101415,2026-07-21,Mymensingh Hub,RedX,SEL1025,Metro Hub,Sylhet,4.21,Completed,3.08
SHP101416,ORD101416,PKG101416,2026-02-22,Dhaka Hub,Steadfast Courier,SEL1021,Horizon Collection,Narayanganj,3.56,Completed,3.98
SHP101417,ORD101417,PKG101417,2026-02-09,Sylhet Hub,Pathao Courier,SEL1003,Classic Fashion House,Sylhet,3.38,Completed,2.54
SHP101418,ORD101418,PKG101418,2025-09-24,Barisal Hub,Pathao Courier,SEL1051,Suncity Shop,Mymensingh,7.86,Completed,2.05
SHP101419,ORD101419,PKG101419,2025-11-08,Comilla Hub,Sundarban Courier,SEL1055,Urban Collection,Chattogram,5.27,Completed,4.03
SHP101420,ORD101420,PKG101420,2025-12-26,Dhaka Hub,RedX,SEL1004,Classic Mart,Rajshahi,5.22,Completed,2.54
SHP101421,ORD101421,PKG101421,2026-01-09,Khulna Hub,RedX,SEL1024,Metro Bazaar,Dhaka,2.08,Completed,3.43
SHP101422,ORD101422,PKG101422,2026-01-04,Dhaka Hub,Pathao Courier,SEL1031,Prime Bazaar,Chattogram,11.55,Completed,3.05
SHP101423,ORD101423,PKG101423,2026-01-15,Chattogram Hub,Steadfast Courier,SEL1047,Suncity Depot,Dhaka,2.84,Completed,3.65
SHP101424,ORD101424,PKG101424,2026-05-25,Chattogram Hub,Sundarban Courier,SEL1059,Value Store,Dhaka,4.99,Completed,3.71
SHP101425,ORD101425,PKG101425,2025-10-16,Dhaka Hub,Sundarban Courier,SEL1024,Metro Bazaar,Dhaka,2.44,Completed,4.12
SHP101426,ORD101426,PKG101426,2025-12-24,Dhaka Hub,RedX,SEL1044,Smart Mart,Rangpur,8.5,Pending,
SHP101427,ORD101427,PKG101427,2025-10-27,Chattogram Hub,Steadfast Courier,SEL1056,Urban Store,Khulna,5.35,Completed,2.72
SHP101428,ORD101428,PKG101428,2025-12-16,Dhaka Hub,RedX,SEL1049,Suncity Gallery,Khulna,5.08,Pending,
SHP101429,ORD101429,PKG101429,2026-04-25,Comilla Hub,Steadfast Courier,SEL1017,Golden Outlet,Khulna,10.53,Completed,3.66
SHP101430,ORD101430,PKG101430,2025-09-17,Narayanganj Hub,Pathao Courier,SEL1049,Suncity Gallery,Khulna,9.16,Completed,1.88
SHP101431,ORD101431,PKG101431,2025-12-27,Mymensingh Hub,RedX,SEL1024,Metro Bazaar,Dhaka,6.33,Completed,4.47
SHP101432,ORD101432,PKG101432,2025-09-09,Dhaka Hub,eCourier,SEL1001,Bengal Emporium,Rangpur,5.73,Pending,
SHP101433,ORD101433,PKG101433,2026-07-28,Chattogram Hub,RedX,SEL1045,Smart Store,Dhaka,11.53,Completed,2.37
SHP101434,ORD101434,PKG101434,2026-05-10,Sylhet Hub,Sundarban Courier,SEL1050,Suncity Retail,Chattogram,11.49,Completed,2.7
SHP101435,ORD101435,PKG101435,2025-11-24,Chattogram Hub,Steadfast Courier,SEL1020,Horizon Bazaar,Dhaka,8.52,Completed,4.51
SHP101436,ORD101436,PKG101436,2025-11-08,Rangpur Hub,Pathao Courier,SEL1027,Modern Corner,Comilla,9.17,Completed,2.89
SHP101437,ORD101437,PKG101437,2025-10-05,Barisal Hub,Sundarban Courier,SEL1021,Horizon Collection,Narayanganj,10.81,Completed,3.19
SHP101438,ORD101438,PKG101438,2026-02-11,Dhaka Hub,Steadfast Courier,SEL1007,Delta Trading,Dhaka,11.58,Completed,2.7
SHP101439,ORD101439,PKG101439,2026-05-19,Dhaka Hub,Steadfast Courier,SEL1059,Value Store,Dhaka,1.17,Completed,2.06
SHP101440,ORD101440,PKG101440,2026-03-22,Rajshahi Hub,Steadfast Courier,SEL1001,Bengal Emporium,Rangpur,11.97,Completed,3.31
SHP101441,ORD101441,PKG101441,2026-07-02,Mymensingh Hub,Steadfast Courier,SEL1033,Riverside Collection,Sylhet,8.5,Completed,3.53
SHP101442,ORD101442,PKG101442,2025-12-28,Rajshahi Hub,Pathao Courier,SEL1000,Bengal Bazaar,Mymensingh,7.19,Completed,4.35
SHP101443,ORD101443,PKG101443,2025-12-06,Dhaka Hub,Steadfast Courier,SEL1041,Silver Hub,Chattogram,5.08,Completed,3.81
SHP101444,ORD101444,PKG101444,2026-02-13,Khulna Hub,Sundarban Courier,SEL1054,Trendy Trading,Narayanganj,4.17,Completed,3.18
SHP101445,ORD101445,PKG101445,2025-11-09,Khulna Hub,RedX,SEL1038,Royal Outlet,Khulna,9.69,Completed,3.25
SHP101446,ORD101446,PKG101446,2026-08-04,Rangpur Hub,Sundarban Courier,SEL1036,Royal Emporium,Comilla,7.92,Completed,3.88
SHP101447,ORD101447,PKG101447,2025-11-04,Sylhet Hub,eCourier,SEL1049,Suncity Gallery,Khulna,2.57,Failed,2.88
SHP101448,ORD101448,PKG101448,2026-02-13,Barisal Hub,RedX,SEL1058,Value Mart,Comilla,7.4,Completed,1.39
SHP101449,ORD101449,PKG101449,2026-02-28,Dhaka Hub,eCourier,SEL1051,Suncity Shop,Mymensingh,1.87,Completed,3.53
SHP101450,ORD101450,PKG101450,2025-09-20,Dhaka Hub,Pathao Courier,SEL1013,Elite Trading,Dhaka,6.06,Completed,3.58
SHP101451,ORD101451,PKG101451,2026-02-10,Rangpur Hub,Pathao Courier,SEL1033,Riverside Collection,Sylhet,7.08,Completed,3.52
SHP101452,ORD101452,PKG101452,2026-02-05,Narayanganj Hub,Sundarban Courier,SEL1049,Suncity Gallery,Khulna,7.7,Completed,3.52
SHP101453,ORD101453,PKG101453,2025-11-29,Narayanganj Hub,Pathao Courier,SEL1017,Golden Outlet,Khulna,1.91,Completed,4.25
SHP101454,ORD101454,PKG101454,2025-10-15,Rangpur Hub,RedX,SEL1040,Silver Emporium,Barisal,1.33,Completed,2.46
SHP101455,ORD101455,PKG101455,2025-09-16,Rajshahi Hub,Sundarban Courier,SEL1001,Bengal Emporium,Rangpur,3.25,Completed,4.65
SHP101456,ORD101456,PKG101456,2025-09-03,Chattogram Hub,RedX,SEL1052,Trendy Collection,Rangpur,7.36,Pending,
SHP101457,ORD101457,PKG101457,2026-02-14,Comilla Hub,Pathao Courier,SEL1036,Royal Emporium,Comilla,11.19,Completed,2.81
SHP101458,ORD101458,PKG101458,2025-10-02,Sylhet Hub,Pathao Courier,SEL1044,Smart Mart,Rangpur,9.39,Completed,2.15
SHP101459,ORD101459,PKG101459,2026-07-29,Barisal Hub,RedX,SEL1049,Suncity Gallery,Khulna,9.0,Completed,2.52
SHP101460,ORD101460,PKG101460,2025-11-24,Khulna Hub,Sundarban Courier,SEL1013,Elite Trading,Dhaka,4.1,Pending,
SHP101461,ORD101461,PKG101461,2026-04-14,Comilla Hub,Pathao Courier,SEL1027,Modern Corner,Comilla,1.52,Completed,1.71
SHP101462,ORD101462,PKG101462,2026-04-22,Barisal Hub,Pathao Courier,SEL1051,Suncity Shop,Mymensingh,10.72,Completed,2.59
SHP101463,ORD101463,PKG101463,2026-02-19,Chattogram Hub,Pathao Courier,SEL1009,Elite Emporium,Dhaka,6.11,Completed,3.61
SHP101464,ORD101464,PKG101464,2026-07-03,Comilla Hub,RedX,SEL1049,Suncity Gallery,Khulna,1.39,Completed,2.55
SHP101465,ORD101465,PKG101465,2025-10-09,Dhaka Hub,Pathao Courier,SEL1017,Golden Outlet,Khulna,6.51,Completed,1.96
SHP101466,ORD101466,PKG101466,2025-11-20,Dhaka Hub,Sundarban Courier,SEL1034,Riverside Emporium,Dhaka,8.17,Failed,4.07
SHP101467,ORD101467,PKG101467,2025-11-27,Chattogram Hub,RedX,SEL1030,Nova Retail,Dhaka,3.97,Completed,4.16
SHP101468,ORD101468,PKG101468,2025-10-17,Chattogram Hub,RedX,SEL1041,Silver Hub,Chattogram,0.31,Completed,2.63
SHP101469,ORD101469,PKG101469,2025-12-11,Mymensingh Hub,RedX,SEL1050,Suncity Retail,Chattogram,7.53,Completed,3.4
SHP101470,ORD101470,PKG101470,2025-12-18,Sylhet Hub,Pathao Courier,SEL1020,Horizon Bazaar,Dhaka,0.67,Completed,3.71
SHP101471,ORD101471,PKG101471,2026-05-23,Mymensingh Hub,Steadfast Courier,SEL1010,Elite Gallery,Sylhet,5.31,Completed,4.43
SHP101472,ORD101472,PKG101472,2025-12-14,Chattogram Hub,Sundarban Courier,SEL1025,Metro Hub,Sylhet,9.93,Failed,4.6
SHP101473,ORD101473,PKG101473,2026-07-01,Chattogram Hub,Sundarban Courier,SEL1036,Royal Emporium,Comilla,11.99,Failed,4.53
SHP101474,ORD101474,PKG101474,2026-05-26,Rangpur Hub,Steadfast Courier,SEL1045,Smart Store,Dhaka,4.57,Pending,
SHP101475,ORD101475,PKG101475,2026-07-09,Dhaka Hub,RedX,SEL1045,Smart Store,Dhaka,0.44,Completed,2.74
SHP101476,ORD101476,PKG101476,2025-10-07,Dhaka Hub,RedX,SEL1020,Horizon Bazaar,Dhaka,6.02,Completed,2.4
SHP101477,ORD101477,PKG101477,2026-08-07,Dhaka Hub,Steadfast Courier,SEL1056,Urban Store,Khulna,3.46,Completed,2.97
SHP101478,ORD101478,PKG101478,2026-04-01,Dhaka Hub,Pathao Courier,SEL1004,Classic Mart,Rajshahi,10.73,Completed,2.76
SHP101479,ORD101479,PKG101479,2026-08-06,Rajshahi Hub,eCourier,SEL1007,Delta Trading,Dhaka,8.6,Failed,1.85
SHP101480,ORD101480,PKG101480,2026-01-01,Dhaka Hub,RedX,SEL1001,Bengal Emporium,Rangpur,4.97,Completed,2.59
SHP101481,ORD101481,PKG101481,2026-07-27,Rajshahi Hub,Sundarban Courier,SEL1055,Urban Collection,Chattogram,9.19,Completed,5.3
SHP101482,ORD101482,PKG101482,2026-03-23,Rangpur Hub,Pathao Courier,SEL1010,Elite Gallery,Sylhet,4.23,Completed,2.0
SHP101483,ORD101483,PKG101483,2025-09-25,Rangpur Hub,Pathao Courier,SEL1036,Royal Emporium,Comilla,6.36,Completed,4.05
SHP101484,ORD101484,PKG101484,2026-01-20,Rajshahi Hub,Steadfast Courier,SEL1048,Suncity Emporium,Dhaka,11.09,Completed,3.59
SHP101485,ORD101485,PKG101485,2025-10-18,Sylhet Hub,Pathao Courier,SEL1046,Smart Traders,Comilla,2.56,Completed,2.64
SHP101486,ORD101486,PKG101486,2026-07-23,Narayanganj Hub,Pathao Courier,SEL1056,Urban Store,Khulna,3.89,Completed,1.73
SHP101487,ORD101487,PKG101487,2025-12-15,Dhaka Hub,RedX,SEL1003,Classic Fashion House,Sylhet,10.65,Completed,3.37
SHP101488,ORD101488,PKG101488,2025-11-16,Rangpur Hub,eCourier,SEL1024,Metro Bazaar,Dhaka,5.65,Completed,4.77
SHP101489,ORD101489,PKG101489,2026-03-11,Chattogram Hub,Pathao Courier,SEL1030,Nova Retail,Dhaka,3.95,Completed,4.26
SHP101490,ORD101490,PKG101490,2026-01-26,Mymensingh Hub,eCourier,SEL1041,Silver Hub,Chattogram,0.64,Completed,4.19
SHP101491,ORD101491,PKG101491,2025-10-04,Rajshahi Hub,RedX,SEL1037,Royal Gallery,Dhaka,5.14,Completed,2.48
SHP101492,ORD101492,PKG101492,2026-06-10,Dhaka Hub,eCourier,SEL1033,Riverside Collection,Sylhet,6.11,Completed,2.93
SHP101493,ORD101493,PKG101493,2026-06-20,Mymensingh Hub,Pathao Courier,SEL1018,Golden Store,Chattogram,4.99,Completed,3.53
SHP101494,ORD101494,PKG101494,2026-05-16,Dhaka Hub,Pathao Courier,SEL1006,Delta Store,Rajshahi,3.47,Completed,3.29
SHP101495,ORD101495,PKG101495,2026-04-02,Mymensingh Hub,RedX,SEL1025,Metro Hub,Sylhet,4.56,Completed,3.3
SHP101496,ORD101496,PKG101496,2026-01-18,Khulna Hub,Pathao Courier,SEL1015,Fresh Trading,Dhaka,7.78,Completed,2.96
SHP101497,ORD101497,PKG101497,2026-03-07,Dhaka Hub,RedX,SEL1033,Riverside Collection,Sylhet,10.72,Pending,
SHP101498,ORD101498,PKG101498,2026-02-28,Rajshahi Hub,Pathao Courier,SEL1047,Suncity Depot,Dhaka,7.87,Completed,3.9
SHP101499,ORD101499,PKG101499,2025-10-28,Khulna Hub,eCourier,SEL1033,Riverside Collection,Sylhet,7.82,Completed,3.63
SHP101500,ORD101500,PKG101500,2025-09-29,Chattogram Hub,Steadfast Courier,SEL1034,Riverside Emporium,Dhaka,9.84,Completed,4.05
SHP101501,ORD101501,PKG101501,2025-11-27,Mymensingh Hub,eCourier,SEL1002,Bengal Hub,Barisal,2.15,Failed,2.35
SHP101502,ORD101502,PKG101502,2026-02-05,Dhaka Hub,Steadfast Courier,SEL1038,Royal Outlet,Khulna,3.75,Completed,3.9
SHP101503,ORD101503,PKG101503,2025-10-26,Dhaka Hub,Steadfast Courier,SEL1026,Metro Outlet,Sylhet,0.8,Completed,3.64
SHP101504,ORD101504,PKG101504,2025-10-07,Dhaka Hub,Sundarban Courier,SEL1007,Delta Trading,Dhaka,4.33,Completed,4.24
SHP101505,ORD101505,PKG101505,2026-06-22,Mymensingh Hub,Sundarban Courier,SEL1012,Elite Traders,Dhaka,11.99,Completed,5.01
SHP101506,ORD101506,PKG101506,2026-01-08,Dhaka Hub,Steadfast Courier,SEL1046,Smart Traders,Comilla,4.09,Pending,
SHP101507,ORD101507,PKG101507,2026-03-22,Rangpur Hub,Steadfast Courier,SEL1055,Urban Collection,Chattogram,10.35,Completed,3.15
SHP101508,ORD101508,PKG101508,2026-03-01,Rangpur Hub,Steadfast Courier,SEL1030,Nova Retail,Dhaka,1.21,Completed,4.58
SHP101509,ORD101509,PKG101509,2026-05-13,Rajshahi Hub,eCourier,SEL1058,Value Mart,Comilla,5.62,Pending,
SHP101510,ORD101510,PKG101510,2026-05-14,Sylhet Hub,Pathao Courier,SEL1010,Elite Gallery,Sylhet,4.35,Completed,1.29
SHP101511,ORD101511,PKG101511,2025-12-12,Chattogram Hub,Steadfast Courier,SEL1017,Golden Outlet,Khulna,2.58,Completed,2.87
SHP101512,ORD101512,PKG101512,2026-06-21,Dhaka Hub,Steadfast Courier,SEL1055,Urban Collection,Chattogram,4.6,Completed,3.1
SHP101513,ORD101513,PKG101513,2026-01-07,Barisal Hub,RedX,SEL1010,Elite Gallery,Sylhet,7.89,Completed,3.08
SHP101514,ORD101514,PKG101514,2026-06-16,Sylhet Hub,eCourier,SEL1039,Silver Depot,Dhaka,5.99,Pending,
SHP101515,ORD101515,PKG101515,2026-01-19,Dhaka Hub,RedX,SEL1013,Elite Trading,Dhaka,10.16,Completed,3.51
SHP101516,ORD101516,PKG101516,2025-10-09,Chattogram Hub,Steadfast Courier,SEL1019,Green Fashion House,Rajshahi,10.88,Pending,
SHP101517,ORD101517,PKG101517,2026-05-21,Dhaka Hub,Pathao Courier,SEL1028,Modern Depot,Khulna,5.89,Completed,2.32
SHP101518,ORD101518,PKG101518,2025-09-11,Dhaka Hub,Steadfast Courier,SEL1021,Horizon Collection,Narayanganj,11.78,Completed,2.75
SHP101519,ORD101519,PKG101519,2026-05-26,Sylhet Hub,Pathao Courier,SEL1052,Trendy Collection,Rangpur,1.05,Completed,3.35
SHP101520,ORD101520,PKG101520,2025-09-15,Narayanganj Hub,Sundarban Courier,SEL1058,Value Mart,Comilla,3.46,Completed,2.93
SHP101521,ORD101521,PKG101521,2025-11-11,Narayanganj Hub,Pathao Courier,SEL1030,Nova Retail,Dhaka,5.12,Completed,2.1
SHP101522,ORD101522,PKG101522,2026-03-28,Dhaka Hub,Sundarban Courier,SEL1031,Prime Bazaar,Chattogram,7.08,Completed,3.99
SHP101523,ORD101523,PKG101523,2026-07-23,Khulna Hub,Pathao Courier,SEL1003,Classic Fashion House,Sylhet,6.64,Completed,2.85
SHP101524,ORD101524,PKG101524,2026-01-20,Chattogram Hub,Steadfast Courier,SEL1014,Fresh Hub,Khulna,6.9,Completed,5.3
SHP101525,ORD101525,PKG101525,2025-10-12,Rajshahi Hub,RedX,SEL1002,Bengal Hub,Barisal,10.78,Completed,3.84
SHP101526,ORD101526,PKG101526,2025-11-20,Dhaka Hub,Steadfast Courier,SEL1051,Suncity Shop,Mymensingh,3.48,Completed,4.01
SHP101527,ORD101527,PKG101527,2026-07-08,Khulna Hub,Pathao Courier,SEL1013,Elite Trading,Dhaka,9.84,Failed,3.72
SHP101528,ORD101528,PKG101528,2026-05-10,Sylhet Hub,Pathao Courier,SEL1020,Horizon Bazaar,Dhaka,6.78,Completed,1.87
SHP101529,ORD101529,PKG101529,2025-10-05,Khulna Hub,eCourier,SEL1050,Suncity Retail,Chattogram,5.99,Completed,3.83
SHP101530,ORD101530,PKG101530,2026-01-12,Dhaka Hub,eCourier,SEL1042,Smart Bazaar,Rajshahi,3.73,Completed,1.98
SHP101531,ORD101531,PKG101531,2025-12-01,Rajshahi Hub,RedX,SEL1037,Royal Gallery,Dhaka,3.79,Completed,2.17
SHP101532,ORD101532,PKG101532,2025-11-01,Chattogram Hub,eCourier,SEL1002,Bengal Hub,Barisal,4.78,Completed,3.01
SHP101533,ORD101533,PKG101533,2026-06-20,Khulna Hub,eCourier,SEL1033,Riverside Collection,Sylhet,9.21,Completed,3.85
SHP101534,ORD101534,PKG101534,2026-04-02,Mymensingh Hub,RedX,SEL1033,Riverside Collection,Sylhet,5.83,Completed,3.2
SHP101535,ORD101535,PKG101535,2025-11-02,Dhaka Hub,Steadfast Courier,SEL1019,Green Fashion House,Rajshahi,2.02,Completed,3.76
SHP101536,ORD101536,PKG101536,2026-04-14,Chattogram Hub,eCourier,SEL1044,Smart Mart,Rangpur,9.17,Pending,
SHP101537,ORD101537,PKG101537,2026-01-22,Khulna Hub,RedX,SEL1055,Urban Collection,Chattogram,8.03,Completed,3.64
SHP101538,ORD101538,PKG101538,2025-09-22,Chattogram Hub,Sundarban Courier,SEL1015,Fresh Trading,Dhaka,11.4,Completed,4.13
SHP101539,ORD101539,PKG101539,2026-02-03,Sylhet Hub,Pathao Courier,SEL1019,Green Fashion House,Rajshahi,6.45,Completed,0.97
SHP101540,ORD101540,PKG101540,2025-11-04,Barisal Hub,Pathao Courier,SEL1019,Green Fashion House,Rajshahi,7.92,Completed,3.44
SHP101541,ORD101541,PKG101541,2025-11-24,Rajshahi Hub,eCourier,SEL1050,Suncity Retail,Chattogram,5.86,Completed,2.66
SHP101542,ORD101542,PKG101542,2026-07-02,Sylhet Hub,eCourier,SEL1004,Classic Mart,Rajshahi,8.23,Completed,2.56
SHP101543,ORD101543,PKG101543,2026-05-04,Dhaka Hub,Sundarban Courier,SEL1053,Trendy Store,Chattogram,5.35,Completed,4.61
SHP101544,ORD101544,PKG101544,2025-10-17,Dhaka Hub,RedX,SEL1046,Smart Traders,Comilla,1.83,Completed,2.55
SHP101545,ORD101545,PKG101545,2026-06-22,Rangpur Hub,Pathao Courier,SEL1029,Modern Emporium,Sylhet,11.84,Pending,
SHP101546,ORD101546,PKG101546,2026-03-18,Sylhet Hub,Pathao Courier,SEL1035,Riverside Gallery,Mymensingh,8.7,Completed,3.71
SHP101547,ORD101547,PKG101547,2026-06-30,Chattogram Hub,Steadfast Courier,SEL1053,Trendy Store,Chattogram,7.38,Completed,3.52
SHP101548,ORD101548,PKG101548,2026-05-17,Barisal Hub,Sundarban Courier,SEL1046,Smart Traders,Comilla,5.88,Completed,4.04
SHP101549,ORD101549,PKG101549,2025-12-27,Khulna Hub,Pathao Courier,SEL1016,Golden Hub,Comilla,8.59,Completed,3.27
SHP101550,ORD101550,PKG101550,2026-03-05,Sylhet Hub,Sundarban Courier,SEL1003,Classic Fashion House,Sylhet,1.7,Completed,3.66
SHP101551,ORD101551,PKG101551,2026-03-03,Dhaka Hub,Sundarban Courier,SEL1039,Silver Depot,Dhaka,4.05,Failed,4.55
SHP101552,ORD101552,PKG101552,2026-05-08,Comilla Hub,eCourier,SEL1008,Elite Depot,Chattogram,1.67,Completed,3.39
SHP101553,ORD101553,PKG101553,2025-11-25,Mymensingh Hub,Steadfast Courier,SEL1005,Delta Corner,Khulna,1.69,Completed,4.26
SHP101554,ORD101554,PKG101554,2025-12-25,Mymensingh Hub,RedX,SEL1058,Value Mart,Comilla,0.45,Completed,4.66
SHP101555,ORD101555,PKG101555,2025-11-24,Dhaka Hub,RedX,SEL1028,Modern Depot,Khulna,9.12,Completed,3.68
SHP101556,ORD101556,PKG101556,2025-12-12,Khulna Hub,Sundarban Courier,SEL1039,Silver Depot,Dhaka,2.88,Failed,4.81
SHP101557,ORD101557,PKG101557,2025-10-26,Narayanganj Hub,RedX,SEL1013,Elite Trading,Dhaka,10.02,Completed,2.51
SHP101558,ORD101558,PKG101558,2025-09-13,Comilla Hub,Sundarban Courier,SEL1006,Delta Store,Rajshahi,10.87,Failed,4.12
SHP101559,ORD101559,PKG101559,2026-07-23,Dhaka Hub,Pathao Courier,SEL1003,Classic Fashion House,Sylhet,2.19,Completed,2.32
SHP101560,ORD101560,PKG101560,2025-09-26,Dhaka Hub,Steadfast Courier,SEL1021,Horizon Collection,Narayanganj,8.56,Completed,4.35
SHP101561,ORD101561,PKG101561,2026-07-05,Khulna Hub,Sundarban Courier,SEL1000,Bengal Bazaar,Mymensingh,5.63,Completed,3.61
SHP101562,ORD101562,PKG101562,2025-09-02,Dhaka Hub,Sundarban Courier,SEL1025,Metro Hub,Sylhet,11.04,Completed,3.53
SHP101563,ORD101563,PKG101563,2026-05-27,Dhaka Hub,Pathao Courier,SEL1019,Green Fashion House,Rajshahi,5.92,Completed,2.93
SHP101564,ORD101564,PKG101564,2025-12-23,Sylhet Hub,eCourier,SEL1031,Prime Bazaar,Chattogram,4.67,Completed,1.57
SHP101565,ORD101565,PKG101565,2026-02-27,Dhaka Hub,Pathao Courier,SEL1035,Riverside Gallery,Mymensingh,3.68,Cancelled,
SHP101566,ORD101566,PKG101566,2025-12-07,Rajshahi Hub,Sundarban Courier,SEL1018,Golden Store,Chattogram,10.86,Completed,2.94
SHP101567,ORD101567,PKG101567,2026-02-17,Chattogram Hub,eCourier,SEL1027,Modern Corner,Comilla,2.87,Pending,
SHP101568,ORD101568,PKG101568,2026-02-04,Dhaka Hub,Sundarban Courier,SEL1004,Classic Mart,Rajshahi,9.97,Completed,2.99
SHP101569,ORD101569,PKG101569,2026-03-03,Mymensingh Hub,Steadfast Courier,SEL1018,Golden Store,Chattogram,2.49,Completed,3.82
SHP101570,ORD101570,PKG101570,2026-01-15,Khulna Hub,Pathao Courier,SEL1058,Value Mart,Comilla,7.79,Cancelled,
SHP101571,ORD101571,PKG101571,2026-03-05,Comilla Hub,eCourier,SEL1059,Value Store,Dhaka,5.52,Completed,3.61
SHP101572,ORD101572,PKG101572,2026-06-13,Dhaka Hub,Steadfast Courier,SEL1029,Modern Emporium,Sylhet,1.43,Completed,2.46
SHP101573,ORD101573,PKG101573,2026-01-29,Khulna Hub,RedX,SEL1056,Urban Store,Khulna,1.69,Completed,2.39
SHP101574,ORD101574,PKG101574,2026-01-04,Sylhet Hub,RedX,SEL1030,Nova Retail,Dhaka,3.52,Completed,2.35
SHP101575,ORD101575,PKG101575,2025-10-16,Comilla Hub,Sundarban Courier,SEL1007,Delta Trading,Dhaka,9.25,Completed,4.99
SHP101576,ORD101576,PKG101576,2026-01-03,Dhaka Hub,eCourier,SEL1052,Trendy Collection,Rangpur,8.8,Completed,4.06
SHP101577,ORD101577,PKG101577,2025-10-14,Khulna Hub,Steadfast Courier,SEL1024,Metro Bazaar,Dhaka,2.62,Completed,3.51
SHP101578,ORD101578,PKG101578,2025-11-03,Dhaka Hub,eCourier,SEL1036,Royal Emporium,Comilla,5.82,Cancelled,
SHP101579,ORD101579,PKG101579,2026-07-27,Mymensingh Hub,Steadfast Courier,SEL1038,Royal Outlet,Khulna,1.34,Completed,3.47
SHP101580,ORD101580,PKG101580,2025-10-01,Chattogram Hub,RedX,SEL1018,Golden Store,Chattogram,8.65,Completed,2.51
SHP101581,ORD101581,PKG101581,2026-02-14,Sylhet Hub,RedX,SEL1044,Smart Mart,Rangpur,9.56,Pending,
SHP101582,ORD101582,PKG101582,2026-06-16,Barisal Hub,Sundarban Courier,SEL1030,Nova Retail,Dhaka,10.74,Failed,3.63
SHP101583,ORD101583,PKG101583,2026-07-27,Dhaka Hub,eCourier,SEL1021,Horizon Collection,Narayanganj,10.65,Completed,3.88
SHP101584,ORD101584,PKG101584,2025-10-21,Dhaka Hub,Steadfast Courier,SEL1017,Golden Outlet,Khulna,4.19,Completed,3.99
SHP101585,ORD101585,PKG101585,2025-10-27,Sylhet Hub,RedX,SEL1044,Smart Mart,Rangpur,3.2,Completed,2.05
SHP101586,ORD101586,PKG101586,2026-01-07,Chattogram Hub,Pathao Courier,SEL1014,Fresh Hub,Khulna,10.78,Completed,3.63
SHP101587,ORD101587,PKG101587,2026-03-11,Chattogram Hub,RedX,SEL1007,Delta Trading,Dhaka,1.92,Failed,3.19
SHP101588,ORD101588,PKG101588,2026-07-30,Dhaka Hub,eCourier,SEL1052,Trendy Collection,Rangpur,0.9,Completed,2.79
SHP101589,ORD101589,PKG101589,2025-11-11,Rangpur Hub,Steadfast Courier,SEL1019,Green Fashion House,Rajshahi,3.91,Completed,3.38
SHP101590,ORD101590,PKG101590,2025-10-27,Barisal Hub,Pathao Courier,SEL1038,Royal Outlet,Khulna,9.17,Pending,
SHP101591,ORD101591,PKG101591,2025-11-27,Barisal Hub,Pathao Courier,SEL1042,Smart Bazaar,Rajshahi,8.39,Completed,1.75
SHP101592,ORD101592,PKG101592,2026-06-30,Chattogram Hub,Sundarban Courier,SEL1050,Suncity Retail,Chattogram,11.85,Completed,5.1
SHP101593,ORD101593,PKG101593,2025-09-11,Sylhet Hub,Pathao Courier,SEL1037,Royal Gallery,Dhaka,4.44,Cancelled,
SHP101594,ORD101594,PKG101594,2026-01-10,Rajshahi Hub,Steadfast Courier,SEL1042,Smart Bazaar,Rajshahi,3.45,Completed,3.85
SHP101595,ORD101595,PKG101595,2025-10-12,Narayanganj Hub,Sundarban Courier,SEL1050,Suncity Retail,Chattogram,4.66,Completed,2.23
SHP101596,ORD101596,PKG101596,2025-10-25,Chattogram Hub,RedX,SEL1056,Urban Store,Khulna,9.43,Completed,3.05
SHP101597,ORD101597,PKG101597,2026-07-15,Rangpur Hub,Pathao Courier,SEL1002,Bengal Hub,Barisal,2.73,Completed,1.79
SHP101598,ORD101598,PKG101598,2025-09-01,Rajshahi Hub,Sundarban Courier,SEL1044,Smart Mart,Rangpur,11.38,Completed,2.78
SHP101599,ORD101599,PKG101599,2025-12-21,Rajshahi Hub,Steadfast Courier,SEL1010,Elite Gallery,Sylhet,6.25,Completed,3.35
SHP101600,ORD101600,PKG101600,2026-07-14,Dhaka Hub,Sundarban Courier,SEL1053,Trendy Store,Chattogram,9.44,Completed,4.44
SHP101601,ORD101601,PKG101601,2026-03-30,Rangpur Hub,Pathao Courier,SEL1002,Bengal Hub,Barisal,9.96,Failed,3.52
SHP101602,ORD101602,PKG101602,2025-09-25,Chattogram Hub,Pathao Courier,SEL1014,Fresh Hub,Khulna,5.85,Completed,4.44
SHP101603,ORD101603,PKG101603,2026-02-08,Chattogram Hub,Steadfast Courier,SEL1011,Elite Outlet,Chattogram,8.95,Completed,4.3
SHP101604,ORD101604,PKG101604,2026-08-02,Sylhet Hub,Steadfast Courier,SEL1036,Royal Emporium,Comilla,4.5,Completed,2.52
SHP101605,ORD101605,PKG101605,2026-01-17,Mymensingh Hub,Pathao Courier,SEL1000,Bengal Bazaar,Mymensingh,9.77,Completed,3.94
SHP101606,ORD101606,PKG101606,2026-03-02,Rajshahi Hub,RedX,SEL1001,Bengal Emporium,Rangpur,9.92,Completed,1.96
SHP101607,ORD101607,PKG101607,2026-03-04,Dhaka Hub,Pathao Courier,SEL1030,Nova Retail,Dhaka,6.88,Completed,1.78
SHP101608,ORD101608,PKG101608,2026-04-17,Dhaka Hub,RedX,SEL1058,Value Mart,Comilla,2.77,Pending,
SHP101609,ORD101609,PKG101609,2025-11-04,Barisal Hub,Pathao Courier,SEL1031,Prime Bazaar,Chattogram,11.65,Completed,1.9
SHP101610,ORD101610,PKG101610,2026-06-18,Mymensingh Hub,eCourier,SEL1026,Metro Outlet,Sylhet,11.37,Completed,4.12
SHP101611,ORD101611,PKG101611,2026-08-09,Khulna Hub,Steadfast Courier,SEL1039,Silver Depot,Dhaka,7.51,Completed,2.8
SHP101612,ORD101612,PKG101612,2025-10-20,Rajshahi Hub,Pathao Courier,SEL1033,Riverside Collection,Sylhet,11.81,Failed,2.21
SHP101613,ORD101613,PKG101613,2026-06-11,Chattogram Hub,Sundarban Courier,SEL1023,Horizon Shop,Rangpur,6.13,Failed,5.24
SHP101614,ORD101614,PKG101614,2026-06-10,Dhaka Hub,Pathao Courier,SEL1035,Riverside Gallery,Mymensingh,4.63,Cancelled,
SHP101615,ORD101615,PKG101615,2026-05-15,Sylhet Hub,Sundarban Courier,SEL1000,Bengal Bazaar,Mymensingh,5.63,Completed,2.9
SHP101616,ORD101616,PKG101616,2026-01-07,Khulna Hub,Pathao Courier,SEL1014,Fresh Hub,Khulna,0.74,Completed,2.6
SHP101617,ORD101617,PKG101617,2026-02-10,Khulna Hub,Pathao Courier,SEL1040,Silver Emporium,Barisal,6.68,Completed,1.85
SHP101618,ORD101618,PKG101618,2026-06-18,Dhaka Hub,Steadfast Courier,SEL1020,Horizon Bazaar,Dhaka,8.06,Completed,2.96
SHP101619,ORD101619,PKG101619,2025-10-23,Dhaka Hub,Pathao Courier,SEL1003,Classic Fashion House,Sylhet,1.49,Completed,2.3
SHP101620,ORD101620,PKG101620,2026-06-14,Chattogram Hub,eCourier,SEL1007,Delta Trading,Dhaka,3.22,Failed,3.82
SHP101621,ORD101621,PKG101621,2026-07-16,Rangpur Hub,Pathao Courier,SEL1051,Suncity Shop,Mymensingh,8.71,Completed,3.1
SHP101622,ORD101622,PKG101622,2026-04-24,Dhaka Hub,RedX,SEL1019,Green Fashion House,Rajshahi,9.56,Completed,1.25
SHP101623,ORD101623,PKG101623,2025-12-28,Barisal Hub,Sundarban Courier,SEL1001,Bengal Emporium,Rangpur,11.83,Cancelled,
SHP101624,ORD101624,PKG101624,2026-03-13,Dhaka Hub,Steadfast Courier,SEL1043,Smart Emporium,Barisal,3.19,Failed,5.35
SHP101625,ORD101625,PKG101625,2025-09-18,Dhaka Hub,Pathao Courier,SEL1031,Prime Bazaar,Chattogram,10.13,Completed,2.27
SHP101626,ORD101626,PKG101626,2026-07-20,Dhaka Hub,Pathao Courier,SEL1027,Modern Corner,Comilla,2.23,Completed,2.52
SHP101627,ORD101627,PKG101627,2025-12-28,Sylhet Hub,eCourier,SEL1053,Trendy Store,Chattogram,1.74,Completed,2.04
SHP101628,ORD101628,PKG101628,2025-09-20,Dhaka Hub,eCourier,SEL1018,Golden Store,Chattogram,8.8,Completed,2.65
SHP101629,ORD101629,PKG101629,2026-06-02,Chattogram Hub,RedX,SEL1034,Riverside Emporium,Dhaka,5.46,Pending,
SHP101630,ORD101630,PKG101630,2026-04-16,Khulna Hub,Pathao Courier,SEL1044,Smart Mart,Rangpur,9.57,Completed,2.82
SHP101631,ORD101631,PKG101631,2026-04-04,Mymensingh Hub,Pathao Courier,SEL1036,Royal Emporium,Comilla,3.53,Completed,3.97
SHP101632,ORD101632,PKG101632,2025-09-19,Rangpur Hub,eCourier,SEL1012,Elite Traders,Dhaka,2.72,Completed,4.36
SHP101633,ORD101633,PKG101633,2026-05-18,Sylhet Hub,RedX,SEL1040,Silver Emporium,Barisal,6.68,Completed,2.86
SHP101634,ORD101634,PKG101634,2026-04-09,Chattogram Hub,RedX,SEL1044,Smart Mart,Rangpur,1.56,Completed,4.14
SHP101635,ORD101635,PKG101635,2026-06-02,Rajshahi Hub,Sundarban Courier,SEL1007,Delta Trading,Dhaka,3.49,Cancelled,
SHP101636,ORD101636,PKG101636,2026-06-14,Sylhet Hub,Pathao Courier,SEL1009,Elite Emporium,Dhaka,2.16,Failed,2.89
SHP101637,ORD101637,PKG101637,2025-11-13,Rangpur Hub,Steadfast Courier,SEL1040,Silver Emporium,Barisal,3.98,Completed,3.1
SHP101638,ORD101638,PKG101638,2025-11-12,Mymensingh Hub,eCourier,SEL1007,Delta Trading,Dhaka,9.23,Completed,5.2
SHP101639,ORD101639,PKG101639,2026-07-17,Chattogram Hub,Pathao Courier,SEL1052,Trendy Collection,Rangpur,1.62,Completed,2.92
SHP101640,ORD101640,PKG101640,2026-03-03,Chattogram Hub,Steadfast Courier,SEL1006,Delta Store,Rajshahi,7.42,Completed,3.09
SHP101641,ORD101641,PKG101641,2026-01-30,Dhaka Hub,RedX,SEL1058,Value Mart,Comilla,7.1,Failed,2.74
SHP101642,ORD101642,PKG101642,2025-12-09,Sylhet Hub,Sundarban Courier,SEL1040,Silver Emporium,Barisal,6.55,Completed,3.38
SHP101643,ORD101643,PKG101643,2026-04-10,Sylhet Hub,Sundarban Courier,SEL1026,Metro Outlet,Sylhet,5.91,Completed,1.68
SHP101644,ORD101644,PKG101644,2026-05-19,Comilla Hub,eCourier,SEL1016,Golden Hub,Comilla,8.03,Completed,3.37
SHP101645,ORD101645,PKG101645,2025-09-01,Chattogram Hub,Sundarban Courier,SEL1020,Horizon Bazaar,Dhaka,10.25,Completed,3.88
SHP101646,ORD101646,PKG101646,2026-03-11,Sylhet Hub,RedX,SEL1044,Smart Mart,Rangpur,2.11,Completed,2.74
SHP101647,ORD101647,PKG101647,2026-08-10,Chattogram Hub,eCourier,SEL1045,Smart Store,Dhaka,9.81,Pending,
SHP101648,ORD101648,PKG101648,2025-12-07,Dhaka Hub,Pathao Courier,SEL1012,Elite Traders,Dhaka,0.93,Completed,3.68
SHP101649,ORD101649,PKG101649,2025-12-07,Rajshahi Hub,Steadfast Courier,SEL1032,Prime Trading,Khulna,5.89,Completed,2.37
SHP101650,ORD101650,PKG101650,2026-07-01,Dhaka Hub,Sundarban Courier,SEL1059,Value Store,Dhaka,6.24,Completed,4.05
SHP101651,ORD101651,PKG101651,2025-09-22,Khulna Hub,Sundarban Courier,SEL1015,Fresh Trading,Dhaka,2.53,Completed,3.01
SHP101652,ORD101652,PKG101652,2026-01-16,Rangpur Hub,RedX,SEL1041,Silver Hub,Chattogram,1.26,Completed,2.76
SHP101653,ORD101653,PKG101653,2026-02-06,Barisal Hub,RedX,SEL1010,Elite Gallery,Sylhet,1.08,Completed,1.18
SHP101654,ORD101654,PKG101654,2026-06-04,Dhaka Hub,Sundarban Courier,SEL1050,Suncity Retail,Chattogram,0.64,Pending,
SHP101655,ORD101655,PKG101655,2025-10-15,Sylhet Hub,RedX,SEL1010,Elite Gallery,Sylhet,6.97,Failed,2.84
SHP101656,ORD101656,PKG101656,2026-01-29,Rangpur Hub,Steadfast Courier,SEL1017,Golden Outlet,Khulna,2.03,Pending,
SHP101657,ORD101657,PKG101657,2025-10-23,Dhaka Hub,eCourier,SEL1027,Modern Corner,Comilla,9.74,Completed,4.08
SHP101658,ORD101658,PKG101658,2026-05-31,Dhaka Hub,eCourier,SEL1022,Horizon Depot,Sylhet,10.81,Completed,3.01
SHP101659,ORD101659,PKG101659,2026-04-07,Chattogram Hub,Pathao Courier,SEL1010,Elite Gallery,Sylhet,3.65,Completed,3.93
SHP101660,ORD101660,PKG101660,2026-02-19,Khulna Hub,Sundarban Courier,SEL1038,Royal Outlet,Khulna,2.14,Completed,3.92
SHP101661,ORD101661,PKG101661,2026-01-14,Khulna Hub,RedX,SEL1001,Bengal Emporium,Rangpur,5.03,Completed,3.19
SHP101662,ORD101662,PKG101662,2025-10-23,Comilla Hub,Pathao Courier,SEL1059,Value Store,Dhaka,10.6,Completed,3.22
SHP101663,ORD101663,PKG101663,2026-07-16,Rangpur Hub,eCourier,SEL1003,Classic Fashion House,Sylhet,4.92,Completed,3.45
SHP101664,ORD101664,PKG101664,2026-04-13,Narayanganj Hub,Sundarban Courier,SEL1020,Horizon Bazaar,Dhaka,1.48,Completed,1.54
SHP101665,ORD101665,PKG101665,2025-12-20,Narayanganj Hub,Sundarban Courier,SEL1055,Urban Collection,Chattogram,11.82,Cancelled,
SHP101666,ORD101666,PKG101666,2026-01-22,Dhaka Hub,Pathao Courier,SEL1009,Elite Emporium,Dhaka,6.1,Completed,4.16
SHP101667,ORD101667,PKG101667,2026-05-10,Dhaka Hub,Sundarban Courier,SEL1004,Classic Mart,Rajshahi,4.24,Failed,3.76
SHP101668,ORD101668,PKG101668,2026-05-07,Rangpur Hub,Sundarban Courier,SEL1044,Smart Mart,Rangpur,10.74,Completed,3.48
SHP101669,ORD101669,PKG101669,2026-02-07,Comilla Hub,RedX,SEL1004,Classic Mart,Rajshahi,11.14,Completed,3.0
SHP101670,ORD101670,PKG101670,2025-12-14,Barisal Hub,RedX,SEL1053,Trendy Store,Chattogram,6.06,Completed,0.88
SHP101671,ORD101671,PKG101671,2026-04-17,Dhaka Hub,Pathao Courier,SEL1027,Modern Corner,Comilla,3.82,Completed,2.56
SHP101672,ORD101672,PKG101672,2026-04-16,Dhaka Hub,Pathao Courier,SEL1052,Trendy Collection,Rangpur,5.9,Completed,3.02
SHP101673,ORD101673,PKG101673,2026-03-27,Narayanganj Hub,eCourier,SEL1014,Fresh Hub,Khulna,2.79,Pending,
SHP101674,ORD101674,PKG101674,2025-09-26,Dhaka Hub,Pathao Courier,SEL1008,Elite Depot,Chattogram,5.84,Failed,3.14
SHP101675,ORD101675,PKG101675,2026-02-11,Comilla Hub,RedX,SEL1057,Value Hub,Dhaka,2.91,Cancelled,
SHP101676,ORD101676,PKG101676,2026-04-01,Chattogram Hub,RedX,SEL1045,Smart Store,Dhaka,7.54,Completed,2.84
SHP101677,ORD101677,PKG101677,2026-07-26,Comilla Hub,RedX,SEL1054,Trendy Trading,Narayanganj,9.17,Completed,1.92
SHP101678,ORD101678,PKG101678,2026-03-01,Dhaka Hub,Steadfast Courier,SEL1019,Green Fashion House,Rajshahi,11.64,Failed,2.96
SHP101679,ORD101679,PKG101679,2025-12-28,Narayanganj Hub,RedX,SEL1024,Metro Bazaar,Dhaka,10.14,Completed,1.61
SHP101680,ORD101680,PKG101680,2026-03-12,Khulna Hub,Steadfast Courier,SEL1034,Riverside Emporium,Dhaka,1.22,Completed,3.45
SHP101681,ORD101681,PKG101681,2025-11-01,Rangpur Hub,Steadfast Courier,SEL1026,Metro Outlet,Sylhet,2.7,Completed,3.13
SHP101682,ORD101682,PKG101682,2025-10-02,Dhaka Hub,Pathao Courier,SEL1014,Fresh Hub,Khulna,6.47,Failed,2.99
SHP101683,ORD101683,PKG101683,2026-04-23,Dhaka Hub,Pathao Courier,SEL1022,Horizon Depot,Sylhet,3.24,Completed,2.96
SHP101684,ORD101684,PKG101684,2026-08-08,Dhaka Hub,Sundarban Courier,SEL1036,Royal Emporium,Comilla,0.37,Completed,4.46
SHP101685,ORD101685,PKG101685,2026-06-20,Rangpur Hub,Sundarban Courier,SEL1002,Bengal Hub,Barisal,9.11,Completed,3.98
SHP101686,ORD101686,PKG101686,2026-03-21,Dhaka Hub,RedX,SEL1020,Horizon Bazaar,Dhaka,4.42,Completed,2.88
SHP101687,ORD101687,PKG101687,2025-09-14,Barisal Hub,Pathao Courier,SEL1017,Golden Outlet,Khulna,0.98,Completed,3.3
SHP101688,ORD101688,PKG101688,2026-08-08,Dhaka Hub,Pathao Courier,SEL1004,Classic Mart,Rajshahi,6.2,Completed,1.75
SHP101689,ORD101689,PKG101689,2026-02-03,Rajshahi Hub,Sundarban Courier,SEL1007,Delta Trading,Dhaka,11.73,Completed,3.57
SHP101690,ORD101690,PKG101690,2025-12-10,Chattogram Hub,RedX,SEL1029,Modern Emporium,Sylhet,8.21,Completed,3.23
SHP101691,ORD101691,PKG101691,2026-07-06,Comilla Hub,RedX,SEL1006,Delta Store,Rajshahi,2.07,Completed,3.0
SHP101692,ORD101692,PKG101692,2026-05-17,Chattogram Hub,Steadfast Courier,SEL1020,Horizon Bazaar,Dhaka,6.27,Completed,4.29
SHP101693,ORD101693,PKG101693,2026-05-18,Comilla Hub,Pathao Courier,SEL1033,Riverside Collection,Sylhet,10.84,Completed,2.55
SHP101694,ORD101694,PKG101694,2025-12-06,Khulna Hub,Sundarban Courier,SEL1052,Trendy Collection,Rangpur,0.84,Completed,3.58
SHP101695,ORD101695,PKG101695,2026-08-10,Dhaka Hub,Steadfast Courier,SEL1005,Delta Corner,Khulna,7.73,Completed,3.72
SHP101696,ORD101696,PKG101696,2026-02-04,Mymensingh Hub,RedX,SEL1026,Metro Outlet,Sylhet,8.71,Completed,3.14
SHP101697,ORD101697,PKG101697,2026-03-03,Chattogram Hub,RedX,SEL1006,Delta Store,Rajshahi,8.51,Completed,2.64
SHP101698,ORD101698,PKG101698,2026-05-18,Rajshahi Hub,RedX,SEL1025,Metro Hub,Sylhet,1.97,Completed,3.0
SHP101699,ORD101699,PKG101699,2026-04-17,Khulna Hub,Pathao Courier,SEL1028,Modern Depot,Khulna,10.91,Completed,3.44
SHP101700,ORD101700,PKG101700,2025-10-30,Rangpur Hub,Steadfast Courier,SEL1047,Suncity Depot,Dhaka,4.0,Completed,3.44
SHP101701,ORD101701,PKG101701,2025-12-14,Dhaka Hub,RedX,SEL1026,Metro Outlet,Sylhet,0.81,Completed,3.02
SHP101702,ORD101702,PKG101702,2026-01-03,Dhaka Hub,RedX,SEL1056,Urban Store,Khulna,1.18,Completed,3.13
SHP101703,ORD101703,PKG101703,2026-07-25,Comilla Hub,RedX,SEL1008,Elite Depot,Chattogram,5.6,Completed,2.9
SHP101704,ORD101704,PKG101704,2026-05-06,Chattogram Hub,Sundarban Courier,SEL1003,Classic Fashion House,Sylhet,0.67,Completed,4.86
SHP101705,ORD101705,PKG101705,2026-01-05,Rajshahi Hub,Pathao Courier,SEL1000,Bengal Bazaar,Mymensingh,9.4,Completed,1.75
SHP101706,ORD101706,PKG101706,2026-05-13,Mymensingh Hub,eCourier,SEL1021,Horizon Collection,Narayanganj,10.42,Failed,3.85
SHP101707,ORD101707,PKG101707,2026-05-14,Dhaka Hub,RedX,SEL1011,Elite Outlet,Chattogram,0.36,Completed,3.4
SHP101708,ORD101708,PKG101708,2026-01-15,Chattogram Hub,Pathao Courier,SEL1005,Delta Corner,Khulna,9.76,Completed,5.03
SHP101709,ORD101709,PKG101709,2026-01-18,Dhaka Hub,Sundarban Courier,SEL1014,Fresh Hub,Khulna,11.78,Pending,
SHP101710,ORD101710,PKG101710,2026-07-07,Comilla Hub,Steadfast Courier,SEL1058,Value Mart,Comilla,0.56,Completed,2.84
SHP101711,ORD101711,PKG101711,2026-03-14,Narayanganj Hub,Sundarban Courier,SEL1048,Suncity Emporium,Dhaka,8.75,Completed,2.55
SHP101712,ORD101712,PKG101712,2025-10-22,Comilla Hub,Sundarban Courier,SEL1001,Bengal Emporium,Rangpur,11.99,Completed,3.14
SHP101713,ORD101713,PKG101713,2026-05-08,Chattogram Hub,RedX,SEL1054,Trendy Trading,Narayanganj,9.61,Completed,3.77
SHP101714,ORD101714,PKG101714,2026-03-23,Sylhet Hub,eCourier,SEL1012,Elite Traders,Dhaka,6.16,Completed,2.59
SHP101715,ORD101715,PKG101715,2026-02-24,Comilla Hub,RedX,SEL1024,Metro Bazaar,Dhaka,10.64,Completed,2.29
SHP101716,ORD101716,PKG101716,2026-05-09,Comilla Hub,eCourier,SEL1019,Green Fashion House,Rajshahi,8.55,Completed,3.51
SHP101717,ORD101717,PKG101717,2026-07-11,Dhaka Hub,Pathao Courier,SEL1024,Metro Bazaar,Dhaka,3.65,Completed,3.38
SHP101718,ORD101718,PKG101718,2025-12-24,Dhaka Hub,Steadfast Courier,SEL1045,Smart Store,Dhaka,2.85,Completed,3.24
SHP101719,ORD101719,PKG101719,2026-01-24,Chattogram Hub,Steadfast Courier,SEL1042,Smart Bazaar,Rajshahi,6.25,Completed,3.4
SHP101720,ORD101720,PKG101720,2025-11-05,Rangpur Hub,RedX,SEL1035,Riverside Gallery,Mymensingh,4.6,Pending,
SHP101721,ORD101721,PKG101721,2026-04-12,Chattogram Hub,RedX,SEL1037,Royal Gallery,Dhaka,4.09,Completed,3.54
SHP101722,ORD101722,PKG101722,2026-01-18,Dhaka Hub,Pathao Courier,SEL1043,Smart Emporium,Barisal,2.3,Completed,2.35
SHP101723,ORD101723,PKG101723,2025-12-28,Mymensingh Hub,Sundarban Courier,SEL1011,Elite Outlet,Chattogram,10.17,Failed,4.58
SHP101724,ORD101724,PKG101724,2026-04-29,Chattogram Hub,Pathao Courier,SEL1023,Horizon Shop,Rangpur,8.52,Pending,
SHP101725,ORD101725,PKG101725,2026-01-20,Dhaka Hub,Pathao Courier,SEL1006,Delta Store,Rajshahi,4.11,Completed,3.07
SHP101726,ORD101726,PKG101726,2026-02-08,Rajshahi Hub,Steadfast Courier,SEL1042,Smart Bazaar,Rajshahi,3.0,Completed,4.83
SHP101727,ORD101727,PKG101727,2026-01-31,Mymensingh Hub,Pathao Courier,SEL1026,Metro Outlet,Sylhet,1.71,Pending,
SHP101728,ORD101728,PKG101728,2025-11-29,Khulna Hub,RedX,SEL1038,Royal Outlet,Khulna,1.53,Completed,2.7
SHP101729,ORD101729,PKG101729,2025-10-14,Narayanganj Hub,Sundarban Courier,SEL1033,Riverside Collection,Sylhet,7.58,Completed,2.97
SHP101730,ORD101730,PKG101730,2026-06-14,Mymensingh Hub,Sundarban Courier,SEL1016,Golden Hub,Comilla,1.48,Completed,4.94
SHP101731,ORD101731,PKG101731,2025-10-02,Dhaka Hub,Sundarban Courier,SEL1008,Elite Depot,Chattogram,11.53,Completed,4.26
SHP101732,ORD101732,PKG101732,2025-12-22,Chattogram Hub,Sundarban Courier,SEL1058,Value Mart,Comilla,3.49,Completed,4.56
SHP101733,ORD101733,PKG101733,2026-04-19,Dhaka Hub,RedX,SEL1017,Golden Outlet,Khulna,0.5,Completed,1.2
SHP101734,ORD101734,PKG101734,2025-10-16,Khulna Hub,Steadfast Courier,SEL1006,Delta Store,Rajshahi,10.29,Completed,3.07
SHP101735,ORD101735,PKG101735,2026-04-15,Rajshahi Hub,Sundarban Courier,SEL1018,Golden Store,Chattogram,4.54,Completed,3.01
SHP101736,ORD101736,PKG101736,2026-05-12,Rangpur Hub,Steadfast Courier,SEL1054,Trendy Trading,Narayanganj,4.25,Completed,3.25
SHP101737,ORD101737,PKG101737,2026-04-18,Khulna Hub,RedX,SEL1015,Fresh Trading,Dhaka,1.6,Completed,2.3
SHP101738,ORD101738,PKG101738,2025-12-15,Dhaka Hub,RedX,SEL1059,Value Store,Dhaka,7.99,Completed,3.15
SHP101739,ORD101739,PKG101739,2025-09-07,Dhaka Hub,Pathao Courier,SEL1027,Modern Corner,Comilla,4.43,Completed,4.3
SHP101740,ORD101740,PKG101740,2026-07-05,Sylhet Hub,Pathao Courier,SEL1051,Suncity Shop,Mymensingh,9.91,Failed,2.88
SHP101741,ORD101741,PKG101741,2025-12-22,Dhaka Hub,eCourier,SEL1039,Silver Depot,Dhaka,7.64,Completed,3.3
SHP101742,ORD101742,PKG101742,2026-06-06,Dhaka Hub,RedX,SEL1002,Bengal Hub,Barisal,10.58,Completed,3.78
SHP101743,ORD101743,PKG101743,2025-11-08,Comilla Hub,Sundarban Courier,SEL1030,Nova Retail,Dhaka,7.55,Completed,4.81
SHP101744,ORD101744,PKG101744,2025-10-27,Khulna Hub,eCourier,SEL1025,Metro Hub,Sylhet,9.4,Completed,3.98
SHP101745,ORD101745,PKG101745,2026-05-28,Rajshahi Hub,Sundarban Courier,SEL1012,Elite Traders,Dhaka,8.42,Completed,3.03
SHP101746,ORD101746,PKG101746,2026-07-23,Dhaka Hub,eCourier,SEL1032,Prime Trading,Khulna,5.66,Completed,3.25
SHP101747,ORD101747,PKG101747,2026-06-25,Comilla Hub,Sundarban Courier,SEL1006,Delta Store,Rajshahi,8.33,Completed,4.56
SHP101748,ORD101748,PKG101748,2026-05-18,Mymensingh Hub,Steadfast Courier,SEL1041,Silver Hub,Chattogram,8.03,Completed,5.31
SHP101749,ORD101749,PKG101749,2025-11-25,Chattogram Hub,Pathao Courier,SEL1049,Suncity Gallery,Khulna,0.28,Completed,4.49
SHP101750,ORD101750,PKG101750,2026-07-13,Dhaka Hub,Pathao Courier,SEL1005,Delta Corner,Khulna,8.44,Cancelled,
SHP101751,ORD101751,PKG101751,2026-04-20,Rangpur Hub,RedX,SEL1028,Modern Depot,Khulna,3.29,Completed,2.94
SHP101752,ORD101752,PKG101752,2025-10-30,Khulna Hub,Pathao Courier,SEL1039,Silver Depot,Dhaka,6.59,Completed,3.52
SHP101753,ORD101753,PKG101753,2025-10-15,Mymensingh Hub,Steadfast Courier,SEL1003,Classic Fashion House,Sylhet,1.51,Completed,4.18
SHP101754,ORD101754,PKG101754,2026-06-29,Sylhet Hub,RedX,SEL1023,Horizon Shop,Rangpur,0.47,Completed,3.15
SHP101755,ORD101755,PKG101755,2025-12-05,Comilla Hub,Pathao Courier,SEL1015,Fresh Trading,Dhaka,0.38,Pending,
SHP101756,ORD101756,PKG101756,2026-05-23,Barisal Hub,Pathao Courier,SEL1002,Bengal Hub,Barisal,2.07,Completed,2.07
SHP101757,ORD101757,PKG101757,2025-10-18,Chattogram Hub,Steadfast Courier,SEL1048,Suncity Emporium,Dhaka,0.43,Completed,4.4
SHP101758,ORD101758,PKG101758,2025-12-07,Rangpur Hub,RedX,SEL1026,Metro Outlet,Sylhet,1.76,Completed,3.82
SHP101759,ORD101759,PKG101759,2025-12-08,Chattogram Hub,Steadfast Courier,SEL1045,Smart Store,Dhaka,6.8,Completed,5.24
SHP101760,ORD101760,PKG101760,2025-12-07,Sylhet Hub,Pathao Courier,SEL1035,Riverside Gallery,Mymensingh,4.92,Completed,1.18
SHP101761,ORD101761,PKG101761,2026-04-22,Chattogram Hub,Steadfast Courier,SEL1052,Trendy Collection,Rangpur,11.77,Completed,3.37
SHP101762,ORD101762,PKG101762,2026-07-14,Chattogram Hub,RedX,SEL1059,Value Store,Dhaka,9.74,Completed,3.25
SHP101763,ORD101763,PKG101763,2026-07-12,Barisal Hub,RedX,SEL1036,Royal Emporium,Comilla,1.93,Completed,1.07
SHP101764,ORD101764,PKG101764,2026-05-15,Dhaka Hub,Sundarban Courier,SEL1021,Horizon Collection,Narayanganj,5.12,Completed,4.99
SHP101765,ORD101765,PKG101765,2025-11-10,Chattogram Hub,Pathao Courier,SEL1025,Metro Hub,Sylhet,5.29,Failed,3.58
SHP101766,ORD101766,PKG101766,2026-07-30,Khulna Hub,Steadfast Courier,SEL1049,Suncity Gallery,Khulna,4.47,Completed,4.13
SHP101767,ORD101767,PKG101767,2026-03-07,Dhaka Hub,Steadfast Courier,SEL1025,Metro Hub,Sylhet,6.05,Completed,3.07
SHP101768,ORD101768,PKG101768,2026-03-08,Dhaka Hub,Sundarban Courier,SEL1031,Prime Bazaar,Chattogram,8.1,Completed,4.11
SHP101769,ORD101769,PKG101769,2026-05-01,Barisal Hub,Steadfast Courier,SEL1011,Elite Outlet,Chattogram,7.76,Failed,1.31
SHP101770,ORD101770,PKG101770,2026-05-25,Rajshahi Hub,Pathao Courier,SEL1059,Value Store,Dhaka,4.41,Completed,1.84
SHP101771,ORD101771,PKG101771,2026-07-27,Narayanganj Hub,Pathao Courier,SEL1039,Silver Depot,Dhaka,8.52,Completed,1.38
SHP101772,ORD101772,PKG101772,2026-03-21,Rangpur Hub,Pathao Courier,SEL1019,Green Fashion House,Rajshahi,3.62,Completed,1.79
SHP101773,ORD101773,PKG101773,2026-03-31,Khulna Hub,Sundarban Courier,SEL1035,Riverside Gallery,Mymensingh,10.06,Completed,4.68
SHP101774,ORD101774,PKG101774,2026-05-16,Dhaka Hub,Pathao Courier,SEL1024,Metro Bazaar,Dhaka,11.58,Completed,2.87
SHP101775,ORD101775,PKG101775,2025-11-28,Dhaka Hub,Sundarban Courier,SEL1009,Elite Emporium,Dhaka,3.68,Failed,4.57
SHP101776,ORD101776,PKG101776,2025-12-16,Khulna Hub,Pathao Courier,SEL1052,Trendy Collection,Rangpur,9.46,Failed,2.9
SHP101777,ORD101777,PKG101777,2026-04-05,Sylhet Hub,eCourier,SEL1053,Trendy Store,Chattogram,9.8,Completed,3.35
SHP101778,ORD101778,PKG101778,2025-09-23,Chattogram Hub,eCourier,SEL1050,Suncity Retail,Chattogram,5.99,Completed,4.73
SHP101779,ORD101779,PKG101779,2025-12-20,Sylhet Hub,RedX,SEL1022,Horizon Depot,Sylhet,1.24,Completed,1.99
SHP101780,ORD101780,PKG101780,2026-05-07,Dhaka Hub,Pathao Courier,SEL1015,Fresh Trading,Dhaka,9.48,Completed,3.02
SHP101781,ORD101781,PKG101781,2026-08-04,Sylhet Hub,eCourier,SEL1002,Bengal Hub,Barisal,5.01,Completed,2.8
SHP101782,ORD101782,PKG101782,2026-02-27,Dhaka Hub,Pathao Courier,SEL1043,Smart Emporium,Barisal,2.66,Completed,3.66
SHP101783,ORD101783,PKG101783,2026-01-17,Khulna Hub,eCourier,SEL1019,Green Fashion House,Rajshahi,7.59,Completed,3.45
SHP101784,ORD101784,PKG101784,2026-01-31,Khulna Hub,RedX,SEL1053,Trendy Store,Chattogram,5.36,Completed,3.07
SHP101785,ORD101785,PKG101785,2026-04-26,Rajshahi Hub,Sundarban Courier,SEL1052,Trendy Collection,Rangpur,1.23,Completed,2.4
SHP101786,ORD101786,PKG101786,2026-03-08,Barisal Hub,Pathao Courier,SEL1007,Delta Trading,Dhaka,11.81,Completed,1.43
SHP101787,ORD101787,PKG101787,2025-09-09,Barisal Hub,eCourier,SEL1055,Urban Collection,Chattogram,3.09,Completed,1.87
SHP101788,ORD101788,PKG101788,2026-03-06,Rangpur Hub,Steadfast Courier,SEL1008,Elite Depot,Chattogram,6.23,Pending,
SHP101789,ORD101789,PKG101789,2026-01-17,Dhaka Hub,RedX,SEL1029,Modern Emporium,Sylhet,8.07,Completed,2.23
SHP101790,ORD101790,PKG101790,2026-05-01,Comilla Hub,Steadfast Courier,SEL1028,Modern Depot,Khulna,1.56,Completed,3.55
SHP101791,ORD101791,PKG101791,2026-06-30,Chattogram Hub,Steadfast Courier,SEL1057,Value Hub,Dhaka,8.93,Completed,3.76
SHP101792,ORD101792,PKG101792,2026-07-31,Rajshahi Hub,Pathao Courier,SEL1039,Silver Depot,Dhaka,7.85,Completed,2.59
SHP101793,ORD101793,PKG101793,2026-03-31,Dhaka Hub,eCourier,SEL1052,Trendy Collection,Rangpur,6.03,Pending,
SHP101794,ORD101794,PKG101794,2026-01-04,Dhaka Hub,Sundarban Courier,SEL1035,Riverside Gallery,Mymensingh,6.43,Completed,3.94
SHP101795,ORD101795,PKG101795,2026-02-01,Comilla Hub,Sundarban Courier,SEL1049,Suncity Gallery,Khulna,11.47,Completed,3.98
SHP101796,ORD101796,PKG101796,2025-11-01,Dhaka Hub,Pathao Courier,SEL1051,Suncity Shop,Mymensingh,10.95,Completed,3.16
SHP101797,ORD101797,PKG101797,2026-07-21,Sylhet Hub,Steadfast Courier,SEL1051,Suncity Shop,Mymensingh,1.52,Completed,3.57
SHP101798,ORD101798,PKG101798,2026-06-21,Dhaka Hub,eCourier,SEL1024,Metro Bazaar,Dhaka,4.55,Completed,3.39
SHP101799,ORD101799,PKG101799,2026-06-23,Dhaka Hub,Pathao Courier,SEL1022,Horizon Depot,Sylhet,6.3,Completed,1.98
SHP101800,ORD101800,PKG101800,2025-12-23,Narayanganj Hub,Sundarban Courier,SEL1059,Value Store,Dhaka,11.06,Completed,1.83
SHP101801,ORD101801,PKG101801,2025-12-21,Rajshahi Hub,Sundarban Courier,SEL1045,Smart Store,Dhaka,9.84,Completed,3.19
SHP101802,ORD101802,PKG101802,2026-06-24,Rajshahi Hub,eCourier,SEL1055,Urban Collection,Chattogram,4.76,Completed,2.17
SHP101803,ORD101803,PKG101803,2026-03-08,Dhaka Hub,Steadfast Courier,SEL1034,Riverside Emporium,Dhaka,10.66,Failed,1.48
SHP101804,ORD101804,PKG101804,2026-05-02,Dhaka Hub,Sundarban Courier,SEL1055,Urban Collection,Chattogram,4.66,Completed,3.58
SHP101805,ORD101805,PKG101805,2026-02-17,Rajshahi Hub,Sundarban Courier,SEL1043,Smart Emporium,Barisal,3.4,Completed,3.65
SHP101806,ORD101806,PKG101806,2026-02-01,Dhaka Hub,RedX,SEL1044,Smart Mart,Rangpur,7.4,Completed,3.65
SHP101807,ORD101807,PKG101807,2026-04-07,Dhaka Hub,Sundarban Courier,SEL1010,Elite Gallery,Sylhet,4.4,Completed,3.77
SHP101808,ORD101808,PKG101808,2026-06-09,Sylhet Hub,RedX,SEL1034,Riverside Emporium,Dhaka,7.54,Completed,2.25
SHP101809,ORD101809,PKG101809,2025-12-25,Dhaka Hub,Pathao Courier,SEL1043,Smart Emporium,Barisal,5.03,Completed,3.2
SHP101810,ORD101810,PKG101810,2026-06-07,Comilla Hub,Pathao Courier,SEL1045,Smart Store,Dhaka,9.59,Completed,3.14
SHP101811,ORD101811,PKG101811,2025-11-24,Khulna Hub,Sundarban Courier,SEL1057,Value Hub,Dhaka,11.46,Completed,3.45
SHP101812,ORD101812,PKG101812,2026-01-18,Dhaka Hub,Steadfast Courier,SEL1019,Green Fashion House,Rajshahi,3.39,Completed,4.67
SHP101813,ORD101813,PKG101813,2026-07-13,Sylhet Hub,Sundarban Courier,SEL1018,Golden Store,Chattogram,6.22,Completed,2.18
SHP101814,ORD101814,PKG101814,2026-07-28,Khulna Hub,Pathao Courier,SEL1058,Value Mart,Comilla,8.75,Failed,3.23
SHP101815,ORD101815,PKG101815,2026-07-17,Chattogram Hub,eCourier,SEL1059,Value Store,Dhaka,2.07,Failed,3.48
SHP101816,ORD101816,PKG101816,2025-12-19,Mymensingh Hub,Steadfast Courier,SEL1010,Elite Gallery,Sylhet,9.59,Completed,3.84
SHP101817,ORD101817,PKG101817,2026-06-19,Khulna Hub,Sundarban Courier,SEL1022,Horizon Depot,Sylhet,7.08,Completed,4.21
SHP101818,ORD101818,PKG101818,2026-07-21,Dhaka Hub,Pathao Courier,SEL1056,Urban Store,Khulna,1.97,Completed,2.7
SHP101819,ORD101819,PKG101819,2026-08-05,Khulna Hub,RedX,SEL1011,Elite Outlet,Chattogram,10.45,Cancelled,
SHP101820,ORD101820,PKG101820,2025-09-08,Barisal Hub,Sundarban Courier,SEL1046,Smart Traders,Comilla,5.24,Completed,2.43
SHP101821,ORD101821,PKG101821,2026-05-16,Chattogram Hub,RedX,SEL1006,Delta Store,Rajshahi,2.28,Completed,4.04
SHP101822,ORD101822,PKG101822,2026-08-11,Mymensingh Hub,Pathao Courier,SEL1010,Elite Gallery,Sylhet,2.51,Completed,2.34
SHP101823,ORD101823,PKG101823,2026-05-23,Dhaka Hub,Pathao Courier,SEL1047,Suncity Depot,Dhaka,9.47,Completed,3.98
SHP101824,ORD101824,PKG101824,2025-11-20,Chattogram Hub,Sundarban Courier,SEL1036,Royal Emporium,Comilla,11.24,Completed,4.66
SHP101825,ORD101825,PKG101825,2026-05-22,Comilla Hub,eCourier,SEL1033,Riverside Collection,Sylhet,4.66,Pending,
SHP101826,ORD101826,PKG101826,2025-10-07,Dhaka Hub,Sundarban Courier,SEL1051,Suncity Shop,Mymensingh,1.13,Completed,3.05
SHP101827,ORD101827,PKG101827,2026-02-14,Dhaka Hub,Pathao Courier,SEL1018,Golden Store,Chattogram,1.39,Completed,2.73
SHP101828,ORD101828,PKG101828,2026-04-05,Dhaka Hub,Sundarban Courier,SEL1030,Nova Retail,Dhaka,7.92,Completed,3.32
SHP101829,ORD101829,PKG101829,2026-02-05,Rangpur Hub,eCourier,SEL1036,Royal Emporium,Comilla,4.57,Completed,3.65
SHP101830,ORD101830,PKG101830,2026-05-01,Chattogram Hub,Pathao Courier,SEL1044,Smart Mart,Rangpur,5.23,Cancelled,
SHP101831,ORD101831,PKG101831,2025-11-23,Rangpur Hub,RedX,SEL1019,Green Fashion House,Rajshahi,4.18,Completed,2.35
SHP101832,ORD101832,PKG101832,2026-03-29,Rajshahi Hub,RedX,SEL1038,Royal Outlet,Khulna,5.69,Completed,3.85
SHP101833,ORD101833,PKG101833,2026-04-12,Rangpur Hub,Sundarban Courier,SEL1026,Metro Outlet,Sylhet,7.79,Completed,4.38
SHP101834,ORD101834,PKG101834,2026-04-08,Comilla Hub,Steadfast Courier,SEL1032,Prime Trading,Khulna,6.59,Failed,3.69
SHP101835,ORD101835,PKG101835,2025-12-10,Mymensingh Hub,Steadfast Courier,SEL1051,Suncity Shop,Mymensingh,2.14,Completed,4.02
SHP101836,ORD101836,PKG101836,2025-12-15,Dhaka Hub,Sundarban Courier,SEL1023,Horizon Shop,Rangpur,6.0,Completed,4.81
SHP101837,ORD101837,PKG101837,2025-11-29,Comilla Hub,Pathao Courier,SEL1040,Silver Emporium,Barisal,5.64,Completed,3.0
SHP101838,ORD101838,PKG101838,2026-02-07,Chattogram Hub,Sundarban Courier,SEL1056,Urban Store,Khulna,6.64,Completed,5.25
SHP101839,ORD101839,PKG101839,2026-03-22,Rangpur Hub,Pathao Courier,SEL1045,Smart Store,Dhaka,1.51,Completed,1.3
SHP101840,ORD101840,PKG101840,2026-01-04,Khulna Hub,RedX,SEL1059,Value Store,Dhaka,2.01,Completed,2.69
SHP101841,ORD101841,PKG101841,2026-01-20,Dhaka Hub,Steadfast Courier,SEL1035,Riverside Gallery,Mymensingh,6.46,Completed,2.94
SHP101842,ORD101842,PKG101842,2025-12-09,Barisal Hub,Steadfast Courier,SEL1016,Golden Hub,Comilla,3.45,Completed,1.86
SHP101843,ORD101843,PKG101843,2025-11-15,Rajshahi Hub,Sundarban Courier,SEL1059,Value Store,Dhaka,7.62,Completed,3.91
SHP101844,ORD101844,PKG101844,2026-04-16,Comilla Hub,Sundarban Courier,SEL1038,Royal Outlet,Khulna,4.6,Completed,4.02
SHP101845,ORD101845,PKG101845,2026-06-10,Chattogram Hub,Pathao Courier,SEL1014,Fresh Hub,Khulna,2.8,Completed,3.34
SHP101846,ORD101846,PKG101846,2025-12-10,Barisal Hub,RedX,SEL1019,Green Fashion House,Rajshahi,7.95,Cancelled,
SHP101847,ORD101847,PKG101847,2026-06-25,Khulna Hub,Pathao Courier,SEL1015,Fresh Trading,Dhaka,4.85,Completed,2.67
SHP101848,ORD101848,PKG101848,2026-03-17,Khulna Hub,Steadfast Courier,SEL1050,Suncity Retail,Chattogram,2.06,Pending,
SHP101849,ORD101849,PKG101849,2025-10-29,Chattogram Hub,Steadfast Courier,SEL1005,Delta Corner,Khulna,9.74,Cancelled,
SHP101850,ORD101850,PKG101850,2026-01-05,Chattogram Hub,Pathao Courier,SEL1044,Smart Mart,Rangpur,5.29,Completed,2.46
SHP101851,ORD101851,PKG101851,2025-09-03,Rangpur Hub,RedX,SEL1033,Riverside Collection,Sylhet,11.0,Failed,3.87
SHP101852,ORD101852,PKG101852,2025-09-14,Rajshahi Hub,RedX,SEL1004,Classic Mart,Rajshahi,2.48,Completed,2.91
SHP101853,ORD101853,PKG101853,2025-12-26,Barisal Hub,eCourier,SEL1036,Royal Emporium,Comilla,10.54,Completed,2.98
SHP101854,ORD101854,PKG101854,2026-02-05,Comilla Hub,Sundarban Courier,SEL1045,Smart Store,Dhaka,9.83,Completed,3.19
SHP101855,ORD101855,PKG101855,2026-06-03,Barisal Hub,Pathao Courier,SEL1043,Smart Emporium,Barisal,1.43,Completed,2.59
SHP101856,ORD101856,PKG101856,2025-10-17,Barisal Hub,RedX,SEL1031,Prime Bazaar,Chattogram,6.47,Completed,1.42
SHP101857,ORD101857,PKG101857,2026-06-18,Rangpur Hub,Pathao Courier,SEL1020,Horizon Bazaar,Dhaka,7.91,Completed,3.14
SHP101858,ORD101858,PKG101858,2025-11-21,Sylhet Hub,RedX,SEL1009,Elite Emporium,Dhaka,6.05,Completed,1.91
SHP101859,ORD101859,PKG101859,2025-10-18,Sylhet Hub,Pathao Courier,SEL1000,Bengal Bazaar,Mymensingh,4.81,Completed,1.19
SHP101860,ORD101860,PKG101860,2026-05-01,Narayanganj Hub,RedX,SEL1021,Horizon Collection,Narayanganj,11.34,Completed,1.22
SHP101861,ORD101861,PKG101861,2026-05-26,Khulna Hub,eCourier,SEL1037,Royal Gallery,Dhaka,8.47,Completed,3.89
SHP101862,ORD101862,PKG101862,2026-03-29,Chattogram Hub,Pathao Courier,SEL1002,Bengal Hub,Barisal,11.6,Pending,
SHP101863,ORD101863,PKG101863,2025-10-11,Dhaka Hub,Sundarban Courier,SEL1059,Value Store,Dhaka,10.19,Completed,2.82
SHP101864,ORD101864,PKG101864,2025-10-10,Dhaka Hub,eCourier,SEL1035,Riverside Gallery,Mymensingh,9.84,Completed,4.11
SHP101865,ORD101865,PKG101865,2026-01-13,Rangpur Hub,Pathao Courier,SEL1017,Golden Outlet,Khulna,8.76,Completed,2.68
SHP101866,ORD101866,PKG101866,2026-02-03,Comilla Hub,RedX,SEL1057,Value Hub,Dhaka,7.82,Completed,2.02
SHP101867,ORD101867,PKG101867,2026-08-12,Rangpur Hub,RedX,SEL1011,Elite Outlet,Chattogram,10.66,Completed,2.4
SHP101868,ORD101868,PKG101868,2025-12-09,Rangpur Hub,Sundarban Courier,SEL1057,Value Hub,Dhaka,7.44,Completed,2.98
SHP101869,ORD101869,PKG101869,2025-11-06,Mymensingh Hub,eCourier,SEL1016,Golden Hub,Comilla,1.09,Completed,3.44
SHP101870,ORD101870,PKG101870,2026-07-25,Sylhet Hub,RedX,SEL1022,Horizon Depot,Sylhet,7.07,Completed,1.7
SHP101871,ORD101871,PKG101871,2025-10-24,Dhaka Hub,RedX,SEL1025,Metro Hub,Sylhet,1.41,Completed,3.04
SHP101872,ORD101872,PKG101872,2025-09-10,Rajshahi Hub,Pathao Courier,SEL1059,Value Store,Dhaka,11.4,Completed,3.11
SHP101873,ORD101873,PKG101873,2026-01-25,Comilla Hub,Pathao Courier,SEL1015,Fresh Trading,Dhaka,7.83,Completed,3.83
SHP101874,ORD101874,PKG101874,2026-01-17,Sylhet Hub,Pathao Courier,SEL1058,Value Mart,Comilla,6.76,Completed,2.71
SHP101875,ORD101875,PKG101875,2026-04-03,Mymensingh Hub,Steadfast Courier,SEL1020,Horizon Bazaar,Dhaka,2.53,Completed,2.43
SHP101876,ORD101876,PKG101876,2026-07-01,Mymensingh Hub,Steadfast Courier,SEL1017,Golden Outlet,Khulna,6.29,Completed,2.75
SHP101877,ORD101877,PKG101877,2026-07-20,Dhaka Hub,eCourier,SEL1038,Royal Outlet,Khulna,4.24,Completed,4.08
SHP101878,ORD101878,PKG101878,2025-12-10,Sylhet Hub,Pathao Courier,SEL1041,Silver Hub,Chattogram,8.17,Completed,1.83
SHP101879,ORD101879,PKG101879,2026-08-06,Sylhet Hub,RedX,SEL1020,Horizon Bazaar,Dhaka,7.33,Completed,1.94
SHP101880,ORD101880,PKG101880,2026-04-07,Sylhet Hub,eCourier,SEL1008,Elite Depot,Chattogram,6.09,Completed,2.96
SHP101881,ORD101881,PKG101881,2025-09-25,Dhaka Hub,RedX,SEL1023,Horizon Shop,Rangpur,3.18,Pending,
SHP101882,ORD101882,PKG101882,2026-07-22,Sylhet Hub,Pathao Courier,SEL1032,Prime Trading,Khulna,6.4,Completed,2.49
SHP101883,ORD101883,PKG101883,2025-10-18,Barisal Hub,Steadfast Courier,SEL1002,Bengal Hub,Barisal,5.65,Completed,1.62
SHP101884,ORD101884,PKG101884,2026-03-23,Barisal Hub,Pathao Courier,SEL1004,Classic Mart,Rajshahi,10.24,Completed,1.15
SHP101885,ORD101885,PKG101885,2026-06-01,Comilla Hub,Pathao Courier,SEL1055,Urban Collection,Chattogram,10.75,Completed,2.34
SHP101886,ORD101886,PKG101886,2025-11-26,Barisal Hub,Steadfast Courier,SEL1002,Bengal Hub,Barisal,9.16,Completed,3.08
SHP101887,ORD101887,PKG101887,2025-12-03,Rangpur Hub,Sundarban Courier,SEL1024,Metro Bazaar,Dhaka,3.97,Completed,4.53
SHP101888,ORD101888,PKG101888,2026-02-12,Chattogram Hub,Sundarban Courier,SEL1045,Smart Store,Dhaka,0.65,Completed,4.63
SHP101889,ORD101889,PKG101889,2026-07-04,Dhaka Hub,RedX,SEL1019,Green Fashion House,Rajshahi,11.12,Completed,1.68
SHP101890,ORD101890,PKG101890,2025-11-17,Khulna Hub,Steadfast Courier,SEL1029,Modern Emporium,Sylhet,11.91,Completed,3.89
SHP101891,ORD101891,PKG101891,2026-04-18,Rangpur Hub,Pathao Courier,SEL1005,Delta Corner,Khulna,1.7,Completed,3.08
SHP101892,ORD101892,PKG101892,2026-02-04,Chattogram Hub,eCourier,SEL1047,Suncity Depot,Dhaka,8.29,Failed,3.49
SHP101893,ORD101893,PKG101893,2025-10-09,Mymensingh Hub,Sundarban Courier,SEL1038,Royal Outlet,Khulna,5.22,Pending,
SHP101894,ORD101894,PKG101894,2026-05-04,Rajshahi Hub,Pathao Courier,SEL1051,Suncity Shop,Mymensingh,1.95,Completed,2.9
SHP101895,ORD101895,PKG101895,2026-06-16,Chattogram Hub,Sundarban Courier,SEL1051,Suncity Shop,Mymensingh,11.98,Failed,4.29
SHP101896,ORD101896,PKG101896,2026-03-19,Chattogram Hub,RedX,SEL1021,Horizon Collection,Narayanganj,11.21,Failed,2.53
SHP101897,ORD101897,PKG101897,2025-11-01,Barisal Hub,Pathao Courier,SEL1002,Bengal Hub,Barisal,11.79,Completed,2.13
SHP101898,ORD101898,PKG101898,2025-10-24,Khulna Hub,Sundarban Courier,SEL1020,Horizon Bazaar,Dhaka,1.9,Completed,4.1
SHP101899,ORD101899,PKG101899,2026-01-25,Dhaka Hub,RedX,SEL1008,Elite Depot,Chattogram,6.0,Completed,1.36
SHP101900,ORD101900,PKG101900,2026-02-23,Khulna Hub,RedX,SEL1031,Prime Bazaar,Chattogram,10.77,Completed,2.73
SHP101901,ORD101901,PKG101901,2026-03-11,Dhaka Hub,eCourier,SEL1008,Elite Depot,Chattogram,8.17,Completed,2.72
SHP101902,ORD101902,PKG101902,2025-11-24,Khulna Hub,eCourier,SEL1055,Urban Collection,Chattogram,5.33,Completed,3.77
SHP101903,ORD101903,PKG101903,2026-02-21,Comilla Hub,Sundarban Courier,SEL1036,Royal Emporium,Comilla,6.3,Completed,2.92
SHP101904,ORD101904,PKG101904,2025-12-12,Dhaka Hub,Sundarban Courier,SEL1015,Fresh Trading,Dhaka,0.66,Completed,2.89
SHP101905,ORD101905,PKG101905,2026-04-26,Sylhet Hub,Sundarban Courier,SEL1055,Urban Collection,Chattogram,7.42,Completed,1.23
SHP101906,ORD101906,PKG101906,2026-06-03,Rangpur Hub,RedX,SEL1046,Smart Traders,Comilla,10.34,Failed,3.08
SHP101907,ORD101907,PKG101907,2026-04-14,Sylhet Hub,Pathao Courier,SEL1026,Metro Outlet,Sylhet,0.23,Completed,1.11
SHP101908,ORD101908,PKG101908,2025-09-01,Chattogram Hub,Sundarban Courier,SEL1008,Elite Depot,Chattogram,2.09,Completed,3.67
SHP101909,ORD101909,PKG101909,2026-08-10,Khulna Hub,Pathao Courier,SEL1020,Horizon Bazaar,Dhaka,6.31,Completed,2.88
SHP101910,ORD101910,PKG101910,2025-09-09,Mymensingh Hub,Sundarban Courier,SEL1035,Riverside Gallery,Mymensingh,6.82,Completed,4.41
SHP101911,ORD101911,PKG101911,2026-08-12,Mymensingh Hub,Steadfast Courier,SEL1045,Smart Store,Dhaka,4.25,Completed,4.21
SHP101912,ORD101912,PKG101912,2025-09-11,Dhaka Hub,RedX,SEL1015,Fresh Trading,Dhaka,0.53,Completed,3.2
SHP101913,ORD101913,PKG101913,2026-02-26,Narayanganj Hub,Sundarban Courier,SEL1044,Smart Mart,Rangpur,8.97,Completed,3.54
SHP101914,ORD101914,PKG101914,2025-10-07,Dhaka Hub,RedX,SEL1016,Golden Hub,Comilla,3.07,Completed,3.81
SHP101915,ORD101915,PKG101915,2025-10-03,Dhaka Hub,RedX,SEL1014,Fresh Hub,Khulna,7.81,Completed,3.41
SHP101916,ORD101916,PKG101916,2026-04-25,Barisal Hub,Sundarban Courier,SEL1026,Metro Outlet,Sylhet,6.8,Completed,2.9
SHP101917,ORD101917,PKG101917,2026-05-10,Mymensingh Hub,Sundarban Courier,SEL1009,Elite Emporium,Dhaka,5.28,Cancelled,
SHP101918,ORD101918,PKG101918,2025-10-11,Dhaka Hub,eCourier,SEL1024,Metro Bazaar,Dhaka,7.17,Completed,3.74
SHP101919,ORD101919,PKG101919,2026-08-04,Chattogram Hub,Pathao Courier,SEL1021,Horizon Collection,Narayanganj,8.4,Completed,2.03
SHP101920,ORD101920,PKG101920,2025-12-20,Dhaka Hub,RedX,SEL1016,Golden Hub,Comilla,6.95,Failed,2.57
SHP101921,ORD101921,PKG101921,2025-12-20,Sylhet Hub,RedX,SEL1046,Smart Traders,Comilla,6.78,Cancelled,
SHP101922,ORD101922,PKG101922,2025-12-12,Khulna Hub,eCourier,SEL1019,Green Fashion House,Rajshahi,5.35,Completed,2.92
SHP101923,ORD101923,PKG101923,2026-02-07,Rajshahi Hub,Steadfast Courier,SEL1041,Silver Hub,Chattogram,5.27,Completed,1.79
SHP101924,ORD101924,PKG101924,2025-11-01,Dhaka Hub,eCourier,SEL1043,Smart Emporium,Barisal,5.99,Completed,3.58
SHP101925,ORD101925,PKG101925,2026-01-25,Dhaka Hub,RedX,SEL1039,Silver Depot,Dhaka,5.53,Completed,3.1
SHP101926,ORD101926,PKG101926,2025-11-12,Rangpur Hub,Pathao Courier,SEL1016,Golden Hub,Comilla,5.38,Completed,3.8
SHP101927,ORD101927,PKG101927,2025-09-18,Dhaka Hub,RedX,SEL1049,Suncity Gallery,Khulna,2.68,Pending,
SHP101928,ORD101928,PKG101928,2026-01-06,Dhaka Hub,eCourier,SEL1014,Fresh Hub,Khulna,8.75,Completed,2.85
SHP101929,ORD101929,PKG101929,2026-04-21,Chattogram Hub,Steadfast Courier,SEL1016,Golden Hub,Comilla,1.77,Completed,4.59
SHP101930,ORD101930,PKG101930,2026-05-23,Khulna Hub,eCourier,SEL1052,Trendy Collection,Rangpur,10.92,Completed,3.07
SHP101931,ORD101931,PKG101931,2026-01-01,Comilla Hub,Pathao Courier,SEL1020,Horizon Bazaar,Dhaka,7.57,Completed,2.58
SHP101932,ORD101932,PKG101932,2025-12-22,Dhaka Hub,eCourier,SEL1041,Silver Hub,Chattogram,0.78,Completed,3.81
SHP101933,ORD101933,PKG101933,2026-05-31,Chattogram Hub,Steadfast Courier,SEL1002,Bengal Hub,Barisal,7.98,Completed,4.19
SHP101934,ORD101934,PKG101934,2026-04-24,Mymensingh Hub,RedX,SEL1036,Royal Emporium,Comilla,4.47,Failed,3.87
SHP101935,ORD101935,PKG101935,2026-06-15,Barisal Hub,RedX,SEL1052,Trendy Collection,Rangpur,11.17,Completed,2.23
SHP101936,ORD101936,PKG101936,2026-07-11,Rajshahi Hub,RedX,SEL1042,Smart Bazaar,Rajshahi,11.25,Completed,2.12
SHP101937,ORD101937,PKG101937,2026-06-12,Dhaka Hub,RedX,SEL1034,Riverside Emporium,Dhaka,10.18,Completed,3.64
SHP101938,ORD101938,PKG101938,2026-07-22,Sylhet Hub,Sundarban Courier,SEL1050,Suncity Retail,Chattogram,6.9,Completed,3.49
SHP101939,ORD101939,PKG101939,2026-01-23,Narayanganj Hub,Pathao Courier,SEL1017,Golden Outlet,Khulna,11.05,Pending,
SHP101940,ORD101940,PKG101940,2026-01-15,Barisal Hub,eCourier,SEL1022,Horizon Depot,Sylhet,7.87,Completed,2.96
SHP101941,ORD101941,PKG101941,2025-12-21,Mymensingh Hub,Steadfast Courier,SEL1004,Classic Mart,Rajshahi,10.53,Completed,3.75
SHP101942,ORD101942,PKG101942,2025-11-21,Khulna Hub,eCourier,SEL1041,Silver Hub,Chattogram,2.09,Failed,2.78
SHP101943,ORD101943,PKG101943,2026-05-18,Chattogram Hub,Sundarban Courier,SEL1043,Smart Emporium,Barisal,10.87,Completed,4.67
SHP101944,ORD101944,PKG101944,2026-05-06,Chattogram Hub,Pathao Courier,SEL1045,Smart Store,Dhaka,8.01,Completed,4.8
SHP101945,ORD101945,PKG101945,2026-06-05,Rangpur Hub,Sundarban Courier,SEL1044,Smart Mart,Rangpur,3.78,Completed,4.66
SHP101946,ORD101946,PKG101946,2025-10-28,Sylhet Hub,eCourier,SEL1007,Delta Trading,Dhaka,11.97,Completed,2.81
SHP101947,ORD101947,PKG101947,2026-02-17,Chattogram Hub,RedX,SEL1039,Silver Depot,Dhaka,8.31,Completed,2.63
SHP101948,ORD101948,PKG101948,2025-11-16,Rajshahi Hub,Steadfast Courier,SEL1045,Smart Store,Dhaka,10.92,Completed,2.0
SHP101949,ORD101949,PKG101949,2026-07-06,Narayanganj Hub,Sundarban Courier,SEL1012,Elite Traders,Dhaka,0.27,Failed,2.58
SHP101950,ORD101950,PKG101950,2025-12-02,Sylhet Hub,RedX,SEL1028,Modern Depot,Khulna,6.72,Completed,1.61
SHP101951,ORD101951,PKG101951,2025-10-20,Dhaka Hub,eCourier,SEL1054,Trendy Trading,Narayanganj,8.61,Completed,3.32
SHP101952,ORD101952,PKG101952,2026-03-17,Rajshahi Hub,Pathao Courier,SEL1024,Metro Bazaar,Dhaka,0.36,Completed,2.65
SHP101953,ORD101953,PKG101953,2026-07-02,Chattogram Hub,Steadfast Courier,SEL1045,Smart Store,Dhaka,9.2,Cancelled,
SHP101954,ORD101954,PKG101954,2026-07-14,Khulna Hub,RedX,SEL1031,Prime Bazaar,Chattogram,7.89,Completed,2.19
SHP101955,ORD101955,PKG101955,2025-10-04,Narayanganj Hub,Pathao Courier,SEL1039,Silver Depot,Dhaka,3.44,Completed,1.82
SHP101956,ORD101956,PKG101956,2025-12-22,Sylhet Hub,Pathao Courier,SEL1037,Royal Gallery,Dhaka,8.33,Completed,2.46
SHP101957,ORD101957,PKG101957,2025-10-24,Chattogram Hub,Steadfast Courier,SEL1039,Silver Depot,Dhaka,1.74,Pending,
SHP101958,ORD101958,PKG101958,2025-12-16,Narayanganj Hub,RedX,SEL1046,Smart Traders,Comilla,9.92,Pending,
SHP101959,ORD101959,PKG101959,2026-03-04,Rajshahi Hub,eCourier,SEL1054,Trendy Trading,Narayanganj,10.42,Completed,2.11
SHP101960,ORD101960,PKG101960,2025-12-07,Chattogram Hub,eCourier,SEL1017,Golden Outlet,Khulna,5.93,Pending,
SHP101961,ORD101961,PKG101961,2025-09-24,Chattogram Hub,Sundarban Courier,SEL1055,Urban Collection,Chattogram,6.19,Completed,5.15
SHP101962,ORD101962,PKG101962,2026-02-24,Rajshahi Hub,eCourier,SEL1037,Royal Gallery,Dhaka,4.94,Completed,2.63
SHP101963,ORD101963,PKG101963,2025-09-19,Chattogram Hub,Steadfast Courier,SEL1035,Riverside Gallery,Mymensingh,4.27,Completed,3.91
SHP101964,ORD101964,PKG101964,2025-11-18,Rangpur Hub,Pathao Courier,SEL1019,Green Fashion House,Rajshahi,10.5,Completed,3.24
SHP101965,ORD101965,PKG101965,2025-09-01,Dhaka Hub,eCourier,SEL1025,Metro Hub,Sylhet,3.8,Completed,4.17
SHP101966,ORD101966,PKG101966,2025-10-01,Dhaka Hub,Sundarban Courier,SEL1039,Silver Depot,Dhaka,4.95,Completed,2.93
SHP101967,ORD101967,PKG101967,2026-01-29,Dhaka Hub,Sundarban Courier,SEL1021,Horizon Collection,Narayanganj,3.74,Pending,
SHP101968,ORD101968,PKG101968,2026-06-22,Mymensingh Hub,Sundarban Courier,SEL1017,Golden Outlet,Khulna,7.95,Completed,4.92
SHP101969,ORD101969,PKG101969,2026-05-27,Dhaka Hub,Steadfast Courier,SEL1049,Suncity Gallery,Khulna,9.81,Completed,4.32
SHP101970,ORD101970,PKG101970,2025-10-05,Rajshahi Hub,Pathao Courier,SEL1024,Metro Bazaar,Dhaka,2.14,Completed,3.52
SHP101971,ORD101971,PKG101971,2025-09-13,Mymensingh Hub,Sundarban Courier,SEL1038,Royal Outlet,Khulna,3.21,Completed,4.59
SHP101972,ORD101972,PKG101972,2025-12-26,Dhaka Hub,RedX,SEL1001,Bengal Emporium,Rangpur,1.43,Completed,2.16
SHP101973,ORD101973,PKG101973,2026-04-14,Comilla Hub,Pathao Courier,SEL1004,Classic Mart,Rajshahi,2.09,Completed,3.55
SHP101974,ORD101974,PKG101974,2026-05-17,Barisal Hub,eCourier,SEL1050,Suncity Retail,Chattogram,5.0,Completed,1.55
SHP101975,ORD101975,PKG101975,2026-06-12,Dhaka Hub,Steadfast Courier,SEL1008,Elite Depot,Chattogram,9.36,Cancelled,
SHP101976,ORD101976,PKG101976,2025-12-28,Narayanganj Hub,Pathao Courier,SEL1047,Suncity Depot,Dhaka,6.59,Completed,1.54
SHP101977,ORD101977,PKG101977,2025-10-29,Mymensingh Hub,Pathao Courier,SEL1054,Trendy Trading,Narayanganj,0.83,Completed,3.22
SHP101978,ORD101978,PKG101978,2025-09-10,Dhaka Hub,Steadfast Courier,SEL1028,Modern Depot,Khulna,7.58,Completed,1.63
SHP101979,ORD101979,PKG101979,2025-10-21,Mymensingh Hub,Pathao Courier,SEL1053,Trendy Store,Chattogram,9.58,Completed,3.33
SHP101980,ORD101980,PKG101980,2025-09-23,Khulna Hub,Pathao Courier,SEL1025,Metro Hub,Sylhet,4.84,Completed,3.03
SHP101981,ORD101981,PKG101981,2026-06-25,Comilla Hub,Steadfast Courier,SEL1057,Value Hub,Dhaka,3.09,Completed,3.05
SHP101982,ORD101982,PKG101982,2025-12-02,Khulna Hub,Steadfast Courier,SEL1014,Fresh Hub,Khulna,9.21,Cancelled,
SHP101983,ORD101983,PKG101983,2026-06-12,Rangpur Hub,RedX,SEL1025,Metro Hub,Sylhet,0.48,Completed,2.03
SHP101984,ORD101984,PKG101984,2026-03-11,Mymensingh Hub,RedX,SEL1023,Horizon Shop,Rangpur,9.82,Completed,3.75
SHP101985,ORD101985,PKG101985,2026-03-06,Rangpur Hub,Steadfast Courier,SEL1047,Suncity Depot,Dhaka,9.69,Completed,3.29
SHP101986,ORD101986,PKG101986,2026-02-05,Dhaka Hub,RedX,SEL1002,Bengal Hub,Barisal,10.68,Completed,4.25
SHP101987,ORD101987,PKG101987,2026-06-11,Rajshahi Hub,RedX,SEL1049,Suncity Gallery,Khulna,1.26,Completed,2.6
SHP101988,ORD101988,PKG101988,2025-09-16,Comilla Hub,eCourier,SEL1001,Bengal Emporium,Rangpur,1.47,Completed,3.87
SHP101989,ORD101989,PKG101989,2025-10-03,Comilla Hub,RedX,SEL1018,Golden Store,Chattogram,10.5,Completed,2.58
SHP101990,ORD101990,PKG101990,2026-01-25,Rangpur Hub,RedX,SEL1035,Riverside Gallery,Mymensingh,5.81,Completed,3.62
SHP101991,ORD101991,PKG101991,2026-01-15,Chattogram Hub,Sundarban Courier,SEL1008,Elite Depot,Chattogram,4.83,Completed,4.3
SHP101992,ORD101992,PKG101992,2026-03-08,Mymensingh Hub,RedX,SEL1029,Modern Emporium,Sylhet,6.96,Completed,4.41
SHP101993,ORD101993,PKG101993,2026-05-14,Dhaka Hub,RedX,SEL1059,Value Store,Dhaka,0.89,Completed,3.87
SHP101994,ORD101994,PKG101994,2026-03-23,Rangpur Hub,Sundarban Courier,SEL1049,Suncity Gallery,Khulna,7.8,Failed,3.57
SHP101995,ORD101995,PKG101995,2025-11-29,Sylhet Hub,Sundarban Courier,SEL1001,Bengal Emporium,Rangpur,11.35,Cancelled,
SHP101996,ORD101996,PKG101996,2025-12-23,Mymensingh Hub,eCourier,SEL1035,Riverside Gallery,Mymensingh,8.17,Completed,3.44
SHP101997,ORD101997,PKG101997,2026-05-19,Khulna Hub,Sundarban Courier,SEL1035,Riverside Gallery,Mymensingh,5.68,Completed,2.99
SHP101998,ORD101998,PKG101998,2025-11-09,Sylhet Hub,Pathao Courier,SEL1004,Classic Mart,Rajshahi,11.54,Failed,2.36
SHP101999,ORD101999,PKG101999,2026-02-22,Mymensingh Hub,Sundarban Courier,SEL1039,Silver Depot,Dhaka,8.32,Completed,4.52
SHP102000,ORD102000,PKG102000,2026-03-06,Chattogram Hub,Pathao Courier,SEL1031,Prime Bazaar,Chattogram,0.87,Failed,3.91
SHP102001,ORD102001,PKG102001,2026-05-18,Sylhet Hub,eCourier,SEL1040,Silver Emporium,Barisal,8.11,Completed,2.48
SHP102002,ORD102002,PKG102002,2026-05-06,Mymensingh Hub,Sundarban Courier,SEL1017,Golden Outlet,Khulna,0.9,Failed,5.13
SHP102003,ORD102003,PKG102003,2026-02-08,Dhaka Hub,Sundarban Courier,SEL1015,Fresh Trading,Dhaka,3.83,Completed,3.75
SHP102004,ORD102004,PKG102004,2025-12-16,Chattogram Hub,eCourier,SEL1044,Smart Mart,Rangpur,7.47,Completed,3.89
SHP102005,ORD102005,PKG102005,2026-01-06,Mymensingh Hub,Pathao Courier,SEL1043,Smart Emporium,Barisal,2.74,Completed,3.45
SHP102006,ORD102006,PKG102006,2026-01-21,Mymensingh Hub,Pathao Courier,SEL1009,Elite Emporium,Dhaka,0.65,Completed,3.92
SHP102007,ORD102007,PKG102007,2025-11-15,Dhaka Hub,eCourier,SEL1012,Elite Traders,Dhaka,7.49,Completed,3.05
SHP102008,ORD102008,PKG102008,2026-04-05,Sylhet Hub,RedX,SEL1035,Riverside Gallery,Mymensingh,3.57,Completed,2.67
SHP102009,ORD102009,PKG102009,2025-11-12,Chattogram Hub,eCourier,SEL1049,Suncity Gallery,Khulna,6.49,Completed,3.51
SHP102010,ORD102010,PKG102010,2026-04-13,Narayanganj Hub,eCourier,SEL1012,Elite Traders,Dhaka,3.28,Completed,2.19
SHP102011,ORD102011,PKG102011,2026-05-19,Khulna Hub,Steadfast Courier,SEL1013,Elite Trading,Dhaka,8.3,Completed,1.96
SHP102012,ORD102012,PKG102012,2026-07-30,Chattogram Hub,Pathao Courier,SEL1048,Suncity Emporium,Dhaka,10.77,Completed,3.21
SHP102013,ORD102013,PKG102013,2025-10-12,Mymensingh Hub,eCourier,SEL1041,Silver Hub,Chattogram,1.22,Completed,3.17
SHP102014,ORD102014,PKG102014,2026-05-21,Barisal Hub,eCourier,SEL1054,Trendy Trading,Narayanganj,9.48,Completed,2.72
SHP102015,ORD102015,PKG102015,2025-09-30,Barisal Hub,Pathao Courier,SEL1047,Suncity Depot,Dhaka,2.04,Completed,2.36
SHP102016,ORD102016,PKG102016,2025-12-26,Rajshahi Hub,Steadfast Courier,SEL1057,Value Hub,Dhaka,4.09,Completed,3.68
SHP102017,ORD102017,PKG102017,2025-10-31,Chattogram Hub,Sundarban Courier,SEL1011,Elite Outlet,Chattogram,4.42,Failed,5.76
SHP102018,ORD102018,PKG102018,2025-10-27,Dhaka Hub,Steadfast Courier,SEL1016,Golden Hub,Comilla,2.63,Pending,
SHP102019,ORD102019,PKG102019,2025-10-31,Rajshahi Hub,RedX,SEL1014,Fresh Hub,Khulna,1.09,Pending,
SHP102020,ORD102020,PKG102020,2025-09-16,Chattogram Hub,RedX,SEL1003,Classic Fashion House,Sylhet,9.27,Completed,3.58
SHP102021,ORD102021,PKG102021,2026-06-12,Sylhet Hub,Pathao Courier,SEL1046,Smart Traders,Comilla,9.56,Failed,1.88
SHP102022,ORD102022,PKG102022,2025-09-22,Comilla Hub,Steadfast Courier,SEL1039,Silver Depot,Dhaka,11.96,Completed,3.0
SHP102023,ORD102023,PKG102023,2026-01-16,Barisal Hub,RedX,SEL1005,Delta Corner,Khulna,11.23,Completed,1.88
SHP102024,ORD102024,PKG102024,2026-04-30,Rangpur Hub,Pathao Courier,SEL1011,Elite Outlet,Chattogram,5.33,Pending,
SHP102025,ORD102025,PKG102025,2026-08-09,Rangpur Hub,Pathao Courier,SEL1011,Elite Outlet,Chattogram,1.77,Completed,4.39
SHP102026,ORD102026,PKG102026,2026-06-23,Sylhet Hub,eCourier,SEL1024,Metro Bazaar,Dhaka,0.33,Completed,2.33
SHP102027,ORD102027,PKG102027,2025-10-18,Khulna Hub,Pathao Courier,SEL1027,Modern Corner,Comilla,6.47,Completed,2.92
SHP102028,ORD102028,PKG102028,2026-08-08,Khulna Hub,RedX,SEL1017,Golden Outlet,Khulna,10.35,Completed,3.34
SHP102029,ORD102029,PKG102029,2026-04-15,Dhaka Hub,RedX,SEL1055,Urban Collection,Chattogram,3.36,Completed,4.21
SHP102030,ORD102030,PKG102030,2025-11-02,Rajshahi Hub,Pathao Courier,SEL1012,Elite Traders,Dhaka,2.55,Completed,2.38
SHP102031,ORD102031,PKG102031,2026-02-03,Chattogram Hub,RedX,SEL1033,Riverside Collection,Sylhet,5.38,Completed,1.95
SHP102032,ORD102032,PKG102032,2026-07-15,Dhaka Hub,Pathao Courier,SEL1026,Metro Outlet,Sylhet,10.74,Completed,2.79
SHP102033,ORD102033,PKG102033,2026-01-14,Narayanganj Hub,Steadfast Courier,SEL1023,Horizon Shop,Rangpur,5.53,Failed,1.1
SHP102034,ORD102034,PKG102034,2025-11-03,Chattogram Hub,Steadfast Courier,SEL1049,Suncity Gallery,Khulna,8.73,Completed,3.47
SHP102035,ORD102035,PKG102035,2026-06-30,Chattogram Hub,Sundarban Courier,SEL1058,Value Mart,Comilla,5.66,Completed,5.65
SHP102036,ORD102036,PKG102036,2026-07-27,Rajshahi Hub,RedX,SEL1000,Bengal Bazaar,Mymensingh,4.6,Completed,1.84
SHP102037,ORD102037,PKG102037,2026-08-04,Sylhet Hub,RedX,SEL1027,Modern Corner,Comilla,5.4,Completed,1.3
SHP102038,ORD102038,PKG102038,2026-07-28,Narayanganj Hub,Steadfast Courier,SEL1007,Delta Trading,Dhaka,9.27,Completed,2.89
SHP102039,ORD102039,PKG102039,2026-06-30,Dhaka Hub,Sundarban Courier,SEL1026,Metro Outlet,Sylhet,9.1,Completed,3.63
SHP102040,ORD102040,PKG102040,2026-02-05,Mymensingh Hub,RedX,SEL1037,Royal Gallery,Dhaka,5.29,Completed,4.05
SHP102041,ORD102041,PKG102041,2025-11-06,Dhaka Hub,Steadfast Courier,SEL1024,Metro Bazaar,Dhaka,3.36,Completed,2.96
SHP102042,ORD102042,PKG102042,2026-04-02,Dhaka Hub,Pathao Courier,SEL1018,Golden Store,Chattogram,1.84,Completed,3.29
SHP102043,ORD102043,PKG102043,2025-11-16,Dhaka Hub,RedX,SEL1018,Golden Store,Chattogram,0.22,Completed,1.6
SHP102044,ORD102044,PKG102044,2026-02-11,Chattogram Hub,Pathao Courier,SEL1017,Golden Outlet,Khulna,1.54,Pending,
SHP102045,ORD102045,PKG102045,2026-04-16,Mymensingh Hub,RedX,SEL1019,Green Fashion House,Rajshahi,2.14,Pending,
SHP102046,ORD102046,PKG102046,2026-07-25,Dhaka Hub,Sundarban Courier,SEL1022,Horizon Depot,Sylhet,8.34,Failed,3.5
SHP102047,ORD102047,PKG102047,2025-12-10,Khulna Hub,Steadfast Courier,SEL1041,Silver Hub,Chattogram,9.85,Completed,5.02
SHP102048,ORD102048,PKG102048,2025-11-27,Sylhet Hub,Sundarban Courier,SEL1005,Delta Corner,Khulna,8.9,Pending,
SHP102049,ORD102049,PKG102049,2026-05-13,Dhaka Hub,Pathao Courier,SEL1002,Bengal Hub,Barisal,8.73,Completed,3.53
SHP102050,ORD102050,PKG102050,2025-09-03,Sylhet Hub,eCourier,SEL1031,Prime Bazaar,Chattogram,11.93,Completed,2.4
SHP102051,ORD102051,PKG102051,2026-03-15,Mymensingh Hub,eCourier,SEL1040,Silver Emporium,Barisal,11.56,Failed,2.98
SHP102052,ORD102052,PKG102052,2026-05-17,Barisal Hub,RedX,SEL1015,Fresh Trading,Dhaka,3.37,Completed,3.06
SHP102053,ORD102053,PKG102053,2026-03-10,Chattogram Hub,eCourier,SEL1012,Elite Traders,Dhaka,1.91,Cancelled,
SHP102054,ORD102054,PKG102054,2026-01-11,Dhaka Hub,Pathao Courier,SEL1037,Royal Gallery,Dhaka,2.01,Completed,2.45
SHP102055,ORD102055,PKG102055,2026-06-14,Khulna Hub,RedX,SEL1023,Horizon Shop,Rangpur,10.77,Completed,3.18
SHP102056,ORD102056,PKG102056,2026-01-07,Dhaka Hub,Pathao Courier,SEL1044,Smart Mart,Rangpur,1.41,Completed,4.66
SHP102057,ORD102057,PKG102057,2026-05-04,Dhaka Hub,Pathao Courier,SEL1008,Elite Depot,Chattogram,4.21,Completed,4.06
SHP102058,ORD102058,PKG102058,2026-02-08,Dhaka Hub,Steadfast Courier,SEL1007,Delta Trading,Dhaka,6.46,Completed,3.59
SHP102059,ORD102059,PKG102059,2025-09-10,Dhaka Hub,eCourier,SEL1033,Riverside Collection,Sylhet,7.44,Completed,4.82
SHP102060,ORD102060,PKG102060,2026-03-03,Narayanganj Hub,Pathao Courier,SEL1023,Horizon Shop,Rangpur,7.23,Completed,1.72
SHP102061,ORD102061,PKG102061,2025-09-18,Chattogram Hub,Pathao Courier,SEL1043,Smart Emporium,Barisal,9.48,Completed,3.76
SHP102062,ORD102062,PKG102062,2026-07-20,Dhaka Hub,Steadfast Courier,SEL1030,Nova Retail,Dhaka,6.95,Completed,4.18
SHP102063,ORD102063,PKG102063,2026-03-28,Khulna Hub,Pathao Courier,SEL1021,Horizon Collection,Narayanganj,10.24,Completed,1.96
SHP102064,ORD102064,PKG102064,2026-01-07,Sylhet Hub,Pathao Courier,SEL1009,Elite Emporium,Dhaka,1.2,Completed,2.42
SHP102065,ORD102065,PKG102065,2026-02-16,Khulna Hub,Pathao Courier,SEL1009,Elite Emporium,Dhaka,10.34,Completed,3.25
SHP102066,ORD102066,PKG102066,2026-04-03,Khulna Hub,Pathao Courier,SEL1045,Smart Store,Dhaka,7.16,Completed,3.23
SHP102067,ORD102067,PKG102067,2025-11-30,Dhaka Hub,Sundarban Courier,SEL1013,Elite Trading,Dhaka,2.83,Completed,3.05
SHP102068,ORD102068,PKG102068,2025-12-09,Rangpur Hub,Steadfast Courier,SEL1030,Nova Retail,Dhaka,11.74,Completed,3.58
SHP102069,ORD102069,PKG102069,2026-01-23,Chattogram Hub,Sundarban Courier,SEL1049,Suncity Gallery,Khulna,11.29,Completed,4.8
SHP102070,ORD102070,PKG102070,2025-11-29,Narayanganj Hub,RedX,SEL1053,Trendy Store,Chattogram,10.18,Failed,1.57
SHP102071,ORD102071,PKG102071,2026-05-21,Rajshahi Hub,eCourier,SEL1016,Golden Hub,Comilla,10.96,Completed,3.51
SHP102072,ORD102072,PKG102072,2025-10-06,Sylhet Hub,RedX,SEL1006,Delta Store,Rajshahi,4.71,Completed,2.98
SHP102073,ORD102073,PKG102073,2026-06-14,Chattogram Hub,eCourier,SEL1046,Smart Traders,Comilla,2.89,Completed,3.53
SHP102074,ORD102074,PKG102074,2025-12-30,Khulna Hub,RedX,SEL1041,Silver Hub,Chattogram,2.36,Completed,3.12
SHP102075,ORD102075,PKG102075,2026-03-14,Sylhet Hub,RedX,SEL1019,Green Fashion House,Rajshahi,10.51,Completed,3.0
SHP102076,ORD102076,PKG102076,2025-10-25,Khulna Hub,RedX,SEL1035,Riverside Gallery,Mymensingh,9.95,Completed,3.76
SHP102077,ORD102077,PKG102077,2026-01-12,Narayanganj Hub,eCourier,SEL1011,Elite Outlet,Chattogram,11.78,Completed,2.3
SHP102078,ORD102078,PKG102078,2026-05-20,Chattogram Hub,eCourier,SEL1042,Smart Bazaar,Rajshahi,10.21,Completed,4.77
SHP102079,ORD102079,PKG102079,2025-12-03,Chattogram Hub,eCourier,SEL1043,Smart Emporium,Barisal,7.66,Failed,3.85
SHP102080,ORD102080,PKG102080,2025-10-16,Sylhet Hub,Pathao Courier,SEL1017,Golden Outlet,Khulna,1.88,Completed,2.73
SHP102081,ORD102081,PKG102081,2026-02-28,Dhaka Hub,RedX,SEL1028,Modern Depot,Khulna,2.15,Failed,2.16
SHP102082,ORD102082,PKG102082,2025-10-27,Sylhet Hub,eCourier,SEL1020,Horizon Bazaar,Dhaka,5.79,Completed,1.45
SHP102083,ORD102083,PKG102083,2025-12-18,Comilla Hub,Sundarban Courier,SEL1001,Bengal Emporium,Rangpur,9.26,Completed,4.49
SHP102084,ORD102084,PKG102084,2026-02-03,Dhaka Hub,Steadfast Courier,SEL1007,Delta Trading,Dhaka,2.24,Cancelled,
SHP102085,ORD102085,PKG102085,2026-03-15,Dhaka Hub,Sundarban Courier,SEL1057,Value Hub,Dhaka,11.0,Completed,4.28
SHP102086,ORD102086,PKG102086,2026-04-10,Dhaka Hub,Pathao Courier,SEL1027,Modern Corner,Comilla,8.27,Completed,2.27
SHP102087,ORD102087,PKG102087,2026-04-23,Rajshahi Hub,Steadfast Courier,SEL1008,Elite Depot,Chattogram,3.89,Completed,1.09
SHP102088,ORD102088,PKG102088,2026-06-20,Rangpur Hub,Pathao Courier,SEL1002,Bengal Hub,Barisal,10.65,Completed,3.56
SHP102089,ORD102089,PKG102089,2025-09-23,Barisal Hub,Sundarban Courier,SEL1021,Horizon Collection,Narayanganj,7.26,Completed,3.69
SHP102090,ORD102090,PKG102090,2026-01-04,Rajshahi Hub,Sundarban Courier,SEL1058,Value Mart,Comilla,8.85,Cancelled,
SHP102091,ORD102091,PKG102091,2025-09-01,Mymensingh Hub,Steadfast Courier,SEL1023,Horizon Shop,Rangpur,4.75,Completed,3.55
SHP102092,ORD102092,PKG102092,2025-09-04,Mymensingh Hub,Sundarban Courier,SEL1059,Value Store,Dhaka,4.84,Cancelled,
SHP102093,ORD102093,PKG102093,2025-11-13,Chattogram Hub,RedX,SEL1029,Modern Emporium,Sylhet,0.35,Completed,3.43
SHP102094,ORD102094,PKG102094,2026-03-26,Khulna Hub,eCourier,SEL1045,Smart Store,Dhaka,6.55,Completed,4.37
SHP102095,ORD102095,PKG102095,2026-07-07,Rajshahi Hub,RedX,SEL1047,Suncity Depot,Dhaka,9.18,Completed,2.24
SHP102096,ORD102096,PKG102096,2026-05-26,Chattogram Hub,Steadfast Courier,SEL1001,Bengal Emporium,Rangpur,11.63,Completed,3.48
SHP102097,ORD102097,PKG102097,2026-04-12,Rajshahi Hub,eCourier,SEL1000,Bengal Bazaar,Mymensingh,10.73,Completed,3.24
SHP102098,ORD102098,PKG102098,2026-05-28,Rajshahi Hub,Sundarban Courier,SEL1055,Urban Collection,Chattogram,1.23,Failed,1.9
SHP102099,ORD102099,PKG102099,2025-10-30,Dhaka Hub,Steadfast Courier,SEL1055,Urban Collection,Chattogram,11.77,Completed,3.74
SHP102100,ORD102100,PKG102100,2026-06-18,Dhaka Hub,RedX,SEL1007,Delta Trading,Dhaka,1.96,Completed,3.42
SHP102101,ORD102101,PKG102101,2026-07-06,Barisal Hub,Pathao Courier,SEL1038,Royal Outlet,Khulna,0.69,Cancelled,
SHP102102,ORD102102,PKG102102,2025-10-03,Dhaka Hub,Pathao Courier,SEL1055,Urban Collection,Chattogram,9.04,Cancelled,
SHP102103,ORD102103,PKG102103,2026-02-10,Khulna Hub,RedX,SEL1057,Value Hub,Dhaka,10.89,Completed,2.58
SHP102104,ORD102104,PKG102104,2026-06-15,Dhaka Hub,Pathao Courier,SEL1017,Golden Outlet,Khulna,11.41,Completed,2.64
SHP102105,ORD102105,PKG102105,2026-02-12,Mymensingh Hub,RedX,SEL1049,Suncity Gallery,Khulna,9.93,Pending,
SHP102106,ORD102106,PKG102106,2026-06-18,Khulna Hub,Sundarban Courier,SEL1038,Royal Outlet,Khulna,2.62,Completed,2.83
SHP102107,ORD102107,PKG102107,2026-07-21,Dhaka Hub,RedX,SEL1055,Urban Collection,Chattogram,2.02,Completed,2.97
SHP102108,ORD102108,PKG102108,2026-02-12,Mymensingh Hub,Pathao Courier,SEL1008,Elite Depot,Chattogram,0.9,Completed,3.13
SHP102109,ORD102109,PKG102109,2025-09-21,Dhaka Hub,eCourier,SEL1036,Royal Emporium,Comilla,7.07,Completed,3.33
SHP102110,ORD102110,PKG102110,2025-12-27,Comilla Hub,Sundarban Courier,SEL1001,Bengal Emporium,Rangpur,5.95,Completed,3.71
SHP102111,ORD102111,PKG102111,2025-11-14,Narayanganj Hub,Pathao Courier,SEL1021,Horizon Collection,Narayanganj,1.49,Completed,2.33
SHP102112,ORD102112,PKG102112,2026-02-12,Rajshahi Hub,Sundarban Courier,SEL1000,Bengal Bazaar,Mymensingh,5.68,Completed,4.32
SHP102113,ORD102113,PKG102113,2026-03-22,Mymensingh Hub,Sundarban Courier,SEL1026,Metro Outlet,Sylhet,6.89,Failed,4.66
SHP102114,ORD102114,PKG102114,2026-02-08,Mymensingh Hub,RedX,SEL1048,Suncity Emporium,Dhaka,8.73,Completed,2.05
SHP102115,ORD102115,PKG102115,2025-11-07,Sylhet Hub,RedX,SEL1039,Silver Depot,Dhaka,5.09,Completed,2.04
SHP102116,ORD102116,PKG102116,2025-12-14,Dhaka Hub,Pathao Courier,SEL1019,Green Fashion House,Rajshahi,3.96,Completed,2.99
SHP102117,ORD102117,PKG102117,2026-04-24,Dhaka Hub,Steadfast Courier,SEL1025,Metro Hub,Sylhet,8.06,Pending,
SHP102118,ORD102118,PKG102118,2025-09-10,Dhaka Hub,Sundarban Courier,SEL1022,Horizon Depot,Sylhet,8.27,Pending,
SHP102119,ORD102119,PKG102119,2025-11-14,Khulna Hub,Pathao Courier,SEL1043,Smart Emporium,Barisal,3.39,Completed,2.91
SHP102120,ORD102120,PKG102120,2026-07-06,Dhaka Hub,eCourier,SEL1015,Fresh Trading,Dhaka,0.43,Completed,3.9
SHP102121,ORD102121,PKG102121,2025-10-05,Sylhet Hub,RedX,SEL1005,Delta Corner,Khulna,11.36,Completed,1.83
SHP102122,ORD102122,PKG102122,2026-01-22,Chattogram Hub,RedX,SEL1030,Nova Retail,Dhaka,9.11,Cancelled,
SHP102123,ORD102123,PKG102123,2025-11-11,Mymensingh Hub,Sundarban Courier,SEL1049,Suncity Gallery,Khulna,2.57,Completed,4.06
SHP102124,ORD102124,PKG102124,2025-10-07,Dhaka Hub,Sundarban Courier,SEL1028,Modern Depot,Khulna,6.87,Completed,3.06
SHP102125,ORD102125,PKG102125,2026-01-25,Barisal Hub,RedX,SEL1012,Elite Traders,Dhaka,7.22,Completed,1.73
SHP102126,ORD102126,PKG102126,2026-02-28,Dhaka Hub,Pathao Courier,SEL1002,Bengal Hub,Barisal,1.69,Pending,
SHP102127,ORD102127,PKG102127,2025-10-31,Khulna Hub,Sundarban Courier,SEL1056,Urban Store,Khulna,2.46,Completed,3.92
SHP102128,ORD102128,PKG102128,2025-09-27,Chattogram Hub,Steadfast Courier,SEL1045,Smart Store,Dhaka,11.49,Completed,3.6
SHP102129,ORD102129,PKG102129,2025-10-17,Khulna Hub,RedX,SEL1009,Elite Emporium,Dhaka,6.19,Completed,3.26
SHP102130,ORD102130,PKG102130,2026-04-14,Dhaka Hub,Sundarban Courier,SEL1004,Classic Mart,Rajshahi,2.46,Completed,2.59
SHP102131,ORD102131,PKG102131,2026-06-25,Khulna Hub,Pathao Courier,SEL1007,Delta Trading,Dhaka,9.61,Pending,
SHP102132,ORD102132,PKG102132,2025-11-02,Khulna Hub,eCourier,SEL1022,Horizon Depot,Sylhet,5.75,Completed,3.54
SHP102133,ORD102133,PKG102133,2025-12-20,Mymensingh Hub,Pathao Courier,SEL1048,Suncity Emporium,Dhaka,7.73,Completed,4.5
SHP102134,ORD102134,PKG102134,2025-12-28,Dhaka Hub,Pathao Courier,SEL1009,Elite Emporium,Dhaka,3.71,Completed,2.72
SHP102135,ORD102135,PKG102135,2026-01-03,Dhaka Hub,Pathao Courier,SEL1049,Suncity Gallery,Khulna,0.88,Completed,3.08
SHP102136,ORD102136,PKG102136,2025-11-24,Narayanganj Hub,eCourier,SEL1000,Bengal Bazaar,Mymensingh,2.15,Completed,2.85
SHP102137,ORD102137,PKG102137,2025-09-20,Sylhet Hub,RedX,SEL1044,Smart Mart,Rangpur,11.68,Completed,0.61
SHP102138,ORD102138,PKG102138,2026-03-01,Barisal Hub,Pathao Courier,SEL1016,Golden Hub,Comilla,7.56,Completed,2.78
SHP102139,ORD102139,PKG102139,2026-01-02,Chattogram Hub,Pathao Courier,SEL1057,Value Hub,Dhaka,10.01,Completed,3.36
SHP102140,ORD102140,PKG102140,2025-12-28,Rajshahi Hub,RedX,SEL1028,Modern Depot,Khulna,0.45,Completed,1.51
SHP102141,ORD102141,PKG102141,2025-12-01,Sylhet Hub,RedX,SEL1016,Golden Hub,Comilla,9.23,Completed,1.98
SHP102142,ORD102142,PKG102142,2026-07-19,Mymensingh Hub,RedX,SEL1014,Fresh Hub,Khulna,5.92,Completed,4.02
SHP102143,ORD102143,PKG102143,2026-03-31,Sylhet Hub,Pathao Courier,SEL1049,Suncity Gallery,Khulna,8.05,Completed,1.92
SHP102144,ORD102144,PKG102144,2026-01-23,Barisal Hub,eCourier,SEL1024,Metro Bazaar,Dhaka,4.43,Pending,
SHP102145,ORD102145,PKG102145,2025-11-11,Chattogram Hub,Steadfast Courier,SEL1021,Horizon Collection,Narayanganj,7.53,Completed,2.43
SHP102146,ORD102146,PKG102146,2026-06-05,Dhaka Hub,RedX,SEL1044,Smart Mart,Rangpur,0.62,Completed,2.08
SHP102147,ORD102147,PKG102147,2026-07-05,Dhaka Hub,Pathao Courier,SEL1032,Prime Trading,Khulna,0.74,Completed,3.33
SHP102148,ORD102148,PKG102148,2025-09-12,Khulna Hub,RedX,SEL1039,Silver Depot,Dhaka,9.63,Completed,3.52
SHP102149,ORD102149,PKG102149,2026-07-19,Sylhet Hub,Sundarban Courier,SEL1026,Metro Outlet,Sylhet,1.67,Completed,3.02
SHP102150,ORD102150,PKG102150,2026-04-30,Barisal Hub,Pathao Courier,SEL1003,Classic Fashion House,Sylhet,0.37,Pending,
SHP102151,ORD102151,PKG102151,2025-10-05,Mymensingh Hub,Sundarban Courier,SEL1000,Bengal Bazaar,Mymensingh,10.97,Completed,4.24
SHP102152,ORD102152,PKG102152,2026-05-19,Dhaka Hub,Steadfast Courier,SEL1002,Bengal Hub,Barisal,3.33,Completed,3.17
SHP102153,ORD102153,PKG102153,2025-10-08,Rangpur Hub,Sundarban Courier,SEL1034,Riverside Emporium,Dhaka,7.07,Completed,3.19
SHP102154,ORD102154,PKG102154,2025-09-18,Mymensingh Hub,Steadfast Courier,SEL1030,Nova Retail,Dhaka,10.1,Completed,3.42
SHP102155,ORD102155,PKG102155,2025-10-10,Barisal Hub,RedX,SEL1044,Smart Mart,Rangpur,9.0,Completed,1.87
SHP102156,ORD102156,PKG102156,2026-02-07,Barisal Hub,RedX,SEL1053,Trendy Store,Chattogram,0.75,Completed,0.8
SHP102157,ORD102157,PKG102157,2026-04-03,Comilla Hub,Pathao Courier,SEL1010,Elite Gallery,Sylhet,6.82,Pending,
SHP102158,ORD102158,PKG102158,2026-01-19,Comilla Hub,RedX,SEL1057,Value Hub,Dhaka,6.59,Completed,2.42
SHP102159,ORD102159,PKG102159,2025-10-13,Chattogram Hub,Pathao Courier,SEL1055,Urban Collection,Chattogram,4.33,Completed,3.59
SHP102160,ORD102160,PKG102160,2025-11-08,Rajshahi Hub,Sundarban Courier,SEL1036,Royal Emporium,Comilla,9.09,Completed,2.51
SHP102161,ORD102161,PKG102161,2026-06-22,Khulna Hub,Pathao Courier,SEL1031,Prime Bazaar,Chattogram,11.58,Completed,0.83
SHP102162,ORD102162,PKG102162,2026-07-31,Dhaka Hub,Sundarban Courier,SEL1010,Elite Gallery,Sylhet,1.94,Completed,4.98
SHP102163,ORD102163,PKG102163,2026-05-19,Dhaka Hub,RedX,SEL1010,Elite Gallery,Sylhet,1.91,Completed,2.72
SHP102164,ORD102164,PKG102164,2025-10-06,Khulna Hub,Pathao Courier,SEL1001,Bengal Emporium,Rangpur,8.87,Completed,1.42
SHP102165,ORD102165,PKG102165,2026-06-11,Sylhet Hub,Sundarban Courier,SEL1038,Royal Outlet,Khulna,5.56,Completed,2.16
SHP102166,ORD102166,PKG102166,2026-04-28,Khulna Hub,Steadfast Courier,SEL1025,Metro Hub,Sylhet,9.58,Completed,4.72
SHP102167,ORD102167,PKG102167,2026-03-02,Rangpur Hub,Pathao Courier,SEL1011,Elite Outlet,Chattogram,1.86,Completed,3.29
SHP102168,ORD102168,PKG102168,2025-10-20,Rangpur Hub,Sundarban Courier,SEL1008,Elite Depot,Chattogram,0.67,Failed,2.13
SHP102169,ORD102169,PKG102169,2026-08-11,Dhaka Hub,Sundarban Courier,SEL1003,Classic Fashion House,Sylhet,8.44,Completed,3.43
SHP102170,ORD102170,PKG102170,2026-02-01,Dhaka Hub,Sundarban Courier,SEL1038,Royal Outlet,Khulna,11.94,Completed,3.66
SHP102171,ORD102171,PKG102171,2025-09-16,Rajshahi Hub,RedX,SEL1041,Silver Hub,Chattogram,1.32,Completed,2.77
SHP102172,ORD102172,PKG102172,2025-11-12,Chattogram Hub,Pathao Courier,SEL1037,Royal Gallery,Dhaka,10.4,Completed,3.44
SHP102173,ORD102173,PKG102173,2026-01-17,Narayanganj Hub,Sundarban Courier,SEL1006,Delta Store,Rajshahi,4.75,Completed,1.54
SHP102174,ORD102174,PKG102174,2025-09-22,Rajshahi Hub,RedX,SEL1002,Bengal Hub,Barisal,0.4,Completed,1.96
SHP102175,ORD102175,PKG102175,2025-12-22,Dhaka Hub,Sundarban Courier,SEL1006,Delta Store,Rajshahi,6.22,Completed,3.15
SHP102176,ORD102176,PKG102176,2026-02-10,Dhaka Hub,Steadfast Courier,SEL1045,Smart Store,Dhaka,3.49,Completed,3.68
SHP102177,ORD102177,PKG102177,2026-07-26,Barisal Hub,Steadfast Courier,SEL1044,Smart Mart,Rangpur,8.38,Cancelled,
SHP102178,ORD102178,PKG102178,2025-09-30,Chattogram Hub,Pathao Courier,SEL1017,Golden Outlet,Khulna,3.6,Completed,3.06
SHP102179,ORD102179,PKG102179,2026-03-19,Dhaka Hub,Sundarban Courier,SEL1003,Classic Fashion House,Sylhet,5.88,Completed,3.6
SHP102180,ORD102180,PKG102180,2026-07-14,Dhaka Hub,Pathao Courier,SEL1019,Green Fashion House,Rajshahi,2.57,Completed,2.24
SHP102181,ORD102181,PKG102181,2026-06-06,Barisal Hub,Pathao Courier,SEL1048,Suncity Emporium,Dhaka,9.97,Completed,3.06
SHP102182,ORD102182,PKG102182,2026-07-18,Rajshahi Hub,Sundarban Courier,SEL1008,Elite Depot,Chattogram,11.12,Completed,4.17
SHP102183,ORD102183,PKG102183,2025-10-29,Dhaka Hub,RedX,SEL1047,Suncity Depot,Dhaka,4.96,Completed,3.5
SHP102184,ORD102184,PKG102184,2026-06-05,Rajshahi Hub,Sundarban Courier,SEL1027,Modern Corner,Comilla,5.5,Completed,2.52
SHP102185,ORD102185,PKG102185,2026-08-05,Rajshahi Hub,Pathao Courier,SEL1008,Elite Depot,Chattogram,11.8,Completed,2.79
SHP102186,ORD102186,PKG102186,2025-12-22,Rangpur Hub,Pathao Courier,SEL1056,Urban Store,Khulna,1.88,Pending,
SHP102187,ORD102187,PKG102187,2026-02-20,Dhaka Hub,Steadfast Courier,SEL1031,Prime Bazaar,Chattogram,9.74,Completed,2.44
SHP102188,ORD102188,PKG102188,2026-03-03,Dhaka Hub,Steadfast Courier,SEL1040,Silver Emporium,Barisal,6.89,Completed,2.33
SHP102189,ORD102189,PKG102189,2026-02-18,Rangpur Hub,Pathao Courier,SEL1005,Delta Corner,Khulna,10.59,Completed,2.25
SHP102190,ORD102190,PKG102190,2025-12-10,Sylhet Hub,RedX,SEL1022,Horizon Depot,Sylhet,3.65,Pending,
SHP102191,ORD102191,PKG102191,2026-08-02,Comilla Hub,Sundarban Courier,SEL1037,Royal Gallery,Dhaka,3.69,Completed,4.85
SHP102192,ORD102192,PKG102192,2026-07-28,Barisal Hub,RedX,SEL1038,Royal Outlet,Khulna,4.04,Completed,2.56
SHP102193,ORD102193,PKG102193,2026-01-10,Dhaka Hub,RedX,SEL1003,Classic Fashion House,Sylhet,0.4,Failed,2.45
SHP102194,ORD102194,PKG102194,2026-06-06,Sylhet Hub,Steadfast Courier,SEL1036,Royal Emporium,Comilla,2.2,Completed,2.35
SHP102195,ORD102195,PKG102195,2026-01-16,Chattogram Hub,Pathao Courier,SEL1056,Urban Store,Khulna,11.94,Completed,2.97
SHP102196,ORD102196,PKG102196,2026-06-03,Rangpur Hub,Sundarban Courier,SEL1047,Suncity Depot,Dhaka,3.14,Failed,5.55
SHP102197,ORD102197,PKG102197,2026-03-22,Dhaka Hub,Steadfast Courier,SEL1012,Elite Traders,Dhaka,0.44,Pending,
SHP102198,ORD102198,PKG102198,2026-02-10,Comilla Hub,Pathao Courier,SEL1054,Trendy Trading,Narayanganj,3.49,Completed,2.71
SHP102199,ORD102199,PKG102199,2025-10-15,Barisal Hub,Pathao Courier,SEL1040,Silver Emporium,Barisal,5.02,Completed,1.91
SHP102200,ORD102200,PKG102200,2026-04-15,Khulna Hub,eCourier,SEL1003,Classic Fashion House,Sylhet,6.66,Completed,2.51
SHP102201,ORD102201,PKG102201,2025-12-21,Khulna Hub,eCourier,SEL1007,Delta Trading,Dhaka,1.01,Completed,3.62
SHP102202,ORD102202,PKG102202,2025-11-15,Narayanganj Hub,RedX,SEL1055,Urban Collection,Chattogram,9.53,Completed,2.95
SHP102203,ORD102203,PKG102203,2025-11-06,Mymensingh Hub,eCourier,SEL1012,Elite Traders,Dhaka,9.94,Completed,3.83
SHP102204,ORD102204,PKG102204,2026-08-06,Comilla Hub,RedX,SEL1005,Delta Corner,Khulna,2.72,Failed,3.47
SHP102205,ORD102205,PKG102205,2025-10-06,Mymensingh Hub,Pathao Courier,SEL1027,Modern Corner,Comilla,9.62,Completed,2.02
SHP102206,ORD102206,PKG102206,2026-06-04,Chattogram Hub,RedX,SEL1031,Prime Bazaar,Chattogram,4.46,Completed,2.59
SHP102207,ORD102207,PKG102207,2026-06-27,Dhaka Hub,eCourier,SEL1034,Riverside Emporium,Dhaka,5.19,Completed,3.38
SHP102208,ORD102208,PKG102208,2025-09-11,Chattogram Hub,Steadfast Courier,SEL1039,Silver Depot,Dhaka,11.25,Completed,2.54
SHP102209,ORD102209,PKG102209,2026-03-23,Narayanganj Hub,Pathao Courier,SEL1059,Value Store,Dhaka,10.72,Completed,2.29
SHP102210,ORD102210,PKG102210,2026-03-19,Narayanganj Hub,Pathao Courier,SEL1045,Smart Store,Dhaka,4.63,Completed,1.85
SHP102211,ORD102211,PKG102211,2026-01-03,Dhaka Hub,eCourier,SEL1001,Bengal Emporium,Rangpur,5.96,Completed,3.52
SHP102212,ORD102212,PKG102212,2026-04-19,Dhaka Hub,Pathao Courier,SEL1005,Delta Corner,Khulna,3.58,Completed,2.68
SHP102213,ORD102213,PKG102213,2026-01-20,Rajshahi Hub,Pathao Courier,SEL1000,Bengal Bazaar,Mymensingh,6.28,Completed,2.43
SHP102214,ORD102214,PKG102214,2026-01-31,Khulna Hub,eCourier,SEL1023,Horizon Shop,Rangpur,8.25,Completed,1.61
SHP102215,ORD102215,PKG102215,2026-01-28,Khulna Hub,RedX,SEL1021,Horizon Collection,Narayanganj,1.29,Completed,2.01
SHP102216,ORD102216,PKG102216,2026-06-05,Comilla Hub,Sundarban Courier,SEL1056,Urban Store,Khulna,11.05,Pending,
SHP102217,ORD102217,PKG102217,2026-04-08,Khulna Hub,Pathao Courier,SEL1021,Horizon Collection,Narayanganj,8.68,Completed,1.95
SHP102218,ORD102218,PKG102218,2026-01-10,Khulna Hub,Pathao Courier,SEL1001,Bengal Emporium,Rangpur,1.34,Completed,2.25
SHP102219,ORD102219,PKG102219,2026-07-18,Rajshahi Hub,eCourier,SEL1053,Trendy Store,Chattogram,10.45,Completed,2.66
SHP102220,ORD102220,PKG102220,2026-06-05,Khulna Hub,Sundarban Courier,SEL1015,Fresh Trading,Dhaka,8.98,Completed,3.68
SHP102221,ORD102221,PKG102221,2026-07-20,Khulna Hub,Pathao Courier,SEL1054,Trendy Trading,Narayanganj,3.89,Failed,3.44
SHP102222,ORD102222,PKG102222,2026-05-11,Rangpur Hub,Sundarban Courier,SEL1046,Smart Traders,Comilla,6.35,Failed,4.09
SHP102223,ORD102223,PKG102223,2026-01-14,Comilla Hub,Pathao Courier,SEL1052,Trendy Collection,Rangpur,10.35,Failed,2.62
SHP102224,ORD102224,PKG102224,2026-05-26,Comilla Hub,Pathao Courier,SEL1049,Suncity Gallery,Khulna,11.62,Completed,1.88
SHP102225,ORD102225,PKG102225,2025-12-23,Rajshahi Hub,Pathao Courier,SEL1008,Elite Depot,Chattogram,3.52,Completed,4.68
SHP102226,ORD102226,PKG102226,2025-12-03,Dhaka Hub,RedX,SEL1037,Royal Gallery,Dhaka,7.88,Completed,2.71
SHP102227,ORD102227,PKG102227,2026-02-04,Mymensingh Hub,Pathao Courier,SEL1024,Metro Bazaar,Dhaka,10.35,Completed,4.03
SHP102228,ORD102228,PKG102228,2026-08-02,Barisal Hub,Sundarban Courier,SEL1037,Royal Gallery,Dhaka,11.86,Completed,1.0
SHP102229,ORD102229,PKG102229,2026-03-16,Chattogram Hub,Sundarban Courier,SEL1044,Smart Mart,Rangpur,1.03,Completed,4.34
SHP102230,ORD102230,PKG102230,2026-01-11,Rajshahi Hub,Sundarban Courier,SEL1030,Nova Retail,Dhaka,6.14,Failed,3.1
SHP102231,ORD102231,PKG102231,2026-02-07,Sylhet Hub,Pathao Courier,SEL1018,Golden Store,Chattogram,10.51,Completed,1.83
SHP102232,ORD102232,PKG102232,2025-12-10,Mymensingh Hub,Pathao Courier,SEL1054,Trendy Trading,Narayanganj,0.24,Completed,3.93
SHP102233,ORD102233,PKG102233,2026-04-16,Chattogram Hub,Pathao Courier,SEL1039,Silver Depot,Dhaka,5.36,Completed,3.26
SHP102234,ORD102234,PKG102234,2025-12-31,Sylhet Hub,Sundarban Courier,SEL1053,Trendy Store,Chattogram,7.09,Pending,
SHP102235,ORD102235,PKG102235,2026-03-11,Rangpur Hub,eCourier,SEL1014,Fresh Hub,Khulna,6.41,Completed,3.43
SHP102236,ORD102236,PKG102236,2026-01-06,Dhaka Hub,Pathao Courier,SEL1050,Suncity Retail,Chattogram,8.85,Cancelled,
SHP102237,ORD102237,PKG102237,2025-12-20,Khulna Hub,eCourier,SEL1019,Green Fashion House,Rajshahi,0.97,Pending,
SHP102238,ORD102238,PKG102238,2026-08-02,Sylhet Hub,eCourier,SEL1027,Modern Corner,Comilla,9.47,Completed,3.21
SHP102239,ORD102239,PKG102239,2025-12-29,Chattogram Hub,Pathao Courier,SEL1051,Suncity Shop,Mymensingh,3.54,Completed,3.04
SHP102240,ORD102240,PKG102240,2025-09-25,Dhaka Hub,Pathao Courier,SEL1021,Horizon Collection,Narayanganj,9.93,Completed,2.77
SHP102241,ORD102241,PKG102241,2026-01-09,Dhaka Hub,Pathao Courier,SEL1015,Fresh Trading,Dhaka,5.15,Completed,3.89
SHP102242,ORD102242,PKG102242,2026-03-04,Rajshahi Hub,Pathao Courier,SEL1054,Trendy Trading,Narayanganj,0.71,Failed,4.58
SHP102243,ORD102243,PKG102243,2025-10-03,Khulna Hub,RedX,SEL1057,Value Hub,Dhaka,11.57,Completed,3.11
SHP102244,ORD102244,PKG102244,2025-12-15,Comilla Hub,Pathao Courier,SEL1018,Golden Store,Chattogram,9.41,Completed,1.87
SHP102245,ORD102245,PKG102245,2025-10-28,Chattogram Hub,eCourier,SEL1018,Golden Store,Chattogram,4.3,Completed,3.82
SHP102246,ORD102246,PKG102246,2026-02-21,Dhaka Hub,Sundarban Courier,SEL1013,Elite Trading,Dhaka,3.39,Pending,
SHP102247,ORD102247,PKG102247,2026-05-09,Sylhet Hub,eCourier,SEL1001,Bengal Emporium,Rangpur,7.15,Completed,2.35
SHP102248,ORD102248,PKG102248,2026-08-02,Dhaka Hub,eCourier,SEL1033,Riverside Collection,Sylhet,11.85,Completed,3.89
SHP102249,ORD102249,PKG102249,2026-01-13,Dhaka Hub,RedX,SEL1015,Fresh Trading,Dhaka,3.62,Completed,3.25
SHP102250,ORD102250,PKG102250,2026-06-26,Rajshahi Hub,Steadfast Courier,SEL1050,Suncity Retail,Chattogram,11.39,Completed,2.33
SHP102251,ORD102251,PKG102251,2025-11-14,Sylhet Hub,Steadfast Courier,SEL1010,Elite Gallery,Sylhet,4.1,Completed,3.72
SHP102252,ORD102252,PKG102252,2026-05-29,Chattogram Hub,Sundarban Courier,SEL1038,Royal Outlet,Khulna,8.51,Completed,4.9
SHP102253,ORD102253,PKG102253,2026-03-14,Rangpur Hub,Pathao Courier,SEL1030,Nova Retail,Dhaka,4.7,Completed,2.93
SHP102254,ORD102254,PKG102254,2026-05-21,Chattogram Hub,Sundarban Courier,SEL1036,Royal Emporium,Comilla,1.2,Completed,4.48
SHP102255,ORD102255,PKG102255,2026-05-20,Dhaka Hub,Pathao Courier,SEL1006,Delta Store,Rajshahi,11.25,Completed,2.02
SHP102256,ORD102256,PKG102256,2026-03-04,Dhaka Hub,RedX,SEL1027,Modern Corner,Comilla,2.13,Completed,2.13
SHP102257,ORD102257,PKG102257,2025-11-29,Narayanganj Hub,Sundarban Courier,SEL1037,Royal Gallery,Dhaka,11.35,Completed,2.04
SHP102258,ORD102258,PKG102258,2026-03-02,Dhaka Hub,Sundarban Courier,SEL1020,Horizon Bazaar,Dhaka,1.42,Completed,5.38
SHP102259,ORD102259,PKG102259,2026-06-14,Chattogram Hub,eCourier,SEL1052,Trendy Collection,Rangpur,3.35,Completed,4.75
SHP102260,ORD102260,PKG102260,2026-08-02,Dhaka Hub,Pathao Courier,SEL1031,Prime Bazaar,Chattogram,11.07,Completed,2.13
SHP102261,ORD102261,PKG102261,2026-07-18,Rajshahi Hub,RedX,SEL1021,Horizon Collection,Narayanganj,7.97,Completed,3.69
SHP102262,ORD102262,PKG102262,2025-11-02,Dhaka Hub,Sundarban Courier,SEL1001,Bengal Emporium,Rangpur,2.44,Completed,4.74
SHP102263,ORD102263,PKG102263,2026-03-26,Dhaka Hub,eCourier,SEL1010,Elite Gallery,Sylhet,7.19,Completed,2.86
SHP102264,ORD102264,PKG102264,2025-10-07,Khulna Hub,RedX,SEL1028,Modern Depot,Khulna,2.33,Completed,3.15
SHP102265,ORD102265,PKG102265,2026-04-20,Rangpur Hub,Pathao Courier,SEL1024,Metro Bazaar,Dhaka,10.52,Completed,2.47
SHP102266,ORD102266,PKG102266,2026-08-10,Rajshahi Hub,RedX,SEL1052,Trendy Collection,Rangpur,0.79,Completed,3.12
SHP102267,ORD102267,PKG102267,2025-09-19,Sylhet Hub,Pathao Courier,SEL1047,Suncity Depot,Dhaka,6.45,Pending,
SHP102268,ORD102268,PKG102268,2026-04-16,Narayanganj Hub,eCourier,SEL1009,Elite Emporium,Dhaka,0.95,Completed,2.11
SHP102269,ORD102269,PKG102269,2026-07-25,Chattogram Hub,RedX,SEL1035,Riverside Gallery,Mymensingh,8.4,Completed,2.39
SHP102270,ORD102270,PKG102270,2026-06-21,Sylhet Hub,Sundarban Courier,SEL1027,Modern Corner,Comilla,11.24,Completed,2.83
SHP102271,ORD102271,PKG102271,2026-01-14,Dhaka Hub,RedX,SEL1006,Delta Store,Rajshahi,10.01,Cancelled,
SHP102272,ORD102272,PKG102272,2025-10-06,Khulna Hub,eCourier,SEL1039,Silver Depot,Dhaka,4.59,Pending,
SHP102273,ORD102273,PKG102273,2026-07-17,Sylhet Hub,eCourier,SEL1032,Prime Trading,Khulna,3.0,Completed,2.96
SHP102274,ORD102274,PKG102274,2026-07-16,Rangpur Hub,RedX,SEL1005,Delta Corner,Khulna,1.63,Completed,3.43
SHP102275,ORD102275,PKG102275,2026-03-20,Sylhet Hub,eCourier,SEL1028,Modern Depot,Khulna,10.51,Cancelled,
SHP102276,ORD102276,PKG102276,2026-08-05,Dhaka Hub,Sundarban Courier,SEL1043,Smart Emporium,Barisal,1.16,Completed,2.4
SHP102277,ORD102277,PKG102277,2025-09-02,Narayanganj Hub,eCourier,SEL1019,Green Fashion House,Rajshahi,7.62,Failed,1.22
SHP102278,ORD102278,PKG102278,2026-04-02,Dhaka Hub,eCourier,SEL1021,Horizon Collection,Narayanganj,4.53,Completed,3.11
SHP102279,ORD102279,PKG102279,2025-09-14,Dhaka Hub,Pathao Courier,SEL1006,Delta Store,Rajshahi,11.95,Completed,2.3
SHP102280,ORD102280,PKG102280,2026-07-21,Comilla Hub,Pathao Courier,SEL1012,Elite Traders,Dhaka,6.2,Completed,3.0
SHP102281,ORD102281,PKG102281,2026-04-24,Rajshahi Hub,Pathao Courier,SEL1058,Value Mart,Comilla,6.68,Completed,3.05
SHP102282,ORD102282,PKG102282,2026-07-14,Comilla Hub,Pathao Courier,SEL1037,Royal Gallery,Dhaka,11.03,Completed,3.52
SHP102283,ORD102283,PKG102283,2026-03-14,Chattogram Hub,Sundarban Courier,SEL1010,Elite Gallery,Sylhet,11.64,Completed,2.96
SHP102284,ORD102284,PKG102284,2025-09-29,Dhaka Hub,Pathao Courier,SEL1028,Modern Depot,Khulna,7.09,Completed,4.64
SHP102285,ORD102285,PKG102285,2025-09-10,Sylhet Hub,RedX,SEL1011,Elite Outlet,Chattogram,9.59,Completed,2.31
SHP102286,ORD102286,PKG102286,2025-12-26,Dhaka Hub,Pathao Courier,SEL1026,Metro Outlet,Sylhet,7.69,Pending,
SHP102287,ORD102287,PKG102287,2026-05-16,Barisal Hub,Pathao Courier,SEL1008,Elite Depot,Chattogram,5.24,Completed,1.9
SHP102288,ORD102288,PKG102288,2025-10-23,Dhaka Hub,RedX,SEL1037,Royal Gallery,Dhaka,0.88,Completed,2.49
SHP102289,ORD102289,PKG102289,2026-06-22,Dhaka Hub,Sundarban Courier,SEL1034,Riverside Emporium,Dhaka,8.67,Completed,4.55
SHP102290,ORD102290,PKG102290,2025-11-22,Sylhet Hub,Sundarban Courier,SEL1038,Royal Outlet,Khulna,8.46,Completed,2.19
SHP102291,ORD102291,PKG102291,2026-02-19,Chattogram Hub,eCourier,SEL1026,Metro Outlet,Sylhet,1.58,Completed,4.24
SHP102292,ORD102292,PKG102292,2025-11-10,Dhaka Hub,Steadfast Courier,SEL1017,Golden Outlet,Khulna,2.91,Completed,4.22
SHP102293,ORD102293,PKG102293,2026-02-09,Chattogram Hub,RedX,SEL1014,Fresh Hub,Khulna,8.84,Completed,3.39
SHP102294,ORD102294,PKG102294,2026-02-04,Chattogram Hub,Pathao Courier,SEL1012,Elite Traders,Dhaka,1.97,Completed,3.81
SHP102295,ORD102295,PKG102295,2025-09-02,Sylhet Hub,Pathao Courier,SEL1025,Metro Hub,Sylhet,8.35,Completed,1.17
SHP102296,ORD102296,PKG102296,2026-03-16,Khulna Hub,Steadfast Courier,SEL1027,Modern Corner,Comilla,8.67,Completed,3.85
SHP102297,ORD102297,PKG102297,2026-05-31,Khulna Hub,RedX,SEL1040,Silver Emporium,Barisal,4.37,Completed,3.04
SHP102298,ORD102298,PKG102298,2026-07-21,Rajshahi Hub,eCourier,SEL1003,Classic Fashion House,Sylhet,3.25,Completed,2.89
SHP102299,ORD102299,PKG102299,2025-12-24,Dhaka Hub,RedX,SEL1016,Golden Hub,Comilla,4.6,Completed,3.19
SHP102300,ORD102300,PKG102300,2026-07-02,Dhaka Hub,Pathao Courier,SEL1051,Suncity Shop,Mymensingh,4.44,Completed,2.04
SHP102301,ORD102301,PKG102301,2026-07-02,Comilla Hub,Sundarban Courier,SEL1054,Trendy Trading,Narayanganj,7.36,Completed,5.37
SHP102302,ORD102302,PKG102302,2026-08-08,Dhaka Hub,eCourier,SEL1055,Urban Collection,Chattogram,8.98,Completed,5.34
SHP102303,ORD102303,PKG102303,2026-01-08,Mymensingh Hub,Steadfast Courier,SEL1018,Golden Store,Chattogram,10.37,Completed,3.34
SHP102304,ORD102304,PKG102304,2026-06-22,Dhaka Hub,Pathao Courier,SEL1008,Elite Depot,Chattogram,0.55,Pending,
SHP102305,ORD102305,PKG102305,2026-03-15,Barisal Hub,RedX,SEL1011,Elite Outlet,Chattogram,8.77,Completed,1.79
SHP102306,ORD102306,PKG102306,2025-09-21,Rajshahi Hub,Pathao Courier,SEL1007,Delta Trading,Dhaka,3.91,Completed,1.68
SHP102307,ORD102307,PKG102307,2025-12-03,Sylhet Hub,Steadfast Courier,SEL1057,Value Hub,Dhaka,10.1,Completed,3.3
SHP102308,ORD102308,PKG102308,2026-04-21,Chattogram Hub,Pathao Courier,SEL1053,Trendy Store,Chattogram,1.09,Completed,3.25
SHP102309,ORD102309,PKG102309,2025-10-26,Mymensingh Hub,eCourier,SEL1048,Suncity Emporium,Dhaka,6.7,Completed,4.38
SHP102310,ORD102310,PKG102310,2026-01-29,Barisal Hub,Pathao Courier,SEL1043,Smart Emporium,Barisal,6.67,Completed,3.34
SHP102311,ORD102311,PKG102311,2026-05-27,Rajshahi Hub,RedX,SEL1020,Horizon Bazaar,Dhaka,4.05,Completed,2.77
SHP102312,ORD102312,PKG102312,2025-10-22,Comilla Hub,RedX,SEL1028,Modern Depot,Khulna,11.65,Completed,3.06
SHP102313,ORD102313,PKG102313,2026-02-19,Dhaka Hub,Sundarban Courier,SEL1050,Suncity Retail,Chattogram,1.46,Completed,3.11
SHP102314,ORD102314,PKG102314,2025-11-14,Rangpur Hub,eCourier,SEL1048,Suncity Emporium,Dhaka,1.81,Completed,2.77
SHP102315,ORD102315,PKG102315,2026-03-05,Narayanganj Hub,Steadfast Courier,SEL1031,Prime Bazaar,Chattogram,7.8,Completed,2.2
SHP102316,ORD102316,PKG102316,2025-11-23,Narayanganj Hub,eCourier,SEL1050,Suncity Retail,Chattogram,6.27,Completed,2.14
SHP102317,ORD102317,PKG102317,2026-08-01,Dhaka Hub,Sundarban Courier,SEL1020,Horizon Bazaar,Dhaka,3.32,Completed,4.26
SHP102318,ORD102318,PKG102318,2025-09-27,Rangpur Hub,eCourier,SEL1024,Metro Bazaar,Dhaka,3.79,Completed,2.68
SHP102319,ORD102319,PKG102319,2026-07-31,Dhaka Hub,RedX,SEL1050,Suncity Retail,Chattogram,2.05,Completed,2.14
SHP102320,ORD102320,PKG102320,2026-06-01,Barisal Hub,RedX,SEL1022,Horizon Depot,Sylhet,10.44,Cancelled,
SHP102321,ORD102321,PKG102321,2026-06-24,Rajshahi Hub,Sundarban Courier,SEL1045,Smart Store,Dhaka,6.92,Failed,3.46
SHP102322,ORD102322,PKG102322,2026-06-22,Sylhet Hub,RedX,SEL1027,Modern Corner,Comilla,3.09,Completed,2.08
SHP102323,ORD102323,PKG102323,2025-11-04,Chattogram Hub,Pathao Courier,SEL1017,Golden Outlet,Khulna,4.84,Completed,3.31
SHP102324,ORD102324,PKG102324,2026-07-20,Dhaka Hub,Sundarban Courier,SEL1013,Elite Trading,Dhaka,10.9,Completed,3.24
SHP102325,ORD102325,PKG102325,2026-03-25,Chattogram Hub,Pathao Courier,SEL1036,Royal Emporium,Comilla,10.66,Completed,3.85
SHP102326,ORD102326,PKG102326,2026-07-30,Dhaka Hub,Sundarban Courier,SEL1028,Modern Depot,Khulna,1.02,Completed,4.61
SHP102327,ORD102327,PKG102327,2026-07-01,Chattogram Hub,Pathao Courier,SEL1022,Horizon Depot,Sylhet,7.92,Completed,3.66
SHP102328,ORD102328,PKG102328,2026-03-20,Khulna Hub,Pathao Courier,SEL1044,Smart Mart,Rangpur,2.01,Completed,2.54
SHP102329,ORD102329,PKG102329,2026-01-08,Khulna Hub,eCourier,SEL1000,Bengal Bazaar,Mymensingh,2.69,Completed,2.09
SHP102330,ORD102330,PKG102330,2025-10-11,Khulna Hub,RedX,SEL1005,Delta Corner,Khulna,10.4,Completed,3.94
SHP102331,ORD102331,PKG102331,2025-10-05,Barisal Hub,Pathao Courier,SEL1057,Value Hub,Dhaka,10.76,Completed,1.88
SHP102332,ORD102332,PKG102332,2026-01-13,Dhaka Hub,eCourier,SEL1039,Silver Depot,Dhaka,1.18,Failed,4.24
SHP102333,ORD102333,PKG102333,2026-06-08,Mymensingh Hub,Steadfast Courier,SEL1032,Prime Trading,Khulna,10.51,Completed,4.91
SHP102334,ORD102334,PKG102334,2026-02-22,Chattogram Hub,Steadfast Courier,SEL1000,Bengal Bazaar,Mymensingh,8.8,Completed,4.39
SHP102335,ORD102335,PKG102335,2026-02-14,Dhaka Hub,eCourier,SEL1035,Riverside Gallery,Mymensingh,9.35,Completed,3.98
SHP102336,ORD102336,PKG102336,2025-11-24,Dhaka Hub,Steadfast Courier,SEL1026,Metro Outlet,Sylhet,9.54,Completed,3.77
SHP102337,ORD102337,PKG102337,2026-03-15,Rangpur Hub,RedX,SEL1035,Riverside Gallery,Mymensingh,6.19,Completed,2.63
SHP102338,ORD102338,PKG102338,2026-04-09,Sylhet Hub,Steadfast Courier,SEL1002,Bengal Hub,Barisal,11.37,Completed,1.59
SHP102339,ORD102339,PKG102339,2026-08-06,Dhaka Hub,Steadfast Courier,SEL1033,Riverside Collection,Sylhet,2.56,Completed,3.71
SHP102340,ORD102340,PKG102340,2026-05-11,Comilla Hub,Sundarban Courier,SEL1034,Riverside Emporium,Dhaka,6.16,Failed,3.04
SHP102341,ORD102341,PKG102341,2026-03-30,Khulna Hub,Steadfast Courier,SEL1017,Golden Outlet,Khulna,3.96,Completed,2.99
SHP102342,ORD102342,PKG102342,2026-07-12,Rajshahi Hub,eCourier,SEL1003,Classic Fashion House,Sylhet,9.9,Completed,2.52
SHP102343,ORD102343,PKG102343,2026-01-26,Dhaka Hub,eCourier,SEL1058,Value Mart,Comilla,1.18,Completed,3.71
SHP102344,ORD102344,PKG102344,2026-07-21,Chattogram Hub,Steadfast Courier,SEL1042,Smart Bazaar,Rajshahi,5.32,Completed,3.99
SHP102345,ORD102345,PKG102345,2026-01-07,Chattogram Hub,Sundarban Courier,SEL1037,Royal Gallery,Dhaka,9.33,Completed,4.15
SHP102346,ORD102346,PKG102346,2025-10-15,Dhaka Hub,Sundarban Courier,SEL1046,Smart Traders,Comilla,3.89,Completed,3.49
SHP102347,ORD102347,PKG102347,2026-01-23,Comilla Hub,RedX,SEL1040,Silver Emporium,Barisal,3.04,Completed,4.28
SHP102348,ORD102348,PKG102348,2025-10-15,Dhaka Hub,eCourier,SEL1008,Elite Depot,Chattogram,3.3,Completed,2.76
SHP102349,ORD102349,PKG102349,2025-10-11,Dhaka Hub,Steadfast Courier,SEL1027,Modern Corner,Comilla,8.62,Completed,3.03
SHP102350,ORD102350,PKG102350,2026-07-02,Chattogram Hub,Steadfast Courier,SEL1053,Trendy Store,Chattogram,3.58,Completed,4.24
SHP102351,ORD102351,PKG102351,2026-06-02,Rajshahi Hub,eCourier,SEL1017,Golden Outlet,Khulna,4.95,Completed,3.01
SHP102352,ORD102352,PKG102352,2025-11-16,Chattogram Hub,Steadfast Courier,SEL1058,Value Mart,Comilla,6.64,Pending,
SHP102353,ORD102353,PKG102353,2026-06-17,Dhaka Hub,Pathao Courier,SEL1003,Classic Fashion House,Sylhet,11.3,Completed,3.61
SHP102354,ORD102354,PKG102354,2025-09-24,Dhaka Hub,Steadfast Courier,SEL1019,Green Fashion House,Rajshahi,9.57,Completed,4.16
SHP102355,ORD102355,PKG102355,2025-12-08,Mymensingh Hub,Pathao Courier,SEL1021,Horizon Collection,Narayanganj,2.39,Failed,3.42
SHP102356,ORD102356,PKG102356,2026-05-03,Barisal Hub,RedX,SEL1037,Royal Gallery,Dhaka,10.62,Completed,2.18
SHP102357,ORD102357,PKG102357,2025-12-15,Rajshahi Hub,Pathao Courier,SEL1010,Elite Gallery,Sylhet,10.17,Completed,2.69
SHP102358,ORD102358,PKG102358,2026-05-11,Barisal Hub,RedX,SEL1013,Elite Trading,Dhaka,8.99,Completed,1.26
SHP102359,ORD102359,PKG102359,2026-06-30,Mymensingh Hub,Sundarban Courier,SEL1039,Silver Depot,Dhaka,6.3,Completed,4.65
SHP102360,ORD102360,PKG102360,2025-09-23,Dhaka Hub,Pathao Courier,SEL1017,Golden Outlet,Khulna,1.02,Completed,1.69
SHP102361,ORD102361,PKG102361,2025-09-09,Rangpur Hub,RedX,SEL1052,Trendy Collection,Rangpur,8.6,Completed,3.05
SHP102362,ORD102362,PKG102362,2026-07-23,Dhaka Hub,eCourier,SEL1052,Trendy Collection,Rangpur,6.32,Completed,1.82
SHP102363,ORD102363,PKG102363,2026-02-28,Comilla Hub,Pathao Courier,SEL1018,Golden Store,Chattogram,3.86,Completed,2.39
SHP102364,ORD102364,PKG102364,2026-02-23,Khulna Hub,RedX,SEL1033,Riverside Collection,Sylhet,0.32,Completed,3.38
SHP102365,ORD102365,PKG102365,2026-02-08,Rangpur Hub,Pathao Courier,SEL1019,Green Fashion House,Rajshahi,2.93,Failed,3.27
SHP102366,ORD102366,PKG102366,2026-01-29,Sylhet Hub,Pathao Courier,SEL1020,Horizon Bazaar,Dhaka,7.35,Completed,2.14
SHP102367,ORD102367,PKG102367,2026-04-27,Chattogram Hub,Pathao Courier,SEL1040,Silver Emporium,Barisal,1.53,Completed,3.13
SHP102368,ORD102368,PKG102368,2026-03-20,Barisal Hub,RedX,SEL1017,Golden Outlet,Khulna,7.93,Completed,1.29
SHP102369,ORD102369,PKG102369,2025-10-27,Chattogram Hub,eCourier,SEL1008,Elite Depot,Chattogram,9.87,Completed,3.62
SHP102370,ORD102370,PKG102370,2026-04-05,Rajshahi Hub,RedX,SEL1015,Fresh Trading,Dhaka,3.95,Failed,2.88
SHP102371,ORD102371,PKG102371,2026-04-20,Dhaka Hub,eCourier,SEL1055,Urban Collection,Chattogram,1.17,Completed,3.13
SHP102372,ORD102372,PKG102372,2025-10-10,Mymensingh Hub,RedX,SEL1015,Fresh Trading,Dhaka,1.85,Completed,1.74
SHP102373,ORD102373,PKG102373,2026-01-09,Dhaka Hub,eCourier,SEL1021,Horizon Collection,Narayanganj,4.42,Completed,2.45
SHP102374,ORD102374,PKG102374,2026-06-01,Rajshahi Hub,Steadfast Courier,SEL1037,Royal Gallery,Dhaka,9.8,Completed,2.26
SHP102375,ORD102375,PKG102375,2026-04-03,Mymensingh Hub,Sundarban Courier,SEL1006,Delta Store,Rajshahi,7.68,Completed,4.33
SHP102376,ORD102376,PKG102376,2025-10-18,Barisal Hub,Pathao Courier,SEL1016,Golden Hub,Comilla,10.44,Completed,1.8
SHP102377,ORD102377,PKG102377,2025-09-14,Sylhet Hub,Pathao Courier,SEL1010,Elite Gallery,Sylhet,11.93,Completed,1.42
SHP102378,ORD102378,PKG102378,2026-03-21,Khulna Hub,RedX,SEL1055,Urban Collection,Chattogram,2.59,Completed,3.21
SHP102379,ORD102379,PKG102379,2026-02-07,Sylhet Hub,RedX,SEL1055,Urban Collection,Chattogram,8.4,Completed,0.65
SHP102380,ORD102380,PKG102380,2026-07-30,Dhaka Hub,Pathao Courier,SEL1045,Smart Store,Dhaka,5.7,Completed,2.32
SHP102381,ORD102381,PKG102381,2026-02-28,Rangpur Hub,Steadfast Courier,SEL1014,Fresh Hub,Khulna,6.02,Failed,3.83
SHP102382,ORD102382,PKG102382,2026-07-20,Narayanganj Hub,Steadfast Courier,SEL1036,Royal Emporium,Comilla,4.04,Completed,2.67
SHP102383,ORD102383,PKG102383,2025-11-14,Barisal Hub,Pathao Courier,SEL1039,Silver Depot,Dhaka,4.24,Completed,1.81
SHP102384,ORD102384,PKG102384,2026-02-02,Comilla Hub,Pathao Courier,SEL1052,Trendy Collection,Rangpur,8.18,Completed,3.74
SHP102385,ORD102385,PKG102385,2025-10-19,Mymensingh Hub,Pathao Courier,SEL1009,Elite Emporium,Dhaka,7.53,Completed,3.57
SHP102386,ORD102386,PKG102386,2026-03-18,Chattogram Hub,Sundarban Courier,SEL1044,Smart Mart,Rangpur,3.96,Completed,4.65
SHP102387,ORD102387,PKG102387,2025-11-05,Chattogram Hub,eCourier,SEL1011,Elite Outlet,Chattogram,1.6,Completed,4.44
SHP102388,ORD102388,PKG102388,2026-02-18,Sylhet Hub,RedX,SEL1034,Riverside Emporium,Dhaka,7.02,Completed,2.32
SHP102389,ORD102389,PKG102389,2025-12-29,Dhaka Hub,Pathao Courier,SEL1052,Trendy Collection,Rangpur,8.92,Completed,3.77
SHP102390,ORD102390,PKG102390,2025-11-04,Dhaka Hub,Sundarban Courier,SEL1003,Classic Fashion House,Sylhet,6.79,Failed,3.59
SHP102391,ORD102391,PKG102391,2025-10-04,Dhaka Hub,Pathao Courier,SEL1008,Elite Depot,Chattogram,0.24,Completed,2.67
SHP102392,ORD102392,PKG102392,2026-02-25,Khulna Hub,Sundarban Courier,SEL1048,Suncity Emporium,Dhaka,3.53,Completed,4.06
SHP102393,ORD102393,PKG102393,2026-07-25,Khulna Hub,Sundarban Courier,SEL1001,Bengal Emporium,Rangpur,9.39,Completed,3.94
SHP102394,ORD102394,PKG102394,2025-11-08,Dhaka Hub,RedX,SEL1041,Silver Hub,Chattogram,8.96,Completed,3.98
SHP102395,ORD102395,PKG102395,2026-01-19,Dhaka Hub,RedX,SEL1030,Nova Retail,Dhaka,0.32,Completed,3.05
SHP102396,ORD102396,PKG102396,2025-11-17,Rangpur Hub,Steadfast Courier,SEL1020,Horizon Bazaar,Dhaka,5.75,Completed,2.77
SHP102397,ORD102397,PKG102397,2026-06-07,Khulna Hub,Pathao Courier,SEL1051,Suncity Shop,Mymensingh,5.36,Completed,1.9
SHP102398,ORD102398,PKG102398,2026-01-22,Rangpur Hub,eCourier,SEL1050,Suncity Retail,Chattogram,7.9,Completed,4.54
SHP102399,ORD102399,PKG102399,2026-08-04,Dhaka Hub,Pathao Courier,SEL1019,Green Fashion House,Rajshahi,1.67,Completed,2.58
SHP102400,ORD102400,PKG102400,2025-11-24,Khulna Hub,Sundarban Courier,SEL1000,Bengal Bazaar,Mymensingh,7.53,Completed,4.15
SHP102401,ORD102401,PKG102401,2025-09-28,Dhaka Hub,Steadfast Courier,SEL1007,Delta Trading,Dhaka,11.37,Failed,3.14
SHP102402,ORD102402,PKG102402,2026-03-21,Narayanganj Hub,RedX,SEL1006,Delta Store,Rajshahi,4.59,Pending,
SHP102403,ORD102403,PKG102403,2026-04-14,Comilla Hub,Pathao Courier,SEL1058,Value Mart,Comilla,4.18,Completed,2.7
SHP102404,ORD102404,PKG102404,2026-08-09,Chattogram Hub,Sundarban Courier,SEL1035,Riverside Gallery,Mymensingh,0.53,Pending,
SHP102405,ORD102405,PKG102405,2026-06-29,Dhaka Hub,eCourier,SEL1040,Silver Emporium,Barisal,0.88,Completed,2.93
SHP102406,ORD102406,PKG102406,2026-07-03,Dhaka Hub,Steadfast Courier,SEL1013,Elite Trading,Dhaka,11.19,Completed,5.1
SHP102407,ORD102407,PKG102407,2026-04-08,Dhaka Hub,RedX,SEL1051,Suncity Shop,Mymensingh,11.71,Failed,2.15
SHP102408,ORD102408,PKG102408,2026-01-03,Rajshahi Hub,Pathao Courier,SEL1043,Smart Emporium,Barisal,0.27,Completed,2.93
SHP102409,ORD102409,PKG102409,2026-01-27,Dhaka Hub,Sundarban Courier,SEL1045,Smart Store,Dhaka,10.83,Completed,5.78
SHP102410,ORD102410,PKG102410,2025-10-17,Dhaka Hub,Pathao Courier,SEL1028,Modern Depot,Khulna,2.25,Completed,3.61
SHP102411,ORD102411,PKG102411,2026-01-28,Chattogram Hub,Pathao Courier,SEL1041,Silver Hub,Chattogram,6.82,Completed,3.43
SHP102412,ORD102412,PKG102412,2026-01-05,Rangpur Hub,RedX,SEL1032,Prime Trading,Khulna,8.2,Completed,2.9
SHP102413,ORD102413,PKG102413,2025-09-13,Dhaka Hub,eCourier,SEL1023,Horizon Shop,Rangpur,4.44,Completed,2.74
SHP102414,ORD102414,PKG102414,2025-11-10,Dhaka Hub,Pathao Courier,SEL1035,Riverside Gallery,Mymensingh,6.44,Completed,4.01
SHP102415,ORD102415,PKG102415,2026-03-04,Dhaka Hub,eCourier,SEL1019,Green Fashion House,Rajshahi,7.6,Failed,3.15
SHP102416,ORD102416,PKG102416,2026-01-06,Dhaka Hub,eCourier,SEL1057,Value Hub,Dhaka,2.49,Cancelled,
SHP102417,ORD102417,PKG102417,2026-08-10,Dhaka Hub,eCourier,SEL1043,Smart Emporium,Barisal,11.93,Completed,2.7
SHP102418,ORD102418,PKG102418,2026-02-13,Rangpur Hub,Pathao Courier,SEL1044,Smart Mart,Rangpur,2.61,Completed,2.73
SHP102419,ORD102419,PKG102419,2026-07-29,Narayanganj Hub,Sundarban Courier,SEL1043,Smart Emporium,Barisal,0.32,Failed,2.8
SHP102420,ORD102420,PKG102420,2026-04-17,Dhaka Hub,Pathao Courier,SEL1026,Metro Outlet,Sylhet,11.34,Completed,3.6
SHP102421,ORD102421,PKG102421,2025-09-14,Dhaka Hub,Pathao Courier,SEL1057,Value Hub,Dhaka,5.26,Pending,
SHP102422,ORD102422,PKG102422,2025-11-10,Dhaka Hub,Sundarban Courier,SEL1012,Elite Traders,Dhaka,4.9,Completed,4.55
SHP102423,ORD102423,PKG102423,2026-05-03,Dhaka Hub,Sundarban Courier,SEL1034,Riverside Emporium,Dhaka,3.45,Failed,2.19
SHP102424,ORD102424,PKG102424,2026-03-08,Mymensingh Hub,Pathao Courier,SEL1004,Classic Mart,Rajshahi,0.5,Completed,4.37
SHP102425,ORD102425,PKG102425,2025-12-14,Khulna Hub,Pathao Courier,SEL1017,Golden Outlet,Khulna,3.32,Completed,2.0
SHP102426,ORD102426,PKG102426,2026-02-28,Chattogram Hub,Steadfast Courier,SEL1034,Riverside Emporium,Dhaka,4.84,Pending,
SHP102427,ORD102427,PKG102427,2026-07-10,Dhaka Hub,eCourier,SEL1029,Modern Emporium,Sylhet,6.34,Completed,1.14
SHP102428,ORD102428,PKG102428,2026-01-13,Dhaka Hub,Sundarban Courier,SEL1056,Urban Store,Khulna,5.6,Failed,3.83
SHP102429,ORD102429,PKG102429,2025-09-16,Dhaka Hub,Steadfast Courier,SEL1036,Royal Emporium,Comilla,10.57,Completed,3.82
SHP102430,ORD102430,PKG102430,2025-12-17,Rajshahi Hub,Pathao Courier,SEL1024,Metro Bazaar,Dhaka,10.95,Completed,1.95
SHP102431,ORD102431,PKG102431,2026-07-21,Rajshahi Hub,Sundarban Courier,SEL1025,Metro Hub,Sylhet,3.94,Completed,3.41
SHP102432,ORD102432,PKG102432,2026-05-22,Dhaka Hub,eCourier,SEL1036,Royal Emporium,Comilla,11.52,Failed,3.96
SHP102433,ORD102433,PKG102433,2026-06-17,Dhaka Hub,Sundarban Courier,SEL1047,Suncity Depot,Dhaka,10.41,Completed,4.3
SHP102434,ORD102434,PKG102434,2026-07-13,Mymensingh Hub,Pathao Courier,SEL1016,Golden Hub,Comilla,11.15,Completed,2.3
SHP102435,ORD102435,PKG102435,2025-10-11,Khulna Hub,Sundarban Courier,SEL1035,Riverside Gallery,Mymensingh,8.53,Completed,4.62
SHP102436,ORD102436,PKG102436,2025-12-07,Dhaka Hub,RedX,SEL1034,Riverside Emporium,Dhaka,2.54,Completed,3.88
SHP102437,ORD102437,PKG102437,2025-09-21,Rajshahi Hub,RedX,SEL1000,Bengal Bazaar,Mymensingh,2.5,Completed,3.25
SHP102438,ORD102438,PKG102438,2025-09-02,Mymensingh Hub,Sundarban Courier,SEL1054,Trendy Trading,Narayanganj,10.92,Completed,3.66
SHP102439,ORD102439,PKG102439,2026-06-16,Chattogram Hub,Sundarban Courier,SEL1034,Riverside Emporium,Dhaka,6.18,Failed,3.84
SHP102440,ORD102440,PKG102440,2026-07-22,Rangpur Hub,Pathao Courier,SEL1014,Fresh Hub,Khulna,10.71,Completed,3.0
SHP102441,ORD102441,PKG102441,2025-10-24,Mymensingh Hub,RedX,SEL1038,Royal Outlet,Khulna,8.7,Completed,3.61
SHP102442,ORD102442,PKG102442,2026-05-08,Chattogram Hub,Pathao Courier,SEL1040,Silver Emporium,Barisal,2.71,Completed,4.06
SHP102443,ORD102443,PKG102443,2026-03-05,Comilla Hub,Steadfast Courier,SEL1054,Trendy Trading,Narayanganj,4.74,Completed,2.87
SHP102444,ORD102444,PKG102444,2025-09-24,Chattogram Hub,eCourier,SEL1002,Bengal Hub,Barisal,11.62,Completed,3.97
SHP102445,ORD102445,PKG102445,2026-07-14,Dhaka Hub,Sundarban Courier,SEL1024,Metro Bazaar,Dhaka,0.43,Completed,3.21
SHP102446,ORD102446,PKG102446,2026-06-29,Rangpur Hub,eCourier,SEL1010,Elite Gallery,Sylhet,8.63,Completed,2.74
SHP102447,ORD102447,PKG102447,2026-03-16,Dhaka Hub,Pathao Courier,SEL1034,Riverside Emporium,Dhaka,11.75,Completed,3.12
SHP102448,ORD102448,PKG102448,2026-05-03,Dhaka Hub,Sundarban Courier,SEL1030,Nova Retail,Dhaka,1.43,Completed,3.73
SHP102449,ORD102449,PKG102449,2026-01-16,Rajshahi Hub,Sundarban Courier,SEL1028,Modern Depot,Khulna,3.41,Completed,3.71
SHP102450,ORD102450,PKG102450,2026-06-02,Khulna Hub,Sundarban Courier,SEL1058,Value Mart,Comilla,6.65,Completed,3.52
SHP102451,ORD102451,PKG102451,2026-02-01,Dhaka Hub,eCourier,SEL1031,Prime Bazaar,Chattogram,10.16,Completed,3.78
SHP102452,ORD102452,PKG102452,2026-08-09,Rangpur Hub,Steadfast Courier,SEL1024,Metro Bazaar,Dhaka,6.18,Completed,2.49
SHP102453,ORD102453,PKG102453,2025-09-22,Dhaka Hub,Sundarban Courier,SEL1004,Classic Mart,Rajshahi,0.9,Completed,3.47
SHP102454,ORD102454,PKG102454,2025-10-30,Dhaka Hub,Sundarban Courier,SEL1017,Golden Outlet,Khulna,1.7,Completed,3.01
SHP102455,ORD102455,PKG102455,2026-08-02,Rajshahi Hub,RedX,SEL1053,Trendy Store,Chattogram,4.64,Completed,2.6
SHP102456,ORD102456,PKG102456,2025-12-09,Rangpur Hub,Sundarban Courier,SEL1027,Modern Corner,Comilla,4.01,Completed,5.2
SHP102457,ORD102457,PKG102457,2025-12-17,Sylhet Hub,Pathao Courier,SEL1054,Trendy Trading,Narayanganj,2.79,Completed,2.41
SHP102458,ORD102458,PKG102458,2026-06-01,Sylhet Hub,Steadfast Courier,SEL1031,Prime Bazaar,Chattogram,10.11,Completed,2.32
SHP102459,ORD102459,PKG102459,2025-11-05,Comilla Hub,eCourier,SEL1032,Prime Trading,Khulna,0.52,Completed,3.46
SHP102460,ORD102460,PKG102460,2026-02-25,Chattogram Hub,Steadfast Courier,SEL1025,Metro Hub,Sylhet,9.99,Completed,3.42
SHP102461,ORD102461,PKG102461,2025-12-08,Khulna Hub,Pathao Courier,SEL1033,Riverside Collection,Sylhet,11.08,Completed,3.72
SHP102462,ORD102462,PKG102462,2025-11-08,Rajshahi Hub,Pathao Courier,SEL1004,Classic Mart,Rajshahi,7.64,Completed,2.83
SHP102463,ORD102463,PKG102463,2026-07-31,Comilla Hub,Sundarban Courier,SEL1003,Classic Fashion House,Sylhet,7.58,Completed,2.94
SHP102464,ORD102464,PKG102464,2025-11-09,Rangpur Hub,Steadfast Courier,SEL1028,Modern Depot,Khulna,1.96,Completed,4.04
SHP102465,ORD102465,PKG102465,2025-10-03,Dhaka Hub,Pathao Courier,SEL1035,Riverside Gallery,Mymensingh,6.91,Completed,2.23
SHP102466,ORD102466,PKG102466,2026-04-22,Rangpur Hub,Pathao Courier,SEL1033,Riverside Collection,Sylhet,4.63,Completed,2.49
SHP102467,ORD102467,PKG102467,2026-06-28,Rajshahi Hub,Pathao Courier,SEL1025,Metro Hub,Sylhet,2.9,Completed,2.82
SHP102468,ORD102468,PKG102468,2025-10-15,Rangpur Hub,eCourier,SEL1017,Golden Outlet,Khulna,7.08,Completed,3.02
SHP102469,ORD102469,PKG102469,2026-05-03,Dhaka Hub,eCourier,SEL1042,Smart Bazaar,Rajshahi,0.21,Failed,4.88
SHP102470,ORD102470,PKG102470,2026-03-07,Comilla Hub,RedX,SEL1036,Royal Emporium,Comilla,3.46,Completed,2.75
SHP102471,ORD102471,PKG102471,2026-06-15,Rangpur Hub,Pathao Courier,SEL1002,Bengal Hub,Barisal,7.94,Completed,3.39
SHP102472,ORD102472,PKG102472,2025-10-14,Mymensingh Hub,eCourier,SEL1027,Modern Corner,Comilla,5.57,Completed,2.87
SHP102473,ORD102473,PKG102473,2026-08-04,Comilla Hub,Sundarban Courier,SEL1042,Smart Bazaar,Rajshahi,1.92,Completed,3.68
SHP102474,ORD102474,PKG102474,2026-04-03,Dhaka Hub,Pathao Courier,SEL1047,Suncity Depot,Dhaka,0.22,Completed,2.75
SHP102475,ORD102475,PKG102475,2026-06-19,Rangpur Hub,Sundarban Courier,SEL1017,Golden Outlet,Khulna,3.39,Completed,4.63
SHP102476,ORD102476,PKG102476,2026-01-04,Barisal Hub,RedX,SEL1055,Urban Collection,Chattogram,6.68,Completed,1.14
SHP102477,ORD102477,PKG102477,2026-07-24,Barisal Hub,Sundarban Courier,SEL1039,Silver Depot,Dhaka,6.51,Completed,3.51
SHP102478,ORD102478,PKG102478,2026-04-05,Chattogram Hub,Steadfast Courier,SEL1026,Metro Outlet,Sylhet,1.75,Completed,3.92
SHP102479,ORD102479,PKG102479,2025-10-14,Dhaka Hub,Sundarban Courier,SEL1037,Royal Gallery,Dhaka,7.44,Completed,4.01
SHP102480,ORD102480,PKG102480,2026-07-17,Rajshahi Hub,Sundarban Courier,SEL1052,Trendy Collection,Rangpur,11.99,Completed,2.87
SHP102481,ORD102481,PKG102481,2026-06-03,Chattogram Hub,RedX,SEL1013,Elite Trading,Dhaka,7.1,Completed,2.58
SHP102482,ORD102482,PKG102482,2025-12-13,Comilla Hub,RedX,SEL1009,Elite Emporium,Dhaka,6.43,Completed,1.39
SHP102483,ORD102483,PKG102483,2026-03-08,Rajshahi Hub,Pathao Courier,SEL1026,Metro Outlet,Sylhet,7.55,Completed,2.75
SHP102484,ORD102484,PKG102484,2026-01-13,Chattogram Hub,RedX,SEL1005,Delta Corner,Khulna,10.58,Completed,3.7
SHP102485,ORD102485,PKG102485,2026-03-08,Dhaka Hub,Pathao Courier,SEL1050,Suncity Retail,Chattogram,11.36,Completed,2.59
SHP102486,ORD102486,PKG102486,2026-08-01,Dhaka Hub,Sundarban Courier,SEL1058,Value Mart,Comilla,0.68,Completed,2.68
SHP102487,ORD102487,PKG102487,2026-07-09,Chattogram Hub,eCourier,SEL1036,Royal Emporium,Comilla,2.62,Completed,3.63
SHP102488,ORD102488,PKG102488,2025-11-14,Dhaka Hub,RedX,SEL1058,Value Mart,Comilla,1.57,Completed,2.94
SHP102489,ORD102489,PKG102489,2026-08-03,Khulna Hub,Sundarban Courier,SEL1004,Classic Mart,Rajshahi,9.31,Completed,4.05
SHP102490,ORD102490,PKG102490,2026-01-30,Barisal Hub,Pathao Courier,SEL1037,Royal Gallery,Dhaka,0.74,Completed,2.47
SHP102491,ORD102491,PKG102491,2026-05-02,Comilla Hub,RedX,SEL1026,Metro Outlet,Sylhet,10.85,Completed,1.78
SHP102492,ORD102492,PKG102492,2026-05-23,Rajshahi Hub,Sundarban Courier,SEL1016,Golden Hub,Comilla,0.44,Completed,3.1
SHP102493,ORD102493,PKG102493,2026-02-15,Khulna Hub,Steadfast Courier,SEL1018,Golden Store,Chattogram,7.31,Completed,3.2
SHP102494,ORD102494,PKG102494,2026-02-06,Dhaka Hub,RedX,SEL1032,Prime Trading,Khulna,3.45,Completed,3.12
SHP102495,ORD102495,PKG102495,2026-02-05,Mymensingh Hub,Steadfast Courier,SEL1038,Royal Outlet,Khulna,5.75,Completed,3.34
SHP102496,ORD102496,PKG102496,2026-06-26,Chattogram Hub,Sundarban Courier,SEL1009,Elite Emporium,Dhaka,5.41,Completed,4.97
SHP102497,ORD102497,PKG102497,2026-01-12,Barisal Hub,eCourier,SEL1036,Royal Emporium,Comilla,9.04,Completed,1.67
SHP102498,ORD102498,PKG102498,2025-12-06,Rangpur Hub,Pathao Courier,SEL1055,Urban Collection,Chattogram,6.06,Completed,3.1
SHP102499,ORD102499,PKG102499,2026-01-04,Dhaka Hub,Sundarban Courier,SEL1000,Bengal Bazaar,Mymensingh,5.17,Completed,3.58
SHP102500,ORD102500,PKG102500,2025-11-07,Rajshahi Hub,Pathao Courier,SEL1052,Trendy Collection,Rangpur,8.82,Completed,2.3
SHP102501,ORD102501,PKG102501,2026-01-14,Comilla Hub,Pathao Courier,SEL1036,Royal Emporium,Comilla,11.12,Completed,4.77
SHP102502,ORD102502,PKG102502,2025-10-10,Barisal Hub,Steadfast Courier,SEL1020,Horizon Bazaar,Dhaka,9.57,Completed,1.99
SHP102503,ORD102503,PKG102503,2025-10-02,Sylhet Hub,eCourier,SEL1044,Smart Mart,Rangpur,8.89,Completed,2.22
SHP102504,ORD102504,PKG102504,2026-05-09,Chattogram Hub,RedX,SEL1037,Royal Gallery,Dhaka,5.96,Completed,2.26
SHP102505,ORD102505,PKG102505,2025-09-27,Dhaka Hub,RedX,SEL1046,Smart Traders,Comilla,10.82,Completed,3.37
SHP102506,ORD102506,PKG102506,2026-03-16,Dhaka Hub,RedX,SEL1004,Classic Mart,Rajshahi,5.94,Completed,2.3
SHP102507,ORD102507,PKG102507,2026-05-28,Comilla Hub,RedX,SEL1003,Classic Fashion House,Sylhet,11.18,Failed,2.89
SHP102508,ORD102508,PKG102508,2026-05-09,Chattogram Hub,eCourier,SEL1038,Royal Outlet,Khulna,9.67,Failed,3.43
SHP102509,ORD102509,PKG102509,2026-02-02,Dhaka Hub,RedX,SEL1018,Golden Store,Chattogram,1.97,Failed,2.97
SHP102510,ORD102510,PKG102510,2025-11-06,Chattogram Hub,eCourier,SEL1014,Fresh Hub,Khulna,0.75,Failed,4.67
SHP102511,ORD102511,PKG102511,2026-07-20,Sylhet Hub,Sundarban Courier,SEL1025,Metro Hub,Sylhet,8.94,Pending,
SHP102512,ORD102512,PKG102512,2026-06-16,Chattogram Hub,Steadfast Courier,SEL1043,Smart Emporium,Barisal,8.29,Completed,3.75
SHP102513,ORD102513,PKG102513,2026-03-31,Dhaka Hub,Pathao Courier,SEL1010,Elite Gallery,Sylhet,7.3,Completed,2.42
SHP102514,ORD102514,PKG102514,2025-10-01,Chattogram Hub,Sundarban Courier,SEL1058,Value Mart,Comilla,11.72,Completed,4.14
SHP102515,ORD102515,PKG102515,2025-09-13,Comilla Hub,Steadfast Courier,SEL1025,Metro Hub,Sylhet,6.64,Failed,3.44
SHP102516,ORD102516,PKG102516,2025-12-19,Dhaka Hub,Pathao Courier,SEL1009,Elite Emporium,Dhaka,4.31,Cancelled,
SHP102517,ORD102517,PKG102517,2025-10-25,Chattogram Hub,Pathao Courier,SEL1004,Classic Mart,Rajshahi,6.87,Completed,3.83
SHP102518,ORD102518,PKG102518,2026-06-25,Barisal Hub,Sundarban Courier,SEL1051,Suncity Shop,Mymensingh,0.54,Completed,2.08
SHP102519,ORD102519,PKG102519,2025-11-11,Dhaka Hub,Sundarban Courier,SEL1006,Delta Store,Rajshahi,7.04,Completed,3.88
SHP102520,ORD102520,PKG102520,2025-12-07,Mymensingh Hub,Steadfast Courier,SEL1025,Metro Hub,Sylhet,10.85,Completed,3.05
SHP102521,ORD102521,PKG102521,2026-08-04,Khulna Hub,eCourier,SEL1040,Silver Emporium,Barisal,0.25,Completed,3.34
SHP102522,ORD102522,PKG102522,2026-06-11,Khulna Hub,Sundarban Courier,SEL1030,Nova Retail,Dhaka,10.17,Pending,
SHP102523,ORD102523,PKG102523,2025-11-15,Dhaka Hub,Steadfast Courier,SEL1015,Fresh Trading,Dhaka,9.66,Cancelled,
SHP102524,ORD102524,PKG102524,2026-01-11,Dhaka Hub,RedX,SEL1006,Delta Store,Rajshahi,1.45,Completed,2.06
SHP102525,ORD102525,PKG102525,2026-02-26,Mymensingh Hub,Steadfast Courier,SEL1042,Smart Bazaar,Rajshahi,10.19,Completed,4.01
SHP102526,ORD102526,PKG102526,2026-04-18,Dhaka Hub,Pathao Courier,SEL1029,Modern Emporium,Sylhet,9.21,Completed,3.46
SHP102527,ORD102527,PKG102527,2026-07-21,Sylhet Hub,Sundarban Courier,SEL1002,Bengal Hub,Barisal,5.99,Completed,2.34
SHP102528,ORD102528,PKG102528,2026-06-29,Khulna Hub,Pathao Courier,SEL1010,Elite Gallery,Sylhet,3.09,Completed,1.99
SHP102529,ORD102529,PKG102529,2026-08-05,Dhaka Hub,Pathao Courier,SEL1033,Riverside Collection,Sylhet,3.6,Completed,2.27
SHP102530,ORD102530,PKG102530,2025-09-15,Barisal Hub,eCourier,SEL1010,Elite Gallery,Sylhet,7.42,Completed,2.03
SHP102531,ORD102531,PKG102531,2025-11-21,Khulna Hub,Pathao Courier,SEL1023,Horizon Shop,Rangpur,3.11,Completed,4.0
SHP102532,ORD102532,PKG102532,2026-03-14,Comilla Hub,RedX,SEL1007,Delta Trading,Dhaka,4.04,Completed,1.93
SHP102533,ORD102533,PKG102533,2025-09-17,Dhaka Hub,RedX,SEL1047,Suncity Depot,Dhaka,11.18,Completed,1.49
SHP102534,ORD102534,PKG102534,2026-01-01,Dhaka Hub,Pathao Courier,SEL1037,Royal Gallery,Dhaka,8.81,Completed,3.03
SHP102535,ORD102535,PKG102535,2025-10-24,Dhaka Hub,Sundarban Courier,SEL1047,Suncity Depot,Dhaka,8.89,Pending,
SHP102536,ORD102536,PKG102536,2026-07-20,Chattogram Hub,RedX,SEL1003,Classic Fashion House,Sylhet,11.48,Completed,2.56
SHP102537,ORD102537,PKG102537,2025-09-22,Narayanganj Hub,Steadfast Courier,SEL1022,Horizon Depot,Sylhet,0.27,Pending,
SHP102538,ORD102538,PKG102538,2025-10-22,Khulna Hub,Sundarban Courier,SEL1016,Golden Hub,Comilla,3.08,Completed,3.99
SHP102539,ORD102539,PKG102539,2025-11-07,Dhaka Hub,Steadfast Courier,SEL1037,Royal Gallery,Dhaka,7.96,Completed,3.86
SHP102540,ORD102540,PKG102540,2025-10-22,Dhaka Hub,eCourier,SEL1049,Suncity Gallery,Khulna,5.37,Completed,3.83
SHP102541,ORD102541,PKG102541,2026-03-16,Khulna Hub,RedX,SEL1013,Elite Trading,Dhaka,1.53,Completed,1.93
SHP102542,ORD102542,PKG102542,2026-01-05,Dhaka Hub,Sundarban Courier,SEL1046,Smart Traders,Comilla,9.42,Completed,2.61
SHP102543,ORD102543,PKG102543,2026-07-13,Dhaka Hub,eCourier,SEL1034,Riverside Emporium,Dhaka,0.76,Completed,4.1
SHP102544,ORD102544,PKG102544,2025-11-30,Rajshahi Hub,eCourier,SEL1049,Suncity Gallery,Khulna,6.62,Completed,2.88
SHP102545,ORD102545,PKG102545,2026-03-05,Rajshahi Hub,Sundarban Courier,SEL1004,Classic Mart,Rajshahi,6.84,Completed,5.5
SHP102546,ORD102546,PKG102546,2026-04-17,Dhaka Hub,Steadfast Courier,SEL1059,Value Store,Dhaka,7.7,Completed,3.83
SHP102547,ORD102547,PKG102547,2026-04-05,Khulna Hub,Steadfast Courier,SEL1026,Metro Outlet,Sylhet,3.92,Completed,4.23
SHP102548,ORD102548,PKG102548,2026-06-03,Khulna Hub,Sundarban Courier,SEL1016,Golden Hub,Comilla,0.48,Cancelled,
SHP102549,ORD102549,PKG102549,2025-11-09,Rajshahi Hub,eCourier,SEL1010,Elite Gallery,Sylhet,10.69,Failed,2.91
SHP102550,ORD102550,PKG102550,2026-02-23,Dhaka Hub,RedX,SEL1059,Value Store,Dhaka,11.16,Completed,3.25
SHP102551,ORD102551,PKG102551,2026-06-05,Rangpur Hub,eCourier,SEL1053,Trendy Store,Chattogram,5.89,Completed,3.38
SHP102552,ORD102552,PKG102552,2026-06-26,Khulna Hub,eCourier,SEL1007,Delta Trading,Dhaka,0.44,Completed,3.47
SHP102553,ORD102553,PKG102553,2026-04-02,Chattogram Hub,Pathao Courier,SEL1026,Metro Outlet,Sylhet,7.05,Completed,3.62
SHP102554,ORD102554,PKG102554,2026-04-14,Sylhet Hub,Pathao Courier,SEL1044,Smart Mart,Rangpur,3.93,Completed,1.65
SHP102555,ORD102555,PKG102555,2026-06-26,Sylhet Hub,Sundarban Courier,SEL1035,Riverside Gallery,Mymensingh,2.35,Completed,2.26
SHP102556,ORD102556,PKG102556,2026-04-05,Mymensingh Hub,Steadfast Courier,SEL1011,Elite Outlet,Chattogram,2.19,Pending,
SHP102557,ORD102557,PKG102557,2026-07-26,Barisal Hub,Sundarban Courier,SEL1021,Horizon Collection,Narayanganj,2.32,Completed,2.38
SHP102558,ORD102558,PKG102558,2025-10-15,Chattogram Hub,Steadfast Courier,SEL1022,Horizon Depot,Sylhet,4.1,Completed,3.22
SHP102559,ORD102559,PKG102559,2025-12-30,Dhaka Hub,Sundarban Courier,SEL1017,Golden Outlet,Khulna,3.51,Completed,3.7
SHP102560,ORD102560,PKG102560,2025-10-09,Chattogram Hub,Sundarban Courier,SEL1057,Value Hub,Dhaka,10.07,Completed,3.68
SHP102561,ORD102561,PKG102561,2025-10-02,Dhaka Hub,Steadfast Courier,SEL1012,Elite Traders,Dhaka,6.04,Completed,3.69
SHP102562,ORD102562,PKG102562,2026-02-11,Rajshahi Hub,RedX,SEL1042,Smart Bazaar,Rajshahi,5.25,Completed,2.81
SHP102563,ORD102563,PKG102563,2025-11-18,Rajshahi Hub,Sundarban Courier,SEL1054,Trendy Trading,Narayanganj,1.92,Completed,3.87
SHP102564,ORD102564,PKG102564,2026-01-19,Chattogram Hub,Pathao Courier,SEL1047,Suncity Depot,Dhaka,10.54,Completed,2.86
SHP102565,ORD102565,PKG102565,2026-01-30,Mymensingh Hub,Pathao Courier,SEL1047,Suncity Depot,Dhaka,0.85,Completed,2.71
SHP102566,ORD102566,PKG102566,2026-04-03,Narayanganj Hub,Pathao Courier,SEL1009,Elite Emporium,Dhaka,3.03,Failed,2.99
SHP102567,ORD102567,PKG102567,2026-07-25,Sylhet Hub,Sundarban Courier,SEL1007,Delta Trading,Dhaka,7.53,Completed,2.74
SHP102568,ORD102568,PKG102568,2026-06-21,Sylhet Hub,RedX,SEL1046,Smart Traders,Comilla,8.49,Completed,2.44
SHP102569,ORD102569,PKG102569,2026-01-09,Dhaka Hub,Sundarban Courier,SEL1044,Smart Mart,Rangpur,9.65,Completed,2.98
SHP102570,ORD102570,PKG102570,2025-12-22,Mymensingh Hub,Pathao Courier,SEL1044,Smart Mart,Rangpur,5.04,Cancelled,
SHP102571,ORD102571,PKG102571,2026-05-25,Dhaka Hub,Pathao Courier,SEL1025,Metro Hub,Sylhet,4.29,Completed,3.67
SHP102572,ORD102572,PKG102572,2025-10-13,Rajshahi Hub,Sundarban Courier,SEL1031,Prime Bazaar,Chattogram,3.6,Cancelled,
SHP102573,ORD102573,PKG102573,2026-03-07,Rajshahi Hub,Steadfast Courier,SEL1000,Bengal Bazaar,Mymensingh,6.9,Completed,2.65
SHP102574,ORD102574,PKG102574,2026-01-25,Chattogram Hub,Sundarban Courier,SEL1017,Golden Outlet,Khulna,4.31,Pending,
SHP102575,ORD102575,PKG102575,2025-11-03,Dhaka Hub,Pathao Courier,SEL1031,Prime Bazaar,Chattogram,4.07,Completed,3.06
SHP102576,ORD102576,PKG102576,2026-04-02,Rajshahi Hub,RedX,SEL1007,Delta Trading,Dhaka,0.4,Completed,3.86
SHP102577,ORD102577,PKG102577,2025-12-20,Chattogram Hub,Steadfast Courier,SEL1007,Delta Trading,Dhaka,11.39,Failed,3.86
SHP102578,ORD102578,PKG102578,2025-11-04,Dhaka Hub,eCourier,SEL1002,Bengal Hub,Barisal,0.92,Failed,3.76
SHP102579,ORD102579,PKG102579,2026-04-15,Comilla Hub,eCourier,SEL1012,Elite Traders,Dhaka,3.4,Completed,3.5
SHP102580,ORD102580,PKG102580,2025-10-31,Sylhet Hub,Steadfast Courier,SEL1059,Value Store,Dhaka,11.07,Completed,1.7
SHP102581,ORD102581,PKG102581,2026-04-21,Barisal Hub,RedX,SEL1041,Silver Hub,Chattogram,8.88,Completed,2.19
SHP102582,ORD102582,PKG102582,2025-10-27,Chattogram Hub,Steadfast Courier,SEL1056,Urban Store,Khulna,7.02,Completed,2.8
SHP102583,ORD102583,PKG102583,2026-01-29,Dhaka Hub,Pathao Courier,SEL1015,Fresh Trading,Dhaka,8.0,Completed,3.53
SHP102584,ORD102584,PKG102584,2026-06-07,Dhaka Hub,eCourier,SEL1035,Riverside Gallery,Mymensingh,1.35,Completed,2.39
SHP102585,ORD102585,PKG102585,2025-11-19,Chattogram Hub,eCourier,SEL1053,Trendy Store,Chattogram,9.74,Completed,3.4
SHP102586,ORD102586,PKG102586,2026-05-24,Dhaka Hub,Steadfast Courier,SEL1021,Horizon Collection,Narayanganj,3.15,Completed,2.48
SHP102587,ORD102587,PKG102587,2026-05-08,Narayanganj Hub,Sundarban Courier,SEL1039,Silver Depot,Dhaka,11.48,Completed,3.19
SHP102588,ORD102588,PKG102588,2026-07-10,Dhaka Hub,eCourier,SEL1041,Silver Hub,Chattogram,2.93,Completed,2.53
SHP102589,ORD102589,PKG102589,2025-10-29,Dhaka Hub,Pathao Courier,SEL1049,Suncity Gallery,Khulna,7.58,Completed,3.2
SHP102590,ORD102590,PKG102590,2026-05-06,Mymensingh Hub,RedX,SEL1058,Value Mart,Comilla,6.63,Completed,2.73
SHP102591,ORD102591,PKG102591,2026-07-22,Rangpur Hub,Sundarban Courier,SEL1036,Royal Emporium,Comilla,1.89,Completed,3.85
SHP102592,ORD102592,PKG102592,2026-05-23,Narayanganj Hub,RedX,SEL1034,Riverside Emporium,Dhaka,4.48,Completed,1.57
SHP102593,ORD102593,PKG102593,2025-11-05,Dhaka Hub,RedX,SEL1052,Trendy Collection,Rangpur,9.42,Completed,4.31
SHP102594,ORD102594,PKG102594,2026-06-12,Dhaka Hub,Sundarban Courier,SEL1041,Silver Hub,Chattogram,2.71,Completed,2.62
SHP102595,ORD102595,PKG102595,2025-10-08,Barisal Hub,Pathao Courier,SEL1021,Horizon Collection,Narayanganj,11.56,Completed,2.35
SHP102596,ORD102596,PKG102596,2026-03-23,Rangpur Hub,Sundarban Courier,SEL1037,Royal Gallery,Dhaka,3.69,Completed,3.92
SHP102597,ORD102597,PKG102597,2026-02-20,Chattogram Hub,RedX,SEL1032,Prime Trading,Khulna,7.6,Completed,2.71
SHP102598,ORD102598,PKG102598,2026-03-03,Comilla Hub,RedX,SEL1013,Elite Trading,Dhaka,7.5,Completed,3.19
SHP102599,ORD102599,PKG102599,2026-02-27,Rangpur Hub,eCourier,SEL1030,Nova Retail,Dhaka,5.76,Completed,2.77
SHP102600,ORD102600,PKG102600,2025-09-11,Chattogram Hub,Pathao Courier,SEL1037,Royal Gallery,Dhaka,7.93,Completed,2.7
SHP102601,ORD102601,PKG102601,2026-02-23,Barisal Hub,eCourier,SEL1054,Trendy Trading,Narayanganj,8.97,Pending,
SHP102602,ORD102602,PKG102602,2026-07-22,Dhaka Hub,RedX,SEL1034,Riverside Emporium,Dhaka,7.5,Completed,2.74
SHP102603,ORD102603,PKG102603,2026-01-30,Chattogram Hub,Pathao Courier,SEL1009,Elite Emporium,Dhaka,6.81,Completed,3.03
SHP102604,ORD102604,PKG102604,2025-12-05,Dhaka Hub,Sundarban Courier,SEL1059,Value Store,Dhaka,7.36,Completed,3.18
SHP102605,ORD102605,PKG102605,2026-08-11,Chattogram Hub,Sundarban Courier,SEL1034,Riverside Emporium,Dhaka,4.94,Completed,4.84
SHP102606,ORD102606,PKG102606,2025-10-05,Dhaka Hub,Sundarban Courier,SEL1017,Golden Outlet,Khulna,1.04,Completed,4.54
SHP102607,ORD102607,PKG102607,2026-02-16,Barisal Hub,Pathao Courier,SEL1045,Smart Store,Dhaka,2.08,Completed,1.01
SHP102608,ORD102608,PKG102608,2026-02-25,Mymensingh Hub,Pathao Courier,SEL1023,Horizon Shop,Rangpur,7.36,Completed,3.62
SHP102609,ORD102609,PKG102609,2026-02-13,Dhaka Hub,Pathao Courier,SEL1022,Horizon Depot,Sylhet,11.14,Completed,3.21
SHP102610,ORD102610,PKG102610,2026-07-16,Chattogram Hub,Pathao Courier,SEL1050,Suncity Retail,Chattogram,0.5,Failed,4.34
SHP102611,ORD102611,PKG102611,2026-01-24,Rajshahi Hub,Pathao Courier,SEL1052,Trendy Collection,Rangpur,6.62,Completed,2.34
SHP102612,ORD102612,PKG102612,2026-08-03,Dhaka Hub,eCourier,SEL1031,Prime Bazaar,Chattogram,3.17,Completed,4.39
SHP102613,ORD102613,PKG102613,2025-09-24,Chattogram Hub,RedX,SEL1022,Horizon Depot,Sylhet,6.83,Completed,3.66
SHP102614,ORD102614,PKG102614,2026-05-12,Dhaka Hub,Sundarban Courier,SEL1051,Suncity Shop,Mymensingh,9.05,Pending,
SHP102615,ORD102615,PKG102615,2026-03-25,Khulna Hub,RedX,SEL1010,Elite Gallery,Sylhet,8.88,Completed,2.99
SHP102616,ORD102616,PKG102616,2025-11-23,Comilla Hub,RedX,SEL1044,Smart Mart,Rangpur,8.75,Completed,2.9
SHP102617,ORD102617,PKG102617,2025-11-18,Sylhet Hub,Pathao Courier,SEL1035,Riverside Gallery,Mymensingh,9.39,Completed,2.84
SHP102618,ORD102618,PKG102618,2026-05-08,Barisal Hub,Pathao Courier,SEL1051,Suncity Shop,Mymensingh,1.06,Completed,2.83
SHP102619,ORD102619,PKG102619,2026-04-09,Barisal Hub,Pathao Courier,SEL1025,Metro Hub,Sylhet,6.21,Completed,1.32
SHP102620,ORD102620,PKG102620,2026-03-31,Narayanganj Hub,RedX,SEL1049,Suncity Gallery,Khulna,3.29,Completed,2.58
SHP102621,ORD102621,PKG102621,2025-09-18,Rajshahi Hub,Sundarban Courier,SEL1000,Bengal Bazaar,Mymensingh,11.07,Failed,3.3
SHP102622,ORD102622,PKG102622,2026-03-26,Dhaka Hub,Sundarban Courier,SEL1045,Smart Store,Dhaka,9.44,Completed,3.29
SHP102623,ORD102623,PKG102623,2026-08-06,Dhaka Hub,RedX,SEL1004,Classic Mart,Rajshahi,1.47,Completed,3.7
SHP102624,ORD102624,PKG102624,2025-09-06,Dhaka Hub,Steadfast Courier,SEL1038,Royal Outlet,Khulna,3.07,Completed,2.82
SHP102625,ORD102625,PKG102625,2026-02-10,Dhaka Hub,Sundarban Courier,SEL1011,Elite Outlet,Chattogram,5.57,Completed,3.81
SHP102626,ORD102626,PKG102626,2026-02-19,Khulna Hub,RedX,SEL1057,Value Hub,Dhaka,11.56,Failed,2.73
SHP102627,ORD102627,PKG102627,2026-07-08,Sylhet Hub,Sundarban Courier,SEL1046,Smart Traders,Comilla,1.49,Completed,3.23
SHP102628,ORD102628,PKG102628,2025-12-07,Rajshahi Hub,eCourier,SEL1006,Delta Store,Rajshahi,6.9,Completed,3.89
SHP102629,ORD102629,PKG102629,2026-02-12,Dhaka Hub,eCourier,SEL1053,Trendy Store,Chattogram,4.23,Completed,4.44
SHP102630,ORD102630,PKG102630,2026-05-07,Mymensingh Hub,eCourier,SEL1015,Fresh Trading,Dhaka,7.83,Completed,4.59
SHP102631,ORD102631,PKG102631,2025-09-21,Dhaka Hub,Pathao Courier,SEL1032,Prime Trading,Khulna,7.85,Failed,1.66
SHP102632,ORD102632,PKG102632,2026-06-05,Barisal Hub,Sundarban Courier,SEL1005,Delta Corner,Khulna,3.04,Completed,3.69
SHP102633,ORD102633,PKG102633,2026-06-12,Barisal Hub,eCourier,SEL1006,Delta Store,Rajshahi,9.47,Completed,2.76
SHP102634,ORD102634,PKG102634,2026-05-07,Khulna Hub,Sundarban Courier,SEL1014,Fresh Hub,Khulna,1.28,Cancelled,
SHP102635,ORD102635,PKG102635,2026-04-13,Dhaka Hub,Steadfast Courier,SEL1032,Prime Trading,Khulna,9.85,Completed,2.94
SHP102636,ORD102636,PKG102636,2026-05-17,Rajshahi Hub,Sundarban Courier,SEL1032,Prime Trading,Khulna,2.7,Cancelled,
SHP102637,ORD102637,PKG102637,2026-05-29,Comilla Hub,Sundarban Courier,SEL1051,Suncity Shop,Mymensingh,7.16,Completed,4.78
SHP102638,ORD102638,PKG102638,2026-07-10,Rangpur Hub,Sundarban Courier,SEL1009,Elite Emporium,Dhaka,4.3,Completed,5.34
SHP102639,ORD102639,PKG102639,2026-01-27,Dhaka Hub,Sundarban Courier,SEL1044,Smart Mart,Rangpur,7.4,Completed,3.92
SHP102640,ORD102640,PKG102640,2026-02-05,Chattogram Hub,eCourier,SEL1000,Bengal Bazaar,Mymensingh,3.36,Completed,3.15
SHP102641,ORD102641,PKG102641,2026-04-09,Rangpur Hub,Pathao Courier,SEL1017,Golden Outlet,Khulna,6.91,Completed,3.37
SHP102642,ORD102642,PKG102642,2025-11-06,Dhaka Hub,RedX,SEL1010,Elite Gallery,Sylhet,0.3,Completed,2.55
SHP102643,ORD102643,PKG102643,2026-06-24,Barisal Hub,RedX,SEL1007,Delta Trading,Dhaka,4.62,Pending,
SHP102644,ORD102644,PKG102644,2026-05-25,Comilla Hub,eCourier,SEL1035,Riverside Gallery,Mymensingh,9.95,Completed,3.51
SHP102645,ORD102645,PKG102645,2026-04-07,Chattogram Hub,RedX,SEL1054,Trendy Trading,Narayanganj,5.66,Cancelled,
SHP102646,ORD102646,PKG102646,2025-12-14,Dhaka Hub,Steadfast Courier,SEL1040,Silver Emporium,Barisal,6.09,Pending,
SHP102647,ORD102647,PKG102647,2025-12-30,Sylhet Hub,Steadfast Courier,SEL1051,Suncity Shop,Mymensingh,7.53,Pending,
SHP102648,ORD102648,PKG102648,2026-01-29,Chattogram Hub,Sundarban Courier,SEL1035,Riverside Gallery,Mymensingh,5.32,Pending,
SHP102649,ORD102649,PKG102649,2026-04-18,Khulna Hub,eCourier,SEL1003,Classic Fashion House,Sylhet,10.43,Completed,3.36
SHP102650,ORD102650,PKG102650,2026-05-28,Chattogram Hub,Steadfast Courier,SEL1020,Horizon Bazaar,Dhaka,4.96,Completed,5.06
SHP102651,ORD102651,PKG102651,2026-04-21,Khulna Hub,Pathao Courier,SEL1049,Suncity Gallery,Khulna,11.32,Completed,3.88
SHP102652,ORD102652,PKG102652,2026-07-19,Dhaka Hub,RedX,SEL1002,Bengal Hub,Barisal,10.55,Failed,3.08
SHP102653,ORD102653,PKG102653,2026-07-30,Dhaka Hub,Sundarban Courier,SEL1005,Delta Corner,Khulna,5.17,Completed,4.15
SHP102654,ORD102654,PKG102654,2026-05-02,Chattogram Hub,RedX,SEL1050,Suncity Retail,Chattogram,4.52,Completed,3.04
SHP102655,ORD102655,PKG102655,2026-01-07,Dhaka Hub,Pathao Courier,SEL1003,Classic Fashion House,Sylhet,8.18,Completed,3.38
SHP102656,ORD102656,PKG102656,2026-03-27,Narayanganj Hub,eCourier,SEL1057,Value Hub,Dhaka,9.11,Failed,1.71
SHP102657,ORD102657,PKG102657,2026-01-26,Chattogram Hub,Sundarban Courier,SEL1045,Smart Store,Dhaka,2.39,Completed,4.93
SHP102658,ORD102658,PKG102658,2026-04-06,Dhaka Hub,RedX,SEL1039,Silver Depot,Dhaka,3.04,Completed,1.26
SHP102659,ORD102659,PKG102659,2026-06-08,Barisal Hub,Pathao Courier,SEL1032,Prime Trading,Khulna,1.93,Completed,0.85
SHP102660,ORD102660,PKG102660,2026-01-06,Sylhet Hub,RedX,SEL1005,Delta Corner,Khulna,9.18,Completed,0.68
SHP102661,ORD102661,PKG102661,2026-02-22,Narayanganj Hub,Sundarban Courier,SEL1024,Metro Bazaar,Dhaka,8.63,Completed,4.07
SHP102662,ORD102662,PKG102662,2025-09-16,Dhaka Hub,RedX,SEL1048,Suncity Emporium,Dhaka,2.43,Completed,2.57
SHP102663,ORD102663,PKG102663,2026-05-13,Sylhet Hub,Sundarban Courier,SEL1054,Trendy Trading,Narayanganj,6.54,Completed,1.93
SHP102664,ORD102664,PKG102664,2026-02-17,Dhaka Hub,Pathao Courier,SEL1026,Metro Outlet,Sylhet,9.22,Completed,4.54
SHP102665,ORD102665,PKG102665,2026-02-07,Barisal Hub,Sundarban Courier,SEL1050,Suncity Retail,Chattogram,11.37,Completed,2.13
SHP102666,ORD102666,PKG102666,2026-03-04,Khulna Hub,Steadfast Courier,SEL1046,Smart Traders,Comilla,2.31,Pending,
SHP102667,ORD102667,PKG102667,2025-11-14,Dhaka Hub,Pathao Courier,SEL1003,Classic Fashion House,Sylhet,3.79,Completed,2.29
SHP102668,ORD102668,PKG102668,2026-03-26,Khulna Hub,RedX,SEL1037,Royal Gallery,Dhaka,4.31,Cancelled,
SHP102669,ORD102669,PKG102669,2026-05-16,Rangpur Hub,Pathao Courier,SEL1036,Royal Emporium,Comilla,7.57,Completed,2.94
SHP102670,ORD102670,PKG102670,2025-12-30,Narayanganj Hub,eCourier,SEL1032,Prime Trading,Khulna,1.81,Completed,1.89
SHP102671,ORD102671,PKG102671,2025-10-16,Dhaka Hub,Pathao Courier,SEL1046,Smart Traders,Comilla,2.48,Completed,1.9
SHP102672,ORD102672,PKG102672,2026-01-12,Dhaka Hub,Sundarban Courier,SEL1053,Trendy Store,Chattogram,9.41,Completed,3.29
SHP102673,ORD102673,PKG102673,2025-11-08,Khulna Hub,Sundarban Courier,SEL1033,Riverside Collection,Sylhet,6.6,Completed,3.22
SHP102674,ORD102674,PKG102674,2026-01-08,Chattogram Hub,Pathao Courier,SEL1019,Green Fashion House,Rajshahi,2.09,Completed,2.21
SHP102675,ORD102675,PKG102675,2026-04-05,Rangpur Hub,Sundarban Courier,SEL1058,Value Mart,Comilla,4.78,Completed,4.45
SHP102676,ORD102676,PKG102676,2025-10-10,Rangpur Hub,Sundarban Courier,SEL1057,Value Hub,Dhaka,1.79,Completed,4.71
SHP102677,ORD102677,PKG102677,2026-05-17,Dhaka Hub,RedX,SEL1041,Silver Hub,Chattogram,4.48,Completed,2.2
SHP102678,ORD102678,PKG102678,2025-11-17,Sylhet Hub,Steadfast Courier,SEL1038,Royal Outlet,Khulna,4.92,Completed,0.94
SHP102679,ORD102679,PKG102679,2026-07-07,Dhaka Hub,Sundarban Courier,SEL1006,Delta Store,Rajshahi,1.52,Completed,4.04
SHP102680,ORD102680,PKG102680,2026-05-12,Barisal Hub,Steadfast Courier,SEL1024,Metro Bazaar,Dhaka,0.91,Completed,2.33
SHP102681,ORD102681,PKG102681,2025-12-04,Khulna Hub,Sundarban Courier,SEL1011,Elite Outlet,Chattogram,10.6,Completed,3.22
SHP102682,ORD102682,PKG102682,2026-03-14,Narayanganj Hub,Pathao Courier,SEL1030,Nova Retail,Dhaka,10.67,Completed,2.02
SHP102683,ORD102683,PKG102683,2025-10-09,Chattogram Hub,Pathao Courier,SEL1049,Suncity Gallery,Khulna,0.23,Failed,1.52
SHP102684,ORD102684,PKG102684,2025-10-05,Rajshahi Hub,Sundarban Courier,SEL1013,Elite Trading,Dhaka,7.77,Completed,3.39
SHP102685,ORD102685,PKG102685,2026-07-28,Khulna Hub,Sundarban Courier,SEL1059,Value Store,Dhaka,1.31,Completed,3.81
SHP102686,ORD102686,PKG102686,2026-06-05,Khulna Hub,Steadfast Courier,SEL1007,Delta Trading,Dhaka,9.76,Failed,4.2
SHP102687,ORD102687,PKG102687,2025-10-24,Sylhet Hub,RedX,SEL1005,Delta Corner,Khulna,10.58,Failed,2.21
SHP102688,ORD102688,PKG102688,2025-12-07,Chattogram Hub,RedX,SEL1058,Value Mart,Comilla,7.48,Completed,3.32
SHP102689,ORD102689,PKG102689,2025-11-08,Dhaka Hub,Sundarban Courier,SEL1006,Delta Store,Rajshahi,7.44,Completed,5.16
SHP102690,ORD102690,PKG102690,2026-01-15,Barisal Hub,Sundarban Courier,SEL1044,Smart Mart,Rangpur,4.58,Completed,2.11
SHP102691,ORD102691,PKG102691,2025-12-10,Barisal Hub,RedX,SEL1045,Smart Store,Dhaka,3.14,Completed,0.84
SHP102692,ORD102692,PKG102692,2025-12-23,Rajshahi Hub,Pathao Courier,SEL1019,Green Fashion House,Rajshahi,6.09,Completed,3.18
SHP102693,ORD102693,PKG102693,2026-03-03,Narayanganj Hub,Pathao Courier,SEL1003,Classic Fashion House,Sylhet,1.78,Completed,2.8
SHP102694,ORD102694,PKG102694,2025-11-05,Chattogram Hub,Sundarban Courier,SEL1018,Golden Store,Chattogram,8.13,Completed,5.35
SHP102695,ORD102695,PKG102695,2026-07-03,Dhaka Hub,Pathao Courier,SEL1004,Classic Mart,Rajshahi,5.75,Completed,2.68
SHP102696,ORD102696,PKG102696,2026-05-10,Dhaka Hub,RedX,SEL1040,Silver Emporium,Barisal,2.3,Completed,2.18
SHP102697,ORD102697,PKG102697,2026-05-22,Dhaka Hub,Pathao Courier,SEL1053,Trendy Store,Chattogram,7.14,Completed,1.97
SHP102698,ORD102698,PKG102698,2025-10-29,Dhaka Hub,Pathao Courier,SEL1059,Value Store,Dhaka,9.58,Failed,2.22
SHP102699,ORD102699,PKG102699,2026-05-04,Dhaka Hub,Steadfast Courier,SEL1048,Suncity Emporium,Dhaka,7.15,Completed,2.1
SHP102700,ORD102700,PKG102700,2026-06-17,Narayanganj Hub,Steadfast Courier,SEL1046,Smart Traders,Comilla,6.45,Completed,1.99
SHP102701,ORD102701,PKG102701,2025-10-31,Chattogram Hub,Sundarban Courier,SEL1052,Trendy Collection,Rangpur,10.2,Failed,5.76
SHP102702,ORD102702,PKG102702,2026-05-18,Comilla Hub,Sundarban Courier,SEL1046,Smart Traders,Comilla,0.33,Completed,3.73
SHP102703,ORD102703,PKG102703,2026-01-02,Chattogram Hub,eCourier,SEL1039,Silver Depot,Dhaka,7.48,Completed,4.11
SHP102704,ORD102704,PKG102704,2026-05-31,Khulna Hub,Pathao Courier,SEL1059,Value Store,Dhaka,5.03,Completed,3.32
SHP102705,ORD102705,PKG102705,2026-02-13,Rajshahi Hub,Sundarban Courier,SEL1019,Green Fashion House,Rajshahi,2.48,Completed,3.14
SHP102706,ORD102706,PKG102706,2026-06-05,Chattogram Hub,Pathao Courier,SEL1024,Metro Bazaar,Dhaka,11.76,Failed,3.19
SHP102707,ORD102707,PKG102707,2025-10-22,Chattogram Hub,Sundarban Courier,SEL1054,Trendy Trading,Narayanganj,4.97,Completed,5.5
SHP102708,ORD102708,PKG102708,2026-01-13,Rajshahi Hub,Steadfast Courier,SEL1018,Golden Store,Chattogram,4.16,Cancelled,
SHP102709,ORD102709,PKG102709,2025-12-04,Comilla Hub,eCourier,SEL1017,Golden Outlet,Khulna,2.19,Completed,4.39
SHP102710,ORD102710,PKG102710,2025-11-25,Rangpur Hub,Steadfast Courier,SEL1009,Elite Emporium,Dhaka,11.97,Pending,
SHP102711,ORD102711,PKG102711,2025-12-16,Sylhet Hub,eCourier,SEL1016,Golden Hub,Comilla,10.3,Completed,1.91
SHP102712,ORD102712,PKG102712,2026-01-11,Rangpur Hub,RedX,SEL1035,Riverside Gallery,Mymensingh,1.03,Completed,2.68
SHP102713,ORD102713,PKG102713,2025-10-15,Rajshahi Hub,eCourier,SEL1053,Trendy Store,Chattogram,6.88,Completed,2.85
SHP102714,ORD102714,PKG102714,2026-05-03,Khulna Hub,RedX,SEL1008,Elite Depot,Chattogram,1.94,Cancelled,
SHP102715,ORD102715,PKG102715,2026-03-10,Comilla Hub,Sundarban Courier,SEL1040,Silver Emporium,Barisal,8.65,Completed,3.81
SHP102716,ORD102716,PKG102716,2026-06-14,Khulna Hub,Sundarban Courier,SEL1045,Smart Store,Dhaka,5.91,Completed,4.9
SHP102717,ORD102717,PKG102717,2026-05-02,Sylhet Hub,RedX,SEL1053,Trendy Store,Chattogram,1.5,Completed,2.11
SHP102718,ORD102718,PKG102718,2025-10-22,Rajshahi Hub,Pathao Courier,SEL1045,Smart Store,Dhaka,6.77,Completed,4.28
SHP102719,ORD102719,PKG102719,2025-09-25,Sylhet Hub,Sundarban Courier,SEL1009,Elite Emporium,Dhaka,10.95,Completed,2.59
SHP102720,ORD102720,PKG102720,2026-01-25,Chattogram Hub,Pathao Courier,SEL1029,Modern Emporium,Sylhet,4.23,Failed,4.5
SHP102721,ORD102721,PKG102721,2026-02-14,Khulna Hub,RedX,SEL1057,Value Hub,Dhaka,0.8,Pending,
SHP102722,ORD102722,PKG102722,2025-11-23,Comilla Hub,Pathao Courier,SEL1054,Trendy Trading,Narayanganj,11.35,Completed,3.03
SHP102723,ORD102723,PKG102723,2026-05-29,Khulna Hub,Sundarban Courier,SEL1036,Royal Emporium,Comilla,1.87,Completed,4.24
SHP102724,ORD102724,PKG102724,2026-03-21,Narayanganj Hub,Sundarban Courier,SEL1057,Value Hub,Dhaka,5.81,Completed,3.37
SHP102725,ORD102725,PKG102725,2026-05-17,Mymensingh Hub,Pathao Courier,SEL1040,Silver Emporium,Barisal,6.63,Completed,3.0
SHP102726,ORD102726,PKG102726,2025-10-08,Sylhet Hub,Steadfast Courier,SEL1003,Classic Fashion House,Sylhet,3.0,Completed,3.56
SHP102727,ORD102727,PKG102727,2026-06-10,Chattogram Hub,Sundarban Courier,SEL1054,Trendy Trading,Narayanganj,2.29,Cancelled,
SHP102728,ORD102728,PKG102728,2025-11-11,Rajshahi Hub,Sundarban Courier,SEL1010,Elite Gallery,Sylhet,1.54,Failed,3.02
SHP102729,ORD102729,PKG102729,2026-02-03,Narayanganj Hub,Pathao Courier,SEL1022,Horizon Depot,Sylhet,1.03,Completed,1.71
SHP102730,ORD102730,PKG102730,2026-01-31,Chattogram Hub,eCourier,SEL1014,Fresh Hub,Khulna,6.2,Completed,4.18
SHP102731,ORD102731,PKG102731,2026-06-11,Dhaka Hub,RedX,SEL1043,Smart Emporium,Barisal,10.14,Completed,2.91
SHP102732,ORD102732,PKG102732,2025-12-05,Dhaka Hub,Sundarban Courier,SEL1001,Bengal Emporium,Rangpur,1.7,Completed,3.34
SHP102733,ORD102733,PKG102733,2025-11-23,Khulna Hub,Pathao Courier,SEL1038,Royal Outlet,Khulna,8.47,Completed,2.86
SHP102734,ORD102734,PKG102734,2025-12-27,Sylhet Hub,eCourier,SEL1051,Suncity Shop,Mymensingh,5.07,Completed,1.74
SHP102735,ORD102735,PKG102735,2026-01-03,Khulna Hub,Steadfast Courier,SEL1047,Suncity Depot,Dhaka,0.62,Completed,4.08
SHP102736,ORD102736,PKG102736,2025-11-02,Sylhet Hub,Sundarban Courier,SEL1018,Golden Store,Chattogram,6.52,Pending,
SHP102737,ORD102737,PKG102737,2025-11-01,Khulna Hub,Pathao Courier,SEL1053,Trendy Store,Chattogram,3.17,Completed,2.7
SHP102738,ORD102738,PKG102738,2025-11-20,Chattogram Hub,Pathao Courier,SEL1021,Horizon Collection,Narayanganj,7.34,Failed,3.31
SHP102739,ORD102739,PKG102739,2026-02-09,Sylhet Hub,Pathao Courier,SEL1040,Silver Emporium,Barisal,4.32,Completed,1.69
SHP102740,ORD102740,PKG102740,2025-12-28,Sylhet Hub,eCourier,SEL1030,Nova Retail,Dhaka,8.06,Completed,1.86
SHP102741,ORD102741,PKG102741,2026-01-14,Khulna Hub,Steadfast Courier,SEL1004,Classic Mart,Rajshahi,11.04,Completed,2.51
SHP102742,ORD102742,PKG102742,2026-05-07,Sylhet Hub,Steadfast Courier,SEL1000,Bengal Bazaar,Mymensingh,3.09,Completed,1.75
SHP102743,ORD102743,PKG102743,2025-11-23,Rajshahi Hub,eCourier,SEL1010,Elite Gallery,Sylhet,11.29,Completed,3.64
SHP102744,ORD102744,PKG102744,2026-07-12,Barisal Hub,Pathao Courier,SEL1056,Urban Store,Khulna,2.61,Completed,2.73
SHP102745,ORD102745,PKG102745,2026-05-19,Chattogram Hub,Steadfast Courier,SEL1057,Value Hub,Dhaka,1.03,Completed,2.87
SHP102746,ORD102746,PKG102746,2025-10-31,Barisal Hub,Sundarban Courier,SEL1024,Metro Bazaar,Dhaka,2.47,Failed,3.16
SHP102747,ORD102747,PKG102747,2025-12-18,Comilla Hub,Sundarban Courier,SEL1058,Value Mart,Comilla,9.82,Cancelled,
SHP102748,ORD102748,PKG102748,2025-11-03,Rangpur Hub,RedX,SEL1002,Bengal Hub,Barisal,8.2,Completed,3.32
SHP102749,ORD102749,PKG102749,2025-12-04,Rangpur Hub,Pathao Courier,SEL1058,Value Mart,Comilla,11.66,Completed,3.01
SHP102750,ORD102750,PKG102750,2026-01-05,Barisal Hub,eCourier,SEL1013,Elite Trading,Dhaka,8.58,Completed,1.97
SHP102751,ORD102751,PKG102751,2025-10-16,Chattogram Hub,Steadfast Courier,SEL1002,Bengal Hub,Barisal,5.07,Completed,4.14
SHP102752,ORD102752,PKG102752,2025-09-05,Narayanganj Hub,eCourier,SEL1045,Smart Store,Dhaka,10.73,Completed,3.35
SHP102753,ORD102753,PKG102753,2026-01-30,Dhaka Hub,eCourier,SEL1022,Horizon Depot,Sylhet,11.51,Completed,2.0
SHP102754,ORD102754,PKG102754,2026-05-01,Chattogram Hub,Sundarban Courier,SEL1017,Golden Outlet,Khulna,9.54,Completed,5.39
SHP102755,ORD102755,PKG102755,2025-12-14,Dhaka Hub,Pathao Courier,SEL1045,Smart Store,Dhaka,6.77,Completed,2.28
SHP102756,ORD102756,PKG102756,2026-06-25,Sylhet Hub,eCourier,SEL1019,Green Fashion House,Rajshahi,9.94,Completed,3.51
SHP102757,ORD102757,PKG102757,2026-01-06,Rangpur Hub,RedX,SEL1045,Smart Store,Dhaka,2.31,Completed,3.39
SHP102758,ORD102758,PKG102758,2026-07-09,Dhaka Hub,Steadfast Courier,SEL1011,Elite Outlet,Chattogram,10.82,Failed,2.37
SHP102759,ORD102759,PKG102759,2025-11-21,Narayanganj Hub,Pathao Courier,SEL1005,Delta Corner,Khulna,11.99,Cancelled,
SHP102760,ORD102760,PKG102760,2026-03-06,Rajshahi Hub,Sundarban Courier,SEL1019,Green Fashion House,Rajshahi,8.05,Completed,3.72
SHP102761,ORD102761,PKG102761,2026-05-23,Comilla Hub,Sundarban Courier,SEL1036,Royal Emporium,Comilla,2.51,Cancelled,
SHP102762,ORD102762,PKG102762,2025-09-21,Rajshahi Hub,RedX,SEL1013,Elite Trading,Dhaka,1.9,Completed,2.73
SHP102763,ORD102763,PKG102763,2026-07-19,Khulna Hub,eCourier,SEL1008,Elite Depot,Chattogram,11.52,Completed,3.7
SHP102764,ORD102764,PKG102764,2026-01-05,Narayanganj Hub,Steadfast Courier,SEL1044,Smart Mart,Rangpur,10.48,Completed,1.85
SHP102765,ORD102765,PKG102765,2026-02-20,Narayanganj Hub,Sundarban Courier,SEL1029,Modern Emporium,Sylhet,9.03,Completed,2.78
SHP102766,ORD102766,PKG102766,2026-04-06,Barisal Hub,Sundarban Courier,SEL1025,Metro Hub,Sylhet,11.4,Completed,2.62
SHP102767,ORD102767,PKG102767,2026-04-11,Dhaka Hub,Pathao Courier,SEL1014,Fresh Hub,Khulna,6.14,Failed,1.79
SHP102768,ORD102768,PKG102768,2025-09-09,Dhaka Hub,Pathao Courier,SEL1001,Bengal Emporium,Rangpur,10.68,Completed,3.07
SHP102769,ORD102769,PKG102769,2026-06-28,Dhaka Hub,Sundarban Courier,SEL1003,Classic Fashion House,Sylhet,2.12,Completed,3.53
SHP102770,ORD102770,PKG102770,2026-04-04,Dhaka Hub,RedX,SEL1040,Silver Emporium,Barisal,2.36,Completed,3.64
SHP102771,ORD102771,PKG102771,2026-08-12,Khulna Hub,Sundarban Courier,SEL1004,Classic Mart,Rajshahi,6.25,Pending,
SHP102772,ORD102772,PKG102772,2026-02-11,Sylhet Hub,Sundarban Courier,SEL1014,Fresh Hub,Khulna,4.12,Pending,
SHP102773,ORD102773,PKG102773,2026-04-01,Barisal Hub,RedX,SEL1054,Trendy Trading,Narayanganj,5.3,Completed,2.66
SHP102774,ORD102774,PKG102774,2026-01-31,Comilla Hub,eCourier,SEL1020,Horizon Bazaar,Dhaka,9.62,Completed,4.03
SHP102775,ORD102775,PKG102775,2026-07-05,Chattogram Hub,Pathao Courier,SEL1044,Smart Mart,Rangpur,0.83,Completed,3.43
SHP102776,ORD102776,PKG102776,2026-06-16,Mymensingh Hub,Sundarban Courier,SEL1020,Horizon Bazaar,Dhaka,8.71,Completed,3.53
SHP102777,ORD102777,PKG102777,2026-07-12,Comilla Hub,eCourier,SEL1055,Urban Collection,Chattogram,1.24,Completed,3.49
SHP102778,ORD102778,PKG102778,2026-02-22,Barisal Hub,eCourier,SEL1049,Suncity Gallery,Khulna,10.2,Completed,2.1
SHP102779,ORD102779,PKG102779,2026-06-01,Mymensingh Hub,eCourier,SEL1028,Modern Depot,Khulna,2.58,Completed,3.88
SHP102780,ORD102780,PKG102780,2026-01-03,Comilla Hub,Pathao Courier,SEL1041,Silver Hub,Chattogram,8.87,Completed,2.92
SHP102781,ORD102781,PKG102781,2026-02-07,Sylhet Hub,RedX,SEL1024,Metro Bazaar,Dhaka,7.18,Completed,2.81
SHP102782,ORD102782,PKG102782,2026-05-22,Khulna Hub,Steadfast Courier,SEL1056,Urban Store,Khulna,4.75,Completed,4.12
SHP102783,ORD102783,PKG102783,2025-09-29,Khulna Hub,Sundarban Courier,SEL1021,Horizon Collection,Narayanganj,3.36,Pending,
SHP102784,ORD102784,PKG102784,2026-05-04,Sylhet Hub,Sundarban Courier,SEL1050,Suncity Retail,Chattogram,0.88,Pending,
SHP102785,ORD102785,PKG102785,2025-09-06,Narayanganj Hub,Steadfast Courier,SEL1036,Royal Emporium,Comilla,4.37,Completed,1.61
SHP102786,ORD102786,PKG102786,2026-03-20,Dhaka Hub,Pathao Courier,SEL1038,Royal Outlet,Khulna,2.57,Completed,3.71
SHP102787,ORD102787,PKG102787,2026-02-13,Chattogram Hub,eCourier,SEL1021,Horizon Collection,Narayanganj,1.8,Cancelled,
SHP102788,ORD102788,PKG102788,2026-02-10,Comilla Hub,eCourier,SEL1049,Suncity Gallery,Khulna,8.91,Completed,2.8
SHP102789,ORD102789,PKG102789,2026-02-19,Rangpur Hub,Pathao Courier,SEL1044,Smart Mart,Rangpur,2.71,Completed,1.92
SHP102790,ORD102790,PKG102790,2026-02-18,Chattogram Hub,eCourier,SEL1048,Suncity Emporium,Dhaka,2.83,Completed,3.61
SHP102791,ORD102791,PKG102791,2026-01-19,Rajshahi Hub,Sundarban Courier,SEL1048,Suncity Emporium,Dhaka,4.22,Completed,4.65
SHP102792,ORD102792,PKG102792,2026-02-04,Dhaka Hub,eCourier,SEL1009,Elite Emporium,Dhaka,5.66,Completed,3.61
SHP102793,ORD102793,PKG102793,2026-03-16,Khulna Hub,Steadfast Courier,SEL1052,Trendy Collection,Rangpur,6.26,Completed,3.1
SHP102794,ORD102794,PKG102794,2026-05-23,Comilla Hub,Steadfast Courier,SEL1050,Suncity Retail,Chattogram,8.04,Completed,3.34
SHP102795,ORD102795,PKG102795,2026-03-11,Rajshahi Hub,Pathao Courier,SEL1014,Fresh Hub,Khulna,7.14,Completed,1.22
SHP102796,ORD102796,PKG102796,2026-04-11,Comilla Hub,eCourier,SEL1058,Value Mart,Comilla,5.88,Pending,
SHP102797,ORD102797,PKG102797,2026-06-17,Dhaka Hub,Steadfast Courier,SEL1031,Prime Bazaar,Chattogram,4.85,Completed,4.02
SHP102798,ORD102798,PKG102798,2026-08-09,Khulna Hub,RedX,SEL1019,Green Fashion House,Rajshahi,3.34,Completed,2.5
SHP102799,ORD102799,PKG102799,2025-10-08,Barisal Hub,RedX,SEL1013,Elite Trading,Dhaka,8.58,Completed,1.72
SHP102800,ORD102800,PKG102800,2026-05-05,Dhaka Hub,Pathao Courier,SEL1021,Horizon Collection,Narayanganj,3.95,Completed,3.07
SHP102801,ORD102801,PKG102801,2025-11-17,Mymensingh Hub,eCourier,SEL1002,Bengal Hub,Barisal,10.23,Completed,3.17
SHP102802,ORD102802,PKG102802,2025-11-08,Dhaka Hub,Pathao Courier,SEL1041,Silver Hub,Chattogram,7.12,Completed,3.07
SHP102803,ORD102803,PKG102803,2026-06-02,Mymensingh Hub,Sundarban Courier,SEL1042,Smart Bazaar,Rajshahi,7.68,Completed,3.94
SHP102804,ORD102804,PKG102804,2025-09-24,Dhaka Hub,Steadfast Courier,SEL1040,Silver Emporium,Barisal,6.2,Completed,2.8
SHP102805,ORD102805,PKG102805,2026-06-21,Narayanganj Hub,Steadfast Courier,SEL1032,Prime Trading,Khulna,11.16,Failed,2.03
SHP102806,ORD102806,PKG102806,2026-05-25,Comilla Hub,Steadfast Courier,SEL1021,Horizon Collection,Narayanganj,5.17,Completed,3.16
SHP102807,ORD102807,PKG102807,2026-08-11,Mymensingh Hub,Sundarban Courier,SEL1043,Smart Emporium,Barisal,5.24,Completed,4.59
SHP102808,ORD102808,PKG102808,2026-04-20,Barisal Hub,Pathao Courier,SEL1052,Trendy Collection,Rangpur,10.74,Failed,1.95
SHP102809,ORD102809,PKG102809,2026-06-30,Chattogram Hub,Sundarban Courier,SEL1005,Delta Corner,Khulna,7.34,Failed,4.47
SHP102810,ORD102810,PKG102810,2025-10-12,Sylhet Hub,Pathao Courier,SEL1022,Horizon Depot,Sylhet,5.5,Completed,2.24
SHP102811,ORD102811,PKG102811,2026-07-05,Khulna Hub,Steadfast Courier,SEL1059,Value Store,Dhaka,3.29,Completed,2.63
SHP102812,ORD102812,PKG102812,2025-10-26,Dhaka Hub,RedX,SEL1051,Suncity Shop,Mymensingh,3.09,Completed,1.17
SHP102813,ORD102813,PKG102813,2025-12-18,Dhaka Hub,Sundarban Courier,SEL1059,Value Store,Dhaka,9.66,Completed,3.78
SHP102814,ORD102814,PKG102814,2025-10-15,Sylhet Hub,Pathao Courier,SEL1010,Elite Gallery,Sylhet,3.5,Completed,1.67
SHP102815,ORD102815,PKG102815,2026-01-17,Khulna Hub,Sundarban Courier,SEL1027,Modern Corner,Comilla,0.27,Completed,4.24
SHP102816,ORD102816,PKG102816,2026-05-18,Rangpur Hub,Steadfast Courier,SEL1007,Delta Trading,Dhaka,0.43,Completed,2.89
SHP102817,ORD102817,PKG102817,2025-12-02,Rangpur Hub,eCourier,SEL1051,Suncity Shop,Mymensingh,11.75,Failed,2.11
SHP102818,ORD102818,PKG102818,2026-06-12,Rajshahi Hub,Pathao Courier,SEL1031,Prime Bazaar,Chattogram,6.81,Completed,2.46
SHP102819,ORD102819,PKG102819,2026-03-29,Rajshahi Hub,Pathao Courier,SEL1014,Fresh Hub,Khulna,5.97,Cancelled,
SHP102820,ORD102820,PKG102820,2026-04-06,Mymensingh Hub,Sundarban Courier,SEL1005,Delta Corner,Khulna,11.03,Completed,4.74
SHP102821,ORD102821,PKG102821,2026-07-22,Dhaka Hub,Pathao Courier,SEL1044,Smart Mart,Rangpur,4.35,Completed,1.84
SHP102822,ORD102822,PKG102822,2026-01-28,Khulna Hub,Steadfast Courier,SEL1048,Suncity Emporium,Dhaka,9.58,Completed,2.83
SHP102823,ORD102823,PKG102823,2025-12-29,Dhaka Hub,RedX,SEL1052,Trendy Collection,Rangpur,8.72,Completed,2.33
SHP102824,ORD102824,PKG102824,2026-08-11,Dhaka Hub,Pathao Courier,SEL1058,Value Mart,Comilla,5.83,Pending,
SHP102825,ORD102825,PKG102825,2026-03-12,Sylhet Hub,eCourier,SEL1048,Suncity Emporium,Dhaka,9.34,Cancelled,
SHP102826,ORD102826,PKG102826,2026-04-01,Chattogram Hub,Sundarban Courier,SEL1047,Suncity Depot,Dhaka,11.6,Completed,3.37
SHP102827,ORD102827,PKG102827,2025-12-12,Barisal Hub,Pathao Courier,SEL1048,Suncity Emporium,Dhaka,2.57,Completed,1.91
SHP102828,ORD102828,PKG102828,2025-11-14,Mymensingh Hub,RedX,SEL1059,Value Store,Dhaka,0.41,Completed,4.2
SHP102829,ORD102829,PKG102829,2025-10-29,Rangpur Hub,Pathao Courier,SEL1027,Modern Corner,Comilla,9.89,Completed,2.49
SHP102830,ORD102830,PKG102830,2025-11-17,Khulna Hub,Sundarban Courier,SEL1045,Smart Store,Dhaka,4.96,Completed,3.05
SHP102831,ORD102831,PKG102831,2025-11-07,Dhaka Hub,eCourier,SEL1049,Suncity Gallery,Khulna,6.62,Completed,4.31
SHP102832,ORD102832,PKG102832,2026-05-17,Dhaka Hub,Steadfast Courier,SEL1006,Delta Store,Rajshahi,2.83,Completed,4.5
SHP102833,ORD102833,PKG102833,2025-09-21,Dhaka Hub,Sundarban Courier,SEL1041,Silver Hub,Chattogram,10.13,Completed,3.5
SHP102834,ORD102834,PKG102834,2026-04-06,Dhaka Hub,RedX,SEL1020,Horizon Bazaar,Dhaka,8.71,Completed,2.85
SHP102835,ORD102835,PKG102835,2026-07-26,Sylhet Hub,Pathao Courier,SEL1007,Delta Trading,Dhaka,11.45,Completed,2.31
SHP102836,ORD102836,PKG102836,2026-05-23,Chattogram Hub,RedX,SEL1010,Elite Gallery,Sylhet,5.81,Completed,3.88
SHP102837,ORD102837,PKG102837,2026-01-18,Dhaka Hub,Pathao Courier,SEL1006,Delta Store,Rajshahi,11.72,Failed,2.06
SHP102838,ORD102838,PKG102838,2025-09-21,Dhaka Hub,RedX,SEL1053,Trendy Store,Chattogram,6.23,Completed,2.66
SHP102839,ORD102839,PKG102839,2026-06-16,Dhaka Hub,Pathao Courier,SEL1046,Smart Traders,Comilla,7.53,Completed,2.08
SHP102840,ORD102840,PKG102840,2025-09-02,Dhaka Hub,Steadfast Courier,SEL1006,Delta Store,Rajshahi,8.15,Failed,3.4
SHP102841,ORD102841,PKG102841,2026-04-24,Dhaka Hub,Steadfast Courier,SEL1037,Royal Gallery,Dhaka,5.98,Completed,4.21
SHP102842,ORD102842,PKG102842,2026-04-21,Dhaka Hub,Sundarban Courier,SEL1039,Silver Depot,Dhaka,6.84,Completed,4.02
SHP102843,ORD102843,PKG102843,2025-11-06,Sylhet Hub,eCourier,SEL1031,Prime Bazaar,Chattogram,2.84,Completed,1.92
SHP102844,ORD102844,PKG102844,2026-05-14,Barisal Hub,Pathao Courier,SEL1036,Royal Emporium,Comilla,4.48,Completed,2.7
SHP102845,ORD102845,PKG102845,2025-10-31,Chattogram Hub,eCourier,SEL1054,Trendy Trading,Narayanganj,8.48,Completed,3.59
SHP102846,ORD102846,PKG102846,2025-11-18,Dhaka Hub,Sundarban Courier,SEL1031,Prime Bazaar,Chattogram,0.66,Completed,4.12
SHP102847,ORD102847,PKG102847,2026-06-08,Rajshahi Hub,Pathao Courier,SEL1039,Silver Depot,Dhaka,8.46,Completed,2.0
SHP102848,ORD102848,PKG102848,2026-08-05,Rajshahi Hub,RedX,SEL1034,Riverside Emporium,Dhaka,3.78,Completed,1.47
SHP102849,ORD102849,PKG102849,2025-12-01,Barisal Hub,Sundarban Courier,SEL1023,Horizon Shop,Rangpur,3.41,Completed,2.14
SHP102850,ORD102850,PKG102850,2026-07-16,Chattogram Hub,RedX,SEL1053,Trendy Store,Chattogram,8.38,Completed,1.36
SHP102851,ORD102851,PKG102851,2026-07-13,Narayanganj Hub,RedX,SEL1024,Metro Bazaar,Dhaka,2.74,Completed,1.19
SHP102852,ORD102852,PKG102852,2026-05-25,Dhaka Hub,Pathao Courier,SEL1047,Suncity Depot,Dhaka,11.55,Completed,4.34
SHP102853,ORD102853,PKG102853,2025-10-19,Narayanganj Hub,Pathao Courier,SEL1036,Royal Emporium,Comilla,11.89,Completed,0.5
SHP102854,ORD102854,PKG102854,2025-12-13,Rajshahi Hub,RedX,SEL1041,Silver Hub,Chattogram,5.61,Completed,1.3
SHP102855,ORD102855,PKG102855,2026-04-23,Dhaka Hub,RedX,SEL1045,Smart Store,Dhaka,4.94,Completed,3.9
SHP102856,ORD102856,PKG102856,2026-08-12,Dhaka Hub,Pathao Courier,SEL1044,Smart Mart,Rangpur,1.13,Failed,2.17
SHP102857,ORD102857,PKG102857,2026-06-09,Dhaka Hub,Sundarban Courier,SEL1033,Riverside Collection,Sylhet,9.38,Completed,3.5
SHP102858,ORD102858,PKG102858,2026-01-24,Rajshahi Hub,RedX,SEL1036,Royal Emporium,Comilla,2.12,Completed,2.39
SHP102859,ORD102859,PKG102859,2025-11-21,Narayanganj Hub,RedX,SEL1030,Nova Retail,Dhaka,11.21,Completed,0.8
SHP102860,ORD102860,PKG102860,2026-07-30,Mymensingh Hub,eCourier,SEL1020,Horizon Bazaar,Dhaka,11.89,Cancelled,
SHP102861,ORD102861,PKG102861,2025-12-05,Narayanganj Hub,Sundarban Courier,SEL1043,Smart Emporium,Barisal,1.64,Completed,2.67
SHP102862,ORD102862,PKG102862,2025-12-28,Chattogram Hub,RedX,SEL1052,Trendy Collection,Rangpur,8.26,Completed,2.81
SHP102863,ORD102863,PKG102863,2026-07-31,Chattogram Hub,RedX,SEL1042,Smart Bazaar,Rajshahi,5.7,Completed,3.92
SHP102864,ORD102864,PKG102864,2026-03-14,Rangpur Hub,Sundarban Courier,SEL1046,Smart Traders,Comilla,6.59,Completed,3.0
SHP102865,ORD102865,PKG102865,2025-12-01,Dhaka Hub,Pathao Courier,SEL1049,Suncity Gallery,Khulna,2.32,Failed,2.87
SHP102866,ORD102866,PKG102866,2025-09-02,Chattogram Hub,Pathao Courier,SEL1022,Horizon Depot,Sylhet,8.74,Completed,2.74
SHP102867,ORD102867,PKG102867,2026-01-27,Chattogram Hub,eCourier,SEL1003,Classic Fashion House,Sylhet,2.17,Completed,3.14
SHP102868,ORD102868,PKG102868,2026-08-08,Chattogram Hub,Pathao Courier,SEL1020,Horizon Bazaar,Dhaka,10.65,Completed,4.85
SHP102869,ORD102869,PKG102869,2026-01-28,Rangpur Hub,RedX,SEL1045,Smart Store,Dhaka,5.56,Completed,2.87
SHP102870,ORD102870,PKG102870,2026-05-01,Dhaka Hub,RedX,SEL1048,Suncity Emporium,Dhaka,7.69,Completed,3.34
SHP102871,ORD102871,PKG102871,2025-11-27,Dhaka Hub,Sundarban Courier,SEL1030,Nova Retail,Dhaka,11.08,Pending,
SHP102872,ORD102872,PKG102872,2026-05-27,Dhaka Hub,eCourier,SEL1046,Smart Traders,Comilla,8.91,Failed,2.59
SHP102873,ORD102873,PKG102873,2026-05-27,Rajshahi Hub,RedX,SEL1004,Classic Mart,Rajshahi,6.58,Completed,0.5
SHP102874,ORD102874,PKG102874,2026-03-30,Chattogram Hub,Pathao Courier,SEL1038,Royal Outlet,Khulna,4.95,Completed,3.23
SHP102875,ORD102875,PKG102875,2026-05-26,Sylhet Hub,eCourier,SEL1040,Silver Emporium,Barisal,5.65,Completed,1.35
SHP102876,ORD102876,PKG102876,2026-03-20,Sylhet Hub,RedX,SEL1030,Nova Retail,Dhaka,4.23,Completed,2.1
SHP102877,ORD102877,PKG102877,2026-01-09,Dhaka Hub,Sundarban Courier,SEL1042,Smart Bazaar,Rajshahi,11.36,Completed,2.88
SHP102878,ORD102878,PKG102878,2026-05-14,Rangpur Hub,eCourier,SEL1029,Modern Emporium,Sylhet,3.18,Completed,3.77
SHP102879,ORD102879,PKG102879,2026-06-16,Dhaka Hub,RedX,SEL1031,Prime Bazaar,Chattogram,5.03,Completed,4.12
SHP102880,ORD102880,PKG102880,2026-06-19,Barisal Hub,Sundarban Courier,SEL1036,Royal Emporium,Comilla,9.38,Completed,4.65
SHP102881,ORD102881,PKG102881,2025-11-13,Barisal Hub,Steadfast Courier,SEL1047,Suncity Depot,Dhaka,4.5,Completed,2.45
SHP102882,ORD102882,PKG102882,2026-04-23,Dhaka Hub,RedX,SEL1014,Fresh Hub,Khulna,10.66,Pending,
SHP102883,ORD102883,PKG102883,2025-09-02,Barisal Hub,RedX,SEL1018,Golden Store,Chattogram,3.07,Completed,1.4
SHP102884,ORD102884,PKG102884,2026-03-17,Dhaka Hub,Pathao Courier,SEL1025,Metro Hub,Sylhet,0.57,Completed,2.29
SHP102885,ORD102885,PKG102885,2026-03-17,Khulna Hub,Pathao Courier,SEL1012,Elite Traders,Dhaka,7.62,Completed,2.3
SHP102886,ORD102886,PKG102886,2026-01-04,Barisal Hub,Sundarban Courier,SEL1020,Horizon Bazaar,Dhaka,6.2,Pending,
SHP102887,ORD102887,PKG102887,2026-08-10,Dhaka Hub,RedX,SEL1021,Horizon Collection,Narayanganj,11.21,Completed,2.41
SHP102888,ORD102888,PKG102888,2026-07-03,Barisal Hub,RedX,SEL1018,Golden Store,Chattogram,5.19,Completed,3.4
SHP102889,ORD102889,PKG102889,2025-09-14,Dhaka Hub,eCourier,SEL1024,Metro Bazaar,Dhaka,1.8,Completed,2.66
SHP102890,ORD102890,PKG102890,2025-11-12,Dhaka Hub,Pathao Courier,SEL1030,Nova Retail,Dhaka,4.09,Pending,
SHP102891,ORD102891,PKG102891,2025-11-11,Chattogram Hub,eCourier,SEL1041,Silver Hub,Chattogram,4.84,Completed,3.13
SHP102892,ORD102892,PKG102892,2026-07-08,Dhaka Hub,eCourier,SEL1018,Golden Store,Chattogram,7.08,Pending,
SHP102893,ORD102893,PKG102893,2026-02-27,Dhaka Hub,eCourier,SEL1050,Suncity Retail,Chattogram,3.44,Completed,3.17
SHP102894,ORD102894,PKG102894,2026-05-11,Dhaka Hub,eCourier,SEL1028,Modern Depot,Khulna,6.69,Completed,3.29
SHP102895,ORD102895,PKG102895,2026-06-08,Rangpur Hub,Steadfast Courier,SEL1043,Smart Emporium,Barisal,10.91,Completed,3.06
SHP102896,ORD102896,PKG102896,2026-05-24,Mymensingh Hub,Pathao Courier,SEL1006,Delta Store,Rajshahi,5.2,Completed,3.78
SHP102897,ORD102897,PKG102897,2025-10-01,Comilla Hub,RedX,SEL1010,Elite Gallery,Sylhet,7.89,Failed,3.38
SHP102898,ORD102898,PKG102898,2025-10-19,Narayanganj Hub,Steadfast Courier,SEL1027,Modern Corner,Comilla,2.9,Completed,2.88
SHP102899,ORD102899,PKG102899,2026-01-15,Rajshahi Hub,RedX,SEL1021,Horizon Collection,Narayanganj,9.66,Completed,1.74
SHP102900,ORD102900,PKG102900,2025-12-27,Barisal Hub,Pathao Courier,SEL1029,Modern Emporium,Sylhet,3.38,Completed,2.23
SHP102901,ORD102901,PKG102901,2026-05-17,Chattogram Hub,Steadfast Courier,SEL1009,Elite Emporium,Dhaka,7.04,Completed,3.48
SHP102902,ORD102902,PKG102902,2025-10-25,Comilla Hub,Pathao Courier,SEL1028,Modern Depot,Khulna,3.74,Failed,4.01
SHP102903,ORD102903,PKG102903,2026-01-07,Chattogram Hub,Sundarban Courier,SEL1041,Silver Hub,Chattogram,1.0,Completed,4.77
SHP102904,ORD102904,PKG102904,2025-11-21,Barisal Hub,Pathao Courier,SEL1043,Smart Emporium,Barisal,3.97,Completed,2.21
SHP102905,ORD102905,PKG102905,2025-11-05,Rangpur Hub,Sundarban Courier,SEL1014,Fresh Hub,Khulna,2.7,Completed,3.74
SHP102906,ORD102906,PKG102906,2025-10-30,Narayanganj Hub,Sundarban Courier,SEL1020,Horizon Bazaar,Dhaka,10.73,Completed,2.18
SHP102907,ORD102907,PKG102907,2025-11-07,Dhaka Hub,Sundarban Courier,SEL1031,Prime Bazaar,Chattogram,3.34,Completed,3.84
SHP102908,ORD102908,PKG102908,2026-03-15,Dhaka Hub,Steadfast Courier,SEL1031,Prime Bazaar,Chattogram,11.7,Completed,4.01
SHP102909,ORD102909,PKG102909,2026-01-20,Sylhet Hub,Sundarban Courier,SEL1047,Suncity Depot,Dhaka,6.01,Completed,2.34
SHP102910,ORD102910,PKG102910,2026-01-29,Rangpur Hub,RedX,SEL1023,Horizon Shop,Rangpur,2.81,Cancelled,
SHP102911,ORD102911,PKG102911,2026-02-13,Barisal Hub,Steadfast Courier,SEL1040,Silver Emporium,Barisal,4.82,Completed,2.62
SHP102912,ORD102912,PKG102912,2026-05-15,Dhaka Hub,eCourier,SEL1053,Trendy Store,Chattogram,2.36,Completed,1.89
SHP102913,ORD102913,PKG102913,2026-06-26,Mymensingh Hub,Pathao Courier,SEL1017,Golden Outlet,Khulna,10.04,Completed,2.75
SHP102914,ORD102914,PKG102914,2026-03-02,Chattogram Hub,Pathao Courier,SEL1049,Suncity Gallery,Khulna,1.62,Completed,5.05
SHP102915,ORD102915,PKG102915,2026-04-11,Mymensingh Hub,RedX,SEL1019,Green Fashion House,Rajshahi,10.51,Completed,3.11
SHP102916,ORD102916,PKG102916,2026-05-14,Comilla Hub,eCourier,SEL1020,Horizon Bazaar,Dhaka,0.74,Completed,2.97
SHP102917,ORD102917,PKG102917,2026-04-27,Comilla Hub,RedX,SEL1039,Silver Depot,Dhaka,3.74,Completed,2.3
SHP102918,ORD102918,PKG102918,2025-10-17,Rangpur Hub,Pathao Courier,SEL1037,Royal Gallery,Dhaka,1.85,Completed,2.85
SHP102919,ORD102919,PKG102919,2026-08-07,Rangpur Hub,eCourier,SEL1032,Prime Trading,Khulna,8.29,Completed,4.08
SHP102920,ORD102920,PKG102920,2025-10-28,Khulna Hub,RedX,SEL1013,Elite Trading,Dhaka,6.25,Completed,2.54
SHP102921,ORD102921,PKG102921,2026-01-21,Khulna Hub,RedX,SEL1005,Delta Corner,Khulna,11.28,Failed,2.24
SHP102922,ORD102922,PKG102922,2026-04-14,Khulna Hub,Steadfast Courier,SEL1054,Trendy Trading,Narayanganj,4.52,Completed,1.68
SHP102923,ORD102923,PKG102923,2026-01-18,Khulna Hub,eCourier,SEL1052,Trendy Collection,Rangpur,0.68,Completed,2.79
SHP102924,ORD102924,PKG102924,2025-11-24,Dhaka Hub,RedX,SEL1053,Trendy Store,Chattogram,9.19,Completed,2.19
SHP102925,ORD102925,PKG102925,2026-07-17,Chattogram Hub,RedX,SEL1030,Nova Retail,Dhaka,7.04,Completed,3.48
SHP102926,ORD102926,PKG102926,2025-09-25,Dhaka Hub,RedX,SEL1053,Trendy Store,Chattogram,9.96,Completed,2.96
SHP102927,ORD102927,PKG102927,2025-11-25,Barisal Hub,RedX,SEL1028,Modern Depot,Khulna,5.23,Completed,2.9
SHP102928,ORD102928,PKG102928,2026-08-10,Sylhet Hub,Sundarban Courier,SEL1004,Classic Mart,Rajshahi,8.91,Completed,2.04
SHP102929,ORD102929,PKG102929,2026-05-11,Dhaka Hub,eCourier,SEL1011,Elite Outlet,Chattogram,2.22,Completed,3.41
SHP102930,ORD102930,PKG102930,2025-10-01,Rangpur Hub,RedX,SEL1016,Golden Hub,Comilla,11.99,Completed,2.9
SHP102931,ORD102931,PKG102931,2026-05-20,Comilla Hub,Sundarban Courier,SEL1022,Horizon Depot,Sylhet,2.25,Completed,3.41
SHP102932,ORD102932,PKG102932,2026-08-02,Dhaka Hub,Pathao Courier,SEL1056,Urban Store,Khulna,9.99,Completed,3.48
SHP102933,ORD102933,PKG102933,2025-10-04,Mymensingh Hub,eCourier,SEL1019,Green Fashion House,Rajshahi,2.71,Completed,5.15
SHP102934,ORD102934,PKG102934,2026-01-22,Dhaka Hub,RedX,SEL1036,Royal Emporium,Comilla,9.43,Completed,2.7
SHP102935,ORD102935,PKG102935,2026-02-10,Barisal Hub,Sundarban Courier,SEL1016,Golden Hub,Comilla,10.36,Completed,2.34
SHP102936,ORD102936,PKG102936,2025-10-16,Mymensingh Hub,Sundarban Courier,SEL1038,Royal Outlet,Khulna,10.54,Completed,5.56
SHP102937,ORD102937,PKG102937,2025-11-09,Dhaka Hub,Pathao Courier,SEL1034,Riverside Emporium,Dhaka,5.81,Completed,3.14
SHP102938,ORD102938,PKG102938,2025-10-31,Narayanganj Hub,Steadfast Courier,SEL1009,Elite Emporium,Dhaka,5.26,Completed,1.44
SHP102939,ORD102939,PKG102939,2025-11-04,Barisal Hub,Steadfast Courier,SEL1027,Modern Corner,Comilla,10.04,Completed,2.09
SHP102940,ORD102940,PKG102940,2026-01-18,Narayanganj Hub,RedX,SEL1006,Delta Store,Rajshahi,7.04,Completed,1.7
SHP102941,ORD102941,PKG102941,2026-02-08,Dhaka Hub,Sundarban Courier,SEL1053,Trendy Store,Chattogram,7.53,Completed,3.19
SHP102942,ORD102942,PKG102942,2025-11-22,Dhaka Hub,eCourier,SEL1042,Smart Bazaar,Rajshahi,2.99,Completed,2.75
SHP102943,ORD102943,PKG102943,2025-12-10,Rajshahi Hub,RedX,SEL1056,Urban Store,Khulna,5.46,Completed,1.93
SHP102944,ORD102944,PKG102944,2025-11-06,Khulna Hub,Steadfast Courier,SEL1052,Trendy Collection,Rangpur,4.56,Pending,
SHP102945,ORD102945,PKG102945,2026-06-03,Mymensingh Hub,Pathao Courier,SEL1013,Elite Trading,Dhaka,8.05,Completed,3.18
SHP102946,ORD102946,PKG102946,2025-11-13,Sylhet Hub,Pathao Courier,SEL1042,Smart Bazaar,Rajshahi,2.52,Completed,2.22
SHP102947,ORD102947,PKG102947,2026-07-12,Dhaka Hub,RedX,SEL1006,Delta Store,Rajshahi,4.99,Completed,3.36
SHP102948,ORD102948,PKG102948,2026-03-06,Sylhet Hub,Pathao Courier,SEL1057,Value Hub,Dhaka,10.22,Completed,1.95
SHP102949,ORD102949,PKG102949,2026-06-05,Rajshahi Hub,RedX,SEL1047,Suncity Depot,Dhaka,6.65,Pending,
SHP102950,ORD102950,PKG102950,2026-04-09,Chattogram Hub,eCourier,SEL1040,Silver Emporium,Barisal,10.77,Completed,4.68
SHP102951,ORD102951,PKG102951,2025-12-02,Khulna Hub,Pathao Courier,SEL1059,Value Store,Dhaka,2.94,Completed,2.68
SHP102952,ORD102952,PKG102952,2026-03-28,Rajshahi Hub,Sundarban Courier,SEL1050,Suncity Retail,Chattogram,5.39,Completed,4.64
SHP102953,ORD102953,PKG102953,2025-12-04,Barisal Hub,RedX,SEL1051,Suncity Shop,Mymensingh,6.1,Completed,2.6
SHP102954,ORD102954,PKG102954,2025-10-12,Dhaka Hub,eCourier,SEL1006,Delta Store,Rajshahi,4.93,Completed,3.68
SHP102955,ORD102955,PKG102955,2025-11-28,Dhaka Hub,Sundarban Courier,SEL1001,Bengal Emporium,Rangpur,8.28,Completed,3.94
SHP102956,ORD102956,PKG102956,2025-12-05,Barisal Hub,Pathao Courier,SEL1057,Value Hub,Dhaka,1.95,Completed,2.79
SHP102957,ORD102957,PKG102957,2025-10-17,Chattogram Hub,RedX,SEL1015,Fresh Trading,Dhaka,6.33,Completed,3.43
SHP102958,ORD102958,PKG102958,2025-09-09,Rangpur Hub,Sundarban Courier,SEL1025,Metro Hub,Sylhet,1.84,Completed,2.41
SHP102959,ORD102959,PKG102959,2026-07-24,Dhaka Hub,eCourier,SEL1002,Bengal Hub,Barisal,7.62,Completed,3.24
SHP102960,ORD102960,PKG102960,2026-02-25,Rangpur Hub,RedX,SEL1037,Royal Gallery,Dhaka,10.0,Completed,3.18
SHP102961,ORD102961,PKG102961,2026-01-18,Dhaka Hub,Pathao Courier,SEL1049,Suncity Gallery,Khulna,0.44,Cancelled,
SHP102962,ORD102962,PKG102962,2026-07-19,Sylhet Hub,eCourier,SEL1050,Suncity Retail,Chattogram,5.59,Completed,4.33
SHP102963,ORD102963,PKG102963,2025-11-17,Dhaka Hub,RedX,SEL1034,Riverside Emporium,Dhaka,6.01,Completed,2.58
SHP102964,ORD102964,PKG102964,2026-01-18,Khulna Hub,Pathao Courier,SEL1039,Silver Depot,Dhaka,8.7,Completed,3.33
SHP102965,ORD102965,PKG102965,2026-06-20,Barisal Hub,RedX,SEL1030,Nova Retail,Dhaka,1.08,Completed,2.71
SHP102966,ORD102966,PKG102966,2026-04-07,Khulna Hub,Steadfast Courier,SEL1026,Metro Outlet,Sylhet,4.99,Completed,3.69
SHP102967,ORD102967,PKG102967,2026-01-17,Dhaka Hub,eCourier,SEL1033,Riverside Collection,Sylhet,9.47,Completed,3.24
SHP102968,ORD102968,PKG102968,2025-11-28,Comilla Hub,Sundarban Courier,SEL1056,Urban Store,Khulna,6.48,Completed,4.39
SHP102969,ORD102969,PKG102969,2025-09-13,Dhaka Hub,eCourier,SEL1015,Fresh Trading,Dhaka,9.05,Completed,3.18
SHP102970,ORD102970,PKG102970,2025-09-30,Barisal Hub,Sundarban Courier,SEL1028,Modern Depot,Khulna,4.5,Completed,2.6
SHP102971,ORD102971,PKG102971,2025-10-27,Barisal Hub,RedX,SEL1036,Royal Emporium,Comilla,11.06,Completed,1.09
SHP102972,ORD102972,PKG102972,2026-05-31,Comilla Hub,RedX,SEL1034,Riverside Emporium,Dhaka,1.11,Completed,2.73
SHP102973,ORD102973,PKG102973,2026-04-10,Mymensingh Hub,Pathao Courier,SEL1001,Bengal Emporium,Rangpur,1.28,Completed,2.55
SHP102974,ORD102974,PKG102974,2026-01-28,Dhaka Hub,Sundarban Courier,SEL1017,Golden Outlet,Khulna,6.44,Completed,3.78
SHP102975,ORD102975,PKG102975,2026-05-29,Narayanganj Hub,Steadfast Courier,SEL1038,Royal Outlet,Khulna,5.76,Completed,2.01
SHP102976,ORD102976,PKG102976,2025-10-26,Dhaka Hub,Pathao Courier,SEL1041,Silver Hub,Chattogram,7.73,Completed,3.19
SHP102977,ORD102977,PKG102977,2025-11-12,Khulna Hub,eCourier,SEL1044,Smart Mart,Rangpur,2.9,Completed,2.38
SHP102978,ORD102978,PKG102978,2026-01-14,Dhaka Hub,RedX,SEL1059,Value Store,Dhaka,2.87,Completed,2.03
SHP102979,ORD102979,PKG102979,2026-07-15,Chattogram Hub,RedX,SEL1040,Silver Emporium,Barisal,9.04,Cancelled,
SHP102980,ORD102980,PKG102980,2026-04-01,Rangpur Hub,Pathao Courier,SEL1034,Riverside Emporium,Dhaka,3.64,Completed,2.94
SHP102981,ORD102981,PKG102981,2026-06-22,Comilla Hub,Pathao Courier,SEL1019,Green Fashion House,Rajshahi,8.78,Completed,2.91
SHP102982,ORD102982,PKG102982,2025-11-25,Chattogram Hub,Pathao Courier,SEL1022,Horizon Depot,Sylhet,7.76,Completed,4.22
SHP102983,ORD102983,PKG102983,2026-06-21,Sylhet Hub,RedX,SEL1049,Suncity Gallery,Khulna,1.18,Completed,2.07
SHP102984,ORD102984,PKG102984,2025-09-26,Rangpur Hub,Steadfast Courier,SEL1028,Modern Depot,Khulna,8.59,Completed,3.28
SHP102985,ORD102985,PKG102985,2025-11-18,Rajshahi Hub,Steadfast Courier,SEL1042,Smart Bazaar,Rajshahi,10.58,Completed,2.08
SHP102986,ORD102986,PKG102986,2026-02-28,Comilla Hub,Pathao Courier,SEL1007,Delta Trading,Dhaka,9.84,Completed,2.88
SHP102987,ORD102987,PKG102987,2025-09-18,Chattogram Hub,Pathao Courier,SEL1007,Delta Trading,Dhaka,0.3,Completed,2.51
SHP102988,ORD102988,PKG102988,2026-06-24,Dhaka Hub,Pathao Courier,SEL1012,Elite Traders,Dhaka,6.57,Completed,3.18
SHP102989,ORD102989,PKG102989,2026-06-28,Khulna Hub,Steadfast Courier,SEL1011,Elite Outlet,Chattogram,10.98,Completed,3.85
SHP102990,ORD102990,PKG102990,2026-03-07,Sylhet Hub,Pathao Courier,SEL1036,Royal Emporium,Comilla,7.26,Completed,1.1
SHP102991,ORD102991,PKG102991,2025-12-15,Comilla Hub,Pathao Courier,SEL1038,Royal Outlet,Khulna,3.63,Completed,3.12
SHP102992,ORD102992,PKG102992,2025-10-05,Dhaka Hub,RedX,SEL1033,Riverside Collection,Sylhet,2.5,Completed,2.61
SHP102993,ORD102993,PKG102993,2026-04-03,Dhaka Hub,RedX,SEL1017,Golden Outlet,Khulna,8.28,Failed,3.52
SHP102994,ORD102994,PKG102994,2026-03-06,Dhaka Hub,Pathao Courier,SEL1034,Riverside Emporium,Dhaka,9.3,Completed,2.14
SHP102995,ORD102995,PKG102995,2026-05-21,Barisal Hub,RedX,SEL1007,Delta Trading,Dhaka,10.97,Completed,1.36
SHP102996,ORD102996,PKG102996,2026-03-28,Chattogram Hub,Pathao Courier,SEL1028,Modern Depot,Khulna,10.89,Completed,3.63
SHP102997,ORD102997,PKG102997,2025-10-15,Dhaka Hub,Pathao Courier,SEL1009,Elite Emporium,Dhaka,4.2,Completed,2.5
SHP102998,ORD102998,PKG102998,2025-10-13,Comilla Hub,Pathao Courier,SEL1004,Classic Mart,Rajshahi,7.33,Completed,2.78
SHP102999,ORD102999,PKG102999,2026-05-29,Rangpur Hub,Sundarban Courier,SEL1009,Elite Emporium,Dhaka,1.4,Completed,3.61
SHP103000,ORD103000,PKG103000,2025-10-26,Comilla Hub,Steadfast Courier,SEL1006,Delta Store,Rajshahi,1.31,Failed,3.79
SHP103001,ORD103001,PKG103001,2026-07-22,Dhaka Hub,RedX,SEL1028,Modern Depot,Khulna,1.04,Completed,3.48
SHP103002,ORD103002,PKG103002,2025-10-07,Chattogram Hub,eCourier,SEL1032,Prime Trading,Khulna,11.14,Pending,
SHP103003,ORD103003,PKG103003,2026-05-11,Rajshahi Hub,Sundarban Courier,SEL1036,Royal Emporium,Comilla,2.0,Completed,3.2
SHP103004,ORD103004,PKG103004,2026-08-04,Dhaka Hub,eCourier,SEL1026,Metro Outlet,Sylhet,5.89,Completed,3.78
SHP103005,ORD103005,PKG103005,2026-01-31,Narayanganj Hub,Steadfast Courier,SEL1010,Elite Gallery,Sylhet,5.31,Completed,2.44
SHP103006,ORD103006,PKG103006,2025-09-20,Narayanganj Hub,Sundarban Courier,SEL1001,Bengal Emporium,Rangpur,4.03,Failed,2.86
SHP103007,ORD103007,PKG103007,2026-07-01,Khulna Hub,Steadfast Courier,SEL1042,Smart Bazaar,Rajshahi,6.55,Completed,4.06
SHP103008,ORD103008,PKG103008,2025-11-04,Narayanganj Hub,RedX,SEL1058,Value Mart,Comilla,0.23,Completed,1.2
SHP103009,ORD103009,PKG103009,2026-03-02,Comilla Hub,eCourier,SEL1016,Golden Hub,Comilla,4.69,Completed,3.41
SHP103010,ORD103010,PKG103010,2026-08-07,Rajshahi Hub,Pathao Courier,SEL1012,Elite Traders,Dhaka,5.86,Completed,1.85
SHP103011,ORD103011,PKG103011,2026-05-16,Dhaka Hub,RedX,SEL1018,Golden Store,Chattogram,9.68,Completed,2.31
SHP103012,ORD103012,PKG103012,2025-09-17,Dhaka Hub,RedX,SEL1012,Elite Traders,Dhaka,8.47,Failed,1.79
SHP103013,ORD103013,PKG103013,2026-06-11,Chattogram Hub,Steadfast Courier,SEL1013,Elite Trading,Dhaka,10.23,Completed,3.57
SHP103014,ORD103014,PKG103014,2025-10-26,Mymensingh Hub,Steadfast Courier,SEL1029,Modern Emporium,Sylhet,4.64,Completed,4.02
SHP103015,ORD103015,PKG103015,2026-05-18,Khulna Hub,Sundarban Courier,SEL1047,Suncity Depot,Dhaka,1.86,Completed,2.08
SHP103016,ORD103016,PKG103016,2026-04-03,Mymensingh Hub,Steadfast Courier,SEL1042,Smart Bazaar,Rajshahi,4.93,Completed,3.54
SHP103017,ORD103017,PKG103017,2025-12-09,Barisal Hub,Steadfast Courier,SEL1057,Value Hub,Dhaka,11.56,Completed,2.16
SHP103018,ORD103018,PKG103018,2026-01-25,Mymensingh Hub,RedX,SEL1021,Horizon Collection,Narayanganj,2.73,Completed,3.01
SHP103019,ORD103019,PKG103019,2025-10-11,Dhaka Hub,Pathao Courier,SEL1029,Modern Emporium,Sylhet,2.26,Completed,1.67
SHP103020,ORD103020,PKG103020,2026-08-08,Barisal Hub,Pathao Courier,SEL1022,Horizon Depot,Sylhet,11.34,Failed,2.67
SHP103021,ORD103021,PKG103021,2025-11-22,Dhaka Hub,Pathao Courier,SEL1002,Bengal Hub,Barisal,11.41,Completed,3.5
SHP103022,ORD103022,PKG103022,2025-12-16,Barisal Hub,Pathao Courier,SEL1023,Horizon Shop,Rangpur,1.96,Completed,2.8
SHP103023,ORD103023,PKG103023,2026-02-21,Sylhet Hub,Steadfast Courier,SEL1015,Fresh Trading,Dhaka,9.28,Completed,2.0
SHP103024,ORD103024,PKG103024,2026-04-21,Chattogram Hub,Pathao Courier,SEL1028,Modern Depot,Khulna,5.27,Completed,3.57
SHP103025,ORD103025,PKG103025,2026-02-22,Barisal Hub,RedX,SEL1009,Elite Emporium,Dhaka,6.01,Completed,1.38
SHP103026,ORD103026,PKG103026,2026-02-22,Dhaka Hub,RedX,SEL1044,Smart Mart,Rangpur,6.08,Completed,1.93
SHP103027,ORD103027,PKG103027,2026-03-21,Rangpur Hub,RedX,SEL1050,Suncity Retail,Chattogram,11.63,Completed,2.0
SHP103028,ORD103028,PKG103028,2026-06-24,Khulna Hub,Pathao Courier,SEL1057,Value Hub,Dhaka,2.38,Completed,3.08
SHP103029,ORD103029,PKG103029,2026-01-15,Sylhet Hub,RedX,SEL1005,Delta Corner,Khulna,9.32,Failed,2.62
SHP103030,ORD103030,PKG103030,2026-06-15,Khulna Hub,RedX,SEL1007,Delta Trading,Dhaka,0.27,Failed,3.68
SHP103031,ORD103031,PKG103031,2026-05-31,Dhaka Hub,RedX,SEL1057,Value Hub,Dhaka,7.62,Completed,2.65
SHP103032,ORD103032,PKG103032,2026-07-30,Rajshahi Hub,Pathao Courier,SEL1050,Suncity Retail,Chattogram,7.9,Completed,2.06
SHP103033,ORD103033,PKG103033,2026-07-13,Dhaka Hub,eCourier,SEL1035,Riverside Gallery,Mymensingh,9.09,Completed,3.24
SHP103034,ORD103034,PKG103034,2026-06-04,Comilla Hub,Pathao Courier,SEL1019,Green Fashion House,Rajshahi,11.13,Failed,3.76
SHP103035,ORD103035,PKG103035,2025-11-25,Rangpur Hub,RedX,SEL1031,Prime Bazaar,Chattogram,9.1,Failed,3.92
SHP103036,ORD103036,PKG103036,2026-05-26,Comilla Hub,Sundarban Courier,SEL1032,Prime Trading,Khulna,8.84,Completed,4.94
SHP103037,ORD103037,PKG103037,2026-05-13,Barisal Hub,Pathao Courier,SEL1050,Suncity Retail,Chattogram,3.19,Pending,
SHP103038,ORD103038,PKG103038,2025-12-10,Dhaka Hub,eCourier,SEL1031,Prime Bazaar,Chattogram,11.92,Completed,4.26
SHP103039,ORD103039,PKG103039,2026-04-23,Khulna Hub,Pathao Courier,SEL1001,Bengal Emporium,Rangpur,5.73,Completed,2.99
SHP103040,ORD103040,PKG103040,2025-11-27,Barisal Hub,Steadfast Courier,SEL1041,Silver Hub,Chattogram,5.13,Failed,2.42
SHP103041,ORD103041,PKG103041,2026-02-28,Rajshahi Hub,Steadfast Courier,SEL1046,Smart Traders,Comilla,6.12,Completed,3.57
SHP103042,ORD103042,PKG103042,2026-06-03,Barisal Hub,Sundarban Courier,SEL1017,Golden Outlet,Khulna,4.85,Completed,3.03
SHP103043,ORD103043,PKG103043,2025-11-05,Khulna Hub,Sundarban Courier,SEL1006,Delta Store,Rajshahi,7.2,Completed,4.53
SHP103044,ORD103044,PKG103044,2025-12-26,Rajshahi Hub,Pathao Courier,SEL1008,Elite Depot,Chattogram,4.33,Completed,2.12
SHP103045,ORD103045,PKG103045,2026-06-03,Khulna Hub,Steadfast Courier,SEL1050,Suncity Retail,Chattogram,3.03,Pending,
SHP103046,ORD103046,PKG103046,2026-02-05,Dhaka Hub,RedX,SEL1026,Metro Outlet,Sylhet,11.15,Completed,2.33
SHP103047,ORD103047,PKG103047,2026-07-30,Khulna Hub,Pathao Courier,SEL1031,Prime Bazaar,Chattogram,11.15,Completed,3.72
SHP103048,ORD103048,PKG103048,2025-09-03,Sylhet Hub,RedX,SEL1057,Value Hub,Dhaka,6.06,Cancelled,
SHP103049,ORD103049,PKG103049,2026-05-08,Khulna Hub,Pathao Courier,SEL1003,Classic Fashion House,Sylhet,11.55,Pending,
SHP103050,ORD103050,PKG103050,2026-06-09,Dhaka Hub,RedX,SEL1012,Elite Traders,Dhaka,5.11,Completed,1.29
SHP103051,ORD103051,PKG103051,2026-07-15,Comilla Hub,RedX,SEL1049,Suncity Gallery,Khulna,4.77,Completed,2.76
SHP103052,ORD103052,PKG103052,2025-10-25,Mymensingh Hub,Pathao Courier,SEL1032,Prime Trading,Khulna,11.02,Completed,2.51
SHP103053,ORD103053,PKG103053,2026-08-07,Dhaka Hub,eCourier,SEL1001,Bengal Emporium,Rangpur,7.67,Completed,2.67
SHP103054,ORD103054,PKG103054,2026-01-14,Comilla Hub,Pathao Courier,SEL1042,Smart Bazaar,Rajshahi,9.2,Completed,3.44
SHP103055,ORD103055,PKG103055,2025-12-31,Mymensingh Hub,RedX,SEL1008,Elite Depot,Chattogram,5.07,Completed,2.14
SHP103056,ORD103056,PKG103056,2026-01-02,Rangpur Hub,RedX,SEL1046,Smart Traders,Comilla,5.0,Completed,3.65
SHP103057,ORD103057,PKG103057,2026-04-09,Comilla Hub,Steadfast Courier,SEL1047,Suncity Depot,Dhaka,1.18,Cancelled,
SHP103058,ORD103058,PKG103058,2026-04-17,Rajshahi Hub,Sundarban Courier,SEL1049,Suncity Gallery,Khulna,11.61,Completed,3.05
SHP103059,ORD103059,PKG103059,2026-02-11,Dhaka Hub,Steadfast Courier,SEL1027,Modern Corner,Comilla,2.89,Pending,
SHP103060,ORD103060,PKG103060,2025-09-25,Dhaka Hub,Sundarban Courier,SEL1016,Golden Hub,Comilla,6.03,Completed,2.81
SHP103061,ORD103061,PKG103061,2026-08-08,Dhaka Hub,eCourier,SEL1052,Trendy Collection,Rangpur,1.55,Completed,3.59
SHP103062,ORD103062,PKG103062,2025-11-16,Chattogram Hub,Pathao Courier,SEL1033,Riverside Collection,Sylhet,7.83,Completed,3.7
SHP103063,ORD103063,PKG103063,2025-10-03,Dhaka Hub,eCourier,SEL1038,Royal Outlet,Khulna,4.81,Completed,5.46
SHP103064,ORD103064,PKG103064,2026-03-26,Dhaka Hub,Pathao Courier,SEL1008,Elite Depot,Chattogram,9.26,Cancelled,
SHP103065,ORD103065,PKG103065,2026-01-21,Khulna Hub,Steadfast Courier,SEL1037,Royal Gallery,Dhaka,6.43,Pending,
SHP103066,ORD103066,PKG103066,2026-04-01,Chattogram Hub,Steadfast Courier,SEL1034,Riverside Emporium,Dhaka,1.73,Completed,3.7
SHP103067,ORD103067,PKG103067,2026-06-30,Dhaka Hub,Sundarban Courier,SEL1017,Golden Outlet,Khulna,0.33,Failed,3.52
SHP103068,ORD103068,PKG103068,2025-10-04,Barisal Hub,RedX,SEL1046,Smart Traders,Comilla,2.71,Completed,1.79
SHP103069,ORD103069,PKG103069,2025-12-08,Khulna Hub,RedX,SEL1008,Elite Depot,Chattogram,8.75,Completed,2.65
SHP103070,ORD103070,PKG103070,2026-02-26,Khulna Hub,Pathao Courier,SEL1043,Smart Emporium,Barisal,9.98,Completed,2.5
SHP103071,ORD103071,PKG103071,2026-05-31,Chattogram Hub,RedX,SEL1057,Value Hub,Dhaka,4.23,Completed,3.44
SHP103072,ORD103072,PKG103072,2026-03-27,Rangpur Hub,RedX,SEL1034,Riverside Emporium,Dhaka,6.52,Pending,
SHP103073,ORD103073,PKG103073,2026-01-11,Dhaka Hub,RedX,SEL1006,Delta Store,Rajshahi,3.03,Completed,2.4
SHP103074,ORD103074,PKG103074,2026-03-31,Sylhet Hub,Pathao Courier,SEL1033,Riverside Collection,Sylhet,10.59,Failed,3.5
SHP103075,ORD103075,PKG103075,2026-08-06,Chattogram Hub,Steadfast Courier,SEL1031,Prime Bazaar,Chattogram,11.59,Completed,3.75
SHP103076,ORD103076,PKG103076,2026-02-14,Rangpur Hub,Pathao Courier,SEL1033,Riverside Collection,Sylhet,9.08,Completed,3.57
SHP103077,ORD103077,PKG103077,2026-07-03,Dhaka Hub,RedX,SEL1016,Golden Hub,Comilla,1.25,Completed,2.63
SHP103078,ORD103078,PKG103078,2026-05-28,Narayanganj Hub,Pathao Courier,SEL1037,Royal Gallery,Dhaka,5.36,Completed,2.6
SHP103079,ORD103079,PKG103079,2025-12-14,Dhaka Hub,Pathao Courier,SEL1015,Fresh Trading,Dhaka,11.89,Completed,2.72
SHP103080,ORD103080,PKG103080,2025-11-26,Sylhet Hub,Pathao Courier,SEL1033,Riverside Collection,Sylhet,2.91,Pending,
SHP103081,ORD103081,PKG103081,2026-05-25,Rajshahi Hub,Sundarban Courier,SEL1035,Riverside Gallery,Mymensingh,8.11,Pending,
SHP103082,ORD103082,PKG103082,2025-11-11,Sylhet Hub,RedX,SEL1038,Royal Outlet,Khulna,11.28,Completed,1.34
SHP103083,ORD103083,PKG103083,2025-12-26,Mymensingh Hub,RedX,SEL1047,Suncity Depot,Dhaka,9.32,Completed,2.99
SHP103084,ORD103084,PKG103084,2025-11-21,Rajshahi Hub,RedX,SEL1052,Trendy Collection,Rangpur,7.38,Completed,2.88
SHP103085,ORD103085,PKG103085,2026-03-29,Barisal Hub,RedX,SEL1046,Smart Traders,Comilla,6.18,Completed,3.16
SHP103086,ORD103086,PKG103086,2025-12-11,Comilla Hub,Pathao Courier,SEL1047,Suncity Depot,Dhaka,11.16,Completed,2.1
SHP103087,ORD103087,PKG103087,2026-04-16,Dhaka Hub,Pathao Courier,SEL1052,Trendy Collection,Rangpur,4.86,Completed,2.67
SHP103088,ORD103088,PKG103088,2026-07-21,Sylhet Hub,RedX,SEL1014,Fresh Hub,Khulna,10.83,Completed,2.05
SHP103089,ORD103089,PKG103089,2026-06-15,Chattogram Hub,RedX,SEL1017,Golden Outlet,Khulna,5.29,Pending,
SHP103090,ORD103090,PKG103090,2026-07-25,Rangpur Hub,RedX,SEL1031,Prime Bazaar,Chattogram,9.13,Completed,2.82
SHP103091,ORD103091,PKG103091,2025-09-09,Mymensingh Hub,Pathao Courier,SEL1027,Modern Corner,Comilla,11.01,Completed,3.78
SHP103092,ORD103092,PKG103092,2026-02-05,Sylhet Hub,eCourier,SEL1042,Smart Bazaar,Rajshahi,6.7,Completed,2.21
SHP103093,ORD103093,PKG103093,2025-11-16,Dhaka Hub,Pathao Courier,SEL1000,Bengal Bazaar,Mymensingh,3.86,Completed,2.7
SHP103094,ORD103094,PKG103094,2026-07-15,Rangpur Hub,RedX,SEL1008,Elite Depot,Chattogram,0.8,Completed,3.06
SHP103095,ORD103095,PKG103095,2026-05-05,Rangpur Hub,Pathao Courier,SEL1044,Smart Mart,Rangpur,9.75,Completed,2.46
SHP103096,ORD103096,PKG103096,2025-12-20,Dhaka Hub,RedX,SEL1049,Suncity Gallery,Khulna,7.54,Pending,
SHP103097,ORD103097,PKG103097,2026-03-14,Dhaka Hub,Sundarban Courier,SEL1018,Golden Store,Chattogram,3.3,Completed,3.74
SHP103098,ORD103098,PKG103098,2026-03-29,Dhaka Hub,eCourier,SEL1018,Golden Store,Chattogram,10.55,Completed,2.9
SHP103099,ORD103099,PKG103099,2026-02-19,Dhaka Hub,Pathao Courier,SEL1033,Riverside Collection,Sylhet,11.06,Completed,2.15
SHP103100,ORD103100,PKG103100,2026-02-12,Chattogram Hub,RedX,SEL1028,Modern Depot,Khulna,10.67,Pending,
SHP103101,ORD103101,PKG103101,2025-09-20,Barisal Hub,Pathao Courier,SEL1010,Elite Gallery,Sylhet,7.3,Completed,1.97
SHP103102,ORD103102,PKG103102,2026-02-04,Chattogram Hub,RedX,SEL1030,Nova Retail,Dhaka,11.72,Failed,4.22
SHP103103,ORD103103,PKG103103,2025-12-30,Mymensingh Hub,Pathao Courier,SEL1049,Suncity Gallery,Khulna,10.52,Completed,3.66
SHP103104,ORD103104,PKG103104,2026-06-11,Chattogram Hub,Pathao Courier,SEL1043,Smart Emporium,Barisal,1.43,Completed,2.78
SHP103105,ORD103105,PKG103105,2026-06-27,Barisal Hub,eCourier,SEL1049,Suncity Gallery,Khulna,11.78,Failed,3.42
SHP103106,ORD103106,PKG103106,2026-05-18,Dhaka Hub,Pathao Courier,SEL1038,Royal Outlet,Khulna,6.68,Completed,2.49
SHP103107,ORD103107,PKG103107,2025-09-11,Dhaka Hub,Pathao Courier,SEL1052,Trendy Collection,Rangpur,11.06,Completed,3.95
SHP103108,ORD103108,PKG103108,2026-06-19,Dhaka Hub,eCourier,SEL1014,Fresh Hub,Khulna,9.17,Completed,3.26
SHP103109,ORD103109,PKG103109,2026-01-16,Rajshahi Hub,eCourier,SEL1002,Bengal Hub,Barisal,7.84,Completed,3.15
SHP103110,ORD103110,PKG103110,2026-01-23,Rajshahi Hub,eCourier,SEL1006,Delta Store,Rajshahi,4.05,Pending,
SHP103111,ORD103111,PKG103111,2026-07-25,Rajshahi Hub,Sundarban Courier,SEL1059,Value Store,Dhaka,0.52,Completed,3.18
SHP103112,ORD103112,PKG103112,2026-06-28,Sylhet Hub,RedX,SEL1038,Royal Outlet,Khulna,3.47,Completed,3.0
SHP103113,ORD103113,PKG103113,2025-09-18,Khulna Hub,eCourier,SEL1014,Fresh Hub,Khulna,8.29,Completed,3.31
SHP103114,ORD103114,PKG103114,2026-01-03,Narayanganj Hub,Pathao Courier,SEL1051,Suncity Shop,Mymensingh,10.38,Pending,
SHP103115,ORD103115,PKG103115,2026-05-18,Dhaka Hub,eCourier,SEL1018,Golden Store,Chattogram,0.23,Cancelled,
SHP103116,ORD103116,PKG103116,2026-03-06,Dhaka Hub,Pathao Courier,SEL1035,Riverside Gallery,Mymensingh,2.65,Completed,2.76
SHP103117,ORD103117,PKG103117,2025-11-29,Sylhet Hub,Steadfast Courier,SEL1014,Fresh Hub,Khulna,8.14,Completed,2.83
SHP103118,ORD103118,PKG103118,2026-03-01,Rangpur Hub,RedX,SEL1005,Delta Corner,Khulna,3.55,Completed,2.7
SHP103119,ORD103119,PKG103119,2026-06-27,Mymensingh Hub,Sundarban Courier,SEL1016,Golden Hub,Comilla,1.87,Pending,
SHP103120,ORD103120,PKG103120,2025-11-17,Barisal Hub,Sundarban Courier,SEL1013,Elite Trading,Dhaka,1.17,Completed,2.14
SHP103121,ORD103121,PKG103121,2026-05-17,Dhaka Hub,Pathao Courier,SEL1033,Riverside Collection,Sylhet,7.73,Completed,3.24
SHP103122,ORD103122,PKG103122,2026-05-13,Rangpur Hub,Sundarban Courier,SEL1001,Bengal Emporium,Rangpur,7.22,Completed,2.38
SHP103123,ORD103123,PKG103123,2026-07-04,Dhaka Hub,eCourier,SEL1014,Fresh Hub,Khulna,10.33,Completed,3.58
SHP103124,ORD103124,PKG103124,2025-12-13,Dhaka Hub,RedX,SEL1034,Riverside Emporium,Dhaka,3.92,Completed,1.67
SHP103125,ORD103125,PKG103125,2025-11-14,Dhaka Hub,RedX,SEL1023,Horizon Shop,Rangpur,1.81,Completed,2.8
SHP103126,ORD103126,PKG103126,2026-03-09,Narayanganj Hub,Pathao Courier,SEL1038,Royal Outlet,Khulna,9.63,Completed,3.0
SHP103127,ORD103127,PKG103127,2026-03-03,Barisal Hub,RedX,SEL1039,Silver Depot,Dhaka,11.86,Pending,
SHP103128,ORD103128,PKG103128,2026-01-20,Dhaka Hub,Sundarban Courier,SEL1057,Value Hub,Dhaka,4.45,Completed,4.15
SHP103129,ORD103129,PKG103129,2026-05-28,Chattogram Hub,Pathao Courier,SEL1050,Suncity Retail,Chattogram,10.41,Completed,4.23
SHP103130,ORD103130,PKG103130,2026-06-04,Comilla Hub,Steadfast Courier,SEL1013,Elite Trading,Dhaka,9.2,Completed,3.02
SHP103131,ORD103131,PKG103131,2025-11-25,Barisal Hub,RedX,SEL1041,Silver Hub,Chattogram,10.96,Completed,1.44
SHP103132,ORD103132,PKG103132,2026-06-03,Dhaka Hub,RedX,SEL1037,Royal Gallery,Dhaka,5.21,Completed,2.94
SHP103133,ORD103133,PKG103133,2025-11-19,Narayanganj Hub,Steadfast Courier,SEL1035,Riverside Gallery,Mymensingh,1.4,Completed,3.17
SHP103134,ORD103134,PKG103134,2026-01-20,Khulna Hub,Sundarban Courier,SEL1047,Suncity Depot,Dhaka,1.6,Completed,5.52
SHP103135,ORD103135,PKG103135,2025-09-10,Khulna Hub,Steadfast Courier,SEL1008,Elite Depot,Chattogram,9.21,Pending,
SHP103136,ORD103136,PKG103136,2025-12-27,Khulna Hub,RedX,SEL1022,Horizon Depot,Sylhet,10.39,Completed,3.23
SHP103137,ORD103137,PKG103137,2026-07-29,Barisal Hub,RedX,SEL1048,Suncity Emporium,Dhaka,5.59,Completed,1.56
SHP103138,ORD103138,PKG103138,2026-02-01,Dhaka Hub,Pathao Courier,SEL1053,Trendy Store,Chattogram,0.9,Completed,2.05
SHP103139,ORD103139,PKG103139,2026-05-04,Dhaka Hub,Pathao Courier,SEL1002,Bengal Hub,Barisal,0.99,Completed,2.67
SHP103140,ORD103140,PKG103140,2025-10-08,Rajshahi Hub,Sundarban Courier,SEL1028,Modern Depot,Khulna,7.26,Completed,3.23
SHP103141,ORD103141,PKG103141,2026-04-08,Sylhet Hub,Pathao Courier,SEL1015,Fresh Trading,Dhaka,11.04,Completed,2.22
SHP103142,ORD103142,PKG103142,2026-01-07,Mymensingh Hub,Pathao Courier,SEL1010,Elite Gallery,Sylhet,4.92,Completed,3.68
SHP103143,ORD103143,PKG103143,2026-05-16,Comilla Hub,RedX,SEL1003,Classic Fashion House,Sylhet,7.88,Completed,3.08
SHP103144,ORD103144,PKG103144,2026-07-19,Rajshahi Hub,eCourier,SEL1032,Prime Trading,Khulna,6.6,Completed,3.82
SHP103145,ORD103145,PKG103145,2026-03-03,Rajshahi Hub,Pathao Courier,SEL1040,Silver Emporium,Barisal,10.7,Completed,3.86
SHP103146,ORD103146,PKG103146,2025-10-06,Rajshahi Hub,eCourier,SEL1031,Prime Bazaar,Chattogram,10.02,Completed,2.98
SHP103147,ORD103147,PKG103147,2026-02-12,Dhaka Hub,Steadfast Courier,SEL1022,Horizon Depot,Sylhet,2.55,Completed,2.81
SHP103148,ORD103148,PKG103148,2025-10-13,Chattogram Hub,eCourier,SEL1046,Smart Traders,Comilla,8.2,Completed,3.88
SHP103149,ORD103149,PKG103149,2026-02-03,Rajshahi Hub,eCourier,SEL1039,Silver Depot,Dhaka,10.2,Completed,2.8
SHP103150,ORD103150,PKG103150,2025-09-22,Khulna Hub,eCourier,SEL1054,Trendy Trading,Narayanganj,11.18,Completed,3.02
SHP103151,ORD103151,PKG103151,2026-04-10,Rangpur Hub,Pathao Courier,SEL1020,Horizon Bazaar,Dhaka,7.16,Completed,1.9
SHP103152,ORD103152,PKG103152,2025-12-17,Dhaka Hub,Sundarban Courier,SEL1014,Fresh Hub,Khulna,2.28,Completed,2.84
SHP103153,ORD103153,PKG103153,2025-11-09,Rajshahi Hub,Steadfast Courier,SEL1027,Modern Corner,Comilla,6.79,Completed,3.3
SHP103154,ORD103154,PKG103154,2025-09-06,Mymensingh Hub,RedX,SEL1030,Nova Retail,Dhaka,8.06,Completed,3.72
SHP103155,ORD103155,PKG103155,2026-07-05,Rajshahi Hub,eCourier,SEL1027,Modern Corner,Comilla,3.42,Completed,3.19
SHP103156,ORD103156,PKG103156,2026-06-17,Dhaka Hub,Steadfast Courier,SEL1049,Suncity Gallery,Khulna,11.68,Completed,2.98
SHP103157,ORD103157,PKG103157,2026-06-08,Rajshahi Hub,Pathao Courier,SEL1002,Bengal Hub,Barisal,2.91,Pending,
SHP103158,ORD103158,PKG103158,2025-09-21,Mymensingh Hub,Sundarban Courier,SEL1031,Prime Bazaar,Chattogram,10.95,Completed,3.56
SHP103159,ORD103159,PKG103159,2025-12-30,Dhaka Hub,RedX,SEL1025,Metro Hub,Sylhet,5.22,Completed,2.22
SHP103160,ORD103160,PKG103160,2026-08-03,Rajshahi Hub,Pathao Courier,SEL1012,Elite Traders,Dhaka,0.21,Completed,2.03
SHP103161,ORD103161,PKG103161,2026-03-20,Sylhet Hub,RedX,SEL1038,Royal Outlet,Khulna,6.61,Pending,
SHP103162,ORD103162,PKG103162,2025-10-15,Dhaka Hub,eCourier,SEL1048,Suncity Emporium,Dhaka,7.61,Completed,3.46
SHP103163,ORD103163,PKG103163,2025-10-19,Sylhet Hub,RedX,SEL1032,Prime Trading,Khulna,10.46,Completed,1.52
SHP103164,ORD103164,PKG103164,2025-12-01,Sylhet Hub,Sundarban Courier,SEL1005,Delta Corner,Khulna,6.58,Completed,2.9
SHP103165,ORD103165,PKG103165,2026-08-03,Khulna Hub,eCourier,SEL1004,Classic Mart,Rajshahi,1.31,Completed,2.4
SHP103166,ORD103166,PKG103166,2025-10-29,Rangpur Hub,Pathao Courier,SEL1025,Metro Hub,Sylhet,11.14,Completed,3.36
SHP103167,ORD103167,PKG103167,2026-07-10,Dhaka Hub,Steadfast Courier,SEL1040,Silver Emporium,Barisal,6.87,Cancelled,
SHP103168,ORD103168,PKG103168,2026-04-23,Dhaka Hub,Pathao Courier,SEL1018,Golden Store,Chattogram,3.4,Failed,2.48
SHP103169,ORD103169,PKG103169,2026-07-16,Rajshahi Hub,Steadfast Courier,SEL1018,Golden Store,Chattogram,10.81,Completed,3.78
SHP103170,ORD103170,PKG103170,2026-06-13,Dhaka Hub,Sundarban Courier,SEL1051,Suncity Shop,Mymensingh,1.63,Completed,3.73
SHP103171,ORD103171,PKG103171,2025-12-24,Rajshahi Hub,Sundarban Courier,SEL1000,Bengal Bazaar,Mymensingh,1.35,Cancelled,
SHP103172,ORD103172,PKG103172,2026-06-14,Rajshahi Hub,RedX,SEL1004,Classic Mart,Rajshahi,6.51,Completed,1.31
SHP103173,ORD103173,PKG103173,2025-10-29,Chattogram Hub,Pathao Courier,SEL1009,Elite Emporium,Dhaka,7.57,Completed,2.9
SHP103174,ORD103174,PKG103174,2025-12-10,Narayanganj Hub,Sundarban Courier,SEL1059,Value Store,Dhaka,6.23,Completed,2.3
SHP103175,ORD103175,PKG103175,2025-11-13,Sylhet Hub,eCourier,SEL1029,Modern Emporium,Sylhet,11.16,Completed,3.06
SHP103176,ORD103176,PKG103176,2025-10-17,Narayanganj Hub,eCourier,SEL1009,Elite Emporium,Dhaka,3.3,Completed,3.08
SHP103177,ORD103177,PKG103177,2025-10-02,Dhaka Hub,Pathao Courier,SEL1018,Golden Store,Chattogram,11.88,Completed,2.44
SHP103178,ORD103178,PKG103178,2025-11-04,Comilla Hub,RedX,SEL1058,Value Mart,Comilla,0.43,Pending,
SHP103179,ORD103179,PKG103179,2025-10-12,Khulna Hub,eCourier,SEL1041,Silver Hub,Chattogram,1.6,Pending,
SHP103180,ORD103180,PKG103180,2026-01-10,Narayanganj Hub,eCourier,SEL1013,Elite Trading,Dhaka,2.39,Completed,2.17
SHP103181,ORD103181,PKG103181,2025-09-25,Rajshahi Hub,Sundarban Courier,SEL1014,Fresh Hub,Khulna,1.14,Completed,2.36
SHP103182,ORD103182,PKG103182,2025-09-22,Comilla Hub,Pathao Courier,SEL1004,Classic Mart,Rajshahi,5.37,Completed,3.58
SHP103183,ORD103183,PKG103183,2026-08-09,Chattogram Hub,Steadfast Courier,SEL1046,Smart Traders,Comilla,10.41,Completed,4.13
SHP103184,ORD103184,PKG103184,2025-10-01,Rajshahi Hub,Sundarban Courier,SEL1008,Elite Depot,Chattogram,9.88,Completed,3.59
SHP103185,ORD103185,PKG103185,2025-09-26,Dhaka Hub,Sundarban Courier,SEL1017,Golden Outlet,Khulna,8.99,Completed,4.46
SHP103186,ORD103186,PKG103186,2025-09-11,Khulna Hub,eCourier,SEL1020,Horizon Bazaar,Dhaka,0.29,Pending,
SHP103187,ORD103187,PKG103187,2025-10-16,Chattogram Hub,Pathao Courier,SEL1037,Royal Gallery,Dhaka,10.42,Completed,3.88
SHP103188,ORD103188,PKG103188,2026-03-02,Mymensingh Hub,eCourier,SEL1036,Royal Emporium,Comilla,4.88,Completed,3.13
SHP103189,ORD103189,PKG103189,2026-06-14,Sylhet Hub,Pathao Courier,SEL1047,Suncity Depot,Dhaka,8.83,Completed,1.1
SHP103190,ORD103190,PKG103190,2026-05-13,Khulna Hub,eCourier,SEL1017,Golden Outlet,Khulna,8.78,Completed,3.68
SHP103191,ORD103191,PKG103191,2026-03-20,Narayanganj Hub,Steadfast Courier,SEL1023,Horizon Shop,Rangpur,2.29,Completed,2.34
SHP103192,ORD103192,PKG103192,2025-09-30,Comilla Hub,Steadfast Courier,SEL1023,Horizon Shop,Rangpur,6.28,Failed,3.53
SHP103193,ORD103193,PKG103193,2026-05-26,Comilla Hub,Steadfast Courier,SEL1002,Bengal Hub,Barisal,11.13,Completed,4.61
SHP103194,ORD103194,PKG103194,2025-09-13,Dhaka Hub,Steadfast Courier,SEL1044,Smart Mart,Rangpur,3.3,Completed,3.8
SHP103195,ORD103195,PKG103195,2026-04-07,Comilla Hub,Pathao Courier,SEL1032,Prime Trading,Khulna,8.64,Completed,2.96
SHP103196,ORD103196,PKG103196,2026-01-20,Sylhet Hub,Steadfast Courier,SEL1028,Modern Depot,Khulna,11.51,Completed,1.88
SHP103197,ORD103197,PKG103197,2026-07-03,Mymensingh Hub,Steadfast Courier,SEL1059,Value Store,Dhaka,4.46,Completed,4.22
SHP103198,ORD103198,PKG103198,2025-12-16,Khulna Hub,RedX,SEL1010,Elite Gallery,Sylhet,4.77,Completed,3.1
SHP103199,ORD103199,PKG103199,2026-04-09,Rajshahi Hub,Sundarban Courier,SEL1058,Value Mart,Comilla,5.54,Completed,3.24
SHP103200,ORD103200,PKG103200,2026-01-31,Dhaka Hub,Pathao Courier,SEL1040,Silver Emporium,Barisal,9.75,Completed,0.92
SHP103201,ORD103201,PKG103201,2026-02-28,Dhaka Hub,RedX,SEL1013,Elite Trading,Dhaka,5.38,Completed,2.01
SHP103202,ORD103202,PKG103202,2026-07-22,Khulna Hub,eCourier,SEL1040,Silver Emporium,Barisal,5.94,Completed,4.02
SHP103203,ORD103203,PKG103203,2026-05-05,Dhaka Hub,Sundarban Courier,SEL1045,Smart Store,Dhaka,2.82,Completed,2.88
SHP103204,ORD103204,PKG103204,2026-01-22,Rajshahi Hub,Sundarban Courier,SEL1021,Horizon Collection,Narayanganj,11.86,Completed,3.79
SHP103205,ORD103205,PKG103205,2026-02-02,Dhaka Hub,RedX,SEL1020,Horizon Bazaar,Dhaka,10.73,Completed,2.99
SHP103206,ORD103206,PKG103206,2026-05-02,Dhaka Hub,Pathao Courier,SEL1050,Suncity Retail,Chattogram,7.28,Completed,2.14
SHP103207,ORD103207,PKG103207,2025-12-29,Dhaka Hub,Steadfast Courier,SEL1009,Elite Emporium,Dhaka,11.53,Completed,3.78
SHP103208,ORD103208,PKG103208,2025-10-29,Dhaka Hub,Sundarban Courier,SEL1000,Bengal Bazaar,Mymensingh,8.31,Pending,
SHP103209,ORD103209,PKG103209,2026-02-09,Dhaka Hub,Pathao Courier,SEL1039,Silver Depot,Dhaka,11.52,Completed,2.73
SHP103210,ORD103210,PKG103210,2025-09-24,Rangpur Hub,Pathao Courier,SEL1054,Trendy Trading,Narayanganj,2.11,Completed,2.14
SHP103211,ORD103211,PKG103211,2025-10-29,Chattogram Hub,eCourier,SEL1030,Nova Retail,Dhaka,2.86,Completed,4.93
SHP103212,ORD103212,PKG103212,2026-01-24,Dhaka Hub,Steadfast Courier,SEL1008,Elite Depot,Chattogram,10.65,Failed,2.32
SHP103213,ORD103213,PKG103213,2026-06-03,Chattogram Hub,Pathao Courier,SEL1032,Prime Trading,Khulna,5.15,Completed,2.61
SHP103214,ORD103214,PKG103214,2026-05-29,Rangpur Hub,Pathao Courier,SEL1015,Fresh Trading,Dhaka,4.58,Completed,3.05
SHP103215,ORD103215,PKG103215,2025-11-30,Dhaka Hub,Sundarban Courier,SEL1049,Suncity Gallery,Khulna,9.1,Completed,3.1
SHP103216,ORD103216,PKG103216,2026-01-24,Rangpur Hub,Pathao Courier,SEL1036,Royal Emporium,Comilla,7.64,Failed,4.4
SHP103217,ORD103217,PKG103217,2025-10-24,Barisal Hub,eCourier,SEL1020,Horizon Bazaar,Dhaka,4.26,Completed,1.64
SHP103218,ORD103218,PKG103218,2026-05-20,Dhaka Hub,Pathao Courier,SEL1037,Royal Gallery,Dhaka,4.89,Completed,3.39
SHP103219,ORD103219,PKG103219,2025-11-25,Comilla Hub,RedX,SEL1040,Silver Emporium,Barisal,5.02,Completed,4.06
SHP103220,ORD103220,PKG103220,2026-06-04,Khulna Hub,Sundarban Courier,SEL1040,Silver Emporium,Barisal,1.69,Completed,4.42
SHP103221,ORD103221,PKG103221,2026-06-19,Mymensingh Hub,Sundarban Courier,SEL1021,Horizon Collection,Narayanganj,2.91,Cancelled,
SHP103222,ORD103222,PKG103222,2026-04-27,Chattogram Hub,Sundarban Courier,SEL1034,Riverside Emporium,Dhaka,6.54,Completed,4.84
SHP103223,ORD103223,PKG103223,2025-12-24,Barisal Hub,Pathao Courier,SEL1002,Bengal Hub,Barisal,9.43,Completed,2.95
SHP103224,ORD103224,PKG103224,2026-07-27,Rajshahi Hub,Pathao Courier,SEL1024,Metro Bazaar,Dhaka,5.14,Completed,1.49
SHP103225,ORD103225,PKG103225,2026-04-26,Dhaka Hub,Pathao Courier,SEL1022,Horizon Depot,Sylhet,4.72,Completed,3.61
SHP103226,ORD103226,PKG103226,2026-04-12,Mymensingh Hub,Pathao Courier,SEL1032,Prime Trading,Khulna,7.88,Completed,3.73
SHP103227,ORD103227,PKG103227,2026-06-24,Mymensingh Hub,Steadfast Courier,SEL1057,Value Hub,Dhaka,2.06,Completed,5.09
SHP103228,ORD103228,PKG103228,2026-07-02,Barisal Hub,Pathao Courier,SEL1057,Value Hub,Dhaka,4.69,Completed,2.3
SHP103229,ORD103229,PKG103229,2025-09-27,Mymensingh Hub,Sundarban Courier,SEL1028,Modern Depot,Khulna,2.66,Failed,4.62
SHP103230,ORD103230,PKG103230,2026-07-03,Dhaka Hub,Pathao Courier,SEL1038,Royal Outlet,Khulna,7.89,Failed,3.32
SHP103231,ORD103231,PKG103231,2026-05-23,Barisal Hub,eCourier,SEL1006,Delta Store,Rajshahi,1.53,Completed,1.47
SHP103232,ORD103232,PKG103232,2025-11-11,Chattogram Hub,Steadfast Courier,SEL1028,Modern Depot,Khulna,5.48,Completed,3.26
SHP103233,ORD103233,PKG103233,2025-12-16,Comilla Hub,eCourier,SEL1041,Silver Hub,Chattogram,7.23,Completed,3.65
SHP103234,ORD103234,PKG103234,2026-05-19,Khulna Hub,RedX,SEL1040,Silver Emporium,Barisal,10.04,Completed,2.41
SHP103235,ORD103235,PKG103235,2025-11-14,Mymensingh Hub,eCourier,SEL1057,Value Hub,Dhaka,8.75,Completed,3.52
SHP103236,ORD103236,PKG103236,2026-02-04,Dhaka Hub,Sundarban Courier,SEL1027,Modern Corner,Comilla,11.33,Completed,5.21
SHP103237,ORD103237,PKG103237,2026-04-27,Chattogram Hub,eCourier,SEL1054,Trendy Trading,Narayanganj,8.22,Completed,5.28
SHP103238,ORD103238,PKG103238,2026-04-14,Rangpur Hub,eCourier,SEL1058,Value Mart,Comilla,4.32,Completed,1.66
SHP103239,ORD103239,PKG103239,2026-07-12,Chattogram Hub,Pathao Courier,SEL1034,Riverside Emporium,Dhaka,2.93,Completed,3.48
SHP103240,ORD103240,PKG103240,2025-10-09,Dhaka Hub,Sundarban Courier,SEL1005,Delta Corner,Khulna,0.87,Completed,2.95
SHP103241,ORD103241,PKG103241,2025-12-12,Rajshahi Hub,Pathao Courier,SEL1022,Horizon Depot,Sylhet,3.48,Pending,
SHP103242,ORD103242,PKG103242,2026-08-07,Dhaka Hub,Pathao Courier,SEL1045,Smart Store,Dhaka,1.81,Completed,2.99
SHP103243,ORD103243,PKG103243,2026-03-16,Khulna Hub,eCourier,SEL1034,Riverside Emporium,Dhaka,4.56,Completed,4.46
SHP103244,ORD103244,PKG103244,2025-11-26,Mymensingh Hub,Pathao Courier,SEL1056,Urban Store,Khulna,8.49,Completed,2.78
SHP103245,ORD103245,PKG103245,2025-12-10,Khulna Hub,eCourier,SEL1048,Suncity Emporium,Dhaka,8.37,Completed,2.77
SHP103246,ORD103246,PKG103246,2025-12-27,Khulna Hub,Steadfast Courier,SEL1003,Classic Fashion House,Sylhet,3.95,Completed,3.12
SHP103247,ORD103247,PKG103247,2026-03-11,Dhaka Hub,Sundarban Courier,SEL1051,Suncity Shop,Mymensingh,6.2,Completed,3.37
SHP103248,ORD103248,PKG103248,2025-12-08,Dhaka Hub,Sundarban Courier,SEL1021,Horizon Collection,Narayanganj,2.76,Completed,3.72
SHP103249,ORD103249,PKG103249,2026-04-04,Dhaka Hub,RedX,SEL1049,Suncity Gallery,Khulna,6.14,Completed,3.51
SHP103250,ORD103250,PKG103250,2026-02-02,Rangpur Hub,eCourier,SEL1030,Nova Retail,Dhaka,6.22,Completed,3.77
SHP103251,ORD103251,PKG103251,2026-03-31,Dhaka Hub,Pathao Courier,SEL1027,Modern Corner,Comilla,3.76,Failed,2.63
SHP103252,ORD103252,PKG103252,2025-10-24,Mymensingh Hub,Pathao Courier,SEL1004,Classic Mart,Rajshahi,3.26,Failed,3.43
SHP103253,ORD103253,PKG103253,2026-04-04,Chattogram Hub,RedX,SEL1007,Delta Trading,Dhaka,11.76,Completed,2.15
SHP103254,ORD103254,PKG103254,2026-07-17,Comilla Hub,Steadfast Courier,SEL1035,Riverside Gallery,Mymensingh,6.54,Pending,
SHP103255,ORD103255,PKG103255,2025-10-17,Dhaka Hub,Sundarban Courier,SEL1034,Riverside Emporium,Dhaka,6.83,Failed,4.63
SHP103256,ORD103256,PKG103256,2025-12-23,Mymensingh Hub,Sundarban Courier,SEL1033,Riverside Collection,Sylhet,0.29,Completed,3.98
SHP103257,ORD103257,PKG103257,2026-04-28,Mymensingh Hub,Steadfast Courier,SEL1009,Elite Emporium,Dhaka,2.35,Completed,4.77
SHP103258,ORD103258,PKG103258,2026-04-02,Chattogram Hub,Pathao Courier,SEL1030,Nova Retail,Dhaka,4.41,Completed,3.23
SHP103259,ORD103259,PKG103259,2026-04-22,Narayanganj Hub,Pathao Courier,SEL1003,Classic Fashion House,Sylhet,11.6,Completed,2.16
SHP103260,ORD103260,PKG103260,2026-03-13,Dhaka Hub,RedX,SEL1008,Elite Depot,Chattogram,2.27,Completed,3.26
SHP103261,ORD103261,PKG103261,2026-04-25,Dhaka Hub,Pathao Courier,SEL1029,Modern Emporium,Sylhet,3.78,Completed,3.5
SHP103262,ORD103262,PKG103262,2026-03-30,Narayanganj Hub,Pathao Courier,SEL1037,Royal Gallery,Dhaka,11.88,Completed,1.7
SHP103263,ORD103263,PKG103263,2025-09-26,Dhaka Hub,RedX,SEL1039,Silver Depot,Dhaka,5.88,Completed,2.73
SHP103264,ORD103264,PKG103264,2026-05-18,Dhaka Hub,RedX,SEL1058,Value Mart,Comilla,3.96,Completed,2.67
SHP103265,ORD103265,PKG103265,2026-02-02,Chattogram Hub,RedX,SEL1051,Suncity Shop,Mymensingh,7.69,Completed,3.52
SHP103266,ORD103266,PKG103266,2025-09-18,Narayanganj Hub,Sundarban Courier,SEL1022,Horizon Depot,Sylhet,6.06,Completed,2.89
SHP103267,ORD103267,PKG103267,2026-01-20,Mymensingh Hub,RedX,SEL1046,Smart Traders,Comilla,11.5,Failed,2.69
SHP103268,ORD103268,PKG103268,2026-01-29,Dhaka Hub,RedX,SEL1005,Delta Corner,Khulna,1.18,Pending,
SHP103269,ORD103269,PKG103269,2025-10-01,Chattogram Hub,eCourier,SEL1051,Suncity Shop,Mymensingh,9.53,Pending,
SHP103270,ORD103270,PKG103270,2026-08-11,Khulna Hub,eCourier,SEL1023,Horizon Shop,Rangpur,3.49,Completed,3.43
SHP103271,ORD103271,PKG103271,2025-11-16,Rangpur Hub,RedX,SEL1045,Smart Store,Dhaka,9.72,Completed,2.87
SHP103272,ORD103272,PKG103272,2025-12-24,Dhaka Hub,Steadfast Courier,SEL1058,Value Mart,Comilla,10.2,Completed,2.47
SHP103273,ORD103273,PKG103273,2026-01-31,Dhaka Hub,eCourier,SEL1042,Smart Bazaar,Rajshahi,10.22,Completed,3.11
SHP103274,ORD103274,PKG103274,2026-06-16,Barisal Hub,Pathao Courier,SEL1055,Urban Collection,Chattogram,10.43,Completed,1.64
SHP103275,ORD103275,PKG103275,2026-05-16,Dhaka Hub,Steadfast Courier,SEL1000,Bengal Bazaar,Mymensingh,8.67,Completed,2.81
SHP103276,ORD103276,PKG103276,2026-05-25,Khulna Hub,Steadfast Courier,SEL1010,Elite Gallery,Sylhet,1.88,Completed,3.8
SHP103277,ORD103277,PKG103277,2025-11-22,Barisal Hub,Sundarban Courier,SEL1037,Royal Gallery,Dhaka,0.81,Completed,2.99
SHP103278,ORD103278,PKG103278,2026-06-20,Rajshahi Hub,Pathao Courier,SEL1032,Prime Trading,Khulna,4.22,Failed,3.21
SHP103279,ORD103279,PKG103279,2026-06-15,Khulna Hub,RedX,SEL1007,Delta Trading,Dhaka,6.04,Pending,
SHP103280,ORD103280,PKG103280,2026-02-08,Rangpur Hub,Sundarban Courier,SEL1043,Smart Emporium,Barisal,3.77,Completed,4.7
SHP103281,ORD103281,PKG103281,2026-03-08,Rajshahi Hub,eCourier,SEL1003,Classic Fashion House,Sylhet,8.96,Completed,1.89
SHP103282,ORD103282,PKG103282,2025-09-13,Mymensingh Hub,RedX,SEL1059,Value Store,Dhaka,8.72,Completed,2.74
SHP103283,ORD103283,PKG103283,2026-05-22,Khulna Hub,Pathao Courier,SEL1009,Elite Emporium,Dhaka,11.67,Completed,3.88
SHP103284,ORD103284,PKG103284,2026-07-30,Sylhet Hub,Pathao Courier,SEL1026,Metro Outlet,Sylhet,4.93,Completed,1.88
SHP103285,ORD103285,PKG103285,2026-02-11,Rajshahi Hub,Steadfast Courier,SEL1049,Suncity Gallery,Khulna,9.47,Completed,2.5
SHP103286,ORD103286,PKG103286,2026-03-07,Sylhet Hub,Pathao Courier,SEL1030,Nova Retail,Dhaka,8.95,Completed,2.39
SHP103287,ORD103287,PKG103287,2026-02-20,Dhaka Hub,eCourier,SEL1044,Smart Mart,Rangpur,11.87,Failed,3.11
SHP103288,ORD103288,PKG103288,2025-09-29,Sylhet Hub,Sundarban Courier,SEL1042,Smart Bazaar,Rajshahi,9.33,Completed,4.07
SHP103289,ORD103289,PKG103289,2026-04-03,Narayanganj Hub,Sundarban Courier,SEL1056,Urban Store,Khulna,3.55,Pending,
SHP103290,ORD103290,PKG103290,2026-05-08,Khulna Hub,RedX,SEL1027,Modern Corner,Comilla,0.38,Completed,4.47
SHP103291,ORD103291,PKG103291,2026-07-19,Barisal Hub,Pathao Courier,SEL1058,Value Mart,Comilla,11.62,Completed,1.61
SHP103292,ORD103292,PKG103292,2026-07-19,Rajshahi Hub,RedX,SEL1031,Prime Bazaar,Chattogram,8.65,Completed,1.94
SHP103293,ORD103293,PKG103293,2026-02-18,Sylhet Hub,RedX,SEL1053,Trendy Store,Chattogram,9.79,Pending,
SHP103294,ORD103294,PKG103294,2026-07-29,Chattogram Hub,Pathao Courier,SEL1043,Smart Emporium,Barisal,9.56,Completed,2.9
SHP103295,ORD103295,PKG103295,2026-03-02,Dhaka Hub,Sundarban Courier,SEL1007,Delta Trading,Dhaka,8.88,Completed,4.29
SHP103296,ORD103296,PKG103296,2026-04-11,Dhaka Hub,eCourier,SEL1038,Royal Outlet,Khulna,9.07,Completed,2.37
SHP103297,ORD103297,PKG103297,2026-03-28,Mymensingh Hub,eCourier,SEL1052,Trendy Collection,Rangpur,11.17,Completed,3.25
SHP103298,ORD103298,PKG103298,2026-08-12,Dhaka Hub,RedX,SEL1007,Delta Trading,Dhaka,10.99,Completed,3.04
SHP103299,ORD103299,PKG103299,2026-05-14,Rajshahi Hub,eCourier,SEL1050,Suncity Retail,Chattogram,4.67,Completed,1.45
SHP103300,ORD103300,PKG103300,2025-10-12,Sylhet Hub,Pathao Courier,SEL1006,Delta Store,Rajshahi,0.57,Completed,1.13
SHP103301,ORD103301,PKG103301,2025-09-25,Dhaka Hub,Pathao Courier,SEL1052,Trendy Collection,Rangpur,0.66,Completed,2.8
SHP103302,ORD103302,PKG103302,2026-01-20,Dhaka Hub,RedX,SEL1047,Suncity Depot,Dhaka,5.47,Completed,2.97
SHP103303,ORD103303,PKG103303,2026-02-26,Narayanganj Hub,RedX,SEL1009,Elite Emporium,Dhaka,10.05,Completed,1.71
SHP103304,ORD103304,PKG103304,2026-04-20,Chattogram Hub,eCourier,SEL1043,Smart Emporium,Barisal,10.2,Completed,4.33
SHP103305,ORD103305,PKG103305,2026-02-14,Chattogram Hub,Pathao Courier,SEL1007,Delta Trading,Dhaka,4.97,Completed,2.85
SHP103306,ORD103306,PKG103306,2026-02-26,Dhaka Hub,RedX,SEL1034,Riverside Emporium,Dhaka,3.76,Completed,3.74
SHP103307,ORD103307,PKG103307,2026-07-16,Dhaka Hub,RedX,SEL1055,Urban Collection,Chattogram,6.18,Completed,3.32
SHP103308,ORD103308,PKG103308,2025-12-25,Barisal Hub,Pathao Courier,SEL1012,Elite Traders,Dhaka,10.02,Completed,1.43
SHP103309,ORD103309,PKG103309,2026-02-18,Comilla Hub,RedX,SEL1010,Elite Gallery,Sylhet,7.71,Completed,2.78
SHP103310,ORD103310,PKG103310,2026-03-12,Dhaka Hub,RedX,SEL1025,Metro Hub,Sylhet,1.85,Completed,1.31
SHP103311,ORD103311,PKG103311,2026-02-10,Sylhet Hub,Pathao Courier,SEL1022,Horizon Depot,Sylhet,4.47,Pending,
SHP103312,ORD103312,PKG103312,2026-08-01,Rajshahi Hub,Sundarban Courier,SEL1002,Bengal Hub,Barisal,6.75,Failed,2.49
SHP103313,ORD103313,PKG103313,2026-07-30,Dhaka Hub,Pathao Courier,SEL1027,Modern Corner,Comilla,6.55,Completed,2.46
SHP103314,ORD103314,PKG103314,2026-02-25,Chattogram Hub,Steadfast Courier,SEL1015,Fresh Trading,Dhaka,10.0,Completed,3.63
SHP103315,ORD103315,PKG103315,2026-02-03,Sylhet Hub,Pathao Courier,SEL1007,Delta Trading,Dhaka,11.2,Cancelled,
SHP103316,ORD103316,PKG103316,2026-03-23,Rajshahi Hub,Pathao Courier,SEL1016,Golden Hub,Comilla,1.39,Completed,1.96
SHP103317,ORD103317,PKG103317,2025-11-02,Narayanganj Hub,Pathao Courier,SEL1001,Bengal Emporium,Rangpur,2.85,Completed,2.33
SHP103318,ORD103318,PKG103318,2026-01-26,Sylhet Hub,Pathao Courier,SEL1054,Trendy Trading,Narayanganj,4.83,Completed,1.81
SHP103319,ORD103319,PKG103319,2025-11-15,Dhaka Hub,Pathao Courier,SEL1059,Value Store,Dhaka,3.7,Completed,3.45
SHP103320,ORD103320,PKG103320,2025-10-20,Rajshahi Hub,RedX,SEL1022,Horizon Depot,Sylhet,5.02,Completed,2.92
SHP103321,ORD103321,PKG103321,2025-10-03,Dhaka Hub,Pathao Courier,SEL1052,Trendy Collection,Rangpur,0.68,Completed,2.24
SHP103322,ORD103322,PKG103322,2026-03-23,Dhaka Hub,Sundarban Courier,SEL1027,Modern Corner,Comilla,0.98,Cancelled,
SHP103323,ORD103323,PKG103323,2025-09-01,Chattogram Hub,Pathao Courier,SEL1054,Trendy Trading,Narayanganj,10.09,Failed,3.13
SHP103324,ORD103324,PKG103324,2026-04-12,Dhaka Hub,Sundarban Courier,SEL1010,Elite Gallery,Sylhet,1.41,Failed,3.5
SHP103325,ORD103325,PKG103325,2026-01-28,Sylhet Hub,Pathao Courier,SEL1017,Golden Outlet,Khulna,9.92,Completed,3.19
SHP103326,ORD103326,PKG103326,2026-01-05,Chattogram Hub,RedX,SEL1044,Smart Mart,Rangpur,3.82,Completed,3.39
SHP103327,ORD103327,PKG103327,2026-05-25,Comilla Hub,RedX,SEL1013,Elite Trading,Dhaka,3.85,Failed,1.75
SHP103328,ORD103328,PKG103328,2026-03-06,Dhaka Hub,eCourier,SEL1049,Suncity Gallery,Khulna,1.39,Completed,2.85
SHP103329,ORD103329,PKG103329,2026-05-12,Barisal Hub,Pathao Courier,SEL1025,Metro Hub,Sylhet,0.36,Completed,1.68
SHP103330,ORD103330,PKG103330,2026-05-04,Rajshahi Hub,Steadfast Courier,SEL1024,Metro Bazaar,Dhaka,4.39,Failed,3.12
SHP103331,ORD103331,PKG103331,2025-09-12,Narayanganj Hub,RedX,SEL1027,Modern Corner,Comilla,10.06,Completed,3.21
SHP103332,ORD103332,PKG103332,2025-11-14,Khulna Hub,Pathao Courier,SEL1047,Suncity Depot,Dhaka,11.06,Completed,3.49
SHP103333,ORD103333,PKG103333,2026-03-17,Rangpur Hub,Sundarban Courier,SEL1000,Bengal Bazaar,Mymensingh,0.93,Cancelled,
SHP103334,ORD103334,PKG103334,2026-08-04,Chattogram Hub,eCourier,SEL1045,Smart Store,Dhaka,0.56,Completed,3.43
SHP103335,ORD103335,PKG103335,2025-10-24,Dhaka Hub,Sundarban Courier,SEL1046,Smart Traders,Comilla,2.07,Failed,4.78
SHP103336,ORD103336,PKG103336,2025-10-07,Chattogram Hub,Sundarban Courier,SEL1049,Suncity Gallery,Khulna,9.24,Completed,4.39
SHP103337,ORD103337,PKG103337,2026-07-23,Barisal Hub,RedX,SEL1059,Value Store,Dhaka,2.62,Completed,0.9
SHP103338,ORD103338,PKG103338,2026-08-01,Dhaka Hub,Pathao Courier,SEL1046,Smart Traders,Comilla,2.92,Completed,3.09
SHP103339,ORD103339,PKG103339,2025-10-28,Dhaka Hub,Steadfast Courier,SEL1031,Prime Bazaar,Chattogram,10.69,Cancelled,
SHP103340,ORD103340,PKG103340,2026-01-17,Dhaka Hub,Pathao Courier,SEL1027,Modern Corner,Comilla,10.52,Completed,3.3
SHP103341,ORD103341,PKG103341,2026-04-05,Khulna Hub,Pathao Courier,SEL1023,Horizon Shop,Rangpur,8.11,Failed,2.67
SHP103342,ORD103342,PKG103342,2025-11-07,Chattogram Hub,Pathao Courier,SEL1049,Suncity Gallery,Khulna,2.14,Completed,3.23
SHP103343,ORD103343,PKG103343,2025-12-22,Rangpur Hub,Sundarban Courier,SEL1023,Horizon Shop,Rangpur,4.7,Completed,2.01
SHP103344,ORD103344,PKG103344,2026-01-15,Rajshahi Hub,Steadfast Courier,SEL1034,Riverside Emporium,Dhaka,2.99,Completed,3.58
SHP103345,ORD103345,PKG103345,2026-04-10,Comilla Hub,eCourier,SEL1005,Delta Corner,Khulna,8.13,Completed,2.77
SHP103346,ORD103346,PKG103346,2025-12-16,Narayanganj Hub,Steadfast Courier,SEL1019,Green Fashion House,Rajshahi,9.4,Completed,1.79
SHP103347,ORD103347,PKG103347,2026-01-21,Dhaka Hub,RedX,SEL1015,Fresh Trading,Dhaka,1.88,Completed,2.81
SHP103348,ORD103348,PKG103348,2025-12-10,Dhaka Hub,Sundarban Courier,SEL1026,Metro Outlet,Sylhet,10.8,Failed,3.68
SHP103349,ORD103349,PKG103349,2026-05-21,Dhaka Hub,Sundarban Courier,SEL1030,Nova Retail,Dhaka,5.66,Completed,5.39
SHP103350,ORD103350,PKG103350,2025-10-23,Mymensingh Hub,Pathao Courier,SEL1042,Smart Bazaar,Rajshahi,9.58,Completed,2.18
SHP103351,ORD103351,PKG103351,2025-11-19,Dhaka Hub,Steadfast Courier,SEL1025,Metro Hub,Sylhet,0.81,Completed,2.89
SHP103352,ORD103352,PKG103352,2025-11-26,Chattogram Hub,Sundarban Courier,SEL1009,Elite Emporium,Dhaka,4.45,Completed,5.15
SHP103353,ORD103353,PKG103353,2026-07-11,Dhaka Hub,Sundarban Courier,SEL1032,Prime Trading,Khulna,0.37,Completed,3.47
SHP103354,ORD103354,PKG103354,2026-07-24,Sylhet Hub,RedX,SEL1003,Classic Fashion House,Sylhet,8.68,Completed,2.03
SHP103355,ORD103355,PKG103355,2026-02-21,Dhaka Hub,eCourier,SEL1050,Suncity Retail,Chattogram,1.14,Pending,
SHP103356,ORD103356,PKG103356,2025-10-25,Barisal Hub,Pathao Courier,SEL1046,Smart Traders,Comilla,4.19,Failed,2.05
SHP103357,ORD103357,PKG103357,2026-05-20,Khulna Hub,eCourier,SEL1013,Elite Trading,Dhaka,9.42,Completed,4.41
SHP103358,ORD103358,PKG103358,2026-02-18,Narayanganj Hub,eCourier,SEL1015,Fresh Trading,Dhaka,9.04,Completed,2.86
SHP103359,ORD103359,PKG103359,2026-06-22,Narayanganj Hub,eCourier,SEL1001,Bengal Emporium,Rangpur,7.76,Completed,2.92
SHP103360,ORD103360,PKG103360,2026-01-03,Rangpur Hub,Pathao Courier,SEL1021,Horizon Collection,Narayanganj,8.39,Completed,2.81
SHP103361,ORD103361,PKG103361,2026-08-12,Chattogram Hub,Pathao Courier,SEL1002,Bengal Hub,Barisal,7.88,Completed,2.31
SHP103362,ORD103362,PKG103362,2026-06-07,Dhaka Hub,Sundarban Courier,SEL1056,Urban Store,Khulna,7.77,Pending,
SHP103363,ORD103363,PKG103363,2025-11-17,Dhaka Hub,eCourier,SEL1008,Elite Depot,Chattogram,4.33,Completed,3.7
SHP103364,ORD103364,PKG103364,2026-05-10,Barisal Hub,Steadfast Courier,SEL1039,Silver Depot,Dhaka,0.53,Completed,2.6
SHP103365,ORD103365,PKG103365,2025-12-09,Dhaka Hub,RedX,SEL1034,Riverside Emporium,Dhaka,5.41,Completed,2.58
SHP103366,ORD103366,PKG103366,2025-12-31,Chattogram Hub,Pathao Courier,SEL1014,Fresh Hub,Khulna,0.74,Completed,2.99
SHP103367,ORD103367,PKG103367,2025-11-26,Dhaka Hub,Pathao Courier,SEL1048,Suncity Emporium,Dhaka,5.73,Completed,3.76
SHP103368,ORD103368,PKG103368,2026-04-25,Dhaka Hub,RedX,SEL1006,Delta Store,Rajshahi,5.68,Failed,2.91
SHP103369,ORD103369,PKG103369,2025-11-30,Chattogram Hub,Pathao Courier,SEL1053,Trendy Store,Chattogram,2.31,Cancelled,
SHP103370,ORD103370,PKG103370,2026-04-10,Chattogram Hub,RedX,SEL1044,Smart Mart,Rangpur,9.45,Completed,3.22
SHP103371,ORD103371,PKG103371,2026-03-21,Dhaka Hub,eCourier,SEL1038,Royal Outlet,Khulna,8.51,Completed,3.1
SHP103372,ORD103372,PKG103372,2026-05-18,Comilla Hub,Sundarban Courier,SEL1052,Trendy Collection,Rangpur,6.8,Completed,2.27
SHP103373,ORD103373,PKG103373,2026-08-10,Rajshahi Hub,Sundarban Courier,SEL1024,Metro Bazaar,Dhaka,11.13,Completed,2.86
SHP103374,ORD103374,PKG103374,2025-09-04,Chattogram Hub,Pathao Courier,SEL1016,Golden Hub,Comilla,3.59,Completed,5.26
SHP103375,ORD103375,PKG103375,2026-08-09,Mymensingh Hub,Pathao Courier,SEL1009,Elite Emporium,Dhaka,3.29,Completed,1.74
SHP103376,ORD103376,PKG103376,2025-10-08,Khulna Hub,RedX,SEL1055,Urban Collection,Chattogram,2.36,Completed,1.97
SHP103377,ORD103377,PKG103377,2026-03-02,Sylhet Hub,Sundarban Courier,SEL1024,Metro Bazaar,Dhaka,6.62,Completed,1.17
SHP103378,ORD103378,PKG103378,2025-12-27,Rangpur Hub,Pathao Courier,SEL1049,Suncity Gallery,Khulna,2.62,Completed,1.84
SHP103379,ORD103379,PKG103379,2026-04-10,Chattogram Hub,Pathao Courier,SEL1019,Green Fashion House,Rajshahi,10.45,Pending,
SHP103380,ORD103380,PKG103380,2026-05-08,Rangpur Hub,Pathao Courier,SEL1057,Value Hub,Dhaka,3.79,Completed,2.12
SHP103381,ORD103381,PKG103381,2026-06-25,Dhaka Hub,RedX,SEL1052,Trendy Collection,Rangpur,5.99,Pending,
SHP103382,ORD103382,PKG103382,2026-01-18,Dhaka Hub,RedX,SEL1018,Golden Store,Chattogram,6.45,Completed,3.32
SHP103383,ORD103383,PKG103383,2026-07-20,Khulna Hub,RedX,SEL1029,Modern Emporium,Sylhet,3.83,Completed,2.6
SHP103384,ORD103384,PKG103384,2025-12-21,Mymensingh Hub,RedX,SEL1047,Suncity Depot,Dhaka,8.91,Completed,4.37
SHP103385,ORD103385,PKG103385,2025-11-10,Rangpur Hub,Pathao Courier,SEL1013,Elite Trading,Dhaka,8.37,Completed,2.62
SHP103386,ORD103386,PKG103386,2026-01-10,Comilla Hub,RedX,SEL1001,Bengal Emporium,Rangpur,9.18,Completed,2.24
SHP103387,ORD103387,PKG103387,2026-03-02,Dhaka Hub,Pathao Courier,SEL1017,Golden Outlet,Khulna,7.35,Completed,2.54
SHP103388,ORD103388,PKG103388,2026-04-20,Comilla Hub,Steadfast Courier,SEL1035,Riverside Gallery,Mymensingh,5.63,Completed,2.32
SHP103389,ORD103389,PKG103389,2026-06-16,Dhaka Hub,Pathao Courier,SEL1008,Elite Depot,Chattogram,5.5,Completed,1.52
SHP103390,ORD103390,PKG103390,2025-11-17,Dhaka Hub,Sundarban Courier,SEL1020,Horizon Bazaar,Dhaka,8.66,Failed,4.25
SHP103391,ORD103391,PKG103391,2025-12-14,Sylhet Hub,Pathao Courier,SEL1055,Urban Collection,Chattogram,4.65,Pending,
SHP103392,ORD103392,PKG103392,2026-07-22,Dhaka Hub,eCourier,SEL1004,Classic Mart,Rajshahi,5.36,Completed,2.41
SHP103393,ORD103393,PKG103393,2026-01-31,Dhaka Hub,Pathao Courier,SEL1003,Classic Fashion House,Sylhet,2.13,Completed,3.17
SHP103394,ORD103394,PKG103394,2025-11-23,Rajshahi Hub,Steadfast Courier,SEL1025,Metro Hub,Sylhet,8.22,Completed,3.18
SHP103395,ORD103395,PKG103395,2026-08-08,Chattogram Hub,Pathao Courier,SEL1000,Bengal Bazaar,Mymensingh,1.11,Completed,3.02
SHP103396,ORD103396,PKG103396,2026-02-03,Comilla Hub,eCourier,SEL1001,Bengal Emporium,Rangpur,11.89,Completed,2.93
SHP103397,ORD103397,PKG103397,2026-08-07,Narayanganj Hub,RedX,SEL1010,Elite Gallery,Sylhet,1.9,Completed,2.5
SHP103398,ORD103398,PKG103398,2026-07-16,Comilla Hub,Pathao Courier,SEL1006,Delta Store,Rajshahi,4.72,Completed,3.4
SHP103399,ORD103399,PKG103399,2026-07-11,Khulna Hub,Pathao Courier,SEL1048,Suncity Emporium,Dhaka,3.01,Completed,4.16
SHP103400,ORD103400,PKG103400,2026-03-21,Chattogram Hub,Sundarban Courier,SEL1007,Delta Trading,Dhaka,3.63,Pending,
SHP103401,ORD103401,PKG103401,2026-06-04,Narayanganj Hub,eCourier,SEL1031,Prime Bazaar,Chattogram,4.0,Completed,1.17
SHP103402,ORD103402,PKG103402,2026-07-30,Chattogram Hub,Steadfast Courier,SEL1042,Smart Bazaar,Rajshahi,8.68,Completed,2.76
SHP103403,ORD103403,PKG103403,2025-12-03,Chattogram Hub,Pathao Courier,SEL1037,Royal Gallery,Dhaka,2.29,Completed,3.3
SHP103404,ORD103404,PKG103404,2025-09-14,Rajshahi Hub,Sundarban Courier,SEL1039,Silver Depot,Dhaka,3.31,Completed,3.95
SHP103405,ORD103405,PKG103405,2025-12-21,Rajshahi Hub,Pathao Courier,SEL1021,Horizon Collection,Narayanganj,1.39,Completed,2.77
SHP103406,ORD103406,PKG103406,2026-04-09,Dhaka Hub,Pathao Courier,SEL1053,Trendy Store,Chattogram,4.11,Completed,2.41
SHP103407,ORD103407,PKG103407,2026-03-09,Dhaka Hub,RedX,SEL1004,Classic Mart,Rajshahi,11.31,Completed,1.5
SHP103408,ORD103408,PKG103408,2025-09-28,Dhaka Hub,Sundarban Courier,SEL1006,Delta Store,Rajshahi,4.69,Completed,4.81
SHP103409,ORD103409,PKG103409,2026-03-14,Dhaka Hub,Pathao Courier,SEL1051,Suncity Shop,Mymensingh,9.37,Completed,3.83
SHP103410,ORD103410,PKG103410,2025-10-31,Chattogram Hub,Steadfast Courier,SEL1004,Classic Mart,Rajshahi,5.65,Completed,2.85
SHP103411,ORD103411,PKG103411,2026-02-22,Narayanganj Hub,eCourier,SEL1011,Elite Outlet,Chattogram,5.51,Completed,2.87
SHP103412,ORD103412,PKG103412,2026-03-19,Rangpur Hub,eCourier,SEL1010,Elite Gallery,Sylhet,9.92,Completed,3.62
SHP103413,ORD103413,PKG103413,2026-04-09,Dhaka Hub,Pathao Courier,SEL1001,Bengal Emporium,Rangpur,0.52,Completed,3.32
SHP103414,ORD103414,PKG103414,2026-01-21,Dhaka Hub,Steadfast Courier,SEL1007,Delta Trading,Dhaka,10.41,Completed,4.22
SHP103415,ORD103415,PKG103415,2026-01-20,Narayanganj Hub,RedX,SEL1034,Riverside Emporium,Dhaka,5.93,Completed,2.95
SHP103416,ORD103416,PKG103416,2026-04-23,Barisal Hub,RedX,SEL1039,Silver Depot,Dhaka,4.34,Completed,2.25
SHP103417,ORD103417,PKG103417,2026-05-18,Khulna Hub,Pathao Courier,SEL1004,Classic Mart,Rajshahi,10.9,Completed,2.77
SHP103418,ORD103418,PKG103418,2026-06-07,Narayanganj Hub,Steadfast Courier,SEL1056,Urban Store,Khulna,4.21,Completed,2.08
SHP103419,ORD103419,PKG103419,2025-12-25,Narayanganj Hub,RedX,SEL1005,Delta Corner,Khulna,11.74,Completed,1.8
SHP103420,ORD103420,PKG103420,2026-01-25,Dhaka Hub,eCourier,SEL1041,Silver Hub,Chattogram,11.25,Completed,5.22
SHP103421,ORD103421,PKG103421,2025-12-24,Rajshahi Hub,RedX,SEL1048,Suncity Emporium,Dhaka,3.36,Completed,2.43
SHP103422,ORD103422,PKG103422,2026-03-02,Barisal Hub,eCourier,SEL1031,Prime Bazaar,Chattogram,4.22,Completed,2.88
SHP103423,ORD103423,PKG103423,2025-10-15,Mymensingh Hub,RedX,SEL1029,Modern Emporium,Sylhet,9.78,Pending,
SHP103424,ORD103424,PKG103424,2026-01-27,Sylhet Hub,Steadfast Courier,SEL1006,Delta Store,Rajshahi,2.51,Completed,1.7
SHP103425,ORD103425,PKG103425,2025-11-05,Barisal Hub,Pathao Courier,SEL1014,Fresh Hub,Khulna,8.84,Completed,2.34
SHP103426,ORD103426,PKG103426,2026-03-04,Chattogram Hub,Pathao Courier,SEL1051,Suncity Shop,Mymensingh,1.72,Completed,2.98
SHP103427,ORD103427,PKG103427,2026-06-22,Chattogram Hub,eCourier,SEL1020,Horizon Bazaar,Dhaka,2.63,Failed,3.36
SHP103428,ORD103428,PKG103428,2026-08-07,Khulna Hub,RedX,SEL1002,Bengal Hub,Barisal,6.11,Completed,3.19
SHP103429,ORD103429,PKG103429,2026-02-02,Dhaka Hub,RedX,SEL1043,Smart Emporium,Barisal,9.0,Completed,1.8
SHP103430,ORD103430,PKG103430,2025-09-20,Rangpur Hub,eCourier,SEL1041,Silver Hub,Chattogram,8.93,Completed,4.05
SHP103431,ORD103431,PKG103431,2025-11-18,Sylhet Hub,RedX,SEL1003,Classic Fashion House,Sylhet,7.39,Failed,2.44
SHP103432,ORD103432,PKG103432,2025-10-07,Mymensingh Hub,eCourier,SEL1003,Classic Fashion House,Sylhet,3.41,Completed,4.84
SHP103433,ORD103433,PKG103433,2026-05-21,Rangpur Hub,Sundarban Courier,SEL1006,Delta Store,Rajshahi,5.1,Completed,4.27
SHP103434,ORD103434,PKG103434,2026-08-07,Khulna Hub,eCourier,SEL1003,Classic Fashion House,Sylhet,3.11,Completed,2.76
SHP103435,ORD103435,PKG103435,2026-03-11,Barisal Hub,Pathao Courier,SEL1036,Royal Emporium,Comilla,3.47,Completed,2.78
SHP103436,ORD103436,PKG103436,2025-11-01,Mymensingh Hub,RedX,SEL1007,Delta Trading,Dhaka,4.01,Completed,4.02
SHP103437,ORD103437,PKG103437,2025-09-08,Chattogram Hub,Steadfast Courier,SEL1036,Royal Emporium,Comilla,7.27,Completed,4.46
SHP103438,ORD103438,PKG103438,2026-08-04,Barisal Hub,Pathao Courier,SEL1010,Elite Gallery,Sylhet,2.65,Completed,2.52
SHP103439,ORD103439,PKG103439,2025-12-19,Comilla Hub,Sundarban Courier,SEL1058,Value Mart,Comilla,0.7,Completed,3.08
SHP103440,ORD103440,PKG103440,2025-10-09,Dhaka Hub,Sundarban Courier,SEL1043,Smart Emporium,Barisal,8.37,Completed,4.38
SHP103441,ORD103441,PKG103441,2025-11-01,Sylhet Hub,RedX,SEL1022,Horizon Depot,Sylhet,0.46,Completed,1.16
SHP103442,ORD103442,PKG103442,2025-11-28,Dhaka Hub,Sundarban Courier,SEL1025,Metro Hub,Sylhet,11.66,Completed,3.35
SHP103443,ORD103443,PKG103443,2026-04-15,Chattogram Hub,Pathao Courier,SEL1003,Classic Fashion House,Sylhet,4.33,Cancelled,
SHP103444,ORD103444,PKG103444,2026-07-06,Mymensingh Hub,Steadfast Courier,SEL1003,Classic Fashion House,Sylhet,0.28,Completed,2.67
SHP103445,ORD103445,PKG103445,2025-12-05,Dhaka Hub,Pathao Courier,SEL1032,Prime Trading,Khulna,10.64,Completed,2.96
SHP103446,ORD103446,PKG103446,2026-04-26,Dhaka Hub,RedX,SEL1001,Bengal Emporium,Rangpur,7.28,Failed,2.66
SHP103447,ORD103447,PKG103447,2025-09-23,Chattogram Hub,RedX,SEL1038,Royal Outlet,Khulna,9.85,Completed,4.19
SHP103448,ORD103448,PKG103448,2025-09-04,Rangpur Hub,Pathao Courier,SEL1022,Horizon Depot,Sylhet,5.33,Failed,3.79
SHP103449,ORD103449,PKG103449,2025-09-20,Dhaka Hub,Pathao Courier,SEL1008,Elite Depot,Chattogram,4.38,Completed,2.96
SHP103450,ORD103450,PKG103450,2026-07-17,Khulna Hub,Steadfast Courier,SEL1032,Prime Trading,Khulna,7.93,Completed,3.82
SHP103451,ORD103451,PKG103451,2026-03-21,Rangpur Hub,RedX,SEL1033,Riverside Collection,Sylhet,4.99,Completed,2.71
SHP103452,ORD103452,PKG103452,2026-06-06,Khulna Hub,Pathao Courier,SEL1044,Smart Mart,Rangpur,6.76,Completed,2.86
SHP103453,ORD103453,PKG103453,2025-09-08,Comilla Hub,eCourier,SEL1011,Elite Outlet,Chattogram,3.48,Completed,3.69
SHP103454,ORD103454,PKG103454,2025-09-08,Rangpur Hub,RedX,SEL1032,Prime Trading,Khulna,4.13,Completed,2.68
SHP103455,ORD103455,PKG103455,2026-06-21,Dhaka Hub,Pathao Courier,SEL1050,Suncity Retail,Chattogram,1.17,Completed,2.99
SHP103456,ORD103456,PKG103456,2025-10-06,Mymensingh Hub,RedX,SEL1016,Golden Hub,Comilla,9.42,Completed,3.66
SHP103457,ORD103457,PKG103457,2025-10-24,Khulna Hub,Sundarban Courier,SEL1050,Suncity Retail,Chattogram,4.32,Completed,3.07
SHP103458,ORD103458,PKG103458,2026-02-27,Narayanganj Hub,Pathao Courier,SEL1043,Smart Emporium,Barisal,11.7,Failed,1.78
SHP103459,ORD103459,PKG103459,2026-03-29,Narayanganj Hub,Steadfast Courier,SEL1025,Metro Hub,Sylhet,3.27,Cancelled,
SHP103460,ORD103460,PKG103460,2025-11-19,Dhaka Hub,Sundarban Courier,SEL1052,Trendy Collection,Rangpur,5.81,Completed,3.4
SHP103461,ORD103461,PKG103461,2026-02-01,Dhaka Hub,Sundarban Courier,SEL1058,Value Mart,Comilla,3.81,Completed,3.41
SHP103462,ORD103462,PKG103462,2026-04-22,Rajshahi Hub,Pathao Courier,SEL1014,Fresh Hub,Khulna,8.39,Failed,3.25
SHP103463,ORD103463,PKG103463,2026-02-01,Dhaka Hub,eCourier,SEL1058,Value Mart,Comilla,9.74,Completed,2.79
SHP103464,ORD103464,PKG103464,2026-01-11,Chattogram Hub,eCourier,SEL1000,Bengal Bazaar,Mymensingh,5.95,Completed,4.33
SHP103465,ORD103465,PKG103465,2025-09-25,Narayanganj Hub,Steadfast Courier,SEL1007,Delta Trading,Dhaka,4.53,Completed,2.4
SHP103466,ORD103466,PKG103466,2026-02-04,Khulna Hub,Pathao Courier,SEL1002,Bengal Hub,Barisal,8.99,Completed,3.56
SHP103467,ORD103467,PKG103467,2026-06-05,Chattogram Hub,eCourier,SEL1022,Horizon Depot,Sylhet,2.46,Failed,3.98
SHP103468,ORD103468,PKG103468,2026-04-05,Dhaka Hub,RedX,SEL1056,Urban Store,Khulna,7.27,Completed,2.13
SHP103469,ORD103469,PKG103469,2026-07-06,Rangpur Hub,Sundarban Courier,SEL1036,Royal Emporium,Comilla,8.86,Completed,3.47
SHP103470,ORD103470,PKG103470,2025-10-14,Comilla Hub,Pathao Courier,SEL1036,Royal Emporium,Comilla,3.38,Completed,4.24
SHP103471,ORD103471,PKG103471,2025-09-04,Comilla Hub,eCourier,SEL1005,Delta Corner,Khulna,7.94,Completed,3.23
SHP103472,ORD103472,PKG103472,2026-03-09,Dhaka Hub,Pathao Courier,SEL1030,Nova Retail,Dhaka,8.88,Completed,2.42
SHP103473,ORD103473,PKG103473,2025-11-01,Dhaka Hub,RedX,SEL1022,Horizon Depot,Sylhet,1.59,Completed,2.36
SHP103474,ORD103474,PKG103474,2026-03-25,Narayanganj Hub,RedX,SEL1028,Modern Depot,Khulna,4.02,Completed,1.76
SHP103475,ORD103475,PKG103475,2026-07-10,Narayanganj Hub,Pathao Courier,SEL1015,Fresh Trading,Dhaka,4.99,Completed,1.78
SHP103476,ORD103476,PKG103476,2025-12-26,Dhaka Hub,Steadfast Courier,SEL1012,Elite Traders,Dhaka,9.36,Completed,3.55
SHP103477,ORD103477,PKG103477,2026-03-10,Dhaka Hub,eCourier,SEL1057,Value Hub,Dhaka,6.9,Completed,3.38
SHP103478,ORD103478,PKG103478,2026-04-24,Khulna Hub,Sundarban Courier,SEL1033,Riverside Collection,Sylhet,5.5,Completed,3.51
SHP103479,ORD103479,PKG103479,2025-10-22,Chattogram Hub,RedX,SEL1024,Metro Bazaar,Dhaka,3.96,Completed,3.76
SHP103480,ORD103480,PKG103480,2026-07-08,Barisal Hub,Sundarban Courier,SEL1004,Classic Mart,Rajshahi,0.25,Completed,2.87
SHP103481,ORD103481,PKG103481,2025-11-10,Dhaka Hub,eCourier,SEL1045,Smart Store,Dhaka,0.44,Completed,4.24
SHP103482,ORD103482,PKG103482,2026-06-07,Rangpur Hub,Pathao Courier,SEL1028,Modern Depot,Khulna,3.04,Completed,3.17
SHP103483,ORD103483,PKG103483,2026-04-17,Chattogram Hub,Sundarban Courier,SEL1023,Horizon Shop,Rangpur,1.58,Completed,4.51
SHP103484,ORD103484,PKG103484,2025-10-19,Dhaka Hub,Sundarban Courier,SEL1040,Silver Emporium,Barisal,1.61,Completed,3.64
SHP103485,ORD103485,PKG103485,2026-05-09,Chattogram Hub,Sundarban Courier,SEL1007,Delta Trading,Dhaka,7.31,Completed,4.7
SHP103486,ORD103486,PKG103486,2025-11-07,Dhaka Hub,Sundarban Courier,SEL1031,Prime Bazaar,Chattogram,7.34,Completed,4.04
SHP103487,ORD103487,PKG103487,2026-03-27,Rajshahi Hub,Pathao Courier,SEL1051,Suncity Shop,Mymensingh,0.73,Completed,2.54
SHP103488,ORD103488,PKG103488,2026-07-30,Dhaka Hub,Steadfast Courier,SEL1027,Modern Corner,Comilla,7.21,Completed,2.85
SHP103489,ORD103489,PKG103489,2026-07-27,Dhaka Hub,Pathao Courier,SEL1000,Bengal Bazaar,Mymensingh,1.92,Completed,3.28
SHP103490,ORD103490,PKG103490,2026-06-29,Rangpur Hub,Pathao Courier,SEL1013,Elite Trading,Dhaka,4.65,Completed,3.25
SHP103491,ORD103491,PKG103491,2026-02-18,Khulna Hub,Sundarban Courier,SEL1003,Classic Fashion House,Sylhet,11.88,Completed,3.94
SHP103492,ORD103492,PKG103492,2026-03-13,Rajshahi Hub,RedX,SEL1030,Nova Retail,Dhaka,6.36,Completed,2.87
SHP103493,ORD103493,PKG103493,2025-12-13,Chattogram Hub,Pathao Courier,SEL1021,Horizon Collection,Narayanganj,0.6,Completed,3.39
SHP103494,ORD103494,PKG103494,2026-07-16,Narayanganj Hub,RedX,SEL1007,Delta Trading,Dhaka,4.3,Completed,1.96
SHP103495,ORD103495,PKG103495,2026-02-13,Narayanganj Hub,eCourier,SEL1041,Silver Hub,Chattogram,8.12,Completed,2.85
SHP103496,ORD103496,PKG103496,2026-05-25,Chattogram Hub,Pathao Courier,SEL1010,Elite Gallery,Sylhet,2.85,Completed,4.01
SHP103497,ORD103497,PKG103497,2026-01-03,Rangpur Hub,Steadfast Courier,SEL1020,Horizon Bazaar,Dhaka,11.58,Completed,3.73
SHP103498,ORD103498,PKG103498,2026-05-15,Rangpur Hub,Sundarban Courier,SEL1059,Value Store,Dhaka,5.22,Completed,3.4
SHP103499,ORD103499,PKG103499,2025-11-17,Comilla Hub,RedX,SEL1003,Classic Fashion House,Sylhet,0.45,Pending,
SHP103500,ORD103500,PKG103500,2026-05-12,Mymensingh Hub,Pathao Courier,SEL1014,Fresh Hub,Khulna,6.58,Completed,3.42
SHP103501,ORD103501,PKG103501,2025-09-16,Sylhet Hub,eCourier,SEL1019,Green Fashion House,Rajshahi,8.18,Completed,2.79
SHP103502,ORD103502,PKG103502,2025-10-07,Chattogram Hub,eCourier,SEL1030,Nova Retail,Dhaka,5.58,Completed,5.3
SHP103503,ORD103503,PKG103503,2025-12-31,Comilla Hub,Pathao Courier,SEL1014,Fresh Hub,Khulna,11.15,Completed,2.94
SHP103504,ORD103504,PKG103504,2026-02-14,Chattogram Hub,Pathao Courier,SEL1058,Value Mart,Comilla,10.84,Completed,3.46
SHP103505,ORD103505,PKG103505,2026-05-05,Khulna Hub,Sundarban Courier,SEL1000,Bengal Bazaar,Mymensingh,1.84,Completed,3.53
SHP103506,ORD103506,PKG103506,2026-01-03,Dhaka Hub,Pathao Courier,SEL1056,Urban Store,Khulna,1.14,Completed,2.7
SHP103507,ORD103507,PKG103507,2025-09-07,Chattogram Hub,Steadfast Courier,SEL1032,Prime Trading,Khulna,3.89,Completed,3.36
SHP103508,ORD103508,PKG103508,2025-12-22,Dhaka Hub,RedX,SEL1002,Bengal Hub,Barisal,7.38,Completed,1.93
SHP103509,ORD103509,PKG103509,2026-01-30,Dhaka Hub,RedX,SEL1006,Delta Store,Rajshahi,7.3,Completed,1.31
SHP103510,ORD103510,PKG103510,2026-03-08,Chattogram Hub,Steadfast Courier,SEL1006,Delta Store,Rajshahi,3.41,Completed,3.34
SHP103511,ORD103511,PKG103511,2026-04-11,Khulna Hub,eCourier,SEL1017,Golden Outlet,Khulna,11.42,Completed,2.99
SHP103512,ORD103512,PKG103512,2025-11-25,Rangpur Hub,eCourier,SEL1019,Green Fashion House,Rajshahi,3.83,Failed,3.4
SHP103513,ORD103513,PKG103513,2026-03-31,Rajshahi Hub,Sundarban Courier,SEL1038,Royal Outlet,Khulna,9.69,Completed,3.01
SHP103514,ORD103514,PKG103514,2026-04-07,Mymensingh Hub,Sundarban Courier,SEL1018,Golden Store,Chattogram,10.02,Completed,5.24
SHP103515,ORD103515,PKG103515,2026-05-27,Dhaka Hub,Sundarban Courier,SEL1043,Smart Emporium,Barisal,1.36,Completed,3.94
SHP103516,ORD103516,PKG103516,2026-02-28,Rangpur Hub,Sundarban Courier,SEL1017,Golden Outlet,Khulna,2.94,Completed,4.45
SHP103517,ORD103517,PKG103517,2026-06-08,Dhaka Hub,Sundarban Courier,SEL1015,Fresh Trading,Dhaka,2.74,Completed,4.47
SHP103518,ORD103518,PKG103518,2025-11-16,Dhaka Hub,Pathao Courier,SEL1016,Golden Hub,Comilla,11.05,Completed,3.81
SHP103519,ORD103519,PKG103519,2026-05-05,Sylhet Hub,Sundarban Courier,SEL1019,Green Fashion House,Rajshahi,4.34,Pending,
SHP103520,ORD103520,PKG103520,2025-09-16,Narayanganj Hub,Sundarban Courier,SEL1050,Suncity Retail,Chattogram,10.07,Completed,2.13
SHP103521,ORD103521,PKG103521,2025-10-06,Dhaka Hub,Sundarban Courier,SEL1014,Fresh Hub,Khulna,5.84,Pending,
SHP103522,ORD103522,PKG103522,2026-06-27,Dhaka Hub,Pathao Courier,SEL1016,Golden Hub,Comilla,5.6,Completed,3.06
SHP103523,ORD103523,PKG103523,2026-02-12,Dhaka Hub,Sundarban Courier,SEL1057,Value Hub,Dhaka,10.86,Completed,4.73
SHP103524,ORD103524,PKG103524,2026-04-03,Sylhet Hub,Sundarban Courier,SEL1039,Silver Depot,Dhaka,5.4,Completed,2.89
SHP103525,ORD103525,PKG103525,2026-03-28,Chattogram Hub,eCourier,SEL1011,Elite Outlet,Chattogram,8.99,Completed,4.82
SHP103526,ORD103526,PKG103526,2026-04-29,Dhaka Hub,eCourier,SEL1052,Trendy Collection,Rangpur,5.21,Completed,3.38
SHP103527,ORD103527,PKG103527,2025-11-24,Sylhet Hub,Pathao Courier,SEL1010,Elite Gallery,Sylhet,1.4,Completed,2.25
SHP103528,ORD103528,PKG103528,2025-11-01,Sylhet Hub,Pathao Courier,SEL1009,Elite Emporium,Dhaka,0.83,Completed,2.62
SHP103529,ORD103529,PKG103529,2025-09-15,Rajshahi Hub,Sundarban Courier,SEL1026,Metro Outlet,Sylhet,2.66,Completed,3.17
SHP103530,ORD103530,PKG103530,2026-06-27,Mymensingh Hub,Pathao Courier,SEL1041,Silver Hub,Chattogram,8.72,Completed,3.77
SHP103531,ORD103531,PKG103531,2025-11-17,Narayanganj Hub,Sundarban Courier,SEL1011,Elite Outlet,Chattogram,4.61,Completed,1.69
SHP103532,ORD103532,PKG103532,2026-03-19,Dhaka Hub,Steadfast Courier,SEL1045,Smart Store,Dhaka,5.56,Completed,3.49
SHP103533,ORD103533,PKG103533,2026-02-05,Chattogram Hub,Pathao Courier,SEL1009,Elite Emporium,Dhaka,1.4,Completed,2.56
SHP103534,ORD103534,PKG103534,2025-10-27,Narayanganj Hub,Sundarban Courier,SEL1046,Smart Traders,Comilla,7.55,Pending,
SHP103535,ORD103535,PKG103535,2026-01-22,Khulna Hub,eCourier,SEL1005,Delta Corner,Khulna,9.68,Cancelled,
SHP103536,ORD103536,PKG103536,2025-09-29,Chattogram Hub,RedX,SEL1027,Modern Corner,Comilla,7.57,Failed,1.99
SHP103537,ORD103537,PKG103537,2025-11-01,Sylhet Hub,Pathao Courier,SEL1038,Royal Outlet,Khulna,11.82,Completed,2.19
SHP103538,ORD103538,PKG103538,2025-10-19,Mymensingh Hub,Pathao Courier,SEL1015,Fresh Trading,Dhaka,0.39,Completed,3.44
SHP103539,ORD103539,PKG103539,2026-06-13,Mymensingh Hub,Steadfast Courier,SEL1036,Royal Emporium,Comilla,0.38,Completed,3.59
SHP103540,ORD103540,PKG103540,2026-03-16,Chattogram Hub,Pathao Courier,SEL1041,Silver Hub,Chattogram,6.1,Completed,3.95
SHP103541,ORD103541,PKG103541,2026-07-18,Chattogram Hub,RedX,SEL1039,Silver Depot,Dhaka,3.34,Completed,3.91
SHP103542,ORD103542,PKG103542,2026-01-29,Barisal Hub,eCourier,SEL1023,Horizon Shop,Rangpur,8.3,Completed,4.11
SHP103543,ORD103543,PKG103543,2025-11-09,Dhaka Hub,Pathao Courier,SEL1046,Smart Traders,Comilla,9.56,Completed,2.87
SHP103544,ORD103544,PKG103544,2026-03-30,Mymensingh Hub,eCourier,SEL1043,Smart Emporium,Barisal,1.41,Completed,4.68
SHP103545,ORD103545,PKG103545,2026-07-19,Dhaka Hub,Pathao Courier,SEL1019,Green Fashion House,Rajshahi,11.02,Completed,2.26
SHP103546,ORD103546,PKG103546,2026-03-04,Sylhet Hub,Sundarban Courier,SEL1044,Smart Mart,Rangpur,0.55,Completed,2.49
SHP103547,ORD103547,PKG103547,2025-09-07,Rangpur Hub,Sundarban Courier,SEL1055,Urban Collection,Chattogram,8.32,Completed,3.36
SHP103548,ORD103548,PKG103548,2025-12-15,Comilla Hub,Steadfast Courier,SEL1049,Suncity Gallery,Khulna,4.74,Completed,3.35
SHP103549,ORD103549,PKG103549,2026-07-18,Rajshahi Hub,Pathao Courier,SEL1043,Smart Emporium,Barisal,8.08,Pending,
SHP103550,ORD103550,PKG103550,2026-02-27,Khulna Hub,Pathao Courier,SEL1045,Smart Store,Dhaka,1.35,Completed,3.67
SHP103551,ORD103551,PKG103551,2026-07-27,Barisal Hub,Steadfast Courier,SEL1048,Suncity Emporium,Dhaka,11.26,Completed,2.47
SHP103552,ORD103552,PKG103552,2026-02-24,Mymensingh Hub,Pathao Courier,SEL1017,Golden Outlet,Khulna,11.26,Completed,4.32
SHP103553,ORD103553,PKG103553,2025-09-05,Dhaka Hub,Steadfast Courier,SEL1043,Smart Emporium,Barisal,6.33,Completed,4.1
SHP103554,ORD103554,PKG103554,2026-06-30,Rajshahi Hub,RedX,SEL1011,Elite Outlet,Chattogram,6.21,Completed,2.43
SHP103555,ORD103555,PKG103555,2026-05-23,Rangpur Hub,RedX,SEL1021,Horizon Collection,Narayanganj,7.69,Completed,2.71
SHP103556,ORD103556,PKG103556,2026-05-06,Comilla Hub,eCourier,SEL1056,Urban Store,Khulna,7.04,Completed,2.53
SHP103557,ORD103557,PKG103557,2026-08-02,Chattogram Hub,eCourier,SEL1016,Golden Hub,Comilla,6.61,Completed,3.64
SHP103558,ORD103558,PKG103558,2025-11-07,Comilla Hub,Pathao Courier,SEL1050,Suncity Retail,Chattogram,7.15,Cancelled,
SHP103559,ORD103559,PKG103559,2026-07-11,Rajshahi Hub,Steadfast Courier,SEL1025,Metro Hub,Sylhet,10.33,Failed,2.29
SHP103560,ORD103560,PKG103560,2025-11-20,Chattogram Hub,Steadfast Courier,SEL1012,Elite Traders,Dhaka,7.41,Completed,3.53
SHP103561,ORD103561,PKG103561,2026-08-02,Narayanganj Hub,Steadfast Courier,SEL1005,Delta Corner,Khulna,2.51,Completed,2.66
SHP103562,ORD103562,PKG103562,2025-11-06,Dhaka Hub,RedX,SEL1032,Prime Trading,Khulna,10.98,Completed,2.88
SHP103563,ORD103563,PKG103563,2026-03-10,Mymensingh Hub,RedX,SEL1027,Modern Corner,Comilla,2.75,Completed,3.89
SHP103564,ORD103564,PKG103564,2026-06-01,Khulna Hub,RedX,SEL1030,Nova Retail,Dhaka,2.15,Completed,3.05
SHP103565,ORD103565,PKG103565,2025-09-28,Khulna Hub,Pathao Courier,SEL1002,Bengal Hub,Barisal,11.97,Completed,2.53
SHP103566,ORD103566,PKG103566,2025-09-24,Mymensingh Hub,Sundarban Courier,SEL1016,Golden Hub,Comilla,2.72,Failed,5.05
SHP103567,ORD103567,PKG103567,2026-06-22,Comilla Hub,RedX,SEL1000,Bengal Bazaar,Mymensingh,1.38,Completed,1.95
SHP103568,ORD103568,PKG103568,2025-09-21,Comilla Hub,RedX,SEL1018,Golden Store,Chattogram,6.83,Completed,3.6
SHP103569,ORD103569,PKG103569,2026-04-01,Sylhet Hub,Sundarban Courier,SEL1055,Urban Collection,Chattogram,9.96,Completed,2.34
SHP103570,ORD103570,PKG103570,2026-07-22,Barisal Hub,Sundarban Courier,SEL1009,Elite Emporium,Dhaka,0.92,Completed,1.06
SHP103571,ORD103571,PKG103571,2026-04-01,Rangpur Hub,RedX,SEL1041,Silver Hub,Chattogram,5.98,Completed,3.17
SHP103572,ORD103572,PKG103572,2026-02-14,Chattogram Hub,Sundarban Courier,SEL1000,Bengal Bazaar,Mymensingh,1.01,Completed,4.38
SHP103573,ORD103573,PKG103573,2026-01-23,Chattogram Hub,Steadfast Courier,SEL1033,Riverside Collection,Sylhet,5.26,Failed,4.65
SHP103574,ORD103574,PKG103574,2026-04-09,Mymensingh Hub,eCourier,SEL1055,Urban Collection,Chattogram,4.26,Completed,4.63
SHP103575,ORD103575,PKG103575,2026-03-17,Khulna Hub,Pathao Courier,SEL1020,Horizon Bazaar,Dhaka,1.82,Completed,2.25
SHP103576,ORD103576,PKG103576,2026-02-21,Dhaka Hub,Pathao Courier,SEL1011,Elite Outlet,Chattogram,11.19,Failed,3.9
SHP103577,ORD103577,PKG103577,2025-10-24,Comilla Hub,RedX,SEL1034,Riverside Emporium,Dhaka,7.69,Failed,1.59
SHP103578,ORD103578,PKG103578,2026-04-18,Sylhet Hub,Sundarban Courier,SEL1016,Golden Hub,Comilla,10.15,Completed,3.2
SHP103579,ORD103579,PKG103579,2026-05-14,Mymensingh Hub,eCourier,SEL1053,Trendy Store,Chattogram,10.89,Completed,4.95
SHP103580,ORD103580,PKG103580,2026-05-04,Dhaka Hub,Pathao Courier,SEL1050,Suncity Retail,Chattogram,11.18,Completed,2.13
SHP103581,ORD103581,PKG103581,2025-09-26,Comilla Hub,Pathao Courier,SEL1039,Silver Depot,Dhaka,9.03,Completed,4.56
SHP103582,ORD103582,PKG103582,2026-05-02,Chattogram Hub,Sundarban Courier,SEL1038,Royal Outlet,Khulna,3.82,Pending,
SHP103583,ORD103583,PKG103583,2026-05-11,Chattogram Hub,eCourier,SEL1036,Royal Emporium,Comilla,9.98,Completed,4.28
SHP103584,ORD103584,PKG103584,2025-11-03,Chattogram Hub,Steadfast Courier,SEL1044,Smart Mart,Rangpur,6.34,Failed,4.65
SHP103585,ORD103585,PKG103585,2026-06-21,Rajshahi Hub,Steadfast Courier,SEL1027,Modern Corner,Comilla,3.41,Completed,3.12
SHP103586,ORD103586,PKG103586,2026-03-01,Chattogram Hub,Sundarban Courier,SEL1058,Value Mart,Comilla,4.75,Completed,3.67
SHP103587,ORD103587,PKG103587,2026-02-11,Rajshahi Hub,eCourier,SEL1020,Horizon Bazaar,Dhaka,3.75,Completed,0.71
SHP103588,ORD103588,PKG103588,2026-05-09,Khulna Hub,Pathao Courier,SEL1000,Bengal Bazaar,Mymensingh,5.7,Pending,
SHP103589,ORD103589,PKG103589,2026-02-24,Rajshahi Hub,RedX,SEL1041,Silver Hub,Chattogram,9.42,Completed,1.78
SHP103590,ORD103590,PKG103590,2026-03-08,Chattogram Hub,Steadfast Courier,SEL1039,Silver Depot,Dhaka,5.92,Failed,3.17
SHP103591,ORD103591,PKG103591,2025-12-18,Dhaka Hub,Sundarban Courier,SEL1058,Value Mart,Comilla,3.36,Completed,3.34
SHP103592,ORD103592,PKG103592,2026-07-19,Barisal Hub,Steadfast Courier,SEL1023,Horizon Shop,Rangpur,1.23,Failed,0.5
SHP103593,ORD103593,PKG103593,2026-08-02,Khulna Hub,Pathao Courier,SEL1025,Metro Hub,Sylhet,10.3,Completed,2.11
SHP103594,ORD103594,PKG103594,2025-10-16,Dhaka Hub,Pathao Courier,SEL1033,Riverside Collection,Sylhet,5.12,Completed,3.22
SHP103595,ORD103595,PKG103595,2026-05-12,Rajshahi Hub,RedX,SEL1023,Horizon Shop,Rangpur,5.41,Completed,3.13
SHP103596,ORD103596,PKG103596,2025-09-09,Dhaka Hub,Steadfast Courier,SEL1047,Suncity Depot,Dhaka,9.21,Completed,2.64
SHP103597,ORD103597,PKG103597,2026-01-06,Chattogram Hub,Sundarban Courier,SEL1025,Metro Hub,Sylhet,10.23,Completed,5.08
SHP103598,ORD103598,PKG103598,2026-08-02,Mymensingh Hub,eCourier,SEL1047,Suncity Depot,Dhaka,6.23,Completed,2.14
SHP103599,ORD103599,PKG103599,2025-10-31,Dhaka Hub,Pathao Courier,SEL1025,Metro Hub,Sylhet,7.66,Completed,3.03
SHP103600,ORD103600,PKG103600,2026-01-09,Sylhet Hub,eCourier,SEL1013,Elite Trading,Dhaka,3.02,Completed,3.34
SHP103601,ORD103601,PKG103601,2025-11-15,Dhaka Hub,RedX,SEL1059,Value Store,Dhaka,11.23,Completed,3.04
SHP103602,ORD103602,PKG103602,2026-05-10,Sylhet Hub,Pathao Courier,SEL1031,Prime Bazaar,Chattogram,6.9,Completed,2.14
SHP103603,ORD103603,PKG103603,2026-02-08,Comilla Hub,eCourier,SEL1042,Smart Bazaar,Rajshahi,8.69,Completed,1.81
SHP103604,ORD103604,PKG103604,2026-03-25,Khulna Hub,eCourier,SEL1035,Riverside Gallery,Mymensingh,1.55,Completed,4.76
SHP103605,ORD103605,PKG103605,2026-07-24,Mymensingh Hub,RedX,SEL1021,Horizon Collection,Narayanganj,7.72,Completed,4.56
SHP103606,ORD103606,PKG103606,2026-02-28,Khulna Hub,Pathao Courier,SEL1058,Value Mart,Comilla,4.55,Completed,3.43
SHP103607,ORD103607,PKG103607,2026-05-13,Dhaka Hub,Pathao Courier,SEL1022,Horizon Depot,Sylhet,5.51,Completed,3.77
SHP103608,ORD103608,PKG103608,2025-10-04,Khulna Hub,Steadfast Courier,SEL1059,Value Store,Dhaka,8.25,Completed,3.27
SHP103609,ORD103609,PKG103609,2025-11-14,Dhaka Hub,RedX,SEL1025,Metro Hub,Sylhet,9.6,Completed,3.21
SHP103610,ORD103610,PKG103610,2026-07-25,Sylhet Hub,eCourier,SEL1001,Bengal Emporium,Rangpur,4.32,Completed,3.1
SHP103611,ORD103611,PKG103611,2026-06-25,Dhaka Hub,RedX,SEL1002,Bengal Hub,Barisal,10.5,Completed,2.64
SHP103612,ORD103612,PKG103612,2026-04-16,Dhaka Hub,eCourier,SEL1058,Value Mart,Comilla,2.78,Completed,2.73
SHP103613,ORD103613,PKG103613,2026-01-09,Dhaka Hub,Pathao Courier,SEL1031,Prime Bazaar,Chattogram,6.84,Completed,3.45
SHP103614,ORD103614,PKG103614,2025-11-09,Chattogram Hub,Sundarban Courier,SEL1023,Horizon Shop,Rangpur,1.98,Completed,5.91
SHP103615,ORD103615,PKG103615,2026-06-22,Mymensingh Hub,RedX,SEL1048,Suncity Emporium,Dhaka,3.61,Completed,4.07
SHP103616,ORD103616,PKG103616,2026-05-30,Rangpur Hub,Pathao Courier,SEL1037,Royal Gallery,Dhaka,10.77,Pending,
SHP103617,ORD103617,PKG103617,2025-11-23,Dhaka Hub,Pathao Courier,SEL1039,Silver Depot,Dhaka,0.34,Failed,3.02
SHP103618,ORD103618,PKG103618,2026-03-24,Rangpur Hub,RedX,SEL1041,Silver Hub,Chattogram,11.0,Completed,3.01
SHP103619,ORD103619,PKG103619,2026-04-03,Dhaka Hub,Steadfast Courier,SEL1011,Elite Outlet,Chattogram,4.08,Completed,1.55
SHP103620,ORD103620,PKG103620,2026-02-13,Dhaka Hub,RedX,SEL1005,Delta Corner,Khulna,8.41,Completed,2.61
SHP103621,ORD103621,PKG103621,2026-07-18,Rangpur Hub,Pathao Courier,SEL1043,Smart Emporium,Barisal,1.28,Completed,2.8
SHP103622,ORD103622,PKG103622,2025-10-13,Chattogram Hub,Steadfast Courier,SEL1001,Bengal Emporium,Rangpur,7.77,Completed,2.99
SHP103623,ORD103623,PKG103623,2025-11-29,Chattogram Hub,Pathao Courier,SEL1043,Smart Emporium,Barisal,10.93,Completed,4.19
SHP103624,ORD103624,PKG103624,2025-10-03,Chattogram Hub,Pathao Courier,SEL1007,Delta Trading,Dhaka,6.75,Failed,3.65
SHP103625,ORD103625,PKG103625,2026-04-28,Khulna Hub,Steadfast Courier,SEL1015,Fresh Trading,Dhaka,4.47,Failed,1.44
SHP103626,ORD103626,PKG103626,2026-04-11,Rajshahi Hub,eCourier,SEL1042,Smart Bazaar,Rajshahi,9.56,Completed,3.13
SHP103627,ORD103627,PKG103627,2026-08-08,Barisal Hub,Steadfast Courier,SEL1037,Royal Gallery,Dhaka,8.61,Completed,3.12
SHP103628,ORD103628,PKG103628,2026-03-07,Dhaka Hub,eCourier,SEL1046,Smart Traders,Comilla,1.59,Failed,2.89
SHP103629,ORD103629,PKG103629,2025-10-23,Dhaka Hub,RedX,SEL1036,Royal Emporium,Comilla,8.06,Completed,1.96
SHP103630,ORD103630,PKG103630,2026-02-04,Sylhet Hub,Sundarban Courier,SEL1002,Bengal Hub,Barisal,8.04,Completed,1.97
SHP103631,ORD103631,PKG103631,2025-10-01,Mymensingh Hub,Sundarban Courier,SEL1050,Suncity Retail,Chattogram,9.07,Completed,4.59
SHP103632,ORD103632,PKG103632,2026-04-21,Rangpur Hub,Steadfast Courier,SEL1012,Elite Traders,Dhaka,3.93,Completed,2.77
SHP103633,ORD103633,PKG103633,2026-04-22,Dhaka Hub,Steadfast Courier,SEL1008,Elite Depot,Chattogram,4.94,Completed,2.12
SHP103634,ORD103634,PKG103634,2026-06-24,Chattogram Hub,Sundarban Courier,SEL1052,Trendy Collection,Rangpur,11.53,Completed,5.73
SHP103635,ORD103635,PKG103635,2025-12-27,Chattogram Hub,Sundarban Courier,SEL1011,Elite Outlet,Chattogram,6.97,Completed,4.74
SHP103636,ORD103636,PKG103636,2025-12-17,Mymensingh Hub,Sundarban Courier,SEL1032,Prime Trading,Khulna,6.2,Pending,
SHP103637,ORD103637,PKG103637,2025-09-25,Narayanganj Hub,Sundarban Courier,SEL1029,Modern Emporium,Sylhet,11.84,Completed,3.92
SHP103638,ORD103638,PKG103638,2026-01-22,Dhaka Hub,Steadfast Courier,SEL1046,Smart Traders,Comilla,2.91,Completed,3.35
SHP103639,ORD103639,PKG103639,2026-02-12,Sylhet Hub,Pathao Courier,SEL1002,Bengal Hub,Barisal,4.9,Completed,2.06
SHP103640,ORD103640,PKG103640,2026-05-20,Chattogram Hub,Sundarban Courier,SEL1006,Delta Store,Rajshahi,9.17,Completed,4.75
SHP103641,ORD103641,PKG103641,2026-05-19,Chattogram Hub,Steadfast Courier,SEL1024,Metro Bazaar,Dhaka,8.61,Pending,
SHP103642,ORD103642,PKG103642,2025-10-19,Sylhet Hub,RedX,SEL1028,Modern Depot,Khulna,11.61,Completed,1.94
SHP103643,ORD103643,PKG103643,2025-12-08,Barisal Hub,Sundarban Courier,SEL1047,Suncity Depot,Dhaka,7.92,Completed,3.08
SHP103644,ORD103644,PKG103644,2026-02-24,Rajshahi Hub,Sundarban Courier,SEL1036,Royal Emporium,Comilla,3.89,Pending,
SHP103645,ORD103645,PKG103645,2025-12-25,Sylhet Hub,Pathao Courier,SEL1008,Elite Depot,Chattogram,4.89,Failed,1.77
SHP103646,ORD103646,PKG103646,2025-09-09,Barisal Hub,Pathao Courier,SEL1058,Value Mart,Comilla,1.26,Failed,2.44
SHP103647,ORD103647,PKG103647,2026-06-20,Chattogram Hub,Pathao Courier,SEL1027,Modern Corner,Comilla,11.1,Completed,2.42
SHP103648,ORD103648,PKG103648,2026-05-12,Rajshahi Hub,Pathao Courier,SEL1057,Value Hub,Dhaka,1.72,Completed,2.9
SHP103649,ORD103649,PKG103649,2026-02-27,Dhaka Hub,Pathao Courier,SEL1059,Value Store,Dhaka,6.64,Completed,4.1
SHP103650,ORD103650,PKG103650,2025-12-19,Chattogram Hub,Sundarban Courier,SEL1003,Classic Fashion House,Sylhet,4.94,Completed,4.61
SHP103651,ORD103651,PKG103651,2026-06-19,Khulna Hub,Pathao Courier,SEL1030,Nova Retail,Dhaka,1.78,Completed,2.54
SHP103652,ORD103652,PKG103652,2025-09-13,Comilla Hub,Steadfast Courier,SEL1025,Metro Hub,Sylhet,3.66,Completed,3.06
SHP103653,ORD103653,PKG103653,2026-02-02,Dhaka Hub,Pathao Courier,SEL1029,Modern Emporium,Sylhet,7.68,Failed,3.18
SHP103654,ORD103654,PKG103654,2026-06-05,Barisal Hub,Sundarban Courier,SEL1018,Golden Store,Chattogram,0.57,Completed,2.71
SHP103655,ORD103655,PKG103655,2026-07-27,Sylhet Hub,Steadfast Courier,SEL1033,Riverside Collection,Sylhet,11.6,Failed,2.11
SHP103656,ORD103656,PKG103656,2025-11-26,Rangpur Hub,Pathao Courier,SEL1029,Modern Emporium,Sylhet,10.93,Completed,3.41
SHP103657,ORD103657,PKG103657,2026-04-14,Dhaka Hub,Sundarban Courier,SEL1011,Elite Outlet,Chattogram,1.2,Completed,3.17
SHP103658,ORD103658,PKG103658,2025-11-05,Rajshahi Hub,eCourier,SEL1017,Golden Outlet,Khulna,10.45,Completed,3.57
SHP103659,ORD103659,PKG103659,2025-10-11,Sylhet Hub,RedX,SEL1008,Elite Depot,Chattogram,4.08,Completed,1.82
SHP103660,ORD103660,PKG103660,2026-01-01,Chattogram Hub,Pathao Courier,SEL1050,Suncity Retail,Chattogram,1.0,Completed,3.91
SHP103661,ORD103661,PKG103661,2026-07-04,Dhaka Hub,eCourier,SEL1040,Silver Emporium,Barisal,3.81,Completed,3.9
SHP103662,ORD103662,PKG103662,2026-04-27,Khulna Hub,RedX,SEL1023,Horizon Shop,Rangpur,9.74,Completed,1.42
SHP103663,ORD103663,PKG103663,2026-02-17,Chattogram Hub,Sundarban Courier,SEL1023,Horizon Shop,Rangpur,8.06,Completed,4.55
SHP103664,ORD103664,PKG103664,2025-12-07,Comilla Hub,Pathao Courier,SEL1004,Classic Mart,Rajshahi,3.02,Completed,2.01
SHP103665,ORD103665,PKG103665,2025-10-20,Rangpur Hub,Pathao Courier,SEL1017,Golden Outlet,Khulna,8.69,Completed,1.74
SHP103666,ORD103666,PKG103666,2025-12-03,Dhaka Hub,eCourier,SEL1055,Urban Collection,Chattogram,8.55,Failed,3.15
SHP103667,ORD103667,PKG103667,2025-10-23,Chattogram Hub,Sundarban Courier,SEL1001,Bengal Emporium,Rangpur,8.97,Completed,4.81
SHP103668,ORD103668,PKG103668,2025-11-04,Dhaka Hub,Pathao Courier,SEL1008,Elite Depot,Chattogram,6.58,Failed,1.76
SHP103669,ORD103669,PKG103669,2026-04-26,Barisal Hub,RedX,SEL1050,Suncity Retail,Chattogram,9.86,Completed,2.08
SHP103670,ORD103670,PKG103670,2025-10-16,Khulna Hub,Steadfast Courier,SEL1031,Prime Bazaar,Chattogram,7.77,Completed,2.66
SHP103671,ORD103671,PKG103671,2025-09-17,Chattogram Hub,Pathao Courier,SEL1001,Bengal Emporium,Rangpur,1.68,Completed,3.5
SHP103672,ORD103672,PKG103672,2026-03-07,Dhaka Hub,Pathao Courier,SEL1029,Modern Emporium,Sylhet,9.76,Completed,4.61
SHP103673,ORD103673,PKG103673,2025-12-09,Sylhet Hub,Sundarban Courier,SEL1044,Smart Mart,Rangpur,4.02,Completed,2.65
SHP103674,ORD103674,PKG103674,2026-02-05,Dhaka Hub,RedX,SEL1020,Horizon Bazaar,Dhaka,8.52,Completed,1.88
SHP103675,ORD103675,PKG103675,2025-10-19,Dhaka Hub,Sundarban Courier,SEL1022,Horizon Depot,Sylhet,8.17,Completed,3.77
SHP103676,ORD103676,PKG103676,2025-11-12,Mymensingh Hub,Steadfast Courier,SEL1037,Royal Gallery,Dhaka,4.16,Completed,3.63
SHP103677,ORD103677,PKG103677,2026-01-31,Narayanganj Hub,Pathao Courier,SEL1035,Riverside Gallery,Mymensingh,2.11,Completed,1.82
SHP103678,ORD103678,PKG103678,2026-04-27,Rangpur Hub,Sundarban Courier,SEL1054,Trendy Trading,Narayanganj,8.4,Failed,3.96
SHP103679,ORD103679,PKG103679,2026-01-22,Dhaka Hub,Sundarban Courier,SEL1014,Fresh Hub,Khulna,10.22,Completed,3.66
SHP103680,ORD103680,PKG103680,2026-03-07,Comilla Hub,Sundarban Courier,SEL1016,Golden Hub,Comilla,10.09,Completed,3.25
SHP103681,ORD103681,PKG103681,2026-02-28,Sylhet Hub,Sundarban Courier,SEL1009,Elite Emporium,Dhaka,7.59,Completed,3.45
SHP103682,ORD103682,PKG103682,2025-12-03,Dhaka Hub,eCourier,SEL1039,Silver Depot,Dhaka,2.88,Completed,4.23
SHP103683,ORD103683,PKG103683,2025-12-06,Rangpur Hub,Sundarban Courier,SEL1032,Prime Trading,Khulna,3.93,Completed,3.67
SHP103684,ORD103684,PKG103684,2026-01-26,Dhaka Hub,eCourier,SEL1020,Horizon Bazaar,Dhaka,9.1,Completed,3.56
SHP103685,ORD103685,PKG103685,2025-09-12,Dhaka Hub,Pathao Courier,SEL1041,Silver Hub,Chattogram,5.05,Completed,1.41
SHP103686,ORD103686,PKG103686,2026-04-26,Rangpur Hub,RedX,SEL1022,Horizon Depot,Sylhet,8.84,Completed,2.77
SHP103687,ORD103687,PKG103687,2026-04-01,Dhaka Hub,Sundarban Courier,SEL1011,Elite Outlet,Chattogram,3.85,Failed,5.13
SHP103688,ORD103688,PKG103688,2025-12-15,Sylhet Hub,RedX,SEL1032,Prime Trading,Khulna,0.27,Completed,2.6
SHP103689,ORD103689,PKG103689,2026-01-08,Khulna Hub,Pathao Courier,SEL1026,Metro Outlet,Sylhet,7.32,Failed,3.05
SHP103690,ORD103690,PKG103690,2025-12-23,Narayanganj Hub,Steadfast Courier,SEL1024,Metro Bazaar,Dhaka,7.29,Completed,2.26
SHP103691,ORD103691,PKG103691,2026-04-14,Chattogram Hub,Steadfast Courier,SEL1026,Metro Outlet,Sylhet,7.61,Completed,3.62
SHP103692,ORD103692,PKG103692,2026-05-21,Chattogram Hub,eCourier,SEL1054,Trendy Trading,Narayanganj,3.36,Completed,4.32
SHP103693,ORD103693,PKG103693,2025-10-08,Sylhet Hub,Steadfast Courier,SEL1012,Elite Traders,Dhaka,9.77,Completed,3.12
SHP103694,ORD103694,PKG103694,2026-01-22,Sylhet Hub,Pathao Courier,SEL1016,Golden Hub,Comilla,5.95,Pending,
SHP103695,ORD103695,PKG103695,2025-09-05,Khulna Hub,RedX,SEL1033,Riverside Collection,Sylhet,9.2,Completed,3.3
SHP103696,ORD103696,PKG103696,2026-02-04,Mymensingh Hub,Sundarban Courier,SEL1002,Bengal Hub,Barisal,7.41,Completed,3.95
SHP103697,ORD103697,PKG103697,2025-11-25,Barisal Hub,Steadfast Courier,SEL1008,Elite Depot,Chattogram,5.11,Completed,1.92
SHP103698,ORD103698,PKG103698,2025-12-26,Mymensingh Hub,Pathao Courier,SEL1033,Riverside Collection,Sylhet,8.22,Completed,2.61
SHP103699,ORD103699,PKG103699,2026-02-05,Chattogram Hub,Pathao Courier,SEL1030,Nova Retail,Dhaka,6.98,Completed,3.56
SHP103700,ORD103700,PKG103700,2025-12-22,Rangpur Hub,RedX,SEL1039,Silver Depot,Dhaka,6.23,Completed,2.84
SHP103701,ORD103701,PKG103701,2026-01-15,Narayanganj Hub,Pathao Courier,SEL1006,Delta Store,Rajshahi,7.85,Completed,2.34
SHP103702,ORD103702,PKG103702,2026-05-23,Dhaka Hub,eCourier,SEL1051,Suncity Shop,Mymensingh,1.21,Completed,3.53
SHP103703,ORD103703,PKG103703,2026-06-08,Sylhet Hub,Pathao Courier,SEL1029,Modern Emporium,Sylhet,10.94,Completed,2.66
SHP103704,ORD103704,PKG103704,2025-09-03,Rajshahi Hub,RedX,SEL1009,Elite Emporium,Dhaka,4.15,Completed,3.86
SHP103705,ORD103705,PKG103705,2026-01-09,Khulna Hub,Steadfast Courier,SEL1018,Golden Store,Chattogram,2.85,Failed,3.78
SHP103706,ORD103706,PKG103706,2026-06-21,Khulna Hub,RedX,SEL1013,Elite Trading,Dhaka,9.31,Completed,1.4
SHP103707,ORD103707,PKG103707,2026-03-03,Mymensingh Hub,Pathao Courier,SEL1027,Modern Corner,Comilla,2.93,Completed,3.21
SHP103708,ORD103708,PKG103708,2025-11-11,Dhaka Hub,Pathao Courier,SEL1028,Modern Depot,Khulna,11.95,Completed,2.81
SHP103709,ORD103709,PKG103709,2026-03-25,Narayanganj Hub,Pathao Courier,SEL1026,Metro Outlet,Sylhet,5.16,Pending,
SHP103710,ORD103710,PKG103710,2025-10-21,Rangpur Hub,Pathao Courier,SEL1027,Modern Corner,Comilla,3.7,Completed,3.53
SHP103711,ORD103711,PKG103711,2025-09-08,Chattogram Hub,RedX,SEL1054,Trendy Trading,Narayanganj,0.93,Pending,
SHP103712,ORD103712,PKG103712,2026-04-07,Dhaka Hub,Sundarban Courier,SEL1057,Value Hub,Dhaka,0.69,Completed,3.18
SHP103713,ORD103713,PKG103713,2026-02-26,Barisal Hub,Pathao Courier,SEL1029,Modern Emporium,Sylhet,1.32,Completed,2.89
SHP103714,ORD103714,PKG103714,2026-05-20,Dhaka Hub,Pathao Courier,SEL1057,Value Hub,Dhaka,0.26,Completed,3.59
SHP103715,ORD103715,PKG103715,2025-12-29,Sylhet Hub,Steadfast Courier,SEL1049,Suncity Gallery,Khulna,4.06,Completed,2.59
SHP103716,ORD103716,PKG103716,2026-06-23,Khulna Hub,Pathao Courier,SEL1049,Suncity Gallery,Khulna,3.86,Failed,3.52
SHP103717,ORD103717,PKG103717,2026-01-24,Narayanganj Hub,Sundarban Courier,SEL1013,Elite Trading,Dhaka,5.28,Completed,2.22
SHP103718,ORD103718,PKG103718,2026-05-14,Chattogram Hub,Sundarban Courier,SEL1026,Metro Outlet,Sylhet,2.95,Cancelled,
SHP103719,ORD103719,PKG103719,2025-10-05,Barisal Hub,Pathao Courier,SEL1021,Horizon Collection,Narayanganj,0.94,Completed,2.89
SHP103720,ORD103720,PKG103720,2025-10-04,Narayanganj Hub,Steadfast Courier,SEL1005,Delta Corner,Khulna,1.04,Completed,2.63
SHP103721,ORD103721,PKG103721,2026-05-29,Sylhet Hub,Pathao Courier,SEL1004,Classic Mart,Rajshahi,2.35,Completed,2.37
SHP103722,ORD103722,PKG103722,2026-06-16,Dhaka Hub,RedX,SEL1037,Royal Gallery,Dhaka,3.94,Completed,2.13
SHP103723,ORD103723,PKG103723,2026-07-24,Dhaka Hub,RedX,SEL1025,Metro Hub,Sylhet,1.95,Completed,3.34
SHP103724,ORD103724,PKG103724,2025-12-22,Chattogram Hub,eCourier,SEL1049,Suncity Gallery,Khulna,4.51,Completed,4.03
SHP103725,ORD103725,PKG103725,2025-09-08,Chattogram Hub,RedX,SEL1040,Silver Emporium,Barisal,11.08,Completed,3.16
SHP103726,ORD103726,PKG103726,2026-08-06,Chattogram Hub,eCourier,SEL1005,Delta Corner,Khulna,3.29,Completed,4.68
SHP103727,ORD103727,PKG103727,2026-03-28,Sylhet Hub,Sundarban Courier,SEL1050,Suncity Retail,Chattogram,2.19,Completed,2.67
SHP103728,ORD103728,PKG103728,2025-11-25,Khulna Hub,Sundarban Courier,SEL1029,Modern Emporium,Sylhet,8.04,Completed,3.43
SHP103729,ORD103729,PKG103729,2026-05-23,Dhaka Hub,eCourier,SEL1033,Riverside Collection,Sylhet,5.99,Completed,4.07
SHP103730,ORD103730,PKG103730,2026-07-10,Sylhet Hub,RedX,SEL1057,Value Hub,Dhaka,0.76,Completed,0.98
SHP103731,ORD103731,PKG103731,2025-12-08,Rajshahi Hub,RedX,SEL1038,Royal Outlet,Khulna,9.5,Completed,2.91
SHP103732,ORD103732,PKG103732,2026-05-25,Khulna Hub,Pathao Courier,SEL1001,Bengal Emporium,Rangpur,8.64,Completed,2.08
SHP103733,ORD103733,PKG103733,2026-05-31,Rangpur Hub,Pathao Courier,SEL1010,Elite Gallery,Sylhet,11.73,Completed,1.68
SHP103734,ORD103734,PKG103734,2026-02-21,Dhaka Hub,Sundarban Courier,SEL1025,Metro Hub,Sylhet,11.27,Completed,4.24
SHP103735,ORD103735,PKG103735,2026-04-07,Chattogram Hub,Pathao Courier,SEL1002,Bengal Hub,Barisal,7.09,Cancelled,
SHP103736,ORD103736,PKG103736,2025-12-03,Khulna Hub,Sundarban Courier,SEL1010,Elite Gallery,Sylhet,8.3,Completed,3.48
SHP103737,ORD103737,PKG103737,2026-07-19,Comilla Hub,Pathao Courier,SEL1047,Suncity Depot,Dhaka,5.03,Completed,2.28
SHP103738,ORD103738,PKG103738,2026-08-07,Rajshahi Hub,RedX,SEL1008,Elite Depot,Chattogram,10.68,Completed,2.64
SHP103739,ORD103739,PKG103739,2026-08-06,Chattogram Hub,eCourier,SEL1010,Elite Gallery,Sylhet,6.72,Completed,3.69
SHP103740,ORD103740,PKG103740,2026-05-14,Dhaka Hub,RedX,SEL1030,Nova Retail,Dhaka,4.04,Completed,3.23
SHP103741,ORD103741,PKG103741,2025-09-15,Khulna Hub,RedX,SEL1005,Delta Corner,Khulna,0.31,Completed,2.37
SHP103742,ORD103742,PKG103742,2026-01-05,Narayanganj Hub,Pathao Courier,SEL1015,Fresh Trading,Dhaka,7.12,Completed,1.77
SHP103743,ORD103743,PKG103743,2026-02-01,Rajshahi Hub,Pathao Courier,SEL1056,Urban Store,Khulna,6.4,Pending,
SHP103744,ORD103744,PKG103744,2026-07-30,Sylhet Hub,RedX,SEL1037,Royal Gallery,Dhaka,9.78,Completed,1.32
SHP103745,ORD103745,PKG103745,2026-03-09,Dhaka Hub,eCourier,SEL1057,Value Hub,Dhaka,2.41,Completed,2.29
SHP103746,ORD103746,PKG103746,2026-03-05,Dhaka Hub,eCourier,SEL1021,Horizon Collection,Narayanganj,9.82,Completed,2.66
SHP103747,ORD103747,PKG103747,2025-10-21,Rangpur Hub,RedX,SEL1036,Royal Emporium,Comilla,0.38,Completed,2.95
SHP103748,ORD103748,PKG103748,2026-06-02,Chattogram Hub,eCourier,SEL1014,Fresh Hub,Khulna,7.13,Failed,5.36
SHP103749,ORD103749,PKG103749,2025-12-26,Chattogram Hub,eCourier,SEL1022,Horizon Depot,Sylhet,4.88,Completed,4.13
SHP103750,ORD103750,PKG103750,2025-10-02,Dhaka Hub,eCourier,SEL1010,Elite Gallery,Sylhet,4.11,Completed,2.7
SHP103751,ORD103751,PKG103751,2026-08-08,Comilla Hub,eCourier,SEL1049,Suncity Gallery,Khulna,5.31,Failed,3.02
SHP103752,ORD103752,PKG103752,2025-11-05,Chattogram Hub,Pathao Courier,SEL1011,Elite Outlet,Chattogram,2.84,Completed,3.74
SHP103753,ORD103753,PKG103753,2025-09-06,Dhaka Hub,Pathao Courier,SEL1012,Elite Traders,Dhaka,2.36,Completed,1.63
SHP103754,ORD103754,PKG103754,2025-09-27,Chattogram Hub,Sundarban Courier,SEL1027,Modern Corner,Comilla,9.7,Completed,3.28
SHP103755,ORD103755,PKG103755,2026-02-04,Barisal Hub,RedX,SEL1025,Metro Hub,Sylhet,2.89,Pending,
SHP103756,ORD103756,PKG103756,2025-10-06,Chattogram Hub,eCourier,SEL1018,Golden Store,Chattogram,8.9,Completed,4.64
SHP103757,ORD103757,PKG103757,2026-06-19,Rangpur Hub,Sundarban Courier,SEL1021,Horizon Collection,Narayanganj,8.59,Completed,4.57
SHP103758,ORD103758,PKG103758,2026-02-25,Barisal Hub,Pathao Courier,SEL1017,Golden Outlet,Khulna,0.59,Completed,2.25
SHP103759,ORD103759,PKG103759,2025-12-22,Chattogram Hub,eCourier,SEL1054,Trendy Trading,Narayanganj,10.6,Completed,4.86
SHP103760,ORD103760,PKG103760,2025-09-02,Mymensingh Hub,Pathao Courier,SEL1034,Riverside Emporium,Dhaka,9.51,Completed,3.26
SHP103761,ORD103761,PKG103761,2026-02-14,Dhaka Hub,eCourier,SEL1055,Urban Collection,Chattogram,9.59,Completed,3.05
SHP103762,ORD103762,PKG103762,2025-10-23,Barisal Hub,Pathao Courier,SEL1059,Value Store,Dhaka,9.75,Completed,1.97
SHP103763,ORD103763,PKG103763,2026-08-05,Khulna Hub,Sundarban Courier,SEL1039,Silver Depot,Dhaka,7.07,Completed,4.13
SHP103764,ORD103764,PKG103764,2025-12-10,Chattogram Hub,Sundarban Courier,SEL1049,Suncity Gallery,Khulna,11.92,Completed,7.32
SHP103765,ORD103765,PKG103765,2026-02-12,Chattogram Hub,Sundarban Courier,SEL1006,Delta Store,Rajshahi,2.31,Cancelled,
SHP103766,ORD103766,PKG103766,2025-09-07,Khulna Hub,Pathao Courier,SEL1056,Urban Store,Khulna,1.05,Completed,3.07
SHP103767,ORD103767,PKG103767,2025-10-16,Dhaka Hub,Pathao Courier,SEL1028,Modern Depot,Khulna,8.51,Completed,4.05
SHP103768,ORD103768,PKG103768,2025-11-11,Rajshahi Hub,Sundarban Courier,SEL1042,Smart Bazaar,Rajshahi,3.67,Failed,3.78
SHP103769,ORD103769,PKG103769,2025-09-18,Khulna Hub,Sundarban Courier,SEL1014,Fresh Hub,Khulna,7.38,Completed,2.75
SHP103770,ORD103770,PKG103770,2026-05-10,Rangpur Hub,eCourier,SEL1005,Delta Corner,Khulna,4.82,Pending,
SHP103771,ORD103771,PKG103771,2026-07-25,Dhaka Hub,Pathao Courier,SEL1053,Trendy Store,Chattogram,4.14,Completed,3.07
SHP103772,ORD103772,PKG103772,2026-08-07,Chattogram Hub,Sundarban Courier,SEL1026,Metro Outlet,Sylhet,10.74,Completed,2.61
SHP103773,ORD103773,PKG103773,2025-12-01,Khulna Hub,Pathao Courier,SEL1008,Elite Depot,Chattogram,1.88,Completed,2.66
SHP103774,ORD103774,PKG103774,2026-05-31,Barisal Hub,Steadfast Courier,SEL1039,Silver Depot,Dhaka,2.43,Completed,1.72
SHP103775,ORD103775,PKG103775,2026-02-22,Chattogram Hub,eCourier,SEL1003,Classic Fashion House,Sylhet,8.08,Completed,3.69
SHP103776,ORD103776,PKG103776,2025-09-16,Chattogram Hub,Steadfast Courier,SEL1027,Modern Corner,Comilla,9.43,Completed,3.81
SHP103777,ORD103777,PKG103777,2025-10-02,Comilla Hub,Steadfast Courier,SEL1042,Smart Bazaar,Rajshahi,10.02,Completed,3.93
SHP103778,ORD103778,PKG103778,2026-03-09,Dhaka Hub,Sundarban Courier,SEL1043,Smart Emporium,Barisal,2.93,Completed,4.67
SHP103779,ORD103779,PKG103779,2026-01-25,Barisal Hub,RedX,SEL1027,Modern Corner,Comilla,10.61,Completed,2.8
SHP103780,ORD103780,PKG103780,2025-09-03,Rangpur Hub,Sundarban Courier,SEL1022,Horizon Depot,Sylhet,7.39,Completed,5.05
SHP103781,ORD103781,PKG103781,2026-07-19,Dhaka Hub,Steadfast Courier,SEL1050,Suncity Retail,Chattogram,9.91,Completed,3.01
SHP103782,ORD103782,PKG103782,2026-05-11,Sylhet Hub,Sundarban Courier,SEL1011,Elite Outlet,Chattogram,1.01,Completed,1.41
SHP103783,ORD103783,PKG103783,2026-02-21,Khulna Hub,Sundarban Courier,SEL1004,Classic Mart,Rajshahi,4.41,Completed,2.17
SHP103784,ORD103784,PKG103784,2026-08-08,Rangpur Hub,Steadfast Courier,SEL1009,Elite Emporium,Dhaka,6.39,Completed,3.82
SHP103785,ORD103785,PKG103785,2026-08-03,Mymensingh Hub,eCourier,SEL1048,Suncity Emporium,Dhaka,7.01,Completed,3.91
SHP103786,ORD103786,PKG103786,2026-08-03,Chattogram Hub,Steadfast Courier,SEL1028,Modern Depot,Khulna,1.37,Completed,4.88
SHP103787,ORD103787,PKG103787,2025-11-29,Chattogram Hub,Pathao Courier,SEL1002,Bengal Hub,Barisal,6.56,Completed,3.77
SHP103788,ORD103788,PKG103788,2026-07-02,Chattogram Hub,Pathao Courier,SEL1010,Elite Gallery,Sylhet,8.05,Completed,2.22
SHP103789,ORD103789,PKG103789,2026-02-22,Dhaka Hub,Sundarban Courier,SEL1001,Bengal Emporium,Rangpur,4.47,Completed,3.36
SHP103790,ORD103790,PKG103790,2026-05-10,Dhaka Hub,Sundarban Courier,SEL1048,Suncity Emporium,Dhaka,6.11,Completed,4.08
SHP103791,ORD103791,PKG103791,2026-06-25,Comilla Hub,Sundarban Courier,SEL1027,Modern Corner,Comilla,3.65,Failed,3.33
SHP103792,ORD103792,PKG103792,2025-10-27,Chattogram Hub,Sundarban Courier,SEL1004,Classic Mart,Rajshahi,10.47,Completed,5.65
SHP103793,ORD103793,PKG103793,2026-02-03,Dhaka Hub,eCourier,SEL1013,Elite Trading,Dhaka,7.27,Completed,3.0
SHP103794,ORD103794,PKG103794,2025-10-15,Dhaka Hub,Pathao Courier,SEL1036,Royal Emporium,Comilla,6.71,Completed,2.61
SHP103795,ORD103795,PKG103795,2025-12-06,Narayanganj Hub,RedX,SEL1035,Riverside Gallery,Mymensingh,11.34,Completed,0.83
SHP103796,ORD103796,PKG103796,2026-01-22,Dhaka Hub,eCourier,SEL1049,Suncity Gallery,Khulna,8.05,Completed,4.74
SHP103797,ORD103797,PKG103797,2026-06-23,Barisal Hub,RedX,SEL1001,Bengal Emporium,Rangpur,3.5,Completed,1.75
SHP103798,ORD103798,PKG103798,2026-06-26,Rangpur Hub,Sundarban Courier,SEL1004,Classic Mart,Rajshahi,7.77,Pending,
SHP103799,ORD103799,PKG103799,2026-01-13,Rangpur Hub,Pathao Courier,SEL1002,Bengal Hub,Barisal,11.55,Completed,2.41
SHP103800,ORD103800,PKG103800,2025-12-23,Chattogram Hub,Pathao Courier,SEL1023,Horizon Shop,Rangpur,0.48,Completed,3.17
SHP103801,ORD103801,PKG103801,2026-03-03,Rajshahi Hub,eCourier,SEL1043,Smart Emporium,Barisal,7.59,Completed,3.18
SHP103802,ORD103802,PKG103802,2026-07-13,Chattogram Hub,Sundarban Courier,SEL1039,Silver Depot,Dhaka,2.05,Completed,4.9
SHP103803,ORD103803,PKG103803,2026-08-04,Chattogram Hub,Pathao Courier,SEL1012,Elite Traders,Dhaka,9.83,Completed,3.85
SHP103804,ORD103804,PKG103804,2025-11-18,Mymensingh Hub,Steadfast Courier,SEL1039,Silver Depot,Dhaka,7.76,Completed,4.47
SHP103805,ORD103805,PKG103805,2025-11-04,Rajshahi Hub,RedX,SEL1039,Silver Depot,Dhaka,11.26,Completed,2.89
SHP103806,ORD103806,PKG103806,2026-05-03,Sylhet Hub,eCourier,SEL1011,Elite Outlet,Chattogram,8.1,Completed,2.9
SHP103807,ORD103807,PKG103807,2025-12-14,Barisal Hub,Sundarban Courier,SEL1044,Smart Mart,Rangpur,0.4,Completed,2.21
SHP103808,ORD103808,PKG103808,2025-11-09,Rangpur Hub,Steadfast Courier,SEL1025,Metro Hub,Sylhet,6.22,Completed,3.12
SHP103809,ORD103809,PKG103809,2025-09-11,Comilla Hub,Pathao Courier,SEL1003,Classic Fashion House,Sylhet,10.86,Completed,2.23
SHP103810,ORD103810,PKG103810,2026-01-18,Rangpur Hub,Pathao Courier,SEL1023,Horizon Shop,Rangpur,2.94,Completed,2.6
SHP103811,ORD103811,PKG103811,2026-01-14,Sylhet Hub,Steadfast Courier,SEL1046,Smart Traders,Comilla,1.18,Completed,2.69
SHP103812,ORD103812,PKG103812,2026-03-14,Dhaka Hub,Steadfast Courier,SEL1041,Silver Hub,Chattogram,8.69,Completed,3.43
SHP103813,ORD103813,PKG103813,2025-11-09,Sylhet Hub,Sundarban Courier,SEL1016,Golden Hub,Comilla,6.13,Completed,3.34
SHP103814,ORD103814,PKG103814,2026-05-06,Sylhet Hub,Pathao Courier,SEL1045,Smart Store,Dhaka,0.76,Completed,3.19
SHP103815,ORD103815,PKG103815,2026-04-24,Rajshahi Hub,Sundarban Courier,SEL1023,Horizon Shop,Rangpur,3.5,Completed,2.47
SHP103816,ORD103816,PKG103816,2026-02-07,Rajshahi Hub,eCourier,SEL1027,Modern Corner,Comilla,4.06,Completed,1.66
SHP103817,ORD103817,PKG103817,2025-11-02,Dhaka Hub,eCourier,SEL1005,Delta Corner,Khulna,8.08,Completed,3.13
SHP103818,ORD103818,PKG103818,2026-02-23,Rangpur Hub,Sundarban Courier,SEL1059,Value Store,Dhaka,5.76,Completed,4.96
SHP103819,ORD103819,PKG103819,2026-04-22,Chattogram Hub,Pathao Courier,SEL1050,Suncity Retail,Chattogram,5.95,Completed,4.46
SHP103820,ORD103820,PKG103820,2026-01-07,Rangpur Hub,RedX,SEL1011,Elite Outlet,Chattogram,9.72,Completed,2.92
SHP103821,ORD103821,PKG103821,2025-12-01,Dhaka Hub,eCourier,SEL1033,Riverside Collection,Sylhet,3.49,Completed,3.11
SHP103822,ORD103822,PKG103822,2026-02-23,Rangpur Hub,Sundarban Courier,SEL1046,Smart Traders,Comilla,8.14,Completed,4.11
SHP103823,ORD103823,PKG103823,2026-01-01,Khulna Hub,RedX,SEL1030,Nova Retail,Dhaka,4.54,Pending,
SHP103824,ORD103824,PKG103824,2026-01-17,Sylhet Hub,Steadfast Courier,SEL1012,Elite Traders,Dhaka,5.14,Completed,1.85
SHP103825,ORD103825,PKG103825,2025-12-30,Dhaka Hub,Pathao Courier,SEL1058,Value Mart,Comilla,6.76,Completed,2.44
SHP103826,ORD103826,PKG103826,2025-12-14,Comilla Hub,RedX,SEL1016,Golden Hub,Comilla,8.41,Pending,
SHP103827,ORD103827,PKG103827,2026-05-06,Dhaka Hub,RedX,SEL1020,Horizon Bazaar,Dhaka,11.35,Pending,
SHP103828,ORD103828,PKG103828,2026-02-07,Dhaka Hub,RedX,SEL1022,Horizon Depot,Sylhet,3.37,Completed,3.27
SHP103829,ORD103829,PKG103829,2026-02-09,Mymensingh Hub,Steadfast Courier,SEL1053,Trendy Store,Chattogram,1.42,Completed,2.39
SHP103830,ORD103830,PKG103830,2026-04-14,Barisal Hub,RedX,SEL1030,Nova Retail,Dhaka,5.26,Completed,2.48
SHP103831,ORD103831,PKG103831,2026-01-04,Mymensingh Hub,RedX,SEL1043,Smart Emporium,Barisal,6.65,Completed,3.19
SHP103832,ORD103832,PKG103832,2025-10-05,Narayanganj Hub,Pathao Courier,SEL1054,Trendy Trading,Narayanganj,2.89,Completed,2.51
SHP103833,ORD103833,PKG103833,2026-06-23,Chattogram Hub,eCourier,SEL1055,Urban Collection,Chattogram,10.71,Completed,3.87
SHP103834,ORD103834,PKG103834,2025-09-20,Rangpur Hub,Pathao Courier,SEL1051,Suncity Shop,Mymensingh,9.63,Completed,3.3
SHP103835,ORD103835,PKG103835,2026-03-17,Dhaka Hub,Pathao Courier,SEL1054,Trendy Trading,Narayanganj,6.03,Completed,2.87
SHP103836,ORD103836,PKG103836,2025-12-01,Comilla Hub,Sundarban Courier,SEL1056,Urban Store,Khulna,5.51,Completed,3.73
SHP103837,ORD103837,PKG103837,2025-11-13,Rajshahi Hub,RedX,SEL1059,Value Store,Dhaka,0.68,Completed,1.87
SHP103838,ORD103838,PKG103838,2025-09-15,Comilla Hub,Steadfast Courier,SEL1038,Royal Outlet,Khulna,6.54,Completed,3.29
SHP103839,ORD103839,PKG103839,2026-07-09,Khulna Hub,eCourier,SEL1007,Delta Trading,Dhaka,7.23,Pending,
SHP103840,ORD103840,PKG103840,2026-01-27,Rajshahi Hub,eCourier,SEL1006,Delta Store,Rajshahi,10.72,Completed,2.65
SHP103841,ORD103841,PKG103841,2025-12-28,Comilla Hub,Sundarban Courier,SEL1047,Suncity Depot,Dhaka,6.11,Completed,3.89
SHP103842,ORD103842,PKG103842,2026-05-15,Chattogram Hub,RedX,SEL1018,Golden Store,Chattogram,2.06,Completed,3.98
SHP103843,ORD103843,PKG103843,2025-09-14,Chattogram Hub,Steadfast Courier,SEL1048,Suncity Emporium,Dhaka,2.32,Completed,4.3
SHP103844,ORD103844,PKG103844,2026-03-15,Mymensingh Hub,Sundarban Courier,SEL1056,Urban Store,Khulna,2.09,Completed,5.93
SHP103845,ORD103845,PKG103845,2026-02-19,Narayanganj Hub,eCourier,SEL1038,Royal Outlet,Khulna,11.27,Completed,1.23
SHP103846,ORD103846,PKG103846,2026-03-11,Rajshahi Hub,RedX,SEL1045,Smart Store,Dhaka,9.56,Completed,2.22
SHP103847,ORD103847,PKG103847,2025-10-13,Sylhet Hub,Pathao Courier,SEL1016,Golden Hub,Comilla,9.93,Completed,3.02
SHP103848,ORD103848,PKG103848,2026-07-27,Dhaka Hub,RedX,SEL1026,Metro Outlet,Sylhet,10.12,Cancelled,
SHP103849,ORD103849,PKG103849,2025-11-22,Rajshahi Hub,Pathao Courier,SEL1057,Value Hub,Dhaka,1.33,Completed,2.39
SHP103850,ORD103850,PKG103850,2026-04-23,Mymensingh Hub,Pathao Courier,SEL1049,Suncity Gallery,Khulna,8.49,Completed,2.74
SHP103851,ORD103851,PKG103851,2026-05-17,Dhaka Hub,Pathao Courier,SEL1012,Elite Traders,Dhaka,8.51,Completed,3.32
SHP103852,ORD103852,PKG103852,2025-12-29,Chattogram Hub,Pathao Courier,SEL1056,Urban Store,Khulna,2.85,Completed,3.58
SHP103853,ORD103853,PKG103853,2025-10-16,Dhaka Hub,Sundarban Courier,SEL1029,Modern Emporium,Sylhet,5.99,Completed,3.55
SHP103854,ORD103854,PKG103854,2025-12-12,Chattogram Hub,Steadfast Courier,SEL1050,Suncity Retail,Chattogram,8.02,Completed,4.54
SHP103855,ORD103855,PKG103855,2026-06-07,Khulna Hub,Sundarban Courier,SEL1031,Prime Bazaar,Chattogram,10.79,Completed,5.49
SHP103856,ORD103856,PKG103856,2026-07-11,Dhaka Hub,eCourier,SEL1036,Royal Emporium,Comilla,1.5,Completed,2.69
SHP103857,ORD103857,PKG103857,2026-07-22,Sylhet Hub,RedX,SEL1009,Elite Emporium,Dhaka,10.73,Completed,2.44
SHP103858,ORD103858,PKG103858,2025-11-18,Dhaka Hub,Pathao Courier,SEL1020,Horizon Bazaar,Dhaka,11.08,Completed,2.94
SHP103859,ORD103859,PKG103859,2026-03-29,Mymensingh Hub,Pathao Courier,SEL1043,Smart Emporium,Barisal,11.1,Completed,3.84
SHP103860,ORD103860,PKG103860,2025-10-23,Barisal Hub,Steadfast Courier,SEL1050,Suncity Retail,Chattogram,0.26,Completed,3.15
SHP103861,ORD103861,PKG103861,2026-05-04,Rajshahi Hub,RedX,SEL1005,Delta Corner,Khulna,2.81,Completed,3.4
SHP103862,ORD103862,PKG103862,2026-01-22,Mymensingh Hub,Steadfast Courier,SEL1004,Classic Mart,Rajshahi,8.36,Completed,3.42
SHP103863,ORD103863,PKG103863,2026-05-05,Dhaka Hub,Sundarban Courier,SEL1041,Silver Hub,Chattogram,4.0,Completed,2.62
SHP103864,ORD103864,PKG103864,2026-04-26,Narayanganj Hub,eCourier,SEL1026,Metro Outlet,Sylhet,0.92,Completed,2.34
SHP103865,ORD103865,PKG103865,2026-08-10,Dhaka Hub,eCourier,SEL1050,Suncity Retail,Chattogram,9.2,Completed,3.25
SHP103866,ORD103866,PKG103866,2026-02-17,Sylhet Hub,Steadfast Courier,SEL1004,Classic Mart,Rajshahi,0.54,Failed,0.5
SHP103867,ORD103867,PKG103867,2025-12-28,Dhaka Hub,Pathao Courier,SEL1020,Horizon Bazaar,Dhaka,5.46,Completed,3.55
SHP103868,ORD103868,PKG103868,2026-03-02,Comilla Hub,Steadfast Courier,SEL1002,Bengal Hub,Barisal,11.38,Completed,3.06
SHP103869,ORD103869,PKG103869,2025-10-27,Sylhet Hub,Sundarban Courier,SEL1042,Smart Bazaar,Rajshahi,5.39,Completed,2.84
SHP103870,ORD103870,PKG103870,2025-10-09,Dhaka Hub,eCourier,SEL1051,Suncity Shop,Mymensingh,10.96,Completed,2.91
SHP103871,ORD103871,PKG103871,2026-02-27,Sylhet Hub,RedX,SEL1009,Elite Emporium,Dhaka,5.03,Completed,1.89
SHP103872,ORD103872,PKG103872,2026-06-13,Narayanganj Hub,RedX,SEL1019,Green Fashion House,Rajshahi,4.29,Completed,2.84
SHP103873,ORD103873,PKG103873,2026-03-04,Dhaka Hub,Sundarban Courier,SEL1050,Suncity Retail,Chattogram,1.47,Completed,3.84
SHP103874,ORD103874,PKG103874,2026-05-29,Chattogram Hub,eCourier,SEL1002,Bengal Hub,Barisal,4.43,Completed,5.51
SHP103875,ORD103875,PKG103875,2025-11-01,Dhaka Hub,Pathao Courier,SEL1057,Value Hub,Dhaka,4.18,Completed,3.28
SHP103876,ORD103876,PKG103876,2026-02-03,Dhaka Hub,Sundarban Courier,SEL1053,Trendy Store,Chattogram,10.19,Completed,4.28
SHP103877,ORD103877,PKG103877,2026-04-01,Comilla Hub,RedX,SEL1009,Elite Emporium,Dhaka,11.05,Completed,2.77
SHP103878,ORD103878,PKG103878,2025-12-30,Sylhet Hub,eCourier,SEL1008,Elite Depot,Chattogram,0.46,Completed,2.47
SHP103879,ORD103879,PKG103879,2025-09-05,Dhaka Hub,Sundarban Courier,SEL1041,Silver Hub,Chattogram,1.36,Completed,4.51
SHP103880,ORD103880,PKG103880,2025-09-26,Mymensingh Hub,RedX,SEL1000,Bengal Bazaar,Mymensingh,7.79,Failed,4.03
SHP103881,ORD103881,PKG103881,2026-07-18,Mymensingh Hub,Sundarban Courier,SEL1030,Nova Retail,Dhaka,5.92,Completed,4.7
SHP103882,ORD103882,PKG103882,2026-03-29,Narayanganj Hub,RedX,SEL1003,Classic Fashion House,Sylhet,3.7,Completed,2.34
SHP103883,ORD103883,PKG103883,2025-12-01,Dhaka Hub,RedX,SEL1031,Prime Bazaar,Chattogram,3.27,Completed,2.58
SHP103884,ORD103884,PKG103884,2025-11-29,Sylhet Hub,eCourier,SEL1021,Horizon Collection,Narayanganj,2.85,Completed,2.67
SHP103885,ORD103885,PKG103885,2025-09-14,Comilla Hub,eCourier,SEL1042,Smart Bazaar,Rajshahi,6.4,Completed,3.66
SHP103886,ORD103886,PKG103886,2026-07-24,Dhaka Hub,RedX,SEL1052,Trendy Collection,Rangpur,0.41,Completed,2.71
SHP103887,ORD103887,PKG103887,2025-10-08,Chattogram Hub,Pathao Courier,SEL1029,Modern Emporium,Sylhet,8.92,Completed,4.15
SHP103888,ORD103888,PKG103888,2026-05-21,Comilla Hub,RedX,SEL1038,Royal Outlet,Khulna,3.74,Completed,2.88
SHP103889,ORD103889,PKG103889,2025-11-23,Dhaka Hub,Pathao Courier,SEL1036,Royal Emporium,Comilla,5.24,Completed,2.4
SHP103890,ORD103890,PKG103890,2025-12-26,Barisal Hub,Pathao Courier,SEL1059,Value Store,Dhaka,6.42,Completed,1.81
SHP103891,ORD103891,PKG103891,2025-12-04,Narayanganj Hub,eCourier,SEL1013,Elite Trading,Dhaka,2.69,Completed,2.21
SHP103892,ORD103892,PKG103892,2026-06-13,Rajshahi Hub,Sundarban Courier,SEL1014,Fresh Hub,Khulna,10.63,Completed,3.7
SHP103893,ORD103893,PKG103893,2025-09-12,Mymensingh Hub,Sundarban Courier,SEL1022,Horizon Depot,Sylhet,8.25,Completed,4.13
SHP103894,ORD103894,PKG103894,2025-12-31,Rangpur Hub,Steadfast Courier,SEL1044,Smart Mart,Rangpur,10.47,Completed,4.06
SHP103895,ORD103895,PKG103895,2025-12-06,Rangpur Hub,Pathao Courier,SEL1051,Suncity Shop,Mymensingh,5.81,Completed,2.76
SHP103896,ORD103896,PKG103896,2025-12-04,Rajshahi Hub,Pathao Courier,SEL1016,Golden Hub,Comilla,5.3,Completed,3.64
SHP103897,ORD103897,PKG103897,2025-11-06,Dhaka Hub,Pathao Courier,SEL1006,Delta Store,Rajshahi,3.0,Completed,2.86
SHP103898,ORD103898,PKG103898,2026-07-13,Chattogram Hub,Pathao Courier,SEL1036,Royal Emporium,Comilla,6.63,Completed,3.82
SHP103899,ORD103899,PKG103899,2026-01-10,Mymensingh Hub,eCourier,SEL1035,Riverside Gallery,Mymensingh,7.2,Completed,4.65
SHP103900,ORD103900,PKG103900,2026-01-23,Dhaka Hub,eCourier,SEL1022,Horizon Depot,Sylhet,5.16,Completed,4.17
SHP103901,ORD103901,PKG103901,2026-01-12,Chattogram Hub,RedX,SEL1011,Elite Outlet,Chattogram,1.92,Completed,3.7
SHP103902,ORD103902,PKG103902,2026-08-06,Khulna Hub,Pathao Courier,SEL1050,Suncity Retail,Chattogram,3.42,Completed,4.78
SHP103903,ORD103903,PKG103903,2025-12-27,Sylhet Hub,RedX,SEL1050,Suncity Retail,Chattogram,0.37,Completed,2.04
SHP103904,ORD103904,PKG103904,2025-12-28,Mymensingh Hub,Pathao Courier,SEL1044,Smart Mart,Rangpur,3.97,Completed,2.33
SHP103905,ORD103905,PKG103905,2025-12-23,Narayanganj Hub,RedX,SEL1034,Riverside Emporium,Dhaka,7.05,Completed,1.93
SHP103906,ORD103906,PKG103906,2025-12-23,Dhaka Hub,RedX,SEL1015,Fresh Trading,Dhaka,11.48,Completed,3.24
SHP103907,ORD103907,PKG103907,2025-10-02,Dhaka Hub,Pathao Courier,SEL1024,Metro Bazaar,Dhaka,2.3,Failed,3.16
SHP103908,ORD103908,PKG103908,2026-03-29,Rangpur Hub,eCourier,SEL1004,Classic Mart,Rajshahi,0.85,Pending,
SHP103909,ORD103909,PKG103909,2025-09-09,Dhaka Hub,eCourier,SEL1014,Fresh Hub,Khulna,3.7,Completed,3.08
SHP103910,ORD103910,PKG103910,2025-11-18,Dhaka Hub,Sundarban Courier,SEL1027,Modern Corner,Comilla,2.05,Completed,3.22
SHP103911,ORD103911,PKG103911,2025-11-09,Chattogram Hub,RedX,SEL1026,Metro Outlet,Sylhet,8.41,Completed,2.79
SHP103912,ORD103912,PKG103912,2025-12-10,Chattogram Hub,RedX,SEL1004,Classic Mart,Rajshahi,0.27,Failed,3.19
SHP103913,ORD103913,PKG103913,2026-05-20,Rajshahi Hub,Pathao Courier,SEL1057,Value Hub,Dhaka,11.77,Completed,2.87
SHP103914,ORD103914,PKG103914,2026-03-27,Dhaka Hub,Pathao Courier,SEL1016,Golden Hub,Comilla,10.3,Completed,2.33
SHP103915,ORD103915,PKG103915,2026-08-09,Rajshahi Hub,RedX,SEL1030,Nova Retail,Dhaka,5.99,Completed,1.96
SHP103916,ORD103916,PKG103916,2025-12-31,Barisal Hub,Steadfast Courier,SEL1027,Modern Corner,Comilla,11.07,Completed,2.72
SHP103917,ORD103917,PKG103917,2026-07-19,Dhaka Hub,RedX,SEL1028,Modern Depot,Khulna,7.61,Completed,2.08
SHP103918,ORD103918,PKG103918,2025-09-16,Chattogram Hub,RedX,SEL1050,Suncity Retail,Chattogram,11.93,Completed,2.63
SHP103919,ORD103919,PKG103919,2026-02-22,Dhaka Hub,RedX,SEL1044,Smart Mart,Rangpur,3.48,Failed,4.22
SHP103920,ORD103920,PKG103920,2026-06-04,Rangpur Hub,Sundarban Courier,SEL1052,Trendy Collection,Rangpur,11.96,Completed,3.56
SHP103921,ORD103921,PKG103921,2026-03-04,Dhaka Hub,Pathao Courier,SEL1022,Horizon Depot,Sylhet,2.33,Completed,1.56
SHP103922,ORD103922,PKG103922,2026-07-20,Mymensingh Hub,Sundarban Courier,SEL1015,Fresh Trading,Dhaka,4.37,Failed,3.65
SHP103923,ORD103923,PKG103923,2025-12-18,Mymensingh Hub,Steadfast Courier,SEL1025,Metro Hub,Sylhet,11.24,Completed,2.37
SHP103924,ORD103924,PKG103924,2025-09-12,Khulna Hub,eCourier,SEL1033,Riverside Collection,Sylhet,4.57,Completed,4.59
SHP103925,ORD103925,PKG103925,2026-05-26,Narayanganj Hub,Steadfast Courier,SEL1020,Horizon Bazaar,Dhaka,2.68,Completed,2.24
SHP103926,ORD103926,PKG103926,2025-09-24,Chattogram Hub,Pathao Courier,SEL1027,Modern Corner,Comilla,0.9,Completed,2.72
SHP103927,ORD103927,PKG103927,2026-05-23,Chattogram Hub,RedX,SEL1009,Elite Emporium,Dhaka,1.96,Completed,3.65
SHP103928,ORD103928,PKG103928,2026-05-12,Dhaka Hub,RedX,SEL1035,Riverside Gallery,Mymensingh,4.39,Pending,
SHP103929,ORD103929,PKG103929,2026-06-20,Barisal Hub,Pathao Courier,SEL1042,Smart Bazaar,Rajshahi,5.17,Failed,1.88
SHP103930,ORD103930,PKG103930,2026-02-13,Sylhet Hub,Pathao Courier,SEL1031,Prime Bazaar,Chattogram,6.6,Completed,3.3
SHP103931,ORD103931,PKG103931,2026-07-07,Narayanganj Hub,eCourier,SEL1052,Trendy Collection,Rangpur,9.8,Completed,2.17
SHP103932,ORD103932,PKG103932,2025-10-29,Mymensingh Hub,RedX,SEL1059,Value Store,Dhaka,0.36,Completed,2.38
SHP103933,ORD103933,PKG103933,2026-01-29,Khulna Hub,RedX,SEL1054,Trendy Trading,Narayanganj,10.13,Completed,4.05
SHP103934,ORD103934,PKG103934,2025-10-13,Sylhet Hub,Pathao Courier,SEL1005,Delta Corner,Khulna,7.01,Completed,1.65
SHP103935,ORD103935,PKG103935,2026-05-24,Dhaka Hub,RedX,SEL1052,Trendy Collection,Rangpur,9.13,Completed,2.29
SHP103936,ORD103936,PKG103936,2026-05-06,Dhaka Hub,Pathao Courier,SEL1020,Horizon Bazaar,Dhaka,9.13,Completed,3.57
SHP103937,ORD103937,PKG103937,2026-06-07,Dhaka Hub,Pathao Courier,SEL1027,Modern Corner,Comilla,10.86,Completed,2.86
SHP103938,ORD103938,PKG103938,2026-05-23,Khulna Hub,RedX,SEL1024,Metro Bazaar,Dhaka,1.3,Completed,2.7
SHP103939,ORD103939,PKG103939,2025-12-16,Dhaka Hub,Sundarban Courier,SEL1017,Golden Outlet,Khulna,6.94,Completed,3.61
SHP103940,ORD103940,PKG103940,2025-09-24,Comilla Hub,Steadfast Courier,SEL1052,Trendy Collection,Rangpur,10.93,Pending,
SHP103941,ORD103941,PKG103941,2026-07-19,Narayanganj Hub,Sundarban Courier,SEL1038,Royal Outlet,Khulna,8.69,Failed,2.88
SHP103942,ORD103942,PKG103942,2026-02-18,Dhaka Hub,Pathao Courier,SEL1058,Value Mart,Comilla,1.34,Completed,3.18
SHP103943,ORD103943,PKG103943,2025-10-03,Rajshahi Hub,Pathao Courier,SEL1057,Value Hub,Dhaka,7.44,Failed,2.38
SHP103944,ORD103944,PKG103944,2026-07-18,Chattogram Hub,eCourier,SEL1025,Metro Hub,Sylhet,9.64,Completed,4.42
SHP103945,ORD103945,PKG103945,2026-08-11,Khulna Hub,Pathao Courier,SEL1043,Smart Emporium,Barisal,3.44,Completed,3.23
SHP103946,ORD103946,PKG103946,2026-02-02,Rangpur Hub,Pathao Courier,SEL1030,Nova Retail,Dhaka,7.66,Completed,3.22
SHP103947,ORD103947,PKG103947,2026-05-25,Rajshahi Hub,Sundarban Courier,SEL1029,Modern Emporium,Sylhet,10.12,Completed,3.19
SHP103948,ORD103948,PKG103948,2025-09-13,Rajshahi Hub,Pathao Courier,SEL1044,Smart Mart,Rangpur,6.38,Pending,
SHP103949,ORD103949,PKG103949,2025-10-03,Dhaka Hub,RedX,SEL1041,Silver Hub,Chattogram,2.49,Completed,2.94
SHP103950,ORD103950,PKG103950,2025-12-05,Dhaka Hub,Sundarban Courier,SEL1054,Trendy Trading,Narayanganj,6.69,Completed,2.95
SHP103951,ORD103951,PKG103951,2026-04-16,Mymensingh Hub,Pathao Courier,SEL1046,Smart Traders,Comilla,7.14,Completed,5.42
SHP103952,ORD103952,PKG103952,2025-10-17,Narayanganj Hub,eCourier,SEL1037,Royal Gallery,Dhaka,4.95,Completed,0.65
SHP103953,ORD103953,PKG103953,2025-09-12,Khulna Hub,Sundarban Courier,SEL1055,Urban Collection,Chattogram,8.22,Completed,3.53
SHP103954,ORD103954,PKG103954,2026-04-20,Dhaka Hub,RedX,SEL1006,Delta Store,Rajshahi,5.31,Completed,3.04
SHP103955,ORD103955,PKG103955,2026-05-25,Khulna Hub,Pathao Courier,SEL1045,Smart Store,Dhaka,10.55,Completed,3.45
SHP103956,ORD103956,PKG103956,2026-05-14,Sylhet Hub,RedX,SEL1023,Horizon Shop,Rangpur,9.54,Completed,1.44
SHP103957,ORD103957,PKG103957,2026-06-04,Rajshahi Hub,Sundarban Courier,SEL1025,Metro Hub,Sylhet,9.7,Cancelled,
SHP103958,ORD103958,PKG103958,2026-06-05,Chattogram Hub,Sundarban Courier,SEL1046,Smart Traders,Comilla,6.41,Completed,4.63
SHP103959,ORD103959,PKG103959,2026-03-28,Comilla Hub,Sundarban Courier,SEL1016,Golden Hub,Comilla,2.52,Completed,3.16
SHP103960,ORD103960,PKG103960,2026-02-27,Narayanganj Hub,Steadfast Courier,SEL1053,Trendy Store,Chattogram,8.75,Completed,1.45
SHP103961,ORD103961,PKG103961,2026-06-24,Comilla Hub,Pathao Courier,SEL1029,Modern Emporium,Sylhet,1.01,Completed,3.7
SHP103962,ORD103962,PKG103962,2025-12-30,Narayanganj Hub,Steadfast Courier,SEL1020,Horizon Bazaar,Dhaka,6.31,Completed,2.87
SHP103963,ORD103963,PKG103963,2025-10-04,Dhaka Hub,Steadfast Courier,SEL1019,Green Fashion House,Rajshahi,0.83,Failed,3.16
SHP103964,ORD103964,PKG103964,2026-05-19,Dhaka Hub,Sundarban Courier,SEL1025,Metro Hub,Sylhet,6.44,Completed,4.32
SHP103965,ORD103965,PKG103965,2025-12-05,Rangpur Hub,Sundarban Courier,SEL1056,Urban Store,Khulna,8.29,Completed,4.0
SHP103966,ORD103966,PKG103966,2026-08-05,Sylhet Hub,Sundarban Courier,SEL1006,Delta Store,Rajshahi,5.15,Completed,2.33
SHP103967,ORD103967,PKG103967,2026-01-22,Narayanganj Hub,Steadfast Courier,SEL1030,Nova Retail,Dhaka,5.12,Completed,1.48
SHP103968,ORD103968,PKG103968,2026-06-22,Dhaka Hub,RedX,SEL1050,Suncity Retail,Chattogram,1.65,Completed,3.12
SHP103969,ORD103969,PKG103969,2025-09-15,Chattogram Hub,RedX,SEL1028,Modern Depot,Khulna,3.76,Completed,2.78
SHP103970,ORD103970,PKG103970,2026-04-17,Rajshahi Hub,Pathao Courier,SEL1033,Riverside Collection,Sylhet,5.44,Completed,3.11
SHP103971,ORD103971,PKG103971,2026-02-03,Chattogram Hub,eCourier,SEL1020,Horizon Bazaar,Dhaka,10.39,Completed,3.81
SHP103972,ORD103972,PKG103972,2026-02-08,Chattogram Hub,Pathao Courier,SEL1008,Elite Depot,Chattogram,10.8,Completed,4.36
SHP103973,ORD103973,PKG103973,2025-12-01,Khulna Hub,Pathao Courier,SEL1038,Royal Outlet,Khulna,11.45,Completed,2.27
SHP103974,ORD103974,PKG103974,2026-08-03,Rangpur Hub,Pathao Courier,SEL1055,Urban Collection,Chattogram,1.38,Completed,2.15
SHP103975,ORD103975,PKG103975,2026-01-14,Sylhet Hub,Sundarban Courier,SEL1031,Prime Bazaar,Chattogram,3.7,Failed,3.02
SHP103976,ORD103976,PKG103976,2026-06-22,Dhaka Hub,Steadfast Courier,SEL1025,Metro Hub,Sylhet,5.66,Completed,2.91
SHP103977,ORD103977,PKG103977,2026-01-26,Rangpur Hub,eCourier,SEL1007,Delta Trading,Dhaka,7.77,Completed,3.54
SHP103978,ORD103978,PKG103978,2025-09-17,Barisal Hub,Pathao Courier,SEL1056,Urban Store,Khulna,8.49,Completed,1.95
SHP103979,ORD103979,PKG103979,2026-07-02,Khulna Hub,Sundarban Courier,SEL1052,Trendy Collection,Rangpur,9.47,Completed,3.56
SHP103980,ORD103980,PKG103980,2025-11-04,Rajshahi Hub,eCourier,SEL1054,Trendy Trading,Narayanganj,6.05,Completed,2.78
SHP103981,ORD103981,PKG103981,2025-12-03,Chattogram Hub,RedX,SEL1021,Horizon Collection,Narayanganj,6.77,Cancelled,
SHP103982,ORD103982,PKG103982,2026-06-25,Dhaka Hub,Pathao Courier,SEL1037,Royal Gallery,Dhaka,11.53,Completed,3.88
SHP103983,ORD103983,PKG103983,2026-07-07,Rangpur Hub,Sundarban Courier,SEL1025,Metro Hub,Sylhet,3.03,Pending,
SHP103984,ORD103984,PKG103984,2026-07-15,Chattogram Hub,RedX,SEL1014,Fresh Hub,Khulna,9.68,Failed,3.56
SHP103985,ORD103985,PKG103985,2026-01-26,Narayanganj Hub,Steadfast Courier,SEL1012,Elite Traders,Dhaka,8.6,Pending,
SHP103986,ORD103986,PKG103986,2026-05-20,Narayanganj Hub,RedX,SEL1023,Horizon Shop,Rangpur,1.85,Completed,1.33
SHP103987,ORD103987,PKG103987,2025-12-23,Chattogram Hub,Pathao Courier,SEL1033,Riverside Collection,Sylhet,11.13,Completed,3.62
SHP103988,ORD103988,PKG103988,2026-05-15,Dhaka Hub,eCourier,SEL1007,Delta Trading,Dhaka,10.29,Completed,4.58
SHP103989,ORD103989,PKG103989,2026-02-21,Rangpur Hub,Pathao Courier,SEL1042,Smart Bazaar,Rajshahi,9.4,Completed,3.26
SHP103990,ORD103990,PKG103990,2025-09-18,Rangpur Hub,Steadfast Courier,SEL1027,Modern Corner,Comilla,1.7,Completed,3.66
SHP103991,ORD103991,PKG103991,2026-01-23,Dhaka Hub,Sundarban Courier,SEL1052,Trendy Collection,Rangpur,1.85,Completed,3.44
SHP103992,ORD103992,PKG103992,2026-02-09,Khulna Hub,Pathao Courier,SEL1016,Golden Hub,Comilla,8.26,Completed,2.93
SHP103993,ORD103993,PKG103993,2025-11-29,Chattogram Hub,Sundarban Courier,SEL1003,Classic Fashion House,Sylhet,1.47,Completed,4.45
SHP103994,ORD103994,PKG103994,2026-01-08,Dhaka Hub,Pathao Courier,SEL1018,Golden Store,Chattogram,1.54,Pending,
SHP103995,ORD103995,PKG103995,2026-02-21,Sylhet Hub,Pathao Courier,SEL1058,Value Mart,Comilla,4.92,Completed,3.02
SHP103996,ORD103996,PKG103996,2025-09-18,Dhaka Hub,RedX,SEL1019,Green Fashion House,Rajshahi,0.26,Completed,2.43
SHP103997,ORD103997,PKG103997,2025-10-23,Chattogram Hub,eCourier,SEL1042,Smart Bazaar,Rajshahi,8.71,Completed,4.03
SHP103998,ORD103998,PKG103998,2026-05-24,Khulna Hub,eCourier,SEL1050,Suncity Retail,Chattogram,6.57,Completed,3.15
SHP103999,ORD103999,PKG103999,2025-12-31,Dhaka Hub,Sundarban Courier,SEL1017,Golden Outlet,Khulna,1.12,Completed,3.6
SHP104000,ORD104000,PKG104000,2026-03-30,Chattogram Hub,Pathao Courier,SEL1038,Royal Outlet,Khulna,6.61,Completed,4.23
SHP104001,ORD104001,PKG104001,2026-03-15,Barisal Hub,Sundarban Courier,SEL1012,Elite Traders,Dhaka,0.84,Completed,2.98
SHP104002,ORD104002,PKG104002,2026-03-10,Rangpur Hub,Sundarban Courier,SEL1021,Horizon Collection,Narayanganj,1.03,Completed,4.15
SHP104003,ORD104003,PKG104003,2026-01-22,Sylhet Hub,Pathao Courier,SEL1017,Golden Outlet,Khulna,5.93,Completed,2.06
SHP104004,ORD104004,PKG104004,2026-02-15,Khulna Hub,Steadfast Courier,SEL1040,Silver Emporium,Barisal,6.1,Completed,2.66
SHP104005,ORD104005,PKG104005,2026-06-13,Chattogram Hub,Steadfast Courier,SEL1052,Trendy Collection,Rangpur,4.2,Completed,4.31
SHP104006,ORD104006,PKG104006,2026-07-31,Comilla Hub,Pathao Courier,SEL1015,Fresh Trading,Dhaka,7.54,Failed,3.67
SHP104007,ORD104007,PKG104007,2025-11-28,Dhaka Hub,eCourier,SEL1017,Golden Outlet,Khulna,4.77,Cancelled,
SHP104008,ORD104008,PKG104008,2026-04-20,Dhaka Hub,RedX,SEL1049,Suncity Gallery,Khulna,7.13,Completed,2.66
SHP104009,ORD104009,PKG104009,2026-08-02,Dhaka Hub,Pathao Courier,SEL1027,Modern Corner,Comilla,4.33,Completed,2.29
SHP104010,ORD104010,PKG104010,2025-09-03,Dhaka Hub,RedX,SEL1030,Nova Retail,Dhaka,8.64,Completed,3.12
SHP104011,ORD104011,PKG104011,2026-05-30,Rajshahi Hub,Pathao Courier,SEL1042,Smart Bazaar,Rajshahi,7.04,Completed,3.29
SHP104012,ORD104012,PKG104012,2026-02-19,Narayanganj Hub,Pathao Courier,SEL1008,Elite Depot,Chattogram,2.09,Completed,2.65
SHP104013,ORD104013,PKG104013,2026-08-01,Rajshahi Hub,Steadfast Courier,SEL1052,Trendy Collection,Rangpur,8.3,Completed,2.27
SHP104014,ORD104014,PKG104014,2026-03-20,Dhaka Hub,RedX,SEL1021,Horizon Collection,Narayanganj,9.45,Pending,
SHP104015,ORD104015,PKG104015,2026-06-17,Mymensingh Hub,Pathao Courier,SEL1039,Silver Depot,Dhaka,0.98,Completed,2.02
SHP104016,ORD104016,PKG104016,2025-10-28,Chattogram Hub,Sundarban Courier,SEL1025,Metro Hub,Sylhet,7.4,Completed,5.53
SHP104017,ORD104017,PKG104017,2025-10-20,Rajshahi Hub,Steadfast Courier,SEL1045,Smart Store,Dhaka,9.53,Cancelled,
SHP104018,ORD104018,PKG104018,2026-07-18,Sylhet Hub,Sundarban Courier,SEL1036,Royal Emporium,Comilla,1.55,Completed,3.01
SHP104019,ORD104019,PKG104019,2026-03-02,Khulna Hub,Steadfast Courier,SEL1010,Elite Gallery,Sylhet,10.84,Completed,4.35
SHP104020,ORD104020,PKG104020,2026-03-13,Dhaka Hub,Steadfast Courier,SEL1011,Elite Outlet,Chattogram,5.09,Completed,2.74
SHP104021,ORD104021,PKG104021,2025-10-29,Comilla Hub,Sundarban Courier,SEL1052,Trendy Collection,Rangpur,8.91,Completed,4.19
SHP104022,ORD104022,PKG104022,2025-11-18,Chattogram Hub,RedX,SEL1031,Prime Bazaar,Chattogram,10.81,Completed,2.65
SHP104023,ORD104023,PKG104023,2026-06-11,Rajshahi Hub,RedX,SEL1016,Golden Hub,Comilla,11.88,Failed,1.35
SHP104024,ORD104024,PKG104024,2025-12-14,Dhaka Hub,eCourier,SEL1008,Elite Depot,Chattogram,7.09,Completed,3.51
SHP104025,ORD104025,PKG104025,2026-03-22,Sylhet Hub,Sundarban Courier,SEL1007,Delta Trading,Dhaka,8.51,Completed,3.04
SHP104026,ORD104026,PKG104026,2025-12-19,Rangpur Hub,Pathao Courier,SEL1055,Urban Collection,Chattogram,3.17,Completed,1.46
SHP104027,ORD104027,PKG104027,2025-12-01,Rajshahi Hub,Pathao Courier,SEL1058,Value Mart,Comilla,3.62,Completed,3.05
SHP104028,ORD104028,PKG104028,2025-10-28,Chattogram Hub,RedX,SEL1023,Horizon Shop,Rangpur,10.24,Completed,3.23
SHP104029,ORD104029,PKG104029,2026-07-19,Rajshahi Hub,eCourier,SEL1012,Elite Traders,Dhaka,4.9,Failed,3.49
SHP104030,ORD104030,PKG104030,2026-07-23,Rangpur Hub,eCourier,SEL1025,Metro Hub,Sylhet,9.9,Completed,3.6
SHP104031,ORD104031,PKG104031,2025-10-10,Dhaka Hub,RedX,SEL1008,Elite Depot,Chattogram,0.8,Completed,3.41
SHP104032,ORD104032,PKG104032,2026-01-01,Dhaka Hub,Pathao Courier,SEL1032,Prime Trading,Khulna,2.78,Failed,3.65
SHP104033,ORD104033,PKG104033,2026-03-15,Sylhet Hub,Pathao Courier,SEL1037,Royal Gallery,Dhaka,2.21,Completed,2.3
SHP104034,ORD104034,PKG104034,2026-01-11,Sylhet Hub,eCourier,SEL1059,Value Store,Dhaka,6.42,Completed,3.16
SHP104035,ORD104035,PKG104035,2026-05-08,Dhaka Hub,RedX,SEL1019,Green Fashion House,Rajshahi,1.15,Completed,3.3
SHP104036,ORD104036,PKG104036,2025-11-30,Barisal Hub,eCourier,SEL1011,Elite Outlet,Chattogram,4.26,Completed,1.51
SHP104037,ORD104037,PKG104037,2025-09-21,Khulna Hub,Pathao Courier,SEL1008,Elite Depot,Chattogram,11.84,Completed,2.32
SHP104038,ORD104038,PKG104038,2025-12-26,Chattogram Hub,Sundarban Courier,SEL1022,Horizon Depot,Sylhet,9.57,Completed,3.89
SHP104039,ORD104039,PKG104039,2026-03-26,Dhaka Hub,Steadfast Courier,SEL1036,Royal Emporium,Comilla,9.17,Completed,3.62
SHP104040,ORD104040,PKG104040,2025-11-02,Chattogram Hub,Pathao Courier,SEL1003,Classic Fashion House,Sylhet,1.79,Completed,2.95
SHP104041,ORD104041,PKG104041,2026-06-10,Dhaka Hub,Pathao Courier,SEL1045,Smart Store,Dhaka,4.5,Completed,1.42
SHP104042,ORD104042,PKG104042,2025-09-05,Comilla Hub,RedX,SEL1027,Modern Corner,Comilla,8.23,Completed,2.21
SHP104043,ORD104043,PKG104043,2025-09-24,Dhaka Hub,RedX,SEL1047,Suncity Depot,Dhaka,0.46,Failed,2.41
SHP104044,ORD104044,PKG104044,2026-02-24,Dhaka Hub,Steadfast Courier,SEL1027,Modern Corner,Comilla,5.32,Completed,3.48
SHP104045,ORD104045,PKG104045,2026-02-25,Rangpur Hub,Steadfast Courier,SEL1009,Elite Emporium,Dhaka,11.16,Completed,4.18
SHP104046,ORD104046,PKG104046,2025-12-12,Sylhet Hub,eCourier,SEL1001,Bengal Emporium,Rangpur,1.17,Completed,3.18
SHP104047,ORD104047,PKG104047,2025-11-29,Mymensingh Hub,Pathao Courier,SEL1033,Riverside Collection,Sylhet,10.89,Completed,3.51
SHP104048,ORD104048,PKG104048,2025-09-25,Khulna Hub,Sundarban Courier,SEL1032,Prime Trading,Khulna,2.5,Completed,3.34
SHP104049,ORD104049,PKG104049,2026-04-18,Comilla Hub,Steadfast Courier,SEL1048,Suncity Emporium,Dhaka,2.43,Completed,2.02
SHP104050,ORD104050,PKG104050,2026-01-10,Chattogram Hub,Sundarban Courier,SEL1052,Trendy Collection,Rangpur,2.51,Completed,4.26
SHP104051,ORD104051,PKG104051,2025-10-12,Khulna Hub,Steadfast Courier,SEL1009,Elite Emporium,Dhaka,11.19,Completed,3.07
SHP104052,ORD104052,PKG104052,2026-01-17,Dhaka Hub,RedX,SEL1018,Golden Store,Chattogram,7.32,Completed,2.75
SHP104053,ORD104053,PKG104053,2026-07-22,Sylhet Hub,Pathao Courier,SEL1012,Elite Traders,Dhaka,9.06,Completed,2.78
SHP104054,ORD104054,PKG104054,2025-11-30,Dhaka Hub,RedX,SEL1006,Delta Store,Rajshahi,4.52,Cancelled,
SHP104055,ORD104055,PKG104055,2026-07-07,Sylhet Hub,RedX,SEL1000,Bengal Bazaar,Mymensingh,10.5,Completed,2.1
SHP104056,ORD104056,PKG104056,2025-11-29,Sylhet Hub,Pathao Courier,SEL1004,Classic Mart,Rajshahi,7.07,Completed,1.88
SHP104057,ORD104057,PKG104057,2025-11-04,Dhaka Hub,Sundarban Courier,SEL1031,Prime Bazaar,Chattogram,7.28,Failed,2.72
SHP104058,ORD104058,PKG104058,2025-11-30,Dhaka Hub,eCourier,SEL1009,Elite Emporium,Dhaka,9.08,Completed,2.75
SHP104059,ORD104059,PKG104059,2025-12-21,Khulna Hub,Pathao Courier,SEL1011,Elite Outlet,Chattogram,9.33,Completed,2.27
SHP104060,ORD104060,PKG104060,2025-10-12,Barisal Hub,Sundarban Courier,SEL1007,Delta Trading,Dhaka,8.25,Completed,4.49
SHP104061,ORD104061,PKG104061,2026-03-23,Rajshahi Hub,RedX,SEL1043,Smart Emporium,Barisal,1.6,Completed,3.8
SHP104062,ORD104062,PKG104062,2025-12-25,Barisal Hub,eCourier,SEL1038,Royal Outlet,Khulna,10.43,Completed,1.46
SHP104063,ORD104063,PKG104063,2026-05-07,Sylhet Hub,RedX,SEL1057,Value Hub,Dhaka,3.28,Completed,2.31
SHP104064,ORD104064,PKG104064,2026-02-17,Chattogram Hub,Steadfast Courier,SEL1006,Delta Store,Rajshahi,11.96,Completed,2.89
SHP104065,ORD104065,PKG104065,2026-02-01,Barisal Hub,Steadfast Courier,SEL1012,Elite Traders,Dhaka,4.75,Failed,2.38
SHP104066,ORD104066,PKG104066,2026-02-10,Dhaka Hub,Sundarban Courier,SEL1027,Modern Corner,Comilla,1.62,Completed,3.44
SHP104067,ORD104067,PKG104067,2025-10-25,Rajshahi Hub,Pathao Courier,SEL1038,Royal Outlet,Khulna,3.93,Completed,2.44
SHP104068,ORD104068,PKG104068,2026-05-05,Dhaka Hub,eCourier,SEL1007,Delta Trading,Dhaka,6.97,Cancelled,
SHP104069,ORD104069,PKG104069,2025-10-07,Khulna Hub,Pathao Courier,SEL1012,Elite Traders,Dhaka,4.82,Completed,3.2
SHP104070,ORD104070,PKG104070,2026-05-08,Barisal Hub,eCourier,SEL1025,Metro Hub,Sylhet,9.98,Completed,2.95
SHP104071,ORD104071,PKG104071,2026-08-12,Chattogram Hub,RedX,SEL1001,Bengal Emporium,Rangpur,8.25,Completed,3.61
SHP104072,ORD104072,PKG104072,2026-05-23,Comilla Hub,Sundarban Courier,SEL1023,Horizon Shop,Rangpur,2.72,Completed,3.6
SHP104073,ORD104073,PKG104073,2026-02-05,Dhaka Hub,RedX,SEL1045,Smart Store,Dhaka,6.56,Completed,1.76
SHP104074,ORD104074,PKG104074,2025-12-18,Dhaka Hub,RedX,SEL1031,Prime Bazaar,Chattogram,9.49,Completed,2.47
SHP104075,ORD104075,PKG104075,2026-06-29,Barisal Hub,Steadfast Courier,SEL1026,Metro Outlet,Sylhet,10.72,Completed,2.01
SHP104076,ORD104076,PKG104076,2025-11-28,Mymensingh Hub,Pathao Courier,SEL1029,Modern Emporium,Sylhet,4.86,Failed,3.02
SHP104077,ORD104077,PKG104077,2026-02-14,Dhaka Hub,Steadfast Courier,SEL1056,Urban Store,Khulna,11.11,Completed,2.66
SHP104078,ORD104078,PKG104078,2026-05-25,Dhaka Hub,Pathao Courier,SEL1031,Prime Bazaar,Chattogram,0.62,Completed,2.89
SHP104079,ORD104079,PKG104079,2026-07-17,Sylhet Hub,eCourier,SEL1032,Prime Trading,Khulna,8.18,Completed,3.44
SHP104080,ORD104080,PKG104080,2026-07-16,Chattogram Hub,Steadfast Courier,SEL1055,Urban Collection,Chattogram,9.43,Completed,2.36
SHP104081,ORD104081,PKG104081,2025-10-01,Khulna Hub,Sundarban Courier,SEL1009,Elite Emporium,Dhaka,5.22,Completed,3.05
SHP104082,ORD104082,PKG104082,2026-07-08,Mymensingh Hub,Pathao Courier,SEL1005,Delta Corner,Khulna,0.33,Completed,3.57
SHP104083,ORD104083,PKG104083,2025-10-10,Chattogram Hub,eCourier,SEL1026,Metro Outlet,Sylhet,8.31,Completed,2.72
SHP104084,ORD104084,PKG104084,2026-03-22,Dhaka Hub,eCourier,SEL1019,Green Fashion House,Rajshahi,4.24,Completed,2.3
SHP104085,ORD104085,PKG104085,2026-07-19,Barisal Hub,Sundarban Courier,SEL1012,Elite Traders,Dhaka,1.99,Completed,4.15
SHP104086,ORD104086,PKG104086,2026-04-15,Khulna Hub,RedX,SEL1007,Delta Trading,Dhaka,2.05,Pending,
SHP104087,ORD104087,PKG104087,2026-07-25,Khulna Hub,eCourier,SEL1052,Trendy Collection,Rangpur,9.28,Completed,5.3
SHP104088,ORD104088,PKG104088,2025-12-29,Rangpur Hub,Pathao Courier,SEL1036,Royal Emporium,Comilla,2.41,Completed,1.75
SHP104089,ORD104089,PKG104089,2025-12-18,Mymensingh Hub,RedX,SEL1041,Silver Hub,Chattogram,5.91,Completed,4.66
SHP104090,ORD104090,PKG104090,2025-12-22,Dhaka Hub,Sundarban Courier,SEL1007,Delta Trading,Dhaka,11.65,Cancelled,
SHP104091,ORD104091,PKG104091,2026-01-01,Mymensingh Hub,Pathao Courier,SEL1020,Horizon Bazaar,Dhaka,9.15,Completed,4.01
SHP104092,ORD104092,PKG104092,2026-04-25,Khulna Hub,eCourier,SEL1037,Royal Gallery,Dhaka,6.66,Completed,1.91
SHP104093,ORD104093,PKG104093,2026-02-04,Mymensingh Hub,Sundarban Courier,SEL1031,Prime Bazaar,Chattogram,6.43,Completed,4.72
SHP104094,ORD104094,PKG104094,2026-05-14,Khulna Hub,Steadfast Courier,SEL1041,Silver Hub,Chattogram,2.17,Cancelled,
SHP104095,ORD104095,PKG104095,2026-01-22,Comilla Hub,RedX,SEL1040,Silver Emporium,Barisal,5.47,Completed,2.6
SHP104096,ORD104096,PKG104096,2025-12-16,Mymensingh Hub,RedX,SEL1024,Metro Bazaar,Dhaka,1.91,Completed,2.22
SHP104097,ORD104097,PKG104097,2025-11-05,Chattogram Hub,Sundarban Courier,SEL1046,Smart Traders,Comilla,1.19,Completed,4.4
SHP104098,ORD104098,PKG104098,2026-03-10,Rajshahi Hub,Sundarban Courier,SEL1015,Fresh Trading,Dhaka,1.49,Completed,3.56
SHP104099,ORD104099,PKG104099,2026-07-08,Khulna Hub,eCourier,SEL1004,Classic Mart,Rajshahi,7.36,Pending,
SHP104100,ORD104100,PKG104100,2026-06-25,Khulna Hub,RedX,SEL1054,Trendy Trading,Narayanganj,2.48,Completed,2.63
SHP104101,ORD104101,PKG104101,2025-11-27,Dhaka Hub,eCourier,SEL1001,Bengal Emporium,Rangpur,1.96,Completed,3.27
SHP104102,ORD104102,PKG104102,2026-02-13,Dhaka Hub,Sundarban Courier,SEL1017,Golden Outlet,Khulna,10.43,Completed,4.1
SHP104103,ORD104103,PKG104103,2026-05-03,Chattogram Hub,Pathao Courier,SEL1006,Delta Store,Rajshahi,1.64,Cancelled,
SHP104104,ORD104104,PKG104104,2026-03-31,Sylhet Hub,Pathao Courier,SEL1013,Elite Trading,Dhaka,8.53,Completed,1.74
SHP104105,ORD104105,PKG104105,2025-09-24,Khulna Hub,eCourier,SEL1023,Horizon Shop,Rangpur,5.12,Completed,3.56
SHP104106,ORD104106,PKG104106,2026-03-24,Khulna Hub,Sundarban Courier,SEL1007,Delta Trading,Dhaka,7.03,Completed,3.64
SHP104107,ORD104107,PKG104107,2025-09-14,Dhaka Hub,RedX,SEL1028,Modern Depot,Khulna,0.48,Pending,
SHP104108,ORD104108,PKG104108,2025-10-11,Mymensingh Hub,Sundarban Courier,SEL1055,Urban Collection,Chattogram,0.2,Completed,5.17
SHP104109,ORD104109,PKG104109,2026-04-15,Barisal Hub,Sundarban Courier,SEL1008,Elite Depot,Chattogram,9.84,Completed,3.35
SHP104110,ORD104110,PKG104110,2025-10-06,Mymensingh Hub,RedX,SEL1055,Urban Collection,Chattogram,5.81,Completed,3.73
SHP104111,ORD104111,PKG104111,2025-12-27,Comilla Hub,RedX,SEL1024,Metro Bazaar,Dhaka,1.04,Completed,2.66
SHP104112,ORD104112,PKG104112,2026-03-23,Mymensingh Hub,Steadfast Courier,SEL1035,Riverside Gallery,Mymensingh,4.25,Completed,3.62
SHP104113,ORD104113,PKG104113,2026-04-15,Rajshahi Hub,Pathao Courier,SEL1026,Metro Outlet,Sylhet,6.17,Completed,3.42
SHP104114,ORD104114,PKG104114,2026-02-02,Sylhet Hub,RedX,SEL1018,Golden Store,Chattogram,1.8,Completed,2.6
SHP104115,ORD104115,PKG104115,2025-10-03,Rajshahi Hub,Pathao Courier,SEL1006,Delta Store,Rajshahi,6.65,Completed,3.43
SHP104116,ORD104116,PKG104116,2026-06-04,Dhaka Hub,eCourier,SEL1035,Riverside Gallery,Mymensingh,6.44,Completed,3.37
SHP104117,ORD104117,PKG104117,2026-07-26,Comilla Hub,RedX,SEL1054,Trendy Trading,Narayanganj,7.31,Completed,3.34
SHP104118,ORD104118,PKG104118,2026-07-05,Rajshahi Hub,Sundarban Courier,SEL1031,Prime Bazaar,Chattogram,9.76,Completed,3.85
SHP104119,ORD104119,PKG104119,2026-05-17,Rajshahi Hub,eCourier,SEL1035,Riverside Gallery,Mymensingh,5.07,Failed,3.97
SHP104120,ORD104120,PKG104120,2026-01-18,Khulna Hub,Sundarban Courier,SEL1038,Royal Outlet,Khulna,10.69,Completed,2.33
SHP104121,ORD104121,PKG104121,2026-07-01,Barisal Hub,Pathao Courier,SEL1023,Horizon Shop,Rangpur,5.8,Failed,2.09
SHP104122,ORD104122,PKG104122,2026-02-16,Barisal Hub,Sundarban Courier,SEL1007,Delta Trading,Dhaka,5.59,Completed,3.34
SHP104123,ORD104123,PKG104123,2025-10-18,Dhaka Hub,Pathao Courier,SEL1030,Nova Retail,Dhaka,7.94,Failed,3.66
SHP104124,ORD104124,PKG104124,2026-06-22,Sylhet Hub,Steadfast Courier,SEL1052,Trendy Collection,Rangpur,7.49,Cancelled,
SHP104125,ORD104125,PKG104125,2025-12-20,Narayanganj Hub,eCourier,SEL1018,Golden Store,Chattogram,0.33,Completed,2.68
SHP104126,ORD104126,PKG104126,2026-07-22,Rangpur Hub,eCourier,SEL1052,Trendy Collection,Rangpur,11.79,Completed,3.95
SHP104127,ORD104127,PKG104127,2026-01-06,Dhaka Hub,Steadfast Courier,SEL1051,Suncity Shop,Mymensingh,11.32,Completed,4.03
SHP104128,ORD104128,PKG104128,2026-06-28,Sylhet Hub,eCourier,SEL1014,Fresh Hub,Khulna,3.52,Failed,2.76
SHP104129,ORD104129,PKG104129,2026-03-05,Sylhet Hub,Sundarban Courier,SEL1034,Riverside Emporium,Dhaka,6.79,Completed,3.05
SHP104130,ORD104130,PKG104130,2026-02-09,Narayanganj Hub,Pathao Courier,SEL1044,Smart Mart,Rangpur,9.29,Completed,1.88
SHP104131,ORD104131,PKG104131,2025-12-12,Narayanganj Hub,Sundarban Courier,SEL1029,Modern Emporium,Sylhet,11.06,Failed,3.54
SHP104132,ORD104132,PKG104132,2026-06-17,Dhaka Hub,Steadfast Courier,SEL1041,Silver Hub,Chattogram,7.11,Completed,4.02
SHP104133,ORD104133,PKG104133,2025-09-21,Dhaka Hub,Steadfast Courier,SEL1054,Trendy Trading,Narayanganj,0.42,Completed,3.88
SHP104134,ORD104134,PKG104134,2026-02-10,Dhaka Hub,eCourier,SEL1037,Royal Gallery,Dhaka,8.23,Completed,3.83
SHP104135,ORD104135,PKG104135,2026-01-06,Dhaka Hub,Pathao Courier,SEL1050,Suncity Retail,Chattogram,1.3,Failed,3.01
SHP104136,ORD104136,PKG104136,2026-03-08,Sylhet Hub,Pathao Courier,SEL1048,Suncity Emporium,Dhaka,8.12,Completed,1.74
SHP104137,ORD104137,PKG104137,2025-11-28,Rajshahi Hub,Steadfast Courier,SEL1048,Suncity Emporium,Dhaka,7.13,Completed,2.31
SHP104138,ORD104138,PKG104138,2026-04-18,Mymensingh Hub,Pathao Courier,SEL1051,Suncity Shop,Mymensingh,7.76,Pending,
SHP104139,ORD104139,PKG104139,2026-01-12,Dhaka Hub,RedX,SEL1013,Elite Trading,Dhaka,2.43,Completed,3.47
SHP104140,ORD104140,PKG104140,2025-11-05,Chattogram Hub,Sundarban Courier,SEL1001,Bengal Emporium,Rangpur,6.02,Completed,4.77
SHP104141,ORD104141,PKG104141,2025-11-08,Rajshahi Hub,Sundarban Courier,SEL1009,Elite Emporium,Dhaka,7.49,Completed,3.56
SHP104142,ORD104142,PKG104142,2026-04-29,Sylhet Hub,RedX,SEL1014,Fresh Hub,Khulna,3.74,Completed,2.19
SHP104143,ORD104143,PKG104143,2025-11-30,Chattogram Hub,Steadfast Courier,SEL1041,Silver Hub,Chattogram,2.34,Failed,4.67
SHP104144,ORD104144,PKG104144,2025-12-16,Dhaka Hub,eCourier,SEL1030,Nova Retail,Dhaka,2.83,Completed,3.84
SHP104145,ORD104145,PKG104145,2026-04-05,Barisal Hub,Sundarban Courier,SEL1028,Modern Depot,Khulna,10.32,Completed,2.37
SHP104146,ORD104146,PKG104146,2025-12-24,Dhaka Hub,Sundarban Courier,SEL1000,Bengal Bazaar,Mymensingh,5.68,Completed,4.14
SHP104147,ORD104147,PKG104147,2026-01-13,Barisal Hub,Steadfast Courier,SEL1041,Silver Hub,Chattogram,8.0,Completed,1.12
SHP104148,ORD104148,PKG104148,2025-11-24,Comilla Hub,RedX,SEL1021,Horizon Collection,Narayanganj,6.28,Failed,2.48
SHP104149,ORD104149,PKG104149,2025-12-29,Dhaka Hub,Sundarban Courier,SEL1045,Smart Store,Dhaka,10.04,Completed,2.56
SHP104150,ORD104150,PKG104150,2026-04-28,Barisal Hub,RedX,SEL1006,Delta Store,Rajshahi,6.2,Failed,1.29
SHP104151,ORD104151,PKG104151,2026-03-04,Rangpur Hub,Pathao Courier,SEL1017,Golden Outlet,Khulna,1.3,Cancelled,
SHP104152,ORD104152,PKG104152,2026-08-12,Rajshahi Hub,Pathao Courier,SEL1003,Classic Fashion House,Sylhet,2.54,Completed,1.08
SHP104153,ORD104153,PKG104153,2026-05-26,Chattogram Hub,eCourier,SEL1017,Golden Outlet,Khulna,0.36,Completed,4.84
SHP104154,ORD104154,PKG104154,2025-09-06,Dhaka Hub,RedX,SEL1055,Urban Collection,Chattogram,10.01,Completed,2.32
SHP104155,ORD104155,PKG104155,2026-01-10,Rangpur Hub,Pathao Courier,SEL1029,Modern Emporium,Sylhet,8.03,Completed,2.72
SHP104156,ORD104156,PKG104156,2025-12-10,Chattogram Hub,Sundarban Courier,SEL1026,Metro Outlet,Sylhet,9.16,Completed,3.99
SHP104157,ORD104157,PKG104157,2026-03-23,Rangpur Hub,Steadfast Courier,SEL1016,Golden Hub,Comilla,8.64,Completed,3.67
SHP104158,ORD104158,PKG104158,2025-12-01,Mymensingh Hub,RedX,SEL1015,Fresh Trading,Dhaka,9.93,Completed,4.17
SHP104159,ORD104159,PKG104159,2026-08-01,Mymensingh Hub,RedX,SEL1040,Silver Emporium,Barisal,11.85,Completed,3.57
SHP104160,ORD104160,PKG104160,2025-12-13,Mymensingh Hub,Pathao Courier,SEL1059,Value Store,Dhaka,7.91,Completed,3.63
SHP104161,ORD104161,PKG104161,2026-02-28,Comilla Hub,Steadfast Courier,SEL1044,Smart Mart,Rangpur,3.18,Completed,2.05
SHP104162,ORD104162,PKG104162,2025-10-13,Comilla Hub,Steadfast Courier,SEL1044,Smart Mart,Rangpur,1.4,Cancelled,
SHP104163,ORD104163,PKG104163,2026-07-12,Sylhet Hub,RedX,SEL1028,Modern Depot,Khulna,7.16,Completed,2.49
SHP104164,ORD104164,PKG104164,2026-07-13,Chattogram Hub,Sundarban Courier,SEL1005,Delta Corner,Khulna,9.29,Completed,5.44
SHP104165,ORD104165,PKG104165,2026-06-02,Dhaka Hub,RedX,SEL1043,Smart Emporium,Barisal,6.83,Completed,3.11
SHP104166,ORD104166,PKG104166,2025-12-31,Chattogram Hub,eCourier,SEL1048,Suncity Emporium,Dhaka,3.78,Completed,5.48
SHP104167,ORD104167,PKG104167,2025-09-21,Dhaka Hub,eCourier,SEL1030,Nova Retail,Dhaka,8.69,Completed,2.8
SHP104168,ORD104168,PKG104168,2026-05-04,Mymensingh Hub,Steadfast Courier,SEL1005,Delta Corner,Khulna,5.49,Completed,3.25
SHP104169,ORD104169,PKG104169,2026-01-27,Mymensingh Hub,RedX,SEL1042,Smart Bazaar,Rajshahi,3.58,Completed,3.47
SHP104170,ORD104170,PKG104170,2026-08-09,Sylhet Hub,Sundarban Courier,SEL1055,Urban Collection,Chattogram,10.12,Completed,3.77
SHP104171,ORD104171,PKG104171,2026-04-30,Rangpur Hub,Sundarban Courier,SEL1013,Elite Trading,Dhaka,7.0,Completed,4.94
SHP104172,ORD104172,PKG104172,2026-03-06,Rajshahi Hub,eCourier,SEL1009,Elite Emporium,Dhaka,3.54,Completed,1.54
SHP104173,ORD104173,PKG104173,2026-08-08,Khulna Hub,Pathao Courier,SEL1044,Smart Mart,Rangpur,4.08,Completed,3.02
SHP104174,ORD104174,PKG104174,2026-06-04,Mymensingh Hub,Pathao Courier,SEL1019,Green Fashion House,Rajshahi,6.95,Completed,4.05
SHP104175,ORD104175,PKG104175,2026-02-06,Rangpur Hub,eCourier,SEL1042,Smart Bazaar,Rajshahi,5.19,Completed,4.09
SHP104176,ORD104176,PKG104176,2025-09-07,Rangpur Hub,Sundarban Courier,SEL1042,Smart Bazaar,Rajshahi,2.09,Failed,4.33
SHP104177,ORD104177,PKG104177,2025-10-03,Khulna Hub,eCourier,SEL1015,Fresh Trading,Dhaka,7.4,Completed,3.37
SHP104178,ORD104178,PKG104178,2026-02-01,Chattogram Hub,Pathao Courier,SEL1002,Bengal Hub,Barisal,8.33,Completed,1.32
SHP104179,ORD104179,PKG104179,2026-03-14,Chattogram Hub,Sundarban Courier,SEL1033,Riverside Collection,Sylhet,0.2,Completed,6.04
SHP104180,ORD104180,PKG104180,2025-09-11,Barisal Hub,Pathao Courier,SEL1024,Metro Bazaar,Dhaka,6.54,Completed,2.43
SHP104181,ORD104181,PKG104181,2025-10-14,Comilla Hub,RedX,SEL1051,Suncity Shop,Mymensingh,7.01,Pending,
SHP104182,ORD104182,PKG104182,2026-05-02,Barisal Hub,eCourier,SEL1021,Horizon Collection,Narayanganj,4.12,Completed,2.11
SHP104183,ORD104183,PKG104183,2026-05-19,Rangpur Hub,Sundarban Courier,SEL1014,Fresh Hub,Khulna,4.2,Completed,4.11
SHP104184,ORD104184,PKG104184,2025-09-11,Chattogram Hub,Sundarban Courier,SEL1051,Suncity Shop,Mymensingh,3.95,Completed,4.93
SHP104185,ORD104185,PKG104185,2026-02-23,Sylhet Hub,Pathao Courier,SEL1044,Smart Mart,Rangpur,5.45,Completed,1.18
SHP104186,ORD104186,PKG104186,2025-09-29,Rangpur Hub,eCourier,SEL1037,Royal Gallery,Dhaka,9.78,Completed,2.75
SHP104187,ORD104187,PKG104187,2026-05-09,Mymensingh Hub,Steadfast Courier,SEL1057,Value Hub,Dhaka,5.73,Completed,4.11
SHP104188,ORD104188,PKG104188,2026-06-16,Khulna Hub,eCourier,SEL1046,Smart Traders,Comilla,11.93,Completed,3.03
SHP104189,ORD104189,PKG104189,2026-06-28,Dhaka Hub,Pathao Courier,SEL1051,Suncity Shop,Mymensingh,4.64,Completed,1.59
SHP104190,ORD104190,PKG104190,2026-03-26,Comilla Hub,RedX,SEL1047,Suncity Depot,Dhaka,8.45,Completed,2.36
SHP104191,ORD104191,PKG104191,2026-04-06,Dhaka Hub,Sundarban Courier,SEL1024,Metro Bazaar,Dhaka,6.68,Completed,3.78
SHP104192,ORD104192,PKG104192,2026-07-18,Khulna Hub,Pathao Courier,SEL1003,Classic Fashion House,Sylhet,9.2,Completed,1.79
SHP104193,ORD104193,PKG104193,2026-03-31,Sylhet Hub,Pathao Courier,SEL1036,Royal Emporium,Comilla,10.68,Completed,3.3
SHP104194,ORD104194,PKG104194,2026-02-02,Narayanganj Hub,Pathao Courier,SEL1045,Smart Store,Dhaka,6.24,Completed,2.9
SHP104195,ORD104195,PKG104195,2026-05-20,Dhaka Hub,Pathao Courier,SEL1059,Value Store,Dhaka,6.03,Completed,3.48
SHP104196,ORD104196,PKG104196,2026-03-24,Rajshahi Hub,eCourier,SEL1040,Silver Emporium,Barisal,11.32,Completed,3.03
SHP104197,ORD104197,PKG104197,2026-06-19,Chattogram Hub,Sundarban Courier,SEL1034,Riverside Emporium,Dhaka,11.22,Completed,3.73
SHP104198,ORD104198,PKG104198,2026-03-01,Sylhet Hub,eCourier,SEL1034,Riverside Emporium,Dhaka,11.96,Completed,1.93
SHP104199,ORD104199,PKG104199,2026-06-28,Chattogram Hub,Steadfast Courier,SEL1006,Delta Store,Rajshahi,2.05,Completed,4.76
