shipment_id,order_date,origin_warehouse,destination_hub,destination_region,carrier,status,pending_to_delivered_hours
SHP100000,2026-06-16,Chattogram DC,Narayanganj Hub,Narayanganj,Sundarban Courier,Cancelled,35.79
SHP100001,2025-11-09,Khulna DC,Narayanganj Hub,Narayanganj,Pathao Courier,Delivered,32.22
SHP100002,2026-06-06,Dhaka Hub,Barisal Hub,Barisal,Pathao Courier,In Transit,25.87
SHP100003,2025-09-03,Dhaka Hub,Dhaka Hub,Dhaka,RedX,Delivered,22.56
SHP100004,2026-06-03,Khulna DC,Narayanganj Hub,Narayanganj,eCourier,Delivered,40.11
SHP100005,2026-05-31,Khulna DC,Chattogram Hub,Chattogram,Pathao Courier,Delivered,37.17
SHP100006,2026-05-29,Khulna DC,Sylhet Hub,Sylhet,Pathao Courier,Delivered,29.4
SHP100007,2026-04-19,Khulna DC,Narayanganj Hub,Narayanganj,Sundarban Courier,Delivered,43.19
SHP100008,2026-02-11,Rajshahi DC,Barisal Hub,Barisal,Steadfast Courier,Delivered,25.96
SHP100009,2026-05-02,Khulna DC,Chattogram Hub,Chattogram,Pathao Courier,Delivered,25.13
SHP100010,2025-12-05,Sylhet DC,Barisal Hub,Barisal,Steadfast Courier,Delivered,32.95
SHP100011,2026-05-29,Rajshahi DC,Dhaka Hub,Dhaka,Steadfast Courier,Delivered,47.01
SHP100012,2026-03-12,Chattogram DC,Khulna Hub,Khulna,Sundarban Courier,Delivered,39.34
SHP100013,2026-02-06,Dhaka Hub,Narayanganj Hub,Narayanganj,eCourier,Delayed,29.15
SHP100014,2026-02-22,Khulna DC,Sylhet Hub,Sylhet,RedX,Delivered,21.88
SHP100015,2026-03-16,Chattogram DC,Comilla Hub,Comilla,RedX,Delivered Late,18.43
SHP100016,2025-09-13,Rajshahi DC,Barisal Hub,Barisal,Sundarban Courier,Cancelled,28.29
SHP100017,2025-10-19,Sylhet DC,Rangpur Hub,Rangpur,eCourier,Delivered Late,39.62
SHP100018,2025-11-24,Rajshahi DC,Mymensingh Hub,Mymensingh,eCourier,Delivered Late,40.84
SHP100019,2025-10-10,Dhaka Hub,Barisal Hub,Barisal,eCourier,Delivered,31.18
SHP100020,2026-01-31,Khulna DC,Dhaka Hub,Dhaka,Steadfast Courier,Cancelled,38.15
SHP100021,2026-04-20,Sylhet DC,Narayanganj Hub,Narayanganj,Sundarban Courier,Delivered,41.47
SHP100022,2026-04-15,Sylhet DC,Rajshahi Hub,Rajshahi,eCourier,Delivered Late,45.04
SHP100023,2026-02-10,Chattogram DC,Rangpur Hub,Rangpur,Steadfast Courier,Delivered,41.94
SHP100024,2026-06-23,Rajshahi DC,Barisal Hub,Barisal,Pathao Courier,Delivered,28.54
SHP100025,2026-03-15,Chattogram DC,Rangpur Hub,Rangpur,Pathao Courier,Delivered Late,36.79
SHP100026,2025-09-28,Rajshahi DC,Khulna Hub,Khulna,Sundarban Courier,In Transit,34.21
SHP100027,2026-05-23,Sylhet DC,Comilla Hub,Comilla,eCourier,In Transit,26.25
SHP100028,2026-03-18,Dhaka Hub,Sylhet Hub,Sylhet,Sundarban Courier,Delayed,38.55
SHP100029,2026-04-08,Rajshahi DC,Rangpur Hub,Rangpur,eCourier,Delivered Late,40.86
SHP100030,2026-03-15,Dhaka Hub,Barisal Hub,Barisal,Pathao Courier,Delivered,20.96
SHP100031,2026-03-11,Chattogram DC,Barisal Hub,Barisal,Sundarban Courier,Delayed,28.84
SHP100032,2025-10-02,Rajshahi DC,Dhaka Hub,Dhaka,RedX,Delivered,37.14
SHP100033,2026-03-13,Rajshahi DC,Khulna Hub,Khulna,Pathao Courier,Delivered,27.51
SHP100034,2026-06-03,Rajshahi DC,Dhaka Hub,Dhaka,Steadfast Courier,Delivered,41.93
SHP100035,2025-12-15,Sylhet DC,Barisal Hub,Barisal,Pathao Courier,Delivered,28.36
SHP100036,2026-03-28,Khulna DC,Rangpur Hub,Rangpur,Steadfast Courier,Delivered,43.38
SHP100037,2025-09-11,Chattogram DC,Barisal Hub,Barisal,Pathao Courier,In Transit,28.63
SHP100038,2025-12-30,Khulna DC,Mymensingh Hub,Mymensingh,Steadfast Courier,Delivered,24.96
SHP100039,2026-01-30,Sylhet DC,Khulna Hub,Khulna,RedX,In Transit,21.46
SHP100040,2026-08-07,Dhaka Hub,Khulna Hub,Khulna,Pathao Courier,Delivered,27.69
SHP100041,2025-11-14,Sylhet DC,Rajshahi Hub,Rajshahi,Pathao Courier,Cancelled,38.35
SHP100042,2025-12-05,Sylhet DC,Sylhet Hub,Sylhet,Pathao Courier,Delivered,18.33
SHP100043,2026-01-20,Chattogram DC,Comilla Hub,Comilla,RedX,Delivered,21.12
SHP100044,2026-08-10,Chattogram DC,Comilla Hub,Comilla,eCourier,Delivered Late,32.98
SHP100045,2026-06-23,Sylhet DC,Rajshahi Hub,Rajshahi,Sundarban Courier,Delivered,36.5
SHP100046,2025-09-13,Dhaka Hub,Mymensingh Hub,Mymensingh,Sundarban Courier,Delivered,46.98
SHP100047,2025-11-20,Dhaka Hub,Dhaka Hub,Dhaka,RedX,Delivered,25.96
SHP100048,2026-06-12,Khulna DC,Chattogram Hub,Chattogram,RedX,Delivered,21.06
SHP100049,2025-09-21,Chattogram DC,Sylhet Hub,Sylhet,RedX,Delivered,29.44
SHP100050,2026-06-24,Khulna DC,Khulna Hub,Khulna,Sundarban Courier,Delivered,23.77
SHP100051,2025-12-07,Sylhet DC,Sylhet Hub,Sylhet,eCourier,Delivered,24.24
SHP100052,2026-07-15,Sylhet DC,Barisal Hub,Barisal,Steadfast Courier,Delivered Late,26.92
SHP100053,2025-12-11,Sylhet DC,Mymensingh Hub,Mymensingh,Sundarban Courier,Delivered,49.33
SHP100054,2026-01-29,Sylhet DC,Rajshahi Hub,Rajshahi,Pathao Courier,Delivered,36.36
SHP100055,2026-04-18,Rajshahi DC,Rajshahi Hub,Rajshahi,Pathao Courier,Delivered Late,26.31
SHP100056,2025-10-14,Rajshahi DC,Dhaka Hub,Dhaka,RedX,Delivered Late,40.04
SHP100057,2026-03-12,Chattogram DC,Sylhet Hub,Sylhet,Sundarban Courier,Delivered Late,46.16
SHP100058,2026-02-22,Khulna DC,Comilla Hub,Comilla,Steadfast Courier,Delivered Late,27.85
SHP100059,2026-05-30,Rajshahi DC,Comilla Hub,Comilla,RedX,Cancelled,27.56
SHP100060,2026-08-11,Dhaka Hub,Chattogram Hub,Chattogram,RedX,Delayed,31.72
SHP100061,2026-04-18,Khulna DC,Dhaka Hub,Dhaka,eCourier,Delivered,39.82
SHP100062,2026-01-20,Sylhet DC,Comilla Hub,Comilla,Pathao Courier,Delivered,22.41
SHP100063,2026-01-19,Rajshahi DC,Chattogram Hub,Chattogram,eCourier,Delivered,42.37
SHP100064,2026-01-23,Sylhet DC,Barisal Hub,Barisal,Pathao Courier,Delivered,26.07
SHP100065,2026-06-09,Rajshahi DC,Comilla Hub,Comilla,RedX,Delivered,30.07
SHP100066,2025-12-21,Dhaka Hub,Mymensingh Hub,Mymensingh,Steadfast Courier,Delivered,43.27
SHP100067,2025-10-28,Dhaka Hub,Barisal Hub,Barisal,eCourier,Delivered,29.29
SHP100068,2025-12-25,Rajshahi DC,Khulna Hub,Khulna,eCourier,Delayed,30.06
SHP100069,2025-09-08,Sylhet DC,Mymensingh Hub,Mymensingh,Sundarban Courier,Delivered,47.93
SHP100070,2025-10-07,Sylhet DC,Rangpur Hub,Rangpur,eCourier,Delivered Late,33.22
SHP100071,2025-10-02,Dhaka Hub,Comilla Hub,Comilla,RedX,Delayed,20.47
SHP100072,2026-05-25,Chattogram DC,Barisal Hub,Barisal,RedX,Delivered,13.32
SHP100073,2026-05-08,Rajshahi DC,Narayanganj Hub,Narayanganj,Pathao Courier,Delivered,37.29
SHP100074,2026-04-30,Chattogram DC,Mymensingh Hub,Mymensingh,Pathao Courier,In Transit,30.26
SHP100075,2026-02-07,Sylhet DC,Dhaka Hub,Dhaka,RedX,Delivered,29.57
SHP100076,2026-05-07,Chattogram DC,Sylhet Hub,Sylhet,Pathao Courier,Delivered,28.41
SHP100077,2025-10-26,Chattogram DC,Mymensingh Hub,Mymensingh,eCourier,Delivered,46.55
SHP100078,2026-07-09,Dhaka Hub,Chattogram Hub,Chattogram,eCourier,Delivered,35.69
SHP100079,2026-02-21,Rajshahi DC,Mymensingh Hub,Mymensingh,Steadfast Courier,Delivered Late,33.94
SHP100080,2026-07-22,Rajshahi DC,Khulna Hub,Khulna,Pathao Courier,Delayed,36.49
SHP100081,2025-10-23,Dhaka Hub,Sylhet Hub,Sylhet,Steadfast Courier,Delivered,30.18
SHP100082,2026-02-20,Chattogram DC,Barisal Hub,Barisal,Pathao Courier,Cancelled,28.23
SHP100083,2026-04-29,Sylhet DC,Narayanganj Hub,Narayanganj,Sundarban Courier,Delivered,28.44
SHP100084,2026-02-19,Chattogram DC,Comilla Hub,Comilla,eCourier,In Transit,34.61
SHP100085,2026-02-02,Khulna DC,Rajshahi Hub,Rajshahi,Pathao Courier,Delivered Late,35.82
SHP100086,2025-10-28,Chattogram DC,Dhaka Hub,Dhaka,Pathao Courier,Delivered,36.35
SHP100087,2026-01-10,Dhaka Hub,Comilla Hub,Comilla,Pathao Courier,Delayed,22.47
SHP100088,2025-11-22,Chattogram DC,Comilla Hub,Comilla,RedX,Delayed,21.88
SHP100089,2025-12-14,Sylhet DC,Rangpur Hub,Rangpur,eCourier,Delivered,42.31
SHP100090,2026-04-25,Dhaka Hub,Rangpur Hub,Rangpur,Pathao Courier,In Transit,28.1
SHP100091,2026-04-07,Rajshahi DC,Barisal Hub,Barisal,Pathao Courier,Delivered,22.69
SHP100092,2026-03-30,Dhaka Hub,Dhaka Hub,Dhaka,RedX,Delivered,25.36
SHP100093,2026-01-04,Dhaka Hub,Chattogram Hub,Chattogram,Pathao Courier,Delivered,29.49
SHP100094,2026-07-30,Sylhet DC,Chattogram Hub,Chattogram,eCourier,Delivered,32.39
SHP100095,2025-10-01,Sylhet DC,Narayanganj Hub,Narayanganj,Steadfast Courier,Delivered,35.32
SHP100096,2025-12-28,Chattogram DC,Dhaka Hub,Dhaka,eCourier,Delivered,38.09
SHP100097,2025-10-11,Chattogram DC,Barisal Hub,Barisal,Steadfast Courier,Cancelled,19.75
SHP100098,2025-12-27,Dhaka Hub,Khulna Hub,Khulna,RedX,Delivered,14.75
SHP100099,2026-07-30,Khulna DC,Dhaka Hub,Dhaka,eCourier,In Transit,40.95
SHP100100,2026-01-05,Chattogram DC,Narayanganj Hub,Narayanganj,Pathao Courier,Delivered,27.46
SHP100101,2026-07-12,Dhaka Hub,Dhaka Hub,Dhaka,Pathao Courier,Delivered,25.56
SHP100102,2026-02-19,Chattogram DC,Comilla Hub,Comilla,RedX,Delivered Late,24.56
SHP100103,2026-05-01,Rajshahi DC,Mymensingh Hub,Mymensingh,Pathao Courier,Delivered,29.97
SHP100104,2026-02-06,Chattogram DC,Mymensingh Hub,Mymensingh,Steadfast Courier,Delivered,34.66
SHP100105,2025-12-01,Rajshahi DC,Chattogram Hub,Chattogram,RedX,Returned,22.81
SHP100106,2026-05-23,Chattogram DC,Comilla Hub,Comilla,Steadfast Courier,Delivered,29.56
SHP100107,2026-08-02,Dhaka Hub,Barisal Hub,Barisal,Sundarban Courier,Delivered,39.98
SHP100108,2025-12-01,Chattogram DC,Rajshahi Hub,Rajshahi,Sundarban Courier,Delivered,46.37
SHP100109,2026-05-28,Chattogram DC,Rangpur Hub,Rangpur,eCourier,Delivered,39.41
SHP100110,2025-11-30,Dhaka Hub,Khulna Hub,Khulna,Pathao Courier,Delivered Late,30.55
SHP100111,2026-05-07,Sylhet DC,Sylhet Hub,Sylhet,RedX,Delivered,23.71
SHP100112,2026-05-31,Chattogram DC,Sylhet Hub,Sylhet,RedX,Delivered,18.38
SHP100113,2026-02-03,Khulna DC,Barisal Hub,Barisal,Steadfast Courier,Delivered,32.45
SHP100114,2026-05-13,Sylhet DC,Rangpur Hub,Rangpur,eCourier,Delivered,37.56
SHP100115,2025-12-04,Sylhet DC,Sylhet Hub,Sylhet,Pathao Courier,Delivered,23.41
SHP100116,2025-09-28,Sylhet DC,Sylhet Hub,Sylhet,Sundarban Courier,Delayed,22.14
SHP100117,2025-10-04,Dhaka Hub,Narayanganj Hub,Narayanganj,RedX,Delivered Late,32.5
SHP100118,2026-02-02,Khulna DC,Barisal Hub,Barisal,Pathao Courier,Delivered,27.89
SHP100119,2026-07-10,Dhaka Hub,Comilla Hub,Comilla,Sundarban Courier,Cancelled,39.96
SHP100120,2025-10-15,Khulna DC,Khulna Hub,Khulna,Sundarban Courier,In Transit,29.31
SHP100121,2026-02-05,Rajshahi DC,Sylhet Hub,Sylhet,Pathao Courier,Delivered,31.63
SHP100122,2026-05-02,Khulna DC,Sylhet Hub,Sylhet,RedX,Delivered,27.0
SHP100123,2025-11-10,Sylhet DC,Barisal Hub,Barisal,Pathao Courier,Delivered,21.45
SHP100124,2026-05-08,Chattogram DC,Mymensingh Hub,Mymensingh,RedX,Delivered,30.34
SHP100125,2025-12-15,Rajshahi DC,Barisal Hub,Barisal,Pathao Courier,Delivered,26.05
SHP100126,2026-06-07,Chattogram DC,Sylhet Hub,Sylhet,eCourier,Delivered,31.26
SHP100127,2026-03-20,Sylhet DC,Narayanganj Hub,Narayanganj,Pathao Courier,Cancelled,31.62
SHP100128,2026-03-09,Khulna DC,Barisal Hub,Barisal,Steadfast Courier,Delivered,21.87
SHP100129,2025-11-01,Rajshahi DC,Khulna Hub,Khulna,Pathao Courier,Delivered,7.89
SHP100130,2026-02-08,Rajshahi DC,Dhaka Hub,Dhaka,RedX,Cancelled,33.57
SHP100131,2026-06-24,Dhaka Hub,Barisal Hub,Barisal,Sundarban Courier,Delivered,31.23
SHP100132,2025-09-07,Rajshahi DC,Rangpur Hub,Rangpur,Pathao Courier,Delivered,37.64
SHP100133,2026-05-21,Dhaka Hub,Narayanganj Hub,Narayanganj,Sundarban Courier,Delivered,37.21
SHP100134,2026-02-18,Sylhet DC,Sylhet Hub,Sylhet,eCourier,Delivered,24.7
SHP100135,2026-05-07,Rajshahi DC,Chattogram Hub,Chattogram,Steadfast Courier,Delivered,38.04
SHP100136,2026-04-18,Khulna DC,Narayanganj Hub,Narayanganj,Sundarban Courier,Delivered,29.68
SHP100137,2026-01-28,Rajshahi DC,Barisal Hub,Barisal,Pathao Courier,In Transit,17.13
SHP100138,2025-12-16,Chattogram DC,Dhaka Hub,Dhaka,eCourier,Delivered,42.49
SHP100139,2026-04-06,Chattogram DC,Chattogram Hub,Chattogram,RedX,In Transit,26.68
SHP100140,2025-10-19,Chattogram DC,Rajshahi Hub,Rajshahi,Pathao Courier,Delivered Late,32.95
SHP100141,2026-03-22,Chattogram DC,Rangpur Hub,Rangpur,eCourier,Delivered,40.95
SHP100142,2025-10-03,Khulna DC,Sylhet Hub,Sylhet,RedX,Delivered,24.05
SHP100143,2026-04-13,Sylhet DC,Khulna Hub,Khulna,RedX,Delivered,19.86
SHP100144,2026-04-06,Khulna DC,Mymensingh Hub,Mymensingh,Sundarban Courier,Delivered,28.44
SHP100145,2025-09-30,Sylhet DC,Narayanganj Hub,Narayanganj,Sundarban Courier,Delivered,42.72
SHP100146,2026-05-21,Chattogram DC,Rajshahi Hub,Rajshahi,Pathao Courier,Delivered,38.89
SHP100147,2026-01-22,Dhaka Hub,Rajshahi Hub,Rajshahi,eCourier,Delivered,39.36
SHP100148,2026-05-31,Sylhet DC,Khulna Hub,Khulna,Pathao Courier,Delivered,25.28
SHP100149,2025-09-15,Rajshahi DC,Chattogram Hub,Chattogram,eCourier,Delivered,42.76
SHP100150,2025-11-02,Rajshahi DC,Dhaka Hub,Dhaka,eCourier,Delivered,41.55
SHP100151,2026-02-18,Chattogram DC,Comilla Hub,Comilla,eCourier,Delayed,33.67
SHP100152,2025-11-05,Sylhet DC,Dhaka Hub,Dhaka,Pathao Courier,Delivered,36.07
SHP100153,2025-12-24,Khulna DC,Comilla Hub,Comilla,Pathao Courier,Delivered Late,19.12
SHP100154,2026-04-17,Khulna DC,Sylhet Hub,Sylhet,Sundarban Courier,Delivered,37.21
SHP100155,2025-10-21,Dhaka Hub,Rangpur Hub,Rangpur,RedX,Delivered,27.78
SHP100156,2026-04-23,Sylhet DC,Narayanganj Hub,Narayanganj,Steadfast Courier,In Transit,37.96
SHP100157,2025-10-06,Dhaka Hub,Mymensingh Hub,Mymensingh,Sundarban Courier,Delayed,39.57
SHP100158,2025-10-31,Dhaka Hub,Mymensingh Hub,Mymensingh,Steadfast Courier,Delivered Late,38.43
SHP100159,2026-03-23,Khulna DC,Sylhet Hub,Sylhet,Pathao Courier,Delayed,19.52
SHP100160,2026-06-02,Dhaka Hub,Barisal Hub,Barisal,Sundarban Courier,Delivered,37.22
SHP100161,2025-10-30,Chattogram DC,Rangpur Hub,Rangpur,Pathao Courier,Delayed,23.98
SHP100162,2025-12-13,Sylhet DC,Rajshahi Hub,Rajshahi,eCourier,In Transit,44.37
SHP100163,2026-07-18,Khulna DC,Dhaka Hub,Dhaka,Pathao Courier,Delivered Late,30.13
SHP100164,2026-08-09,Sylhet DC,Narayanganj Hub,Narayanganj,Pathao Courier,In Transit,22.31
SHP100165,2026-03-21,Dhaka Hub,Chattogram Hub,Chattogram,eCourier,Delivered Late,26.45
SHP100166,2026-02-02,Khulna DC,Narayanganj Hub,Narayanganj,RedX,Delivered,32.53
SHP100167,2025-12-30,Rajshahi DC,Narayanganj Hub,Narayanganj,Pathao Courier,Delivered,24.13
SHP100168,2026-03-31,Rajshahi DC,Dhaka Hub,Dhaka,Pathao Courier,Delivered,37.96
SHP100169,2026-03-24,Khulna DC,Mymensingh Hub,Mymensingh,RedX,Delivered,29.99
SHP100170,2025-12-11,Sylhet DC,Rangpur Hub,Rangpur,Sundarban Courier,Delivered,47.27
SHP100171,2025-09-08,Rajshahi DC,Sylhet Hub,Sylhet,Pathao Courier,Delivered Late,22.42
SHP100172,2025-10-23,Sylhet DC,Comilla Hub,Comilla,RedX,Delivered,17.36
SHP100173,2026-07-29,Dhaka Hub,Chattogram Hub,Chattogram,Pathao Courier,Delivered,29.07
SHP100174,2026-01-23,Rajshahi DC,Sylhet Hub,Sylhet,RedX,Delivered,23.57
SHP100175,2026-02-14,Chattogram DC,Narayanganj Hub,Narayanganj,Sundarban Courier,Delivered,40.58
SHP100176,2026-02-09,Rajshahi DC,Mymensingh Hub,Mymensingh,Pathao Courier,Delivered,26.41
SHP100177,2026-05-29,Chattogram DC,Chattogram Hub,Chattogram,Pathao Courier,Delivered,25.22
SHP100178,2025-09-23,Rajshahi DC,Chattogram Hub,Chattogram,Pathao Courier,Delivered,33.32
SHP100179,2025-09-29,Sylhet DC,Sylhet Hub,Sylhet,Pathao Courier,Delivered,13.48
SHP100180,2025-12-05,Sylhet DC,Dhaka Hub,Dhaka,Sundarban Courier,Delivered,31.11
SHP100181,2026-02-16,Chattogram DC,Chattogram Hub,Chattogram,Steadfast Courier,Delivered,19.47
SHP100182,2026-04-21,Rajshahi DC,Barisal Hub,Barisal,eCourier,Delivered,32.13
SHP100183,2026-02-17,Dhaka Hub,Dhaka Hub,Dhaka,Sundarban Courier,Delivered Late,37.38
SHP100184,2026-01-31,Sylhet DC,Sylhet Hub,Sylhet,RedX,Delivered Late,17.63
SHP100185,2026-07-22,Chattogram DC,Khulna Hub,Khulna,RedX,Cancelled,26.27
SHP100186,2025-10-26,Sylhet DC,Narayanganj Hub,Narayanganj,eCourier,Delivered,43.44
SHP100187,2026-03-17,Chattogram DC,Narayanganj Hub,Narayanganj,Pathao Courier,Delivered,30.23
SHP100188,2026-03-07,Khulna DC,Comilla Hub,Comilla,Sundarban Courier,Delivered,34.77
SHP100189,2026-02-11,Chattogram DC,Khulna Hub,Khulna,Sundarban Courier,Delivered,40.41
SHP100190,2026-06-07,Dhaka Hub,Barisal Hub,Barisal,Pathao Courier,Delivered,22.13
SHP100191,2025-12-02,Dhaka Hub,Barisal Hub,Barisal,Sundarban Courier,Delivered,35.46
SHP100192,2026-07-28,Khulna DC,Comilla Hub,Comilla,Steadfast Courier,Delivered,17.54
SHP100193,2025-12-24,Chattogram DC,Mymensingh Hub,Mymensingh,Steadfast Courier,Delivered,34.48
SHP100194,2026-03-08,Chattogram DC,Narayanganj Hub,Narayanganj,Pathao Courier,Delivered,22.1
SHP100195,2026-02-28,Khulna DC,Barisal Hub,Barisal,Sundarban Courier,Delivered,31.28
SHP100196,2026-06-22,Chattogram DC,Narayanganj Hub,Narayanganj,Sundarban Courier,In Transit,41.88
SHP100197,2026-01-30,Chattogram DC,Mymensingh Hub,Mymensingh,Sundarban Courier,Delivered,41.79
SHP100198,2025-12-08,Chattogram DC,Mymensingh Hub,Mymensingh,RedX,Delivered,35.66
SHP100199,2025-09-08,Chattogram DC,Rangpur Hub,Rangpur,Pathao Courier,Delivered,33.75
SHP100200,2026-01-04,Khulna DC,Khulna Hub,Khulna,eCourier,Delivered,22.07
SHP100201,2026-06-13,Sylhet DC,Rangpur Hub,Rangpur,Steadfast Courier,Delivered,37.63
SHP100202,2025-09-04,Rajshahi DC,Khulna Hub,Khulna,RedX,Delivered,22.77
SHP100203,2026-07-08,Khulna DC,Rangpur Hub,Rangpur,RedX,Delivered,32.03
SHP100204,2026-03-07,Dhaka Hub,Sylhet Hub,Sylhet,RedX,Delivered,27.2
SHP100205,2025-10-19,Chattogram DC,Mymensingh Hub,Mymensingh,Sundarban Courier,Delivered,41.86
SHP100206,2025-12-14,Chattogram DC,Barisal Hub,Barisal,Pathao Courier,In Transit,21.16
SHP100207,2026-03-11,Sylhet DC,Mymensingh Hub,Mymensingh,RedX,Delivered,33.97
SHP100208,2025-12-19,Chattogram DC,Sylhet Hub,Sylhet,Pathao Courier,Delivered,21.21
SHP100209,2025-10-08,Rajshahi DC,Mymensingh Hub,Mymensingh,eCourier,Returned,39.89
SHP100210,2026-04-19,Chattogram DC,Comilla Hub,Comilla,Sundarban Courier,Delivered,19.8
SHP100211,2026-04-21,Sylhet DC,Chattogram Hub,Chattogram,Sundarban Courier,Delivered Late,45.16
SHP100212,2025-10-12,Dhaka Hub,Khulna Hub,Khulna,Sundarban Courier,Delivered,34.86
SHP100213,2025-12-07,Rajshahi DC,Rangpur Hub,Rangpur,Steadfast Courier,Delayed,46.21
SHP100214,2025-11-24,Rajshahi DC,Comilla Hub,Comilla,Pathao Courier,Delivered,22.87
SHP100215,2026-04-17,Khulna DC,Mymensingh Hub,Mymensingh,Pathao Courier,Delivered,35.32
SHP100216,2026-05-11,Chattogram DC,Rajshahi Hub,Rajshahi,Pathao Courier,Cancelled,30.16
SHP100217,2026-05-10,Dhaka Hub,Sylhet Hub,Sylhet,RedX,Delivered,18.94
SHP100218,2026-07-22,Khulna DC,Narayanganj Hub,Narayanganj,Steadfast Courier,Delivered,28.54
SHP100219,2026-05-24,Sylhet DC,Comilla Hub,Comilla,Pathao Courier,In Transit,26.13
SHP100220,2025-12-20,Rajshahi DC,Comilla Hub,Comilla,Steadfast Courier,In Transit,31.36
SHP100221,2025-10-08,Khulna DC,Khulna Hub,Khulna,Pathao Courier,Delivered,16.09
SHP100222,2026-04-01,Sylhet DC,Rajshahi Hub,Rajshahi,RedX,Delivered,36.49
SHP100223,2026-07-14,Rajshahi DC,Sylhet Hub,Sylhet,Pathao Courier,Delivered,19.52
SHP100224,2026-08-04,Rajshahi DC,Narayanganj Hub,Narayanganj,Sundarban Courier,Delayed,27.4
SHP100225,2025-11-19,Sylhet DC,Comilla Hub,Comilla,RedX,Delivered,32.22
SHP100226,2025-11-21,Dhaka Hub,Chattogram Hub,Chattogram,RedX,Delivered,22.55
SHP100227,2025-09-13,Dhaka Hub,Sylhet Hub,Sylhet,Pathao Courier,Delivered,23.56
SHP100228,2025-10-19,Sylhet DC,Barisal Hub,Barisal,eCourier,Delivered,27.28
SHP100229,2026-03-11,Sylhet DC,Rajshahi Hub,Rajshahi,Steadfast Courier,Delivered,37.85
SHP100230,2026-03-09,Dhaka Hub,Rajshahi Hub,Rajshahi,Sundarban Courier,Delivered,50.4
SHP100231,2026-01-07,Dhaka Hub,Khulna Hub,Khulna,RedX,Delivered,20.52
SHP100232,2025-12-17,Khulna DC,Rangpur Hub,Rangpur,eCourier,Delivered,43.21
SHP100233,2026-06-15,Khulna DC,Comilla Hub,Comilla,Pathao Courier,Delivered,25.0
SHP100234,2026-02-07,Dhaka Hub,Narayanganj Hub,Narayanganj,Steadfast Courier,Delivered,30.97
SHP100235,2026-06-07,Sylhet DC,Rajshahi Hub,Rajshahi,Sundarban Courier,Delivered,49.53
SHP100236,2026-07-31,Dhaka Hub,Comilla Hub,Comilla,eCourier,Delivered Late,21.21
SHP100237,2025-12-19,Khulna DC,Rangpur Hub,Rangpur,Pathao Courier,Delivered,35.67
SHP100238,2025-11-10,Rajshahi DC,Chattogram Hub,Chattogram,Sundarban Courier,Delivered,36.26
SHP100239,2026-07-27,Rajshahi DC,Mymensingh Hub,Mymensingh,RedX,Delivered,33.54
SHP100240,2026-04-08,Sylhet DC,Khulna Hub,Khulna,RedX,Delivered Late,23.26
SHP100241,2025-12-10,Khulna DC,Rangpur Hub,Rangpur,eCourier,Delivered,59.53
SHP100242,2026-04-04,Rajshahi DC,Mymensingh Hub,Mymensingh,Steadfast Courier,Returned,30.89
SHP100243,2026-02-26,Khulna DC,Narayanganj Hub,Narayanganj,Pathao Courier,Delivered,26.63
SHP100244,2026-07-11,Sylhet DC,Narayanganj Hub,Narayanganj,Pathao Courier,Delivered,30.91
SHP100245,2025-11-28,Khulna DC,Comilla Hub,Comilla,Sundarban Courier,Delivered,34.66
SHP100246,2026-08-10,Sylhet DC,Barisal Hub,Barisal,Sundarban Courier,Delivered,38.23
SHP100247,2026-07-21,Rajshahi DC,Rajshahi Hub,Rajshahi,Sundarban Courier,Cancelled,33.69
SHP100248,2025-11-02,Sylhet DC,Rajshahi Hub,Rajshahi,eCourier,Delivered,38.48
SHP100249,2025-10-27,Rajshahi DC,Narayanganj Hub,Narayanganj,eCourier,In Transit,28.27
SHP100250,2026-03-04,Dhaka Hub,Sylhet Hub,Sylhet,Pathao Courier,Returned,19.68
SHP100251,2025-09-16,Dhaka Hub,Barisal Hub,Barisal,Sundarban Courier,In Transit,41.1
SHP100252,2025-12-13,Dhaka Hub,Rangpur Hub,Rangpur,RedX,Delivered,34.42
SHP100253,2026-01-29,Sylhet DC,Dhaka Hub,Dhaka,Sundarban Courier,In Transit,58.08
SHP100254,2026-08-02,Khulna DC,Rangpur Hub,Rangpur,Pathao Courier,Delivered,31.52
SHP100255,2026-08-10,Chattogram DC,Sylhet Hub,Sylhet,Sundarban Courier,Delivered,34.74
SHP100256,2025-10-23,Dhaka Hub,Sylhet Hub,Sylhet,Sundarban Courier,Delivered,41.88
SHP100257,2026-07-06,Rajshahi DC,Rangpur Hub,Rangpur,Pathao Courier,Delayed,36.53
SHP100258,2025-10-02,Khulna DC,Dhaka Hub,Dhaka,eCourier,Delivered Late,48.03
SHP100259,2026-05-18,Khulna DC,Chattogram Hub,Chattogram,Sundarban Courier,Delivered,26.34
SHP100260,2026-06-20,Sylhet DC,Rajshahi Hub,Rajshahi,RedX,In Transit,30.59
SHP100261,2026-07-06,Sylhet DC,Barisal Hub,Barisal,RedX,Delivered,24.01
SHP100262,2025-11-17,Dhaka Hub,Chattogram Hub,Chattogram,Steadfast Courier,Delivered,32.4
SHP100263,2026-07-07,Dhaka Hub,Khulna Hub,Khulna,Pathao Courier,Delivered,23.19
SHP100264,2025-10-11,Rajshahi DC,Khulna Hub,Khulna,Pathao Courier,Delivered,29.55
SHP100265,2026-02-27,Chattogram DC,Barisal Hub,Barisal,Sundarban Courier,Delivered,36.99
SHP100266,2026-02-10,Khulna DC,Khulna Hub,Khulna,Sundarban Courier,In Transit,20.2
SHP100267,2025-12-19,Khulna DC,Dhaka Hub,Dhaka,Sundarban Courier,Returned,46.08
SHP100268,2025-09-08,Chattogram DC,Barisal Hub,Barisal,eCourier,Delivered,28.87
SHP100269,2026-05-26,Chattogram DC,Comilla Hub,Comilla,Pathao Courier,Delivered,26.24
SHP100270,2025-12-26,Khulna DC,Barisal Hub,Barisal,Pathao Courier,Delivered,27.32
SHP100271,2026-04-17,Dhaka Hub,Khulna Hub,Khulna,Sundarban Courier,Delivered Late,44.49
SHP100272,2026-01-20,Sylhet DC,Rajshahi Hub,Rajshahi,eCourier,Delivered,47.8
SHP100273,2026-01-08,Rajshahi DC,Chattogram Hub,Chattogram,eCourier,Delivered,39.87
SHP100274,2026-07-04,Khulna DC,Sylhet Hub,Sylhet,eCourier,Delivered,33.98
SHP100275,2025-10-03,Khulna DC,Rajshahi Hub,Rajshahi,RedX,Delivered,31.48
SHP100276,2026-05-13,Dhaka Hub,Barisal Hub,Barisal,eCourier,Delayed,27.32
SHP100277,2026-05-17,Dhaka Hub,Rajshahi Hub,Rajshahi,RedX,Delivered,29.32
SHP100278,2026-01-10,Chattogram DC,Narayanganj Hub,Narayanganj,Pathao Courier,Delivered,30.05
SHP100279,2025-11-30,Chattogram DC,Rangpur Hub,Rangpur,RedX,Delivered,33.11
SHP100280,2025-09-02,Dhaka Hub,Dhaka Hub,Dhaka,eCourier,Delivered,31.24
SHP100281,2026-07-22,Rajshahi DC,Barisal Hub,Barisal,Sundarban Courier,Delivered,30.92
SHP100282,2026-07-25,Dhaka Hub,Barisal Hub,Barisal,RedX,Delivered,28.61
SHP100283,2025-11-23,Khulna DC,Dhaka Hub,Dhaka,Sundarban Courier,Delivered Late,42.52
SHP100284,2025-09-12,Sylhet DC,Khulna Hub,Khulna,RedX,Delivered,18.11
SHP100285,2025-10-13,Khulna DC,Comilla Hub,Comilla,Pathao Courier,Delivered,23.26
SHP100286,2025-09-24,Chattogram DC,Khulna Hub,Khulna,RedX,Delivered,22.0
SHP100287,2026-06-15,Chattogram DC,Rajshahi Hub,Rajshahi,Steadfast Courier,Delivered,33.38
SHP100288,2026-07-06,Khulna DC,Sylhet Hub,Sylhet,Pathao Courier,Delivered,26.07
SHP100289,2025-10-24,Chattogram DC,Dhaka Hub,Dhaka,Sundarban Courier,In Transit,54.93
SHP100290,2026-05-17,Khulna DC,Khulna Hub,Khulna,Pathao Courier,Delivered,18.13
SHP100291,2025-11-02,Dhaka Hub,Mymensingh Hub,Mymensingh,Pathao Courier,In Transit,18.38
SHP100292,2026-01-06,Dhaka Hub,Narayanganj Hub,Narayanganj,Steadfast Courier,Delivered,31.42
SHP100293,2026-03-27,Khulna DC,Rangpur Hub,Rangpur,Sundarban Courier,Delivered,40.18
SHP100294,2026-05-08,Khulna DC,Comilla Hub,Comilla,Sundarban Courier,Delivered,30.69
SHP100295,2026-06-30,Dhaka Hub,Rangpur Hub,Rangpur,Pathao Courier,Delivered,31.5
SHP100296,2025-09-16,Rajshahi DC,Rangpur Hub,Rangpur,Steadfast Courier,Delivered,37.16
SHP100297,2025-11-07,Dhaka Hub,Rajshahi Hub,Rajshahi,Pathao Courier,Delivered Late,23.02
SHP100298,2025-12-07,Rajshahi DC,Dhaka Hub,Dhaka,eCourier,Delivered,50.43
SHP100299,2025-12-17,Khulna DC,Rajshahi Hub,Rajshahi,Sundarban Courier,Delivered,42.9
SHP100300,2026-08-12,Rajshahi DC,Comilla Hub,Comilla,Pathao Courier,Delivered,26.91
SHP100301,2026-05-27,Rajshahi DC,Barisal Hub,Barisal,RedX,Delivered,28.84
SHP100302,2025-12-20,Chattogram DC,Mymensingh Hub,Mymensingh,Pathao Courier,Delivered,27.23
SHP100303,2026-08-03,Khulna DC,Dhaka Hub,Dhaka,RedX,Delivered,41.25
SHP100304,2026-02-20,Chattogram DC,Sylhet Hub,Sylhet,Pathao Courier,Delivered,28.29
SHP100305,2026-02-21,Sylhet DC,Sylhet Hub,Sylhet,eCourier,Delivered,18.95
SHP100306,2026-01-29,Chattogram DC,Khulna Hub,Khulna,eCourier,Delivered Late,34.57
SHP100307,2025-10-20,Sylhet DC,Narayanganj Hub,Narayanganj,eCourier,Delivered Late,34.1
SHP100308,2026-07-21,Rajshahi DC,Rajshahi Hub,Rajshahi,Pathao Courier,Delivered,30.84
SHP100309,2025-09-05,Sylhet DC,Rangpur Hub,Rangpur,eCourier,Delivered,47.41
SHP100310,2025-10-31,Dhaka Hub,Rangpur Hub,Rangpur,Steadfast Courier,Delivered,40.73
SHP100311,2025-11-19,Chattogram DC,Rajshahi Hub,Rajshahi,Pathao Courier,Delivered,34.91
SHP100312,2025-12-06,Khulna DC,Narayanganj Hub,Narayanganj,Pathao Courier,Delivered,25.54
SHP100313,2025-10-16,Sylhet DC,Sylhet Hub,Sylhet,eCourier,Delivered,23.3
SHP100314,2025-09-07,Sylhet DC,Dhaka Hub,Dhaka,Pathao Courier,Delivered,41.45
SHP100315,2026-04-23,Sylhet DC,Mymensingh Hub,Mymensingh,RedX,Delivered,40.7
SHP100316,2026-08-02,Chattogram DC,Rangpur Hub,Rangpur,eCourier,Delivered,33.71
SHP100317,2025-10-13,Sylhet DC,Sylhet Hub,Sylhet,Pathao Courier,Delivered,25.77
SHP100318,2025-12-12,Khulna DC,Comilla Hub,Comilla,RedX,Delivered,20.65
SHP100319,2026-02-23,Rajshahi DC,Chattogram Hub,Chattogram,RedX,Delivered,25.19
SHP100320,2026-07-18,Khulna DC,Sylhet Hub,Sylhet,Sundarban Courier,Delivered Late,38.3
SHP100321,2026-04-29,Rajshahi DC,Chattogram Hub,Chattogram,Steadfast Courier,Delivered,33.36
SHP100322,2026-05-24,Rajshahi DC,Chattogram Hub,Chattogram,Pathao Courier,Delivered,25.97
SHP100323,2026-03-21,Dhaka Hub,Mymensingh Hub,Mymensingh,Sundarban Courier,In Transit,39.59
SHP100324,2026-01-23,Chattogram DC,Mymensingh Hub,Mymensingh,eCourier,Delivered,24.05
SHP100325,2025-11-09,Chattogram DC,Rangpur Hub,Rangpur,Pathao Courier,Delivered,38.99
SHP100326,2026-06-27,Dhaka Hub,Comilla Hub,Comilla,eCourier,Delivered Late,35.07
SHP100327,2026-06-06,Dhaka Hub,Dhaka Hub,Dhaka,Pathao Courier,Delivered,33.01
SHP100328,2025-09-09,Khulna DC,Rangpur Hub,Rangpur,Sundarban Courier,Delayed,52.45
SHP100329,2026-05-06,Chattogram DC,Chattogram Hub,Chattogram,Pathao Courier,In Transit,19.44
SHP100330,2025-09-30,Dhaka Hub,Narayanganj Hub,Narayanganj,RedX,Delivered,28.44
SHP100331,2026-05-14,Chattogram DC,Rangpur Hub,Rangpur,eCourier,Delivered,36.24
SHP100332,2026-06-13,Chattogram DC,Mymensingh Hub,Mymensingh,eCourier,Delivered,31.18
SHP100333,2025-10-16,Dhaka Hub,Barisal Hub,Barisal,Steadfast Courier,Delivered,27.41
SHP100334,2026-01-29,Dhaka Hub,Khulna Hub,Khulna,RedX,Delivered,30.36
SHP100335,2025-10-13,Khulna DC,Rangpur Hub,Rangpur,eCourier,Delayed,37.41
SHP100336,2026-03-16,Rajshahi DC,Comilla Hub,Comilla,RedX,Delivered,28.93
SHP100337,2026-07-18,Sylhet DC,Chattogram Hub,Chattogram,Steadfast Courier,In Transit,37.15
SHP100338,2025-09-28,Khulna DC,Comilla Hub,Comilla,RedX,Delivered,24.99
SHP100339,2026-01-16,Rajshahi DC,Mymensingh Hub,Mymensingh,Steadfast Courier,Delivered,35.01
SHP100340,2026-08-03,Rajshahi DC,Dhaka Hub,Dhaka,Pathao Courier,In Transit,44.3
SHP100341,2025-12-14,Dhaka Hub,Narayanganj Hub,Narayanganj,Sundarban Courier,Delivered,33.44
SHP100342,2025-10-16,Rajshahi DC,Chattogram Hub,Chattogram,eCourier,Delivered,32.58
SHP100343,2026-02-17,Dhaka Hub,Rangpur Hub,Rangpur,Pathao Courier,Delivered,34.7
SHP100344,2026-02-23,Dhaka Hub,Chattogram Hub,Chattogram,Pathao Courier,Delivered,33.15
SHP100345,2026-04-18,Sylhet DC,Chattogram Hub,Chattogram,Steadfast Courier,Delivered,28.06
SHP100346,2025-12-18,Khulna DC,Rangpur Hub,Rangpur,Sundarban Courier,Delivered,40.65
SHP100347,2026-07-28,Dhaka Hub,Rangpur Hub,Rangpur,Pathao Courier,In Transit,32.86
SHP100348,2026-02-28,Chattogram DC,Rangpur Hub,Rangpur,Sundarban Courier,Delivered,51.92
SHP100349,2025-12-09,Chattogram DC,Khulna Hub,Khulna,Sundarban Courier,In Transit,21.75
SHP100350,2026-07-30,Chattogram DC,Comilla Hub,Comilla,RedX,In Transit,19.88
SHP100351,2026-07-17,Rajshahi DC,Dhaka Hub,Dhaka,Steadfast Courier,Delivered,40.16
SHP100352,2026-02-20,Chattogram DC,Comilla Hub,Comilla,Steadfast Courier,Delivered Late,26.56
SHP100353,2025-09-09,Chattogram DC,Khulna Hub,Khulna,RedX,Delivered Late,25.1
SHP100354,2026-03-26,Dhaka Hub,Rangpur Hub,Rangpur,RedX,Delivered,38.77
SHP100355,2026-03-12,Dhaka Hub,Narayanganj Hub,Narayanganj,Sundarban Courier,Delivered,42.01
SHP100356,2025-10-22,Dhaka Hub,Sylhet Hub,Sylhet,eCourier,Delivered Late,34.27
SHP100357,2026-04-08,Sylhet DC,Rajshahi Hub,Rajshahi,Pathao Courier,Returned,31.07
SHP100358,2026-06-18,Sylhet DC,Comilla Hub,Comilla,Pathao Courier,Returned,24.08
SHP100359,2025-10-07,Sylhet DC,Comilla Hub,Comilla,Steadfast Courier,Delivered,34.31
SHP100360,2026-05-09,Rajshahi DC,Sylhet Hub,Sylhet,Steadfast Courier,Delivered Late,21.98
SHP100361,2025-10-19,Sylhet DC,Barisal Hub,Barisal,Sundarban Courier,Delivered,32.39
SHP100362,2026-05-18,Dhaka Hub,Khulna Hub,Khulna,RedX,In Transit,31.21
SHP100363,2026-01-24,Chattogram DC,Barisal Hub,Barisal,Sundarban Courier,Delivered,23.57
SHP100364,2025-09-03,Chattogram DC,Khulna Hub,Khulna,Sundarban Courier,Delayed,35.94
SHP100365,2026-08-01,Rajshahi DC,Dhaka Hub,Dhaka,Sundarban Courier,Returned,46.52
SHP100366,2025-10-28,Chattogram DC,Narayanganj Hub,Narayanganj,Pathao Courier,Delivered,23.21
SHP100367,2026-03-26,Dhaka Hub,Rangpur Hub,Rangpur,RedX,Cancelled,31.91
SHP100368,2025-11-02,Khulna DC,Rajshahi Hub,Rajshahi,Sundarban Courier,Delivered,45.61
SHP100369,2026-07-20,Sylhet DC,Chattogram Hub,Chattogram,RedX,Delivered,29.97
SHP100370,2026-05-14,Dhaka Hub,Dhaka Hub,Dhaka,Pathao Courier,Delivered,23.7
SHP100371,2026-06-06,Khulna DC,Rajshahi Hub,Rajshahi,Steadfast Courier,Delivered,41.84
SHP100372,2026-01-28,Chattogram DC,Rangpur Hub,Rangpur,RedX,Delivered,37.48
SHP100373,2026-02-09,Rajshahi DC,Sylhet Hub,Sylhet,Steadfast Courier,Delivered,28.52
SHP100374,2026-04-08,Rajshahi DC,Mymensingh Hub,Mymensingh,Pathao Courier,Delivered,33.48
SHP100375,2026-05-30,Chattogram DC,Khulna Hub,Khulna,RedX,Delivered,18.28
SHP100376,2026-06-21,Sylhet DC,Dhaka Hub,Dhaka,eCourier,Delivered,49.69
SHP100377,2025-09-07,Sylhet DC,Barisal Hub,Barisal,Sundarban Courier,In Transit,36.58
SHP100378,2026-04-18,Khulna DC,Chattogram Hub,Chattogram,Pathao Courier,Delivered,25.87
SHP100379,2025-10-08,Dhaka Hub,Dhaka Hub,Dhaka,Pathao Courier,Delivered,29.12
SHP100380,2025-12-09,Chattogram DC,Chattogram Hub,Chattogram,Pathao Courier,Delivered,21.68
SHP100381,2026-06-14,Dhaka Hub,Sylhet Hub,Sylhet,Sundarban Courier,In Transit,35.63
SHP100382,2025-11-26,Khulna DC,Barisal Hub,Barisal,Sundarban Courier,Delivered,28.61
SHP100383,2026-06-03,Dhaka Hub,Narayanganj Hub,Narayanganj,Pathao Courier,In Transit,31.89
SHP100384,2026-02-08,Sylhet DC,Sylhet Hub,Sylhet,RedX,Delivered Late,12.9
SHP100385,2025-11-20,Khulna DC,Dhaka Hub,Dhaka,Pathao Courier,In Transit,33.1
SHP100386,2025-12-25,Rajshahi DC,Chattogram Hub,Chattogram,Sundarban Courier,Delivered,34.55
SHP100387,2026-03-03,Chattogram DC,Khulna Hub,Khulna,RedX,Delivered,22.77
SHP100388,2026-05-23,Dhaka Hub,Sylhet Hub,Sylhet,Pathao Courier,Delivered,23.15
SHP100389,2026-03-29,Khulna DC,Khulna Hub,Khulna,Pathao Courier,Delivered,20.87
SHP100390,2026-07-20,Dhaka Hub,Narayanganj Hub,Narayanganj,Pathao Courier,Delivered,25.55
SHP100391,2026-06-28,Dhaka Hub,Khulna Hub,Khulna,Pathao Courier,Delivered,15.05
SHP100392,2026-05-19,Rajshahi DC,Rangpur Hub,Rangpur,Sundarban Courier,Delivered,63.6
SHP100393,2026-03-28,Rajshahi DC,Rangpur Hub,Rangpur,Pathao Courier,Delivered,33.46
SHP100394,2025-12-10,Khulna DC,Chattogram Hub,Chattogram,Pathao Courier,Delivered,23.98
SHP100395,2026-01-21,Rajshahi DC,Sylhet Hub,Sylhet,Steadfast Courier,Delivered,32.61
SHP100396,2025-10-12,Dhaka Hub,Rajshahi Hub,Rajshahi,Steadfast Courier,Delivered,43.08
SHP100397,2026-01-08,Dhaka Hub,Rajshahi Hub,Rajshahi,Pathao Courier,Delivered,32.66
SHP100398,2026-07-18,Chattogram DC,Dhaka Hub,Dhaka,Sundarban Courier,Delivered,52.93
SHP100399,2026-01-26,Dhaka Hub,Rangpur Hub,Rangpur,Sundarban Courier,Delivered,48.73
SHP100400,2025-10-10,Rajshahi DC,Khulna Hub,Khulna,eCourier,Delivered Late,23.01
SHP100401,2026-04-14,Dhaka Hub,Khulna Hub,Khulna,eCourier,In Transit,27.89
SHP100402,2026-07-31,Sylhet DC,Rangpur Hub,Rangpur,Pathao Courier,Delivered,30.37
SHP100403,2026-06-28,Rajshahi DC,Narayanganj Hub,Narayanganj,Pathao Courier,Delivered,25.29
SHP100404,2025-12-04,Khulna DC,Comilla Hub,Comilla,Sundarban Courier,Delivered,34.55
SHP100405,2026-02-05,Chattogram DC,Narayanganj Hub,Narayanganj,Steadfast Courier,Delivered Late,29.24
SHP100406,2026-03-03,Sylhet DC,Rajshahi Hub,Rajshahi,Steadfast Courier,Delivered,39.02
SHP100407,2025-11-25,Sylhet DC,Chattogram Hub,Chattogram,Pathao Courier,Delivered,29.39
SHP100408,2025-12-02,Khulna DC,Sylhet Hub,Sylhet,RedX,Delivered,27.46
SHP100409,2025-11-21,Sylhet DC,Khulna Hub,Khulna,Pathao Courier,Delivered Late,25.05
SHP100410,2026-08-11,Chattogram DC,Khulna Hub,Khulna,RedX,Delivered,20.44
SHP100411,2026-05-17,Khulna DC,Sylhet Hub,Sylhet,Steadfast Courier,Delivered Late,28.07
SHP100412,2026-06-18,Rajshahi DC,Chattogram Hub,Chattogram,Sundarban Courier,Delivered,48.06
SHP100413,2026-06-10,Sylhet DC,Chattogram Hub,Chattogram,Pathao Courier,In Transit,38.63
SHP100414,2026-07-29,Dhaka Hub,Rangpur Hub,Rangpur,RedX,Returned,28.27
SHP100415,2025-10-07,Sylhet DC,Rajshahi Hub,Rajshahi,Sundarban Courier,Delivered,48.3
SHP100416,2026-07-03,Rajshahi DC,Dhaka Hub,Dhaka,eCourier,Delivered,40.8
SHP100417,2025-09-24,Rajshahi DC,Barisal Hub,Barisal,Sundarban Courier,Delivered Late,36.03
SHP100418,2026-02-12,Sylhet DC,Comilla Hub,Comilla,Steadfast Courier,In Transit,24.96
SHP100419,2026-03-25,Dhaka Hub,Rajshahi Hub,Rajshahi,Pathao Courier,Delivered,19.46
SHP100420,2026-01-02,Sylhet DC,Khulna Hub,Khulna,Pathao Courier,Delivered,27.19
SHP100421,2025-10-21,Rajshahi DC,Sylhet Hub,Sylhet,Sundarban Courier,Cancelled,36.25
SHP100422,2025-11-06,Rajshahi DC,Khulna Hub,Khulna,Pathao Courier,Delivered,20.75
SHP100423,2026-06-13,Dhaka Hub,Sylhet Hub,Sylhet,Sundarban Courier,Cancelled,34.35
SHP100424,2025-12-20,Chattogram DC,Narayanganj Hub,Narayanganj,RedX,Delivered,34.56
SHP100425,2025-12-17,Sylhet DC,Narayanganj Hub,Narayanganj,Pathao Courier,Delivered,27.46
SHP100426,2026-07-17,Dhaka Hub,Khulna Hub,Khulna,Pathao Courier,Cancelled,26.97
SHP100427,2025-10-20,Rajshahi DC,Narayanganj Hub,Narayanganj,Pathao Courier,Delivered,29.82
SHP100428,2026-07-14,Dhaka Hub,Comilla Hub,Comilla,Pathao Courier,Delivered,27.66
SHP100429,2026-07-16,Khulna DC,Dhaka Hub,Dhaka,Steadfast Courier,Delivered,30.63
SHP100430,2026-03-27,Rajshahi DC,Rajshahi Hub,Rajshahi,Steadfast Courier,Delivered,28.31
SHP100431,2025-10-28,Khulna DC,Rangpur Hub,Rangpur,Pathao Courier,Delivered,37.85
SHP100432,2025-10-24,Khulna DC,Rajshahi Hub,Rajshahi,eCourier,Delivered,22.54
SHP100433,2025-12-08,Chattogram DC,Rajshahi Hub,Rajshahi,eCourier,Delivered,40.91
SHP100434,2026-03-19,Rajshahi DC,Rajshahi Hub,Rajshahi,Steadfast Courier,Delivered,21.4
SHP100435,2025-10-24,Sylhet DC,Rangpur Hub,Rangpur,Sundarban Courier,Delivered,48.94
SHP100436,2026-02-05,Dhaka Hub,Sylhet Hub,Sylhet,Sundarban Courier,Delayed,44.23
SHP100437,2025-10-10,Chattogram DC,Barisal Hub,Barisal,Sundarban Courier,In Transit,36.82
SHP100438,2026-03-06,Chattogram DC,Sylhet Hub,Sylhet,eCourier,Delivered,24.26
SHP100439,2025-09-08,Sylhet DC,Comilla Hub,Comilla,eCourier,Cancelled,28.04
SHP100440,2026-05-04,Chattogram DC,Dhaka Hub,Dhaka,Sundarban Courier,Delivered,62.74
SHP100441,2025-09-20,Sylhet DC,Dhaka Hub,Dhaka,Pathao Courier,Delivered,27.06
SHP100442,2025-11-07,Sylhet DC,Dhaka Hub,Dhaka,eCourier,Delivered,38.19
SHP100443,2025-10-31,Chattogram DC,Khulna Hub,Khulna,eCourier,In Transit,29.5
SHP100444,2026-06-15,Khulna DC,Rangpur Hub,Rangpur,Sundarban Courier,Delivered,49.87
SHP100445,2025-09-19,Chattogram DC,Narayanganj Hub,Narayanganj,RedX,Delivered,29.87
SHP100446,2026-01-27,Khulna DC,Rajshahi Hub,Rajshahi,Sundarban Courier,Cancelled,37.71
SHP100447,2026-03-24,Chattogram DC,Chattogram Hub,Chattogram,Sundarban Courier,Delivered Late,30.59
SHP100448,2026-02-26,Rajshahi DC,Khulna Hub,Khulna,RedX,Delivered Late,24.23
SHP100449,2026-04-24,Chattogram DC,Chattogram Hub,Chattogram,eCourier,Delivered Late,33.3
SHP100450,2026-06-05,Dhaka Hub,Rajshahi Hub,Rajshahi,Steadfast Courier,Delivered,37.23
SHP100451,2026-01-15,Dhaka Hub,Mymensingh Hub,Mymensingh,Sundarban Courier,Delivered,46.78
SHP100452,2026-06-14,Rajshahi DC,Dhaka Hub,Dhaka,Sundarban Courier,Delivered Late,41.53
SHP100453,2025-12-20,Rajshahi DC,Mymensingh Hub,Mymensingh,Sundarban Courier,Delivered,45.54
SHP100454,2026-08-07,Chattogram DC,Sylhet Hub,Sylhet,Pathao Courier,Delivered,34.25
SHP100455,2026-02-22,Khulna DC,Rangpur Hub,Rangpur,Sundarban Courier,Returned,46.62
SHP100456,2026-05-13,Sylhet DC,Comilla Hub,Comilla,Pathao Courier,Delivered,28.69
SHP100457,2026-06-30,Dhaka Hub,Mymensingh Hub,Mymensingh,Sundarban Courier,Delivered,32.74
SHP100458,2026-06-02,Sylhet DC,Rangpur Hub,Rangpur,Pathao Courier,Delivered,37.39
SHP100459,2026-06-22,Khulna DC,Rangpur Hub,Rangpur,Sundarban Courier,In Transit,39.36
SHP100460,2026-03-05,Rajshahi DC,Chattogram Hub,Chattogram,eCourier,Cancelled,34.28
SHP100461,2025-09-16,Rajshahi DC,Chattogram Hub,Chattogram,Pathao Courier,Delivered,29.35
SHP100462,2026-02-18,Dhaka Hub,Khulna Hub,Khulna,RedX,Delivered,22.67
SHP100463,2025-11-02,Chattogram DC,Rangpur Hub,Rangpur,Steadfast Courier,Delivered Late,39.19
SHP100464,2026-07-05,Sylhet DC,Rangpur Hub,Rangpur,RedX,Delivered,30.32
SHP100465,2025-11-21,Dhaka Hub,Mymensingh Hub,Mymensingh,Pathao Courier,Delivered,29.0
SHP100466,2025-11-18,Sylhet DC,Khulna Hub,Khulna,Sundarban Courier,Delivered,38.83
SHP100467,2025-11-26,Dhaka Hub,Comilla Hub,Comilla,RedX,Delivered,18.69
SHP100468,2026-04-11,Dhaka Hub,Rajshahi Hub,Rajshahi,RedX,Delivered,29.1
SHP100469,2026-03-17,Dhaka Hub,Sylhet Hub,Sylhet,Pathao Courier,Delivered Late,22.29
SHP100470,2026-07-26,Chattogram DC,Mymensingh Hub,Mymensingh,Sundarban Courier,Delivered,47.52
SHP100471,2026-01-23,Khulna DC,Chattogram Hub,Chattogram,RedX,In Transit,28.03
SHP100472,2025-12-07,Dhaka Hub,Rajshahi Hub,Rajshahi,Pathao Courier,Delivered,38.05
SHP100473,2025-09-18,Rajshahi DC,Mymensingh Hub,Mymensingh,RedX,Delivered,25.07
SHP100474,2025-09-03,Chattogram DC,Mymensingh Hub,Mymensingh,Pathao Courier,Delivered Late,31.8
SHP100475,2026-01-08,Dhaka Hub,Sylhet Hub,Sylhet,Sundarban Courier,Delivered,36.8
SHP100476,2026-07-18,Chattogram DC,Chattogram Hub,Chattogram,eCourier,Delivered,23.44
SHP100477,2026-03-01,Khulna DC,Dhaka Hub,Dhaka,Pathao Courier,Delivered,37.11
SHP100478,2026-07-07,Dhaka Hub,Dhaka Hub,Dhaka,RedX,Delivered Late,26.83
SHP100479,2025-10-06,Dhaka Hub,Comilla Hub,Comilla,Sundarban Courier,In Transit,26.17
SHP100480,2025-10-03,Rajshahi DC,Mymensingh Hub,Mymensingh,Sundarban Courier,Delivered,41.54
SHP100481,2026-06-16,Sylhet DC,Barisal Hub,Barisal,Steadfast Courier,In Transit,30.24
SHP100482,2025-10-07,Chattogram DC,Barisal Hub,Barisal,Sundarban Courier,Delivered,35.22
SHP100483,2025-09-18,Khulna DC,Khulna Hub,Khulna,Pathao Courier,Delivered,18.17
SHP100484,2026-01-18,Rajshahi DC,Chattogram Hub,Chattogram,Steadfast Courier,Delivered,31.33
SHP100485,2026-07-17,Chattogram DC,Dhaka Hub,Dhaka,eCourier,Delayed,42.92
SHP100486,2026-04-27,Sylhet DC,Rangpur Hub,Rangpur,RedX,Delivered,31.13
SHP100487,2025-10-05,Dhaka Hub,Dhaka Hub,Dhaka,Pathao Courier,Delivered,30.3
SHP100488,2026-06-17,Chattogram DC,Chattogram Hub,Chattogram,Pathao Courier,Delivered Late,24.99
SHP100489,2026-06-19,Sylhet DC,Mymensingh Hub,Mymensingh,RedX,Delivered,26.53
SHP100490,2026-06-05,Dhaka Hub,Barisal Hub,Barisal,Pathao Courier,Delivered,20.54
SHP100491,2026-07-10,Rajshahi DC,Rajshahi Hub,Rajshahi,Pathao Courier,Delivered,23.39
SHP100492,2025-11-22,Rajshahi DC,Sylhet Hub,Sylhet,eCourier,Delivered,30.58
SHP100493,2026-08-05,Chattogram DC,Chattogram Hub,Chattogram,Sundarban Courier,Delivered,28.12
SHP100494,2025-12-20,Chattogram DC,Rajshahi Hub,Rajshahi,Pathao Courier,Delivered,31.18
SHP100495,2026-06-05,Dhaka Hub,Khulna Hub,Khulna,Pathao Courier,Delivered Late,17.28
SHP100496,2026-03-20,Sylhet DC,Barisal Hub,Barisal,Sundarban Courier,In Transit,26.51
SHP100497,2026-05-28,Dhaka Hub,Chattogram Hub,Chattogram,RedX,Delayed,26.44
SHP100498,2026-04-06,Chattogram DC,Sylhet Hub,Sylhet,Steadfast Courier,Delivered,28.79
SHP100499,2026-04-11,Sylhet DC,Chattogram Hub,Chattogram,Pathao Courier,Delivered,24.95
SHP100500,2026-04-02,Khulna DC,Rajshahi Hub,Rajshahi,Pathao Courier,Delivered,32.39
SHP100501,2026-05-28,Sylhet DC,Sylhet Hub,Sylhet,RedX,Delivered,18.49
SHP100502,2026-05-14,Chattogram DC,Sylhet Hub,Sylhet,Sundarban Courier,Delivered,39.25
SHP100503,2025-10-17,Khulna DC,Barisal Hub,Barisal,Sundarban Courier,Delivered,38.3
SHP100504,2026-06-13,Khulna DC,Rajshahi Hub,Rajshahi,Steadfast Courier,Delivered,32.87
SHP100505,2026-03-05,Khulna DC,Sylhet Hub,Sylhet,RedX,In Transit,26.05
SHP100506,2025-12-21,Sylhet DC,Rangpur Hub,Rangpur,Sundarban Courier,Delivered,55.87
SHP100507,2026-02-25,Rajshahi DC,Khulna Hub,Khulna,Steadfast Courier,Delayed,30.03
SHP100508,2026-08-01,Chattogram DC,Khulna Hub,Khulna,Pathao Courier,Delivered,30.32
SHP100509,2026-06-24,Rajshahi DC,Rajshahi Hub,Rajshahi,Steadfast Courier,Returned,30.23
SHP100510,2026-06-16,Chattogram DC,Chattogram Hub,Chattogram,RedX,Delivered,22.83
SHP100511,2026-02-08,Chattogram DC,Rajshahi Hub,Rajshahi,RedX,Delivered,31.66
SHP100512,2026-05-30,Sylhet DC,Barisal Hub,Barisal,Steadfast Courier,Delivered,28.42
SHP100513,2026-01-12,Sylhet DC,Chattogram Hub,Chattogram,RedX,Delivered,32.37
SHP100514,2026-04-26,Khulna DC,Barisal Hub,Barisal,Sundarban Courier,In Transit,33.58
SHP100515,2026-04-10,Chattogram DC,Dhaka Hub,Dhaka,Pathao Courier,Delivered,29.25
SHP100516,2025-11-26,Rajshahi DC,Rangpur Hub,Rangpur,RedX,In Transit,28.65
SHP100517,2025-12-02,Chattogram DC,Dhaka Hub,Dhaka,RedX,Delivered,27.79
SHP100518,2025-09-22,Sylhet DC,Chattogram Hub,Chattogram,Pathao Courier,Returned,32.55
SHP100519,2025-10-19,Rajshahi DC,Khulna Hub,Khulna,eCourier,Delivered,34.87
SHP100520,2026-01-29,Sylhet DC,Rangpur Hub,Rangpur,RedX,Delivered,36.37
SHP100521,2026-02-13,Khulna DC,Mymensingh Hub,Mymensingh,Sundarban Courier,In Transit,46.63
SHP100522,2025-10-28,Rajshahi DC,Rajshahi Hub,Rajshahi,Pathao Courier,Delivered,19.03
SHP100523,2026-01-23,Rajshahi DC,Chattogram Hub,Chattogram,Sundarban Courier,Delivered,38.99
SHP100524,2026-03-29,Sylhet DC,Khulna Hub,Khulna,Pathao Courier,Delivered,23.62
SHP100525,2025-11-20,Sylhet DC,Mymensingh Hub,Mymensingh,Pathao Courier,Delivered,31.63
SHP100526,2025-12-27,Dhaka Hub,Dhaka Hub,Dhaka,Sundarban Courier,In Transit,32.56
SHP100527,2026-01-06,Sylhet DC,Mymensingh Hub,Mymensingh,Pathao Courier,Delivered,30.43
SHP100528,2026-02-22,Rajshahi DC,Khulna Hub,Khulna,Pathao Courier,In Transit,26.58
SHP100529,2026-01-05,Sylhet DC,Dhaka Hub,Dhaka,RedX,Delayed,32.93
SHP100530,2026-05-13,Chattogram DC,Rangpur Hub,Rangpur,Sundarban Courier,Delivered Late,37.41
SHP100531,2025-12-23,Dhaka Hub,Dhaka Hub,Dhaka,Steadfast Courier,Delivered,29.11
SHP100532,2026-01-29,Chattogram DC,Khulna Hub,Khulna,Steadfast Courier,Delivered,32.75
SHP100533,2026-01-10,Chattogram DC,Chattogram Hub,Chattogram,RedX,Returned,22.84
SHP100534,2025-11-03,Rajshahi DC,Barisal Hub,Barisal,Steadfast Courier,Delivered Late,35.18
SHP100535,2026-04-26,Sylhet DC,Dhaka Hub,Dhaka,Steadfast Courier,Delivered,36.23
SHP100536,2025-11-21,Dhaka Hub,Dhaka Hub,Dhaka,Sundarban Courier,Delayed,34.48
SHP100537,2025-12-12,Dhaka Hub,Barisal Hub,Barisal,eCourier,Delivered,33.96
SHP100538,2026-06-02,Rajshahi DC,Narayanganj Hub,Narayanganj,Pathao Courier,Delivered Late,30.75
SHP100539,2026-07-26,Rajshahi DC,Dhaka Hub,Dhaka,RedX,Delivered,44.45
SHP100540,2026-04-21,Khulna DC,Rajshahi Hub,Rajshahi,Sundarban Courier,In Transit,43.98
SHP100541,2026-07-15,Dhaka Hub,Comilla Hub,Comilla,Pathao Courier,Delivered Late,23.3
SHP100542,2026-06-23,Dhaka Hub,Sylhet Hub,Sylhet,Pathao Courier,Delivered,27.0
SHP100543,2026-02-14,Dhaka Hub,Rajshahi Hub,Rajshahi,Steadfast Courier,Delivered,35.72
SHP100544,2026-05-25,Khulna DC,Comilla Hub,Comilla,Sundarban Courier,Delayed,28.86
SHP100545,2025-12-23,Khulna DC,Mymensingh Hub,Mymensingh,Pathao Courier,Delivered Late,33.42
SHP100546,2026-02-07,Rajshahi DC,Sylhet Hub,Sylhet,Pathao Courier,Delivered,23.39
SHP100547,2026-03-05,Dhaka Hub,Mymensingh Hub,Mymensingh,Sundarban Courier,Returned,50.51
SHP100548,2026-07-30,Dhaka Hub,Rangpur Hub,Rangpur,eCourier,Delivered,40.18
SHP100549,2026-06-21,Rajshahi DC,Barisal Hub,Barisal,eCourier,Delivered,31.42
SHP100550,2026-02-17,Rajshahi DC,Rajshahi Hub,Rajshahi,Sundarban Courier,Cancelled,39.56
SHP100551,2026-04-14,Khulna DC,Narayanganj Hub,Narayanganj,Pathao Courier,Delivered,30.69
SHP100552,2025-11-10,Dhaka Hub,Comilla Hub,Comilla,Pathao Courier,In Transit,25.09
SHP100553,2026-06-06,Dhaka Hub,Narayanganj Hub,Narayanganj,Sundarban Courier,In Transit,44.53
SHP100554,2026-03-11,Dhaka Hub,Rangpur Hub,Rangpur,eCourier,Delivered,38.41
SHP100555,2026-03-04,Khulna DC,Khulna Hub,Khulna,eCourier,Delivered,23.87
SHP100556,2026-05-24,Rajshahi DC,Chattogram Hub,Chattogram,Sundarban Courier,In Transit,45.63
SHP100557,2026-04-07,Khulna DC,Chattogram Hub,Chattogram,RedX,Delivered,24.29
SHP100558,2025-09-26,Chattogram DC,Narayanganj Hub,Narayanganj,Sundarban Courier,Delivered,30.29
SHP100559,2025-12-09,Khulna DC,Khulna Hub,Khulna,RedX,Delivered,13.81
SHP100560,2025-11-01,Dhaka Hub,Chattogram Hub,Chattogram,RedX,Delivered,33.73
SHP100561,2026-05-13,Rajshahi DC,Sylhet Hub,Sylhet,RedX,Delivered,26.63
SHP100562,2025-09-13,Rajshahi DC,Dhaka Hub,Dhaka,RedX,Delivered,39.68
SHP100563,2025-11-10,Khulna DC,Barisal Hub,Barisal,Steadfast Courier,In Transit,29.0
SHP100564,2026-03-26,Rajshahi DC,Barisal Hub,Barisal,Sundarban Courier,Delivered,34.82
SHP100565,2026-04-29,Sylhet DC,Khulna Hub,Khulna,Pathao Courier,Delivered,29.85
SHP100566,2026-02-22,Sylhet DC,Mymensingh Hub,Mymensingh,Pathao Courier,Delivered,34.98
SHP100567,2026-06-25,Chattogram DC,Rajshahi Hub,Rajshahi,RedX,Delivered Late,31.04
SHP100568,2026-07-15,Rajshahi DC,Narayanganj Hub,Narayanganj,RedX,Delivered,30.32
SHP100569,2025-10-16,Khulna DC,Mymensingh Hub,Mymensingh,RedX,Delivered,29.67
SHP100570,2026-07-27,Dhaka Hub,Dhaka Hub,Dhaka,eCourier,Delivered Late,29.0
SHP100571,2026-04-01,Rajshahi DC,Sylhet Hub,Sylhet,Pathao Courier,Delivered,25.62
SHP100572,2026-04-09,Dhaka Hub,Mymensingh Hub,Mymensingh,RedX,Delivered,33.8
SHP100573,2025-10-03,Sylhet DC,Barisal Hub,Barisal,eCourier,In Transit,25.69
SHP100574,2026-04-04,Dhaka Hub,Mymensingh Hub,Mymensingh,Sundarban Courier,Delivered,38.95
SHP100575,2026-05-10,Khulna DC,Khulna Hub,Khulna,Sundarban Courier,Delivered,25.71
SHP100576,2026-03-20,Sylhet DC,Dhaka Hub,Dhaka,Pathao Courier,Delivered,37.41
SHP100577,2025-09-30,Sylhet DC,Mymensingh Hub,Mymensingh,Sundarban Courier,Delivered Late,41.27
SHP100578,2026-03-01,Khulna DC,Mymensingh Hub,Mymensingh,eCourier,Delayed,32.54
SHP100579,2026-07-21,Khulna DC,Rangpur Hub,Rangpur,Steadfast Courier,Delivered,27.35
SHP100580,2026-05-09,Chattogram DC,Rajshahi Hub,Rajshahi,RedX,Cancelled,28.29
SHP100581,2025-10-18,Rajshahi DC,Dhaka Hub,Dhaka,Sundarban Courier,Delivered Late,45.92
SHP100582,2026-07-30,Sylhet DC,Mymensingh Hub,Mymensingh,RedX,Delivered,32.77
SHP100583,2026-07-29,Dhaka Hub,Rangpur Hub,Rangpur,eCourier,Delivered,45.44
SHP100584,2025-10-29,Dhaka Hub,Rangpur Hub,Rangpur,Sundarban Courier,Delivered,50.92
SHP100585,2026-06-05,Chattogram DC,Chattogram Hub,Chattogram,eCourier,Delivered,25.12
SHP100586,2026-01-19,Khulna DC,Mymensingh Hub,Mymensingh,Pathao Courier,Delivered,25.04
SHP100587,2026-03-25,Sylhet DC,Mymensingh Hub,Mymensingh,Pathao Courier,Delivered,40.97
SHP100588,2026-02-02,Chattogram DC,Comilla Hub,Comilla,Pathao Courier,Delivered,25.93
SHP100589,2026-05-29,Sylhet DC,Barisal Hub,Barisal,Pathao Courier,Delivered,18.31
SHP100590,2026-08-11,Rajshahi DC,Mymensingh Hub,Mymensingh,Steadfast Courier,Delivered,32.4
SHP100591,2026-06-03,Sylhet DC,Rajshahi Hub,Rajshahi,Sundarban Courier,Delivered Late,34.74
SHP100592,2026-07-20,Dhaka Hub,Rangpur Hub,Rangpur,Pathao Courier,In Transit,36.54
SHP100593,2026-07-25,Dhaka Hub,Rangpur Hub,Rangpur,Sundarban Courier,Delivered,48.95
SHP100594,2025-10-02,Sylhet DC,Mymensingh Hub,Mymensingh,Sundarban Courier,In Transit,47.66
SHP100595,2025-11-27,Sylhet DC,Comilla Hub,Comilla,Sundarban Courier,Delivered,41.0
SHP100596,2026-05-08,Rajshahi DC,Dhaka Hub,Dhaka,Pathao Courier,Delivered,38.81
SHP100597,2026-03-24,Sylhet DC,Mymensingh Hub,Mymensingh,RedX,In Transit,27.8
SHP100598,2025-09-18,Khulna DC,Mymensingh Hub,Mymensingh,Pathao Courier,Cancelled,31.91
SHP100599,2025-10-03,Sylhet DC,Barisal Hub,Barisal,eCourier,Delayed,25.62
SHP100600,2026-02-28,Chattogram DC,Barisal Hub,Barisal,Pathao Courier,Delivered,24.09
SHP100601,2026-04-02,Khulna DC,Mymensingh Hub,Mymensingh,eCourier,Delivered,33.85
SHP100602,2025-10-29,Khulna DC,Rajshahi Hub,Rajshahi,eCourier,Delivered Late,31.81
SHP100603,2025-10-30,Khulna DC,Rajshahi Hub,Rajshahi,Pathao Courier,In Transit,27.32
SHP100604,2025-10-15,Dhaka Hub,Comilla Hub,Comilla,Pathao Courier,Delivered,22.8
SHP100605,2026-03-15,Khulna DC,Mymensingh Hub,Mymensingh,Steadfast Courier,Delivered,43.86
SHP100606,2025-09-03,Chattogram DC,Sylhet Hub,Sylhet,Sundarban Courier,Delivered,30.62
SHP100607,2026-03-18,Khulna DC,Comilla Hub,Comilla,RedX,Delivered,22.04
SHP100608,2026-02-12,Khulna DC,Khulna Hub,Khulna,Pathao Courier,Delivered,23.74
SHP100609,2026-02-09,Khulna DC,Chattogram Hub,Chattogram,Pathao Courier,Delivered,33.82
SHP100610,2026-04-24,Rajshahi DC,Comilla Hub,Comilla,RedX,Delivered,26.02
SHP100611,2026-02-28,Sylhet DC,Sylhet Hub,Sylhet,Steadfast Courier,Delivered Late,20.95
SHP100612,2026-05-10,Dhaka Hub,Sylhet Hub,Sylhet,Pathao Courier,Delivered,31.1
SHP100613,2026-05-23,Khulna DC,Sylhet Hub,Sylhet,eCourier,Delivered,36.98
SHP100614,2026-07-16,Khulna DC,Rajshahi Hub,Rajshahi,RedX,Delivered,40.57
SHP100615,2026-06-04,Dhaka Hub,Chattogram Hub,Chattogram,Pathao Courier,Delayed,34.47
SHP100616,2026-02-27,Dhaka Hub,Chattogram Hub,Chattogram,Sundarban Courier,Delivered,30.73
SHP100617,2026-02-18,Chattogram DC,Khulna Hub,Khulna,Pathao Courier,In Transit,14.96
SHP100618,2025-11-21,Rajshahi DC,Sylhet Hub,Sylhet,Sundarban Courier,Delivered,35.57
SHP100619,2026-03-27,Sylhet DC,Chattogram Hub,Chattogram,RedX,Delivered,24.15
SHP100620,2025-10-19,Rajshahi DC,Narayanganj Hub,Narayanganj,Sundarban Courier,Cancelled,45.85
SHP100621,2026-07-20,Rajshahi DC,Barisal Hub,Barisal,Pathao Courier,Delivered,15.77
SHP100622,2026-06-20,Sylhet DC,Dhaka Hub,Dhaka,RedX,Delivered,29.64
SHP100623,2025-10-12,Khulna DC,Chattogram Hub,Chattogram,RedX,Delayed,23.02
SHP100624,2026-05-30,Chattogram DC,Comilla Hub,Comilla,RedX,Delivered,20.9
SHP100625,2025-10-11,Dhaka Hub,Sylhet Hub,Sylhet,RedX,Delivered,26.17
SHP100626,2026-05-08,Chattogram DC,Chattogram Hub,Chattogram,Pathao Courier,Returned,18.84
SHP100627,2025-10-01,Sylhet DC,Rangpur Hub,Rangpur,RedX,Delivered,41.26
SHP100628,2026-02-16,Dhaka Hub,Comilla Hub,Comilla,Sundarban Courier,Delivered,34.57
SHP100629,2026-04-16,Chattogram DC,Khulna Hub,Khulna,Sundarban Courier,Delivered Late,29.37
SHP100630,2026-05-11,Dhaka Hub,Mymensingh Hub,Mymensingh,Pathao Courier,Delivered Late,18.46
SHP100631,2026-01-23,Khulna DC,Rajshahi Hub,Rajshahi,RedX,Delivered,30.71
SHP100632,2026-07-16,Rajshahi DC,Chattogram Hub,Chattogram,RedX,Delivered,34.69
SHP100633,2026-05-26,Rajshahi DC,Mymensingh Hub,Mymensingh,Sundarban Courier,In Transit,37.11
SHP100634,2025-11-12,Chattogram DC,Narayanganj Hub,Narayanganj,eCourier,In Transit,32.8
SHP100635,2026-04-21,Sylhet DC,Narayanganj Hub,Narayanganj,eCourier,Delivered,33.53
SHP100636,2026-05-11,Rajshahi DC,Chattogram Hub,Chattogram,Pathao Courier,Delivered,34.23
SHP100637,2025-12-25,Sylhet DC,Barisal Hub,Barisal,RedX,Delivered,27.16
SHP100638,2026-05-14,Chattogram DC,Rangpur Hub,Rangpur,Sundarban Courier,Delivered,48.59
SHP100639,2026-07-08,Chattogram DC,Dhaka Hub,Dhaka,Steadfast Courier,In Transit,49.47
SHP100640,2026-06-10,Khulna DC,Narayanganj Hub,Narayanganj,Pathao Courier,Delayed,28.9
SHP100641,2026-05-22,Sylhet DC,Chattogram Hub,Chattogram,Sundarban Courier,Delivered,36.6
SHP100642,2026-04-08,Rajshahi DC,Sylhet Hub,Sylhet,Sundarban Courier,Delayed,31.02
SHP100643,2025-12-03,Rajshahi DC,Narayanganj Hub,Narayanganj,Pathao Courier,In Transit,23.2
SHP100644,2026-06-03,Dhaka Hub,Barisal Hub,Barisal,RedX,Delivered Late,19.68
SHP100645,2026-01-05,Khulna DC,Rangpur Hub,Rangpur,Sundarban Courier,Cancelled,39.31
SHP100646,2026-03-04,Chattogram DC,Rajshahi Hub,Rajshahi,Pathao Courier,Delivered,44.02
SHP100647,2025-12-18,Sylhet DC,Mymensingh Hub,Mymensingh,RedX,Delayed,41.0
SHP100648,2025-12-18,Chattogram DC,Dhaka Hub,Dhaka,Steadfast Courier,Delivered,36.78
SHP100649,2025-10-25,Chattogram DC,Rangpur Hub,Rangpur,eCourier,Delivered,40.44
SHP100650,2026-07-30,Chattogram DC,Dhaka Hub,Dhaka,Sundarban Courier,Delivered,38.71
SHP100651,2025-10-22,Dhaka Hub,Chattogram Hub,Chattogram,Sundarban Courier,Delivered,33.36
SHP100652,2025-09-30,Khulna DC,Barisal Hub,Barisal,Pathao Courier,Delivered Late,21.4
SHP100653,2026-07-21,Dhaka Hub,Rajshahi Hub,Rajshahi,Steadfast Courier,Delivered,32.65
SHP100654,2026-03-12,Chattogram DC,Chattogram Hub,Chattogram,eCourier,Delivered,26.99
SHP100655,2026-01-30,Dhaka Hub,Mymensingh Hub,Mymensingh,RedX,Delivered,32.25
SHP100656,2026-05-14,Dhaka Hub,Khulna Hub,Khulna,Steadfast Courier,Delivered,16.24
SHP100657,2026-01-11,Chattogram DC,Comilla Hub,Comilla,Pathao Courier,Delivered,26.8
SHP100658,2025-10-15,Rajshahi DC,Dhaka Hub,Dhaka,RedX,Delivered,41.69
SHP100659,2026-05-11,Rajshahi DC,Sylhet Hub,Sylhet,Pathao Courier,Cancelled,25.76
SHP100660,2025-10-31,Chattogram DC,Sylhet Hub,Sylhet,Pathao Courier,Delivered Late,22.95
SHP100661,2026-03-11,Sylhet DC,Barisal Hub,Barisal,Sundarban Courier,Delivered,26.88
SHP100662,2026-07-26,Rajshahi DC,Rajshahi Hub,Rajshahi,Sundarban Courier,Delivered,29.55
SHP100663,2026-07-21,Chattogram DC,Chattogram Hub,Chattogram,Steadfast Courier,Delivered,27.78
SHP100664,2026-01-03,Rajshahi DC,Barisal Hub,Barisal,Sundarban Courier,Delivered,26.69
SHP100665,2026-05-28,Dhaka Hub,Narayanganj Hub,Narayanganj,eCourier,Delivered,44.24
SHP100666,2026-03-31,Chattogram DC,Chattogram Hub,Chattogram,eCourier,Delivered,28.47
SHP100667,2026-02-13,Chattogram DC,Sylhet Hub,Sylhet,RedX,Delivered,29.38
SHP100668,2025-10-19,Dhaka Hub,Rajshahi Hub,Rajshahi,Steadfast Courier,In Transit,48.51
SHP100669,2026-01-09,Rajshahi DC,Mymensingh Hub,Mymensingh,Sundarban Courier,Delivered,41.76
SHP100670,2026-04-14,Rajshahi DC,Chattogram Hub,Chattogram,Sundarban Courier,Delivered,33.15
SHP100671,2026-08-08,Chattogram DC,Sylhet Hub,Sylhet,Pathao Courier,Delivered,25.46
SHP100672,2025-09-02,Rajshahi DC,Sylhet Hub,Sylhet,Pathao Courier,Delivered Late,21.36
SHP100673,2026-05-07,Khulna DC,Rangpur Hub,Rangpur,Steadfast Courier,Cancelled,36.14
SHP100674,2026-06-20,Rajshahi DC,Dhaka Hub,Dhaka,Sundarban Courier,Delivered,43.15
SHP100675,2026-07-27,Rajshahi DC,Rangpur Hub,Rangpur,Sundarban Courier,Delivered,49.64
SHP100676,2026-01-25,Sylhet DC,Rajshahi Hub,Rajshahi,Pathao Courier,Delivered,40.14
SHP100677,2025-10-11,Dhaka Hub,Khulna Hub,Khulna,Sundarban Courier,Delivered,39.25
SHP100678,2025-12-03,Rajshahi DC,Comilla Hub,Comilla,eCourier,Delivered,33.93
SHP100679,2026-06-22,Khulna DC,Comilla Hub,Comilla,Sundarban Courier,Delivered,29.99
SHP100680,2026-07-01,Rajshahi DC,Comilla Hub,Comilla,eCourier,Delivered,27.25
SHP100681,2026-04-09,Rajshahi DC,Comilla Hub,Comilla,RedX,Delivered,12.71
SHP100682,2025-10-13,Dhaka Hub,Sylhet Hub,Sylhet,eCourier,Delivered,38.51
SHP100683,2025-10-13,Sylhet DC,Comilla Hub,Comilla,Pathao Courier,Delivered,21.68
SHP100684,2026-02-13,Dhaka Hub,Chattogram Hub,Chattogram,RedX,Delayed,25.97
SHP100685,2026-03-23,Dhaka Hub,Khulna Hub,Khulna,Pathao Courier,Delivered,27.34
SHP100686,2025-09-12,Rajshahi DC,Barisal Hub,Barisal,Sundarban Courier,Delivered,28.49
SHP100687,2026-04-26,Rajshahi DC,Mymensingh Hub,Mymensingh,eCourier,Delivered Late,30.8
SHP100688,2026-03-08,Rajshahi DC,Barisal Hub,Barisal,RedX,In Transit,18.78
SHP100689,2025-09-05,Rajshahi DC,Barisal Hub,Barisal,Pathao Courier,Delivered,21.4
SHP100690,2025-10-04,Khulna DC,Khulna Hub,Khulna,eCourier,Delivered,19.0
SHP100691,2026-02-05,Sylhet DC,Barisal Hub,Barisal,Pathao Courier,Delivered,27.32
SHP100692,2026-05-09,Rajshahi DC,Rajshahi Hub,Rajshahi,RedX,Delivered,21.9
SHP100693,2026-06-13,Sylhet DC,Rajshahi Hub,Rajshahi,Steadfast Courier,Delivered,40.19
SHP100694,2026-01-28,Khulna DC,Barisal Hub,Barisal,RedX,Delivered,26.77
SHP100695,2025-12-12,Chattogram DC,Rangpur Hub,Rangpur,eCourier,Delivered,45.98
SHP100696,2026-08-02,Khulna DC,Khulna Hub,Khulna,RedX,Delivered,25.43
SHP100697,2026-02-06,Rajshahi DC,Chattogram Hub,Chattogram,eCourier,Delivered,36.83
SHP100698,2025-12-19,Khulna DC,Sylhet Hub,Sylhet,RedX,Delivered,14.63
SHP100699,2026-02-01,Sylhet DC,Rajshahi Hub,Rajshahi,RedX,Delivered,30.9
SHP100700,2025-09-05,Dhaka Hub,Chattogram Hub,Chattogram,Pathao Courier,Delivered,31.1
SHP100701,2025-12-14,Dhaka Hub,Chattogram Hub,Chattogram,eCourier,In Transit,43.28
SHP100702,2026-02-26,Khulna DC,Narayanganj Hub,Narayanganj,Pathao Courier,Delivered Late,30.18
SHP100703,2026-07-15,Khulna DC,Sylhet Hub,Sylhet,Steadfast Courier,Delivered,33.04
SHP100704,2026-05-14,Khulna DC,Mymensingh Hub,Mymensingh,Pathao Courier,Delivered,29.29
SHP100705,2026-05-29,Rajshahi DC,Chattogram Hub,Chattogram,Pathao Courier,Returned,31.22
SHP100706,2026-03-08,Sylhet DC,Narayanganj Hub,Narayanganj,eCourier,Delivered,33.97
SHP100707,2025-10-09,Rajshahi DC,Sylhet Hub,Sylhet,Pathao Courier,Delivered,17.77
SHP100708,2026-01-14,Khulna DC,Khulna Hub,Khulna,Sundarban Courier,Delivered,27.91
SHP100709,2026-08-11,Chattogram DC,Mymensingh Hub,Mymensingh,eCourier,Delivered,41.32
SHP100710,2025-09-16,Rajshahi DC,Sylhet Hub,Sylhet,Pathao Courier,Delivered,21.57
SHP100711,2026-07-02,Dhaka Hub,Barisal Hub,Barisal,Pathao Courier,In Transit,31.36
SHP100712,2026-04-25,Sylhet DC,Mymensingh Hub,Mymensingh,Sundarban Courier,Delayed,30.22
SHP100713,2025-12-08,Rajshahi DC,Dhaka Hub,Dhaka,Pathao Courier,Delivered,38.88
SHP100714,2026-05-28,Khulna DC,Dhaka Hub,Dhaka,Pathao Courier,Delivered Late,35.11
SHP100715,2026-06-17,Rajshahi DC,Mymensingh Hub,Mymensingh,Pathao Courier,In Transit,35.5
SHP100716,2025-09-15,Dhaka Hub,Sylhet Hub,Sylhet,Sundarban Courier,In Transit,27.62
SHP100717,2025-10-07,Sylhet DC,Narayanganj Hub,Narayanganj,Sundarban Courier,Delivered,39.38
SHP100718,2026-04-19,Khulna DC,Narayanganj Hub,Narayanganj,Pathao Courier,Delivered,27.11
SHP100719,2026-08-12,Khulna DC,Comilla Hub,Comilla,RedX,Cancelled,24.73
SHP100720,2025-09-09,Rajshahi DC,Narayanganj Hub,Narayanganj,RedX,Delivered,29.24
SHP100721,2026-04-19,Sylhet DC,Comilla Hub,Comilla,Pathao Courier,Delivered,27.67
SHP100722,2025-10-18,Khulna DC,Khulna Hub,Khulna,Sundarban Courier,Delivered,23.36
SHP100723,2026-04-13,Sylhet DC,Narayanganj Hub,Narayanganj,Steadfast Courier,Delivered,30.38
SHP100724,2026-04-04,Rajshahi DC,Khulna Hub,Khulna,RedX,Delivered,19.57
SHP100725,2025-10-02,Dhaka Hub,Barisal Hub,Barisal,Sundarban Courier,Delivered,34.07
SHP100726,2026-04-24,Chattogram DC,Dhaka Hub,Dhaka,Sundarban Courier,Delayed,45.19
SHP100727,2026-07-08,Dhaka Hub,Narayanganj Hub,Narayanganj,Pathao Courier,Delivered,33.67
SHP100728,2026-06-26,Khulna DC,Barisal Hub,Barisal,eCourier,Cancelled,22.79
SHP100729,2025-09-11,Chattogram DC,Narayanganj Hub,Narayanganj,Steadfast Courier,Delayed,35.18
SHP100730,2025-11-25,Chattogram DC,Khulna Hub,Khulna,Steadfast Courier,In Transit,33.73
SHP100731,2025-11-23,Rajshahi DC,Khulna Hub,Khulna,Pathao Courier,Delivered,24.03
SHP100732,2026-02-04,Chattogram DC,Barisal Hub,Barisal,Sundarban Courier,In Transit,35.57
SHP100733,2025-10-20,Dhaka Hub,Comilla Hub,Comilla,Pathao Courier,Delivered,24.21
SHP100734,2026-06-23,Dhaka Hub,Barisal Hub,Barisal,Sundarban Courier,Delivered,36.35
SHP100735,2026-05-27,Chattogram DC,Mymensingh Hub,Mymensingh,Sundarban Courier,Delayed,45.28
SHP100736,2026-06-07,Rajshahi DC,Sylhet Hub,Sylhet,RedX,Delivered,30.84
SHP100737,2025-11-08,Sylhet DC,Mymensingh Hub,Mymensingh,Pathao Courier,Delayed,28.93
SHP100738,2025-09-06,Rajshahi DC,Mymensingh Hub,Mymensingh,Steadfast Courier,Delivered,34.11
SHP100739,2026-07-13,Chattogram DC,Comilla Hub,Comilla,Pathao Courier,Delivered,29.34
SHP100740,2025-12-09,Chattogram DC,Dhaka Hub,Dhaka,Pathao Courier,Delivered Late,38.9
SHP100741,2026-04-16,Dhaka Hub,Khulna Hub,Khulna,eCourier,Delivered,28.33
SHP100742,2026-07-12,Chattogram DC,Dhaka Hub,Dhaka,eCourier,Delivered,29.02
SHP100743,2025-09-13,Sylhet DC,Rajshahi Hub,Rajshahi,Sundarban Courier,In Transit,39.37
SHP100744,2025-09-02,Rajshahi DC,Mymensingh Hub,Mymensingh,RedX,Delivered,31.89
SHP100745,2025-09-02,Chattogram DC,Rangpur Hub,Rangpur,Pathao Courier,Delivered,31.79
SHP100746,2025-10-25,Khulna DC,Mymensingh Hub,Mymensingh,Pathao Courier,Delivered,28.36
SHP100747,2025-09-18,Khulna DC,Mymensingh Hub,Mymensingh,Sundarban Courier,Delivered,34.82
SHP100748,2026-06-11,Chattogram DC,Narayanganj Hub,Narayanganj,Sundarban Courier,Delivered,39.28
SHP100749,2026-03-29,Rajshahi DC,Comilla Hub,Comilla,RedX,Delivered,15.73
SHP100750,2026-08-06,Sylhet DC,Barisal Hub,Barisal,Pathao Courier,Delivered,26.25
SHP100751,2026-06-05,Dhaka Hub,Comilla Hub,Comilla,RedX,Cancelled,30.29
SHP100752,2026-07-31,Rajshahi DC,Dhaka Hub,Dhaka,eCourier,Delivered,39.6
SHP100753,2025-11-22,Rajshahi DC,Mymensingh Hub,Mymensingh,Pathao Courier,Delivered Late,32.63
SHP100754,2025-12-09,Dhaka Hub,Barisal Hub,Barisal,Pathao Courier,Delivered,17.9
SHP100755,2026-06-21,Rajshahi DC,Narayanganj Hub,Narayanganj,Sundarban Courier,Delivered,35.85
SHP100756,2025-11-24,Rajshahi DC,Barisal Hub,Barisal,eCourier,Delayed,32.38
SHP100757,2025-09-20,Rajshahi DC,Chattogram Hub,Chattogram,RedX,Delivered,23.53
SHP100758,2026-04-20,Chattogram DC,Mymensingh Hub,Mymensingh,eCourier,Delivered,38.11
SHP100759,2026-06-05,Khulna DC,Narayanganj Hub,Narayanganj,Sundarban Courier,In Transit,32.95
SHP100760,2026-08-01,Sylhet DC,Dhaka Hub,Dhaka,Pathao Courier,Delivered Late,33.21
SHP100761,2026-07-19,Khulna DC,Dhaka Hub,Dhaka,RedX,Delivered,32.59
SHP100762,2025-10-12,Khulna DC,Rangpur Hub,Rangpur,Pathao Courier,In Transit,34.63
SHP100763,2026-05-26,Khulna DC,Barisal Hub,Barisal,eCourier,Cancelled,24.83
SHP100764,2026-06-20,Sylhet DC,Barisal Hub,Barisal,Pathao Courier,Delivered,29.98
SHP100765,2026-04-30,Khulna DC,Dhaka Hub,Dhaka,Sundarban Courier,Delivered,58.36
SHP100766,2026-06-11,Sylhet DC,Barisal Hub,Barisal,RedX,Delivered,18.36
SHP100767,2026-06-17,Dhaka Hub,Barisal Hub,Barisal,Sundarban Courier,Delivered,43.61
SHP100768,2026-02-02,Dhaka Hub,Comilla Hub,Comilla,RedX,Delivered,27.48
SHP100769,2025-09-14,Rajshahi DC,Khulna Hub,Khulna,Sundarban Courier,Delivered,26.4
SHP100770,2026-02-05,Rajshahi DC,Khulna Hub,Khulna,Steadfast Courier,Delivered,24.61
SHP100771,2025-11-09,Sylhet DC,Dhaka Hub,Dhaka,eCourier,Delivered,46.19
SHP100772,2025-10-10,Dhaka Hub,Barisal Hub,Barisal,Steadfast Courier,Delivered,33.1
SHP100773,2025-10-14,Khulna DC,Rangpur Hub,Rangpur,RedX,Delivered,28.85
SHP100774,2026-04-30,Dhaka Hub,Sylhet Hub,Sylhet,RedX,Delivered,34.93
SHP100775,2026-02-22,Chattogram DC,Mymensingh Hub,Mymensingh,RedX,Delivered,32.04
SHP100776,2026-03-06,Chattogram DC,Narayanganj Hub,Narayanganj,Sundarban Courier,Delivered,37.19
SHP100777,2026-05-16,Dhaka Hub,Chattogram Hub,Chattogram,Sundarban Courier,Delivered,45.68
SHP100778,2026-03-09,Rajshahi DC,Barisal Hub,Barisal,RedX,Delivered,30.08
SHP100779,2026-04-06,Sylhet DC,Rangpur Hub,Rangpur,Pathao Courier,Delivered,36.06
SHP100780,2025-09-30,Chattogram DC,Dhaka Hub,Dhaka,Pathao Courier,Delivered,36.82
SHP100781,2026-06-22,Sylhet DC,Chattogram Hub,Chattogram,eCourier,Delivered,42.79
SHP100782,2026-02-03,Dhaka Hub,Khulna Hub,Khulna,Pathao Courier,Delivered Late,21.35
SHP100783,2025-10-24,Sylhet DC,Chattogram Hub,Chattogram,RedX,Delivered,33.19
SHP100784,2026-06-09,Sylhet DC,Khulna Hub,Khulna,RedX,Delivered,20.16
SHP100785,2026-05-13,Chattogram DC,Chattogram Hub,Chattogram,Pathao Courier,Delivered,24.41
SHP100786,2025-09-19,Rajshahi DC,Comilla Hub,Comilla,Steadfast Courier,Delivered,29.24
SHP100787,2025-11-06,Chattogram DC,Barisal Hub,Barisal,Pathao Courier,Delivered,23.26
SHP100788,2025-09-06,Dhaka Hub,Khulna Hub,Khulna,Steadfast Courier,Delivered,34.53
SHP100789,2025-12-03,Sylhet DC,Mymensingh Hub,Mymensingh,eCourier,Cancelled,38.5
SHP100790,2025-10-05,Rajshahi DC,Dhaka Hub,Dhaka,Pathao Courier,Delivered,35.51
SHP100791,2026-05-04,Chattogram DC,Barisal Hub,Barisal,Pathao Courier,Delivered,30.33
SHP100792,2026-02-28,Dhaka Hub,Rangpur Hub,Rangpur,Sundarban Courier,In Transit,59.0
SHP100793,2026-08-06,Rajshahi DC,Comilla Hub,Comilla,Sundarban Courier,Delayed,36.34
SHP100794,2026-05-18,Sylhet DC,Sylhet Hub,Sylhet,Pathao Courier,Delivered,15.72
SHP100795,2026-03-31,Dhaka Hub,Barisal Hub,Barisal,Steadfast Courier,Delivered,36.9
SHP100796,2026-02-24,Khulna DC,Mymensingh Hub,Mymensingh,Pathao Courier,Delivered,34.29
SHP100797,2025-09-19,Chattogram DC,Mymensingh Hub,Mymensingh,eCourier,In Transit,36.05
SHP100798,2025-09-25,Rajshahi DC,Chattogram Hub,Chattogram,Pathao Courier,Delivered,28.81
SHP100799,2026-04-02,Chattogram DC,Narayanganj Hub,Narayanganj,Steadfast Courier,Delivered,33.78
SHP100800,2025-09-02,Sylhet DC,Sylhet Hub,Sylhet,Pathao Courier,Delivered,18.04
SHP100801,2025-09-15,Sylhet DC,Khulna Hub,Khulna,Sundarban Courier,Delivered,43.13
SHP100802,2025-11-15,Chattogram DC,Chattogram Hub,Chattogram,RedX,Delivered Late,16.02
SHP100803,2026-07-03,Sylhet DC,Chattogram Hub,Chattogram,Pathao Courier,Delivered,20.21
SHP100804,2026-02-06,Dhaka Hub,Sylhet Hub,Sylhet,eCourier,Delivered,38.56
SHP100805,2026-05-04,Khulna DC,Chattogram Hub,Chattogram,Pathao Courier,Delivered,27.29
SHP100806,2026-01-21,Khulna DC,Mymensingh Hub,Mymensingh,RedX,Delivered Late,31.06
SHP100807,2025-10-30,Rajshahi DC,Barisal Hub,Barisal,RedX,Delivered,26.79
SHP100808,2026-01-07,Chattogram DC,Khulna Hub,Khulna,RedX,Delayed,18.27
SHP100809,2025-10-02,Chattogram DC,Barisal Hub,Barisal,Pathao Courier,Delivered,27.49
SHP100810,2026-05-25,Sylhet DC,Rangpur Hub,Rangpur,Pathao Courier,Delivered,32.78
SHP100811,2025-11-03,Khulna DC,Chattogram Hub,Chattogram,Pathao Courier,Delivered,34.39
SHP100812,2026-01-09,Rajshahi DC,Sylhet Hub,Sylhet,Sundarban Courier,Delivered,37.26
SHP100813,2026-08-06,Dhaka Hub,Comilla Hub,Comilla,Pathao Courier,Delivered,27.55
SHP100814,2026-03-24,Chattogram DC,Dhaka Hub,Dhaka,Steadfast Courier,Delivered,53.89
SHP100815,2026-02-06,Chattogram DC,Narayanganj Hub,Narayanganj,RedX,Delivered,21.22
SHP100816,2026-03-07,Chattogram DC,Narayanganj Hub,Narayanganj,RedX,Delivered,22.86
SHP100817,2026-05-30,Sylhet DC,Sylhet Hub,Sylhet,Sundarban Courier,In Transit,24.22
SHP100818,2025-11-28,Rajshahi DC,Khulna Hub,Khulna,Pathao Courier,Delivered,32.49
SHP100819,2026-04-09,Dhaka Hub,Sylhet Hub,Sylhet,RedX,In Transit,24.11
SHP100820,2026-06-29,Rajshahi DC,Barisal Hub,Barisal,Sundarban Courier,In Transit,37.31
SHP100821,2026-03-18,Khulna DC,Sylhet Hub,Sylhet,Sundarban Courier,Delivered,30.63
SHP100822,2026-02-02,Khulna DC,Mymensingh Hub,Mymensingh,Sundarban Courier,Delivered,37.63
SHP100823,2025-10-21,Khulna DC,Khulna Hub,Khulna,RedX,Delivered,19.45
SHP100824,2025-11-25,Dhaka Hub,Narayanganj Hub,Narayanganj,Steadfast Courier,In Transit,27.07
SHP100825,2026-07-25,Khulna DC,Comilla Hub,Comilla,Pathao Courier,Delivered,29.35
SHP100826,2026-03-07,Chattogram DC,Rajshahi Hub,Rajshahi,Sundarban Courier,Delivered,43.0
SHP100827,2025-12-14,Sylhet DC,Barisal Hub,Barisal,Pathao Courier,Delivered,32.93
SHP100828,2026-01-23,Khulna DC,Dhaka Hub,Dhaka,Sundarban Courier,Delivered,42.35
SHP100829,2026-03-19,Khulna DC,Dhaka Hub,Dhaka,eCourier,Delivered,44.49
SHP100830,2026-03-05,Chattogram DC,Barisal Hub,Barisal,Pathao Courier,Delivered,26.72
SHP100831,2026-05-01,Chattogram DC,Rajshahi Hub,Rajshahi,RedX,Delivered,38.23
SHP100832,2025-11-29,Sylhet DC,Khulna Hub,Khulna,Sundarban Courier,Delivered,33.99
SHP100833,2026-04-13,Dhaka Hub,Dhaka Hub,Dhaka,Pathao Courier,Delivered,24.1
SHP100834,2026-02-01,Khulna DC,Comilla Hub,Comilla,Steadfast Courier,Delayed,33.55
SHP100835,2026-07-23,Dhaka Hub,Rajshahi Hub,Rajshahi,Sundarban Courier,Delivered,38.49
SHP100836,2025-10-25,Sylhet DC,Rajshahi Hub,Rajshahi,eCourier,Delivered,38.08
SHP100837,2025-10-22,Khulna DC,Rajshahi Hub,Rajshahi,Sundarban Courier,Delivered,45.26
SHP100838,2026-02-07,Dhaka Hub,Rajshahi Hub,Rajshahi,Steadfast Courier,Delivered,31.66
SHP100839,2026-02-23,Rajshahi DC,Rangpur Hub,Rangpur,Sundarban Courier,Delivered,49.47
SHP100840,2026-04-28,Chattogram DC,Mymensingh Hub,Mymensingh,Sundarban Courier,Delivered,49.72
SHP100841,2026-01-18,Dhaka Hub,Barisal Hub,Barisal,eCourier,In Transit,29.6
SHP100842,2026-07-14,Khulna DC,Chattogram Hub,Chattogram,Sundarban Courier,In Transit,49.69
SHP100843,2026-02-12,Sylhet DC,Comilla Hub,Comilla,Sundarban Courier,Delivered,40.12
SHP100844,2025-10-15,Khulna DC,Sylhet Hub,Sylhet,Steadfast Courier,Delivered Late,28.97
SHP100845,2025-10-12,Khulna DC,Dhaka Hub,Dhaka,RedX,Delivered,40.97
SHP100846,2026-08-03,Sylhet DC,Dhaka Hub,Dhaka,RedX,In Transit,38.27
SHP100847,2025-10-17,Rajshahi DC,Mymensingh Hub,Mymensingh,RedX,Delivered,29.08
SHP100848,2026-07-25,Chattogram DC,Khulna Hub,Khulna,eCourier,Delivered,23.98
SHP100849,2025-12-06,Sylhet DC,Dhaka Hub,Dhaka,Steadfast Courier,Delivered,50.34
SHP100850,2025-10-03,Dhaka Hub,Comilla Hub,Comilla,RedX,Delivered,26.19
SHP100851,2025-12-15,Khulna DC,Khulna Hub,Khulna,Sundarban Courier,In Transit,21.56
SHP100852,2026-04-01,Chattogram DC,Narayanganj Hub,Narayanganj,Pathao Courier,Delivered,27.47
SHP100853,2026-01-27,Khulna DC,Comilla Hub,Comilla,RedX,Delivered,26.4
SHP100854,2026-05-30,Rajshahi DC,Dhaka Hub,Dhaka,eCourier,Delivered,35.84
SHP100855,2026-03-31,Rajshahi DC,Rangpur Hub,Rangpur,Sundarban Courier,In Transit,55.83
SHP100856,2026-01-17,Rajshahi DC,Rangpur Hub,Rangpur,Pathao Courier,Delivered,36.13
SHP100857,2026-04-08,Dhaka Hub,Chattogram Hub,Chattogram,Sundarban Courier,Delivered,40.85
SHP100858,2026-08-03,Dhaka Hub,Khulna Hub,Khulna,RedX,Delivered,38.89
SHP100859,2026-01-21,Rajshahi DC,Rajshahi Hub,Rajshahi,eCourier,Delivered,30.43
SHP100860,2025-10-24,Chattogram DC,Chattogram Hub,Chattogram,Pathao Courier,Delivered,27.93
SHP100861,2026-01-20,Dhaka Hub,Mymensingh Hub,Mymensingh,RedX,Delivered,33.79
SHP100862,2026-06-18,Chattogram DC,Sylhet Hub,Sylhet,eCourier,Cancelled,31.48
SHP100863,2025-11-15,Rajshahi DC,Narayanganj Hub,Narayanganj,Steadfast Courier,Delivered Late,36.21
SHP100864,2026-07-26,Chattogram DC,Comilla Hub,Comilla,Pathao Courier,Delivered,25.22
SHP100865,2026-03-23,Dhaka Hub,Rangpur Hub,Rangpur,Steadfast Courier,Delivered,44.54
SHP100866,2026-03-28,Khulna DC,Chattogram Hub,Chattogram,RedX,In Transit,25.36
SHP100867,2025-12-19,Dhaka Hub,Dhaka Hub,Dhaka,eCourier,Delivered,27.49
SHP100868,2026-07-16,Chattogram DC,Chattogram Hub,Chattogram,Pathao Courier,Delivered Late,25.68
SHP100869,2025-09-13,Dhaka Hub,Rajshahi Hub,Rajshahi,RedX,Delivered,34.25
SHP100870,2025-12-13,Khulna DC,Mymensingh Hub,Mymensingh,RedX,In Transit,33.79
SHP100871,2026-01-23,Sylhet DC,Chattogram Hub,Chattogram,Sundarban Courier,Delivered,31.6
SHP100872,2026-02-13,Rajshahi DC,Mymensingh Hub,Mymensingh,Sundarban Courier,Delayed,45.21
SHP100873,2026-02-12,Chattogram DC,Dhaka Hub,Dhaka,RedX,Delivered,31.41
SHP100874,2025-10-22,Chattogram DC,Sylhet Hub,Sylhet,RedX,Delivered Late,29.51
SHP100875,2025-11-18,Dhaka Hub,Barisal Hub,Barisal,Pathao Courier,Delivered,20.72
SHP100876,2025-10-03,Chattogram DC,Comilla Hub,Comilla,Sundarban Courier,Delivered,35.64
SHP100877,2026-03-18,Sylhet DC,Mymensingh Hub,Mymensingh,Pathao Courier,Delivered,31.56
SHP100878,2025-12-31,Dhaka Hub,Barisal Hub,Barisal,Steadfast Courier,Delivered,25.13
SHP100879,2026-03-15,Sylhet DC,Dhaka Hub,Dhaka,Steadfast Courier,Delivered,38.59
SHP100880,2026-03-24,Rajshahi DC,Sylhet Hub,Sylhet,Sundarban Courier,Delivered,36.18
SHP100881,2026-05-01,Khulna DC,Mymensingh Hub,Mymensingh,Pathao Courier,Cancelled,30.15
SHP100882,2026-03-09,Khulna DC,Dhaka Hub,Dhaka,Pathao Courier,In Transit,30.9
SHP100883,2026-04-13,Rajshahi DC,Mymensingh Hub,Mymensingh,Sundarban Courier,Delivered Late,43.77
SHP100884,2026-03-23,Khulna DC,Mymensingh Hub,Mymensingh,Steadfast Courier,Delivered,42.62
SHP100885,2026-04-14,Khulna DC,Mymensingh Hub,Mymensingh,RedX,Delivered,28.9
SHP100886,2026-04-02,Rajshahi DC,Sylhet Hub,Sylhet,Pathao Courier,Delivered,28.74
SHP100887,2025-12-19,Dhaka Hub,Sylhet Hub,Sylhet,Pathao Courier,Delivered,27.43
SHP100888,2025-11-25,Rajshahi DC,Chattogram Hub,Chattogram,Pathao Courier,Delivered,20.13
SHP100889,2026-05-31,Chattogram DC,Khulna Hub,Khulna,eCourier,In Transit,35.44
SHP100890,2025-12-28,Khulna DC,Barisal Hub,Barisal,RedX,Delivered,23.81
SHP100891,2026-03-10,Rajshahi DC,Chattogram Hub,Chattogram,RedX,Delivered,24.44
SHP100892,2025-11-08,Sylhet DC,Barisal Hub,Barisal,Sundarban Courier,Delivered,40.26
SHP100893,2026-01-28,Dhaka Hub,Sylhet Hub,Sylhet,Steadfast Courier,Delivered,28.51
SHP100894,2026-03-03,Chattogram DC,Barisal Hub,Barisal,Sundarban Courier,Delivered,28.07
SHP100895,2026-04-05,Sylhet DC,Khulna Hub,Khulna,eCourier,Delivered,33.28
SHP100896,2026-03-02,Rajshahi DC,Narayanganj Hub,Narayanganj,Steadfast Courier,Delivered,30.46
SHP100897,2026-01-03,Rajshahi DC,Khulna Hub,Khulna,Sundarban Courier,Delivered,34.62
SHP100898,2026-07-30,Sylhet DC,Comilla Hub,Comilla,Steadfast Courier,Delivered Late,28.02
SHP100899,2026-02-25,Rajshahi DC,Chattogram Hub,Chattogram,Pathao Courier,Returned,30.6
SHP100900,2026-06-07,Sylhet DC,Dhaka Hub,Dhaka,RedX,Delivered,36.69
SHP100901,2026-05-13,Sylhet DC,Chattogram Hub,Chattogram,Pathao Courier,Delivered,26.16
SHP100902,2026-03-13,Rajshahi DC,Rajshahi Hub,Rajshahi,Sundarban Courier,Delivered,25.32
SHP100903,2026-07-04,Khulna DC,Narayanganj Hub,Narayanganj,Pathao Courier,Delivered Late,30.34
SHP100904,2025-10-15,Sylhet DC,Chattogram Hub,Chattogram,Pathao Courier,Delivered,32.54
SHP100905,2026-07-16,Sylhet DC,Mymensingh Hub,Mymensingh,Pathao Courier,Delivered,29.81
SHP100906,2026-06-22,Khulna DC,Rangpur Hub,Rangpur,Sundarban Courier,Delivered,46.66
SHP100907,2026-02-22,Khulna DC,Khulna Hub,Khulna,RedX,Delayed,21.15
SHP100908,2026-05-12,Sylhet DC,Khulna Hub,Khulna,Sundarban Courier,Delivered,30.6
SHP100909,2026-02-28,Dhaka Hub,Narayanganj Hub,Narayanganj,Sundarban Courier,Delivered,43.47
SHP100910,2025-12-02,Dhaka Hub,Mymensingh Hub,Mymensingh,Steadfast Courier,Delivered,26.62
SHP100911,2026-06-04,Dhaka Hub,Sylhet Hub,Sylhet,Steadfast Courier,Delivered,33.38
SHP100912,2025-11-25,Sylhet DC,Narayanganj Hub,Narayanganj,Pathao Courier,Delivered,26.53
SHP100913,2025-12-18,Khulna DC,Rajshahi Hub,Rajshahi,Sundarban Courier,In Transit,52.14
SHP100914,2026-02-27,Rajshahi DC,Dhaka Hub,Dhaka,RedX,Delivered,33.03
SHP100915,2026-06-17,Chattogram DC,Comilla Hub,Comilla,eCourier,Delayed,28.26
SHP100916,2026-01-11,Khulna DC,Comilla Hub,Comilla,Sundarban Courier,Delayed,35.63
SHP100917,2026-02-18,Khulna DC,Rajshahi Hub,Rajshahi,eCourier,Delivered,51.62
SHP100918,2025-09-15,Dhaka Hub,Mymensingh Hub,Mymensingh,Pathao Courier,In Transit,35.76
SHP100919,2025-10-11,Chattogram DC,Sylhet Hub,Sylhet,Sundarban Courier,Delivered Late,27.75
SHP100920,2025-09-20,Chattogram DC,Comilla Hub,Comilla,eCourier,Delivered,30.28
SHP100921,2025-09-25,Rajshahi DC,Khulna Hub,Khulna,RedX,Delivered,26.06
SHP100922,2026-06-28,Rajshahi DC,Sylhet Hub,Sylhet,eCourier,Cancelled,30.93
SHP100923,2026-06-19,Rajshahi DC,Barisal Hub,Barisal,Pathao Courier,Delivered Late,21.32
SHP100924,2026-06-12,Sylhet DC,Sylhet Hub,Sylhet,Pathao Courier,Delivered Late,14.95
SHP100925,2025-09-20,Sylhet DC,Rangpur Hub,Rangpur,Pathao Courier,Delivered,37.39
SHP100926,2025-09-27,Chattogram DC,Mymensingh Hub,Mymensingh,Pathao Courier,In Transit,31.96
SHP100927,2025-12-07,Khulna DC,Rajshahi Hub,Rajshahi,Pathao Courier,Delivered,36.05
SHP100928,2026-03-15,Dhaka Hub,Mymensingh Hub,Mymensingh,RedX,Delivered,29.11
SHP100929,2025-12-25,Chattogram DC,Rajshahi Hub,Rajshahi,RedX,Delivered,23.06
SHP100930,2026-02-16,Dhaka Hub,Narayanganj Hub,Narayanganj,RedX,Delivered,27.99
SHP100931,2025-10-30,Sylhet DC,Sylhet Hub,Sylhet,Sundarban Courier,Delivered,24.26
SHP100932,2026-05-11,Chattogram DC,Mymensingh Hub,Mymensingh,Pathao Courier,Delivered,34.88
SHP100933,2025-12-18,Dhaka Hub,Barisal Hub,Barisal,RedX,Delivered,24.49
SHP100934,2025-09-24,Chattogram DC,Narayanganj Hub,Narayanganj,Pathao Courier,Delivered,30.32
SHP100935,2026-05-15,Rajshahi DC,Sylhet Hub,Sylhet,Steadfast Courier,Delivered,32.12
SHP100936,2026-07-10,Sylhet DC,Chattogram Hub,Chattogram,Pathao Courier,Delivered,23.56
SHP100937,2025-09-06,Rajshahi DC,Comilla Hub,Comilla,RedX,Delivered,20.98
SHP100938,2026-01-30,Rajshahi DC,Narayanganj Hub,Narayanganj,Steadfast Courier,Delivered,39.69
SHP100939,2026-06-14,Rajshahi DC,Mymensingh Hub,Mymensingh,RedX,In Transit,26.89
SHP100940,2026-05-03,Chattogram DC,Rajshahi Hub,Rajshahi,RedX,Delivered,26.79
SHP100941,2026-06-24,Rajshahi DC,Rajshahi Hub,Rajshahi,RedX,In Transit,16.96
SHP100942,2026-01-22,Rajshahi DC,Rangpur Hub,Rangpur,Pathao Courier,Delivered,39.65
SHP100943,2026-01-07,Rajshahi DC,Mymensingh Hub,Mymensingh,RedX,Delivered,27.63
SHP100944,2026-05-04,Chattogram DC,Sylhet Hub,Sylhet,Steadfast Courier,Delivered Late,26.52
SHP100945,2025-10-24,Chattogram DC,Dhaka Hub,Dhaka,Steadfast Courier,Delivered,43.11
SHP100946,2025-11-22,Sylhet DC,Dhaka Hub,Dhaka,Sundarban Courier,Cancelled,49.74
SHP100947,2026-03-27,Rajshahi DC,Khulna Hub,Khulna,Sundarban Courier,Delivered,36.04
SHP100948,2026-04-20,Rajshahi DC,Rangpur Hub,Rangpur,eCourier,In Transit,44.05
SHP100949,2025-10-12,Sylhet DC,Rajshahi Hub,Rajshahi,RedX,Delivered,33.35
SHP100950,2026-02-23,Dhaka Hub,Rangpur Hub,Rangpur,Pathao Courier,In Transit,27.48
SHP100951,2026-01-05,Sylhet DC,Rajshahi Hub,Rajshahi,Pathao Courier,Delivered,31.32
SHP100952,2026-02-21,Khulna DC,Sylhet Hub,Sylhet,Pathao Courier,Delivered,32.36
SHP100953,2026-07-29,Sylhet DC,Mymensingh Hub,Mymensingh,Sundarban Courier,Delivered,41.74
SHP100954,2025-09-27,Chattogram DC,Mymensingh Hub,Mymensingh,Pathao Courier,In Transit,40.64
SHP100955,2026-08-11,Chattogram DC,Narayanganj Hub,Narayanganj,Pathao Courier,Delivered,40.18
SHP100956,2026-02-03,Dhaka Hub,Comilla Hub,Comilla,Pathao Courier,Delivered,19.94
SHP100957,2026-05-26,Chattogram DC,Khulna Hub,Khulna,Steadfast Courier,Delivered,29.39
SHP100958,2026-01-25,Khulna DC,Mymensingh Hub,Mymensingh,Pathao Courier,Delivered,36.82
SHP100959,2025-12-17,Chattogram DC,Khulna Hub,Khulna,Pathao Courier,Delivered Late,27.95
SHP100960,2026-05-25,Rajshahi DC,Comilla Hub,Comilla,Sundarban Courier,Delivered,34.84
SHP100961,2026-04-26,Dhaka Hub,Rangpur Hub,Rangpur,Pathao Courier,Delivered,37.45
SHP100962,2025-10-20,Sylhet DC,Comilla Hub,Comilla,Steadfast Courier,Delivered Late,33.25
SHP100963,2026-05-03,Sylhet DC,Sylhet Hub,Sylhet,Steadfast Courier,Delivered,21.46
SHP100964,2026-05-19,Rajshahi DC,Dhaka Hub,Dhaka,Sundarban Courier,Delivered,51.61
SHP100965,2026-01-13,Rajshahi DC,Chattogram Hub,Chattogram,Sundarban Courier,Delivered,32.75
SHP100966,2026-07-18,Sylhet DC,Barisal Hub,Barisal,Sundarban Courier,Delivered,40.55
SHP100967,2026-04-10,Khulna DC,Narayanganj Hub,Narayanganj,Pathao Courier,In Transit,28.78
SHP100968,2025-12-25,Khulna DC,Rangpur Hub,Rangpur,Sundarban Courier,Delayed,37.29
SHP100969,2025-09-04,Sylhet DC,Comilla Hub,Comilla,Pathao Courier,Delayed,21.92
SHP100970,2026-04-22,Dhaka Hub,Rajshahi Hub,Rajshahi,Pathao Courier,Delivered Late,26.05
SHP100971,2025-11-12,Sylhet DC,Narayanganj Hub,Narayanganj,RedX,Delivered,29.36
SHP100972,2026-05-20,Chattogram DC,Narayanganj Hub,Narayanganj,Pathao Courier,Delivered,32.06
SHP100973,2026-03-01,Sylhet DC,Sylhet Hub,Sylhet,Pathao Courier,Delivered,18.62
SHP100974,2026-02-09,Khulna DC,Comilla Hub,Comilla,Sundarban Courier,Delivered,37.99
SHP100975,2025-10-27,Chattogram DC,Dhaka Hub,Dhaka,Sundarban Courier,Delivered,51.34
SHP100976,2026-05-05,Chattogram DC,Barisal Hub,Barisal,Pathao Courier,Cancelled,34.57
SHP100977,2025-10-28,Rajshahi DC,Rajshahi Hub,Rajshahi,Pathao Courier,Delivered,25.71
SHP100978,2026-01-23,Chattogram DC,Khulna Hub,Khulna,Pathao Courier,Delivered,21.74
SHP100979,2026-06-17,Dhaka Hub,Narayanganj Hub,Narayanganj,Pathao Courier,In Transit,33.26
SHP100980,2026-07-16,Khulna DC,Rangpur Hub,Rangpur,eCourier,Delivered,45.62
SHP100981,2026-08-09,Khulna DC,Chattogram Hub,Chattogram,Steadfast Courier,Delivered,24.31
SHP100982,2026-07-29,Rajshahi DC,Chattogram Hub,Chattogram,Sundarban Courier,Delivered,41.73
SHP100983,2026-03-12,Khulna DC,Chattogram Hub,Chattogram,Sundarban Courier,Cancelled,44.92
SHP100984,2025-11-09,Rajshahi DC,Khulna Hub,Khulna,eCourier,Delivered,37.12
SHP100985,2026-06-18,Sylhet DC,Dhaka Hub,Dhaka,RedX,Delivered,39.44
SHP100986,2026-06-05,Chattogram DC,Sylhet Hub,Sylhet,Pathao Courier,Delivered,22.59
SHP100987,2026-08-09,Rajshahi DC,Mymensingh Hub,Mymensingh,Pathao Courier,Delivered,34.22
SHP100988,2026-04-14,Chattogram DC,Comilla Hub,Comilla,Sundarban Courier,Delivered,43.04
SHP100989,2025-10-19,Chattogram DC,Mymensingh Hub,Mymensingh,RedX,Delivered,23.96
SHP100990,2026-02-22,Rajshahi DC,Rajshahi Hub,Rajshahi,Pathao Courier,Delivered,19.9
SHP100991,2026-02-03,Rajshahi DC,Rangpur Hub,Rangpur,Sundarban Courier,Delayed,54.25
SHP100992,2026-06-19,Chattogram DC,Narayanganj Hub,Narayanganj,Sundarban Courier,Delivered,38.98
SHP100993,2026-01-14,Khulna DC,Dhaka Hub,Dhaka,Pathao Courier,Delivered,36.11
SHP100994,2025-12-23,Rajshahi DC,Narayanganj Hub,Narayanganj,Sundarban Courier,Delivered,40.56
SHP100995,2025-09-28,Khulna DC,Mymensingh Hub,Mymensingh,RedX,Delivered,30.18
SHP100996,2026-06-17,Dhaka Hub,Khulna Hub,Khulna,RedX,Delivered,29.03
SHP100997,2026-05-20,Khulna DC,Rajshahi Hub,Rajshahi,Pathao Courier,Delivered,34.89
SHP100998,2025-09-15,Dhaka Hub,Rajshahi Hub,Rajshahi,Pathao Courier,Delivered,33.2
SHP100999,2026-01-29,Rajshahi DC,Chattogram Hub,Chattogram,eCourier,Delivered,31.71
SHP101000,2026-02-13,Dhaka Hub,Sylhet Hub,Sylhet,Sundarban Courier,Delivered,28.77
SHP101001,2026-02-10,Rajshahi DC,Sylhet Hub,Sylhet,Pathao Courier,Delivered,30.21
SHP101002,2026-07-15,Dhaka Hub,Dhaka Hub,Dhaka,Pathao Courier,Delivered,29.09
SHP101003,2025-10-23,Sylhet DC,Barisal Hub,Barisal,eCourier,Delivered,36.44
SHP101004,2025-12-15,Chattogram DC,Rajshahi Hub,Rajshahi,eCourier,In Transit,39.28
SHP101005,2025-11-02,Rajshahi DC,Khulna Hub,Khulna,Steadfast Courier,Delivered,24.53
SHP101006,2025-11-24,Chattogram DC,Chattogram Hub,Chattogram,RedX,In Transit,23.51
SHP101007,2026-07-11,Khulna DC,Narayanganj Hub,Narayanganj,Sundarban Courier,Delivered,34.87
SHP101008,2026-07-23,Dhaka Hub,Rangpur Hub,Rangpur,Sundarban Courier,Returned,49.27
SHP101009,2025-09-16,Sylhet DC,Rajshahi Hub,Rajshahi,Pathao Courier,Delivered,25.04
SHP101010,2026-04-07,Rajshahi DC,Mymensingh Hub,Mymensingh,RedX,Delivered,30.51
SHP101011,2025-11-20,Rajshahi DC,Khulna Hub,Khulna,RedX,Delivered,26.65
SHP101012,2025-11-06,Chattogram DC,Sylhet Hub,Sylhet,Pathao Courier,Delivered,30.07
SHP101013,2025-12-11,Chattogram DC,Rangpur Hub,Rangpur,Steadfast Courier,Delivered,41.67
SHP101014,2025-11-07,Sylhet DC,Mymensingh Hub,Mymensingh,Sundarban Courier,Delivered,40.65
SHP101015,2026-02-17,Sylhet DC,Rangpur Hub,Rangpur,Pathao Courier,Cancelled,32.89
SHP101016,2026-08-11,Sylhet DC,Barisal Hub,Barisal,Sundarban Courier,In Transit,30.89
SHP101017,2026-03-22,Dhaka Hub,Dhaka Hub,Dhaka,Steadfast Courier,Delivered,26.01
SHP101018,2026-05-09,Khulna DC,Rangpur Hub,Rangpur,Steadfast Courier,In Transit,38.16
SHP101019,2026-02-18,Chattogram DC,Rangpur Hub,Rangpur,Sundarban Courier,Delivered,60.0
SHP101020,2025-09-05,Chattogram DC,Rajshahi Hub,Rajshahi,Steadfast Courier,Delivered,39.76
SHP101021,2025-09-30,Rajshahi DC,Sylhet Hub,Sylhet,Steadfast Courier,Delivered,28.11
SHP101022,2025-12-03,Khulna DC,Narayanganj Hub,Narayanganj,eCourier,Delivered,32.5
SHP101023,2025-11-24,Chattogram DC,Khulna Hub,Khulna,eCourier,Delayed,33.61
SHP101024,2026-06-18,Rajshahi DC,Sylhet Hub,Sylhet,Sundarban Courier,In Transit,39.6
SHP101025,2026-06-19,Chattogram DC,Mymensingh Hub,Mymensingh,eCourier,Delayed,33.99
SHP101026,2026-06-23,Sylhet DC,Rajshahi Hub,Rajshahi,RedX,Delivered,28.18
SHP101027,2026-04-09,Chattogram DC,Barisal Hub,Barisal,eCourier,Delivered,31.78
SHP101028,2026-03-12,Dhaka Hub,Rangpur Hub,Rangpur,Pathao Courier,Delivered Late,30.55
SHP101029,2026-04-13,Sylhet DC,Khulna Hub,Khulna,eCourier,Delivered,32.99
SHP101030,2026-01-19,Sylhet DC,Chattogram Hub,Chattogram,Steadfast Courier,In Transit,44.03
SHP101031,2026-04-20,Rajshahi DC,Chattogram Hub,Chattogram,Sundarban Courier,Delivered,39.97
SHP101032,2026-06-02,Chattogram DC,Narayanganj Hub,Narayanganj,Steadfast Courier,In Transit,28.33
SHP101033,2026-05-22,Rajshahi DC,Barisal Hub,Barisal,Sundarban Courier,Delivered Late,33.44
SHP101034,2026-04-01,Khulna DC,Rajshahi Hub,Rajshahi,Pathao Courier,Delivered,29.14
SHP101035,2025-09-21,Dhaka Hub,Khulna Hub,Khulna,Pathao Courier,Delivered,18.55
SHP101036,2026-05-09,Khulna DC,Mymensingh Hub,Mymensingh,eCourier,Delivered,38.65
SHP101037,2026-01-05,Sylhet DC,Narayanganj Hub,Narayanganj,RedX,Delivered,22.78
SHP101038,2026-05-16,Chattogram DC,Mymensingh Hub,Mymensingh,Sundarban Courier,In Transit,43.39
SHP101039,2026-03-06,Sylhet DC,Barisal Hub,Barisal,RedX,Delivered,21.65
SHP101040,2026-07-02,Chattogram DC,Rajshahi Hub,Rajshahi,Sundarban Courier,Delivered,53.66
SHP101041,2025-12-27,Khulna DC,Comilla Hub,Comilla,Sundarban Courier,Delivered,31.73
SHP101042,2026-07-20,Sylhet DC,Comilla Hub,Comilla,Steadfast Courier,Delivered,29.21
SHP101043,2026-06-20,Sylhet DC,Khulna Hub,Khulna,RedX,Delivered,28.62
SHP101044,2025-12-24,Chattogram DC,Narayanganj Hub,Narayanganj,eCourier,In Transit,30.58
SHP101045,2026-02-14,Chattogram DC,Comilla Hub,Comilla,RedX,Delivered Late,20.21
SHP101046,2026-03-03,Sylhet DC,Comilla Hub,Comilla,Steadfast Courier,Delayed,23.04
SHP101047,2026-05-24,Sylhet DC,Dhaka Hub,Dhaka,Pathao Courier,Delivered,35.46
SHP101048,2026-04-27,Chattogram DC,Chattogram Hub,Chattogram,Pathao Courier,Delivered,26.07
SHP101049,2026-06-22,Sylhet DC,Sylhet Hub,Sylhet,Pathao Courier,Delivered,22.37
SHP101050,2026-01-06,Chattogram DC,Mymensingh Hub,Mymensingh,RedX,Delivered,30.0
SHP101051,2026-02-22,Sylhet DC,Dhaka Hub,Dhaka,RedX,Delivered,29.73
SHP101052,2026-01-28,Dhaka Hub,Dhaka Hub,Dhaka,eCourier,Delivered,30.56
SHP101053,2026-07-12,Sylhet DC,Dhaka Hub,Dhaka,Sundarban Courier,Delivered,50.23
SHP101054,2025-12-15,Khulna DC,Chattogram Hub,Chattogram,Pathao Courier,Delivered,27.68
SHP101055,2026-03-23,Rajshahi DC,Narayanganj Hub,Narayanganj,RedX,Delivered,26.21
SHP101056,2025-10-12,Khulna DC,Mymensingh Hub,Mymensingh,Steadfast Courier,Delivered,35.03
SHP101057,2026-06-22,Khulna DC,Mymensingh Hub,Mymensingh,Sundarban Courier,Delivered Late,35.87
SHP101058,2026-01-11,Dhaka Hub,Sylhet Hub,Sylhet,Pathao Courier,Delivered,30.74
SHP101059,2025-12-27,Chattogram DC,Rangpur Hub,Rangpur,Sundarban Courier,Delivered Late,35.12
SHP101060,2026-03-21,Khulna DC,Mymensingh Hub,Mymensingh,Sundarban Courier,Delivered,52.08
SHP101061,2026-02-20,Rajshahi DC,Barisal Hub,Barisal,Pathao Courier,Delivered,30.72
SHP101062,2026-06-21,Sylhet DC,Comilla Hub,Comilla,Sundarban Courier,Delivered,38.36
SHP101063,2026-03-03,Rajshahi DC,Barisal Hub,Barisal,RedX,Delivered,27.66
SHP101064,2026-02-26,Chattogram DC,Khulna Hub,Khulna,Sundarban Courier,Delivered,43.27
SHP101065,2025-10-07,Dhaka Hub,Rangpur Hub,Rangpur,Sundarban Courier,Delivered Late,46.08
SHP101066,2025-09-08,Dhaka Hub,Narayanganj Hub,Narayanganj,Pathao Courier,Delivered Late,25.13
SHP101067,2026-01-16,Sylhet DC,Comilla Hub,Comilla,Steadfast Courier,Delivered,22.99
SHP101068,2026-08-12,Khulna DC,Rajshahi Hub,Rajshahi,Sundarban Courier,Delivered,50.9
SHP101069,2026-07-15,Chattogram DC,Barisal Hub,Barisal,Sundarban Courier,Delivered,31.44
SHP101070,2026-04-06,Khulna DC,Narayanganj Hub,Narayanganj,Pathao Courier,Returned,36.4
SHP101071,2026-04-07,Khulna DC,Mymensingh Hub,Mymensingh,RedX,Delivered,32.74
SHP101072,2026-01-14,Chattogram DC,Barisal Hub,Barisal,Steadfast Courier,Delivered,36.11
SHP101073,2025-11-01,Chattogram DC,Sylhet Hub,Sylhet,Pathao Courier,Delivered,26.68
SHP101074,2025-09-03,Khulna DC,Narayanganj Hub,Narayanganj,Pathao Courier,Delivered Late,26.2
SHP101075,2025-12-27,Khulna DC,Narayanganj Hub,Narayanganj,Pathao Courier,Delivered,22.92
SHP101076,2025-12-19,Dhaka Hub,Dhaka Hub,Dhaka,RedX,Delivered,27.65
SHP101077,2025-11-06,Chattogram DC,Dhaka Hub,Dhaka,Steadfast Courier,Delivered,45.55
SHP101078,2025-11-29,Sylhet DC,Chattogram Hub,Chattogram,Sundarban Courier,Delivered Late,40.05
SHP101079,2025-09-09,Sylhet DC,Khulna Hub,Khulna,Sundarban Courier,Delivered,34.89
SHP101080,2026-03-30,Dhaka Hub,Chattogram Hub,Chattogram,eCourier,Cancelled,30.76
SHP101081,2026-07-18,Rajshahi DC,Comilla Hub,Comilla,eCourier,In Transit,24.07
SHP101082,2026-04-28,Chattogram DC,Narayanganj Hub,Narayanganj,Pathao Courier,Delivered,23.95
SHP101083,2026-02-03,Chattogram DC,Chattogram Hub,Chattogram,Pathao Courier,Delayed,22.78
SHP101084,2026-01-24,Dhaka Hub,Comilla Hub,Comilla,Sundarban Courier,In Transit,30.26
SHP101085,2025-12-16,Rajshahi DC,Chattogram Hub,Chattogram,eCourier,Delivered,35.49
SHP101086,2025-10-20,Chattogram DC,Mymensingh Hub,Mymensingh,RedX,Delivered Late,22.98
SHP101087,2026-03-27,Rajshahi DC,Khulna Hub,Khulna,RedX,Delivered,32.48
SHP101088,2026-03-16,Sylhet DC,Dhaka Hub,Dhaka,eCourier,Delivered,34.39
SHP101089,2025-09-03,Rajshahi DC,Rajshahi Hub,Rajshahi,Pathao Courier,Delivered,28.73
SHP101090,2026-01-22,Dhaka Hub,Comilla Hub,Comilla,Sundarban Courier,In Transit,27.72
SHP101091,2025-12-06,Dhaka Hub,Narayanganj Hub,Narayanganj,Pathao Courier,Delayed,16.36
SHP101092,2025-10-29,Rajshahi DC,Chattogram Hub,Chattogram,Steadfast Courier,Delivered,39.86
SHP101093,2026-05-02,Rajshahi DC,Comilla Hub,Comilla,RedX,Delivered,31.25
SHP101094,2026-03-01,Sylhet DC,Sylhet Hub,Sylhet,Sundarban Courier,Delivered,30.48
SHP101095,2026-04-08,Dhaka Hub,Rajshahi Hub,Rajshahi,Pathao Courier,In Transit,39.2
SHP101096,2026-05-05,Rajshahi DC,Chattogram Hub,Chattogram,eCourier,Delivered,31.27
SHP101097,2026-08-06,Chattogram DC,Narayanganj Hub,Narayanganj,eCourier,Delivered,35.03
SHP101098,2026-06-05,Rajshahi DC,Mymensingh Hub,Mymensingh,RedX,Delivered,32.93
SHP101099,2026-04-03,Rajshahi DC,Rangpur Hub,Rangpur,Pathao Courier,Delivered,31.47
SHP101100,2026-07-02,Rajshahi DC,Mymensingh Hub,Mymensingh,Steadfast Courier,Delivered,25.65
SHP101101,2026-02-13,Khulna DC,Comilla Hub,Comilla,eCourier,Delivered,34.2
SHP101102,2026-08-07,Khulna DC,Chattogram Hub,Chattogram,RedX,Delivered,24.35
SHP101103,2026-05-22,Sylhet DC,Sylhet Hub,Sylhet,RedX,In Transit,21.75
SHP101104,2026-04-14,Dhaka Hub,Dhaka Hub,Dhaka,Steadfast Courier,Delivered,36.01
SHP101105,2026-07-10,Chattogram DC,Rajshahi Hub,Rajshahi,Steadfast Courier,Delivered,36.24
SHP101106,2026-02-26,Khulna DC,Rajshahi Hub,Rajshahi,RedX,Delivered Late,23.47
SHP101107,2026-05-08,Rajshahi DC,Dhaka Hub,Dhaka,Sundarban Courier,Delivered,53.14
SHP101108,2025-12-08,Sylhet DC,Rangpur Hub,Rangpur,Sundarban Courier,Delivered Late,48.9
SHP101109,2026-07-31,Khulna DC,Dhaka Hub,Dhaka,eCourier,In Transit,48.53
SHP101110,2026-04-04,Dhaka Hub,Mymensingh Hub,Mymensingh,RedX,Delivered,30.92
SHP101111,2026-05-29,Sylhet DC,Mymensingh Hub,Mymensingh,Pathao Courier,Delivered,34.95
SHP101112,2026-02-07,Sylhet DC,Comilla Hub,Comilla,Pathao Courier,Delivered,23.26
SHP101113,2026-06-27,Rajshahi DC,Chattogram Hub,Chattogram,Steadfast Courier,Delivered,37.04
SHP101114,2025-09-26,Chattogram DC,Comilla Hub,Comilla,Steadfast Courier,Delivered,33.58
SHP101115,2025-10-10,Chattogram DC,Barisal Hub,Barisal,Steadfast Courier,Delivered,32.15
SHP101116,2026-02-23,Chattogram DC,Comilla Hub,Comilla,Sundarban Courier,Delivered,32.39
SHP101117,2026-05-12,Dhaka Hub,Rangpur Hub,Rangpur,eCourier,Delivered,54.15
SHP101118,2026-06-07,Sylhet DC,Rangpur Hub,Rangpur,eCourier,Delivered,48.41
SHP101119,2026-01-31,Khulna DC,Dhaka Hub,Dhaka,Sundarban Courier,Delivered,54.06
SHP101120,2026-04-13,Rajshahi DC,Rangpur Hub,Rangpur,Pathao Courier,Delivered,39.52
SHP101121,2026-03-11,Rajshahi DC,Rajshahi Hub,Rajshahi,Steadfast Courier,Delivered,26.89
SHP101122,2026-07-30,Dhaka Hub,Comilla Hub,Comilla,Pathao Courier,Delivered Late,22.75
SHP101123,2026-04-15,Chattogram DC,Rangpur Hub,Rangpur,RedX,Delayed,38.39
SHP101124,2026-01-23,Chattogram DC,Dhaka Hub,Dhaka,RedX,Delivered Late,30.27
SHP101125,2026-08-02,Chattogram DC,Comilla Hub,Comilla,RedX,Delivered,25.06
SHP101126,2025-10-08,Rajshahi DC,Dhaka Hub,Dhaka,Pathao Courier,Delivered,32.15
SHP101127,2026-08-07,Dhaka Hub,Sylhet Hub,Sylhet,eCourier,Delivered,22.49
SHP101128,2025-10-24,Dhaka Hub,Sylhet Hub,Sylhet,Pathao Courier,Delivered,26.0
SHP101129,2025-12-09,Rajshahi DC,Narayanganj Hub,Narayanganj,eCourier,Cancelled,30.76
SHP101130,2026-06-12,Rajshahi DC,Chattogram Hub,Chattogram,Pathao Courier,Delivered,29.67
SHP101131,2026-05-12,Chattogram DC,Comilla Hub,Comilla,RedX,Delivered,24.45
SHP101132,2026-08-02,Chattogram DC,Sylhet Hub,Sylhet,eCourier,Delivered,35.27
SHP101133,2026-05-18,Sylhet DC,Rangpur Hub,Rangpur,Pathao Courier,Delayed,28.03
SHP101134,2026-04-09,Sylhet DC,Dhaka Hub,Dhaka,Pathao Courier,Delivered,42.02
SHP101135,2025-12-29,Rajshahi DC,Khulna Hub,Khulna,eCourier,In Transit,27.42
SHP101136,2025-09-02,Sylhet DC,Rangpur Hub,Rangpur,Pathao Courier,Delivered Late,43.95
SHP101137,2025-10-13,Dhaka Hub,Mymensingh Hub,Mymensingh,Pathao Courier,Cancelled,26.26
SHP101138,2025-12-13,Sylhet DC,Comilla Hub,Comilla,Sundarban Courier,Delivered,27.33
SHP101139,2025-09-15,Sylhet DC,Comilla Hub,Comilla,Steadfast Courier,Delayed,31.71
SHP101140,2026-02-23,Sylhet DC,Barisal Hub,Barisal,RedX,In Transit,21.95
SHP101141,2026-05-27,Sylhet DC,Khulna Hub,Khulna,Sundarban Courier,In Transit,29.0
SHP101142,2026-07-31,Rajshahi DC,Sylhet Hub,Sylhet,Steadfast Courier,Delayed,25.92
SHP101143,2026-02-17,Rajshahi DC,Narayanganj Hub,Narayanganj,Sundarban Courier,Delivered,42.63
SHP101144,2026-06-30,Chattogram DC,Rangpur Hub,Rangpur,Sundarban Courier,Delivered Late,53.17
SHP101145,2026-08-07,Chattogram DC,Narayanganj Hub,Narayanganj,Sundarban Courier,Delivered,37.19
SHP101146,2026-06-25,Khulna DC,Rajshahi Hub,Rajshahi,Sundarban Courier,Delivered Late,43.04
SHP101147,2026-02-08,Sylhet DC,Rajshahi Hub,Rajshahi,Sundarban Courier,Delivered Late,56.9
SHP101148,2025-12-22,Sylhet DC,Comilla Hub,Comilla,RedX,Delivered Late,14.05
SHP101149,2026-08-05,Dhaka Hub,Mymensingh Hub,Mymensingh,Pathao Courier,Delivered,31.39
SHP101150,2025-11-23,Chattogram DC,Sylhet Hub,Sylhet,RedX,In Transit,25.86
SHP101151,2026-01-21,Khulna DC,Barisal Hub,Barisal,Pathao Courier,In Transit,23.84
SHP101152,2025-09-26,Rajshahi DC,Sylhet Hub,Sylhet,Sundarban Courier,Delivered,36.58
SHP101153,2026-06-02,Khulna DC,Mymensingh Hub,Mymensingh,Pathao Courier,Delivered,29.86
SHP101154,2026-04-13,Chattogram DC,Dhaka Hub,Dhaka,RedX,In Transit,31.58
SHP101155,2025-09-30,Dhaka Hub,Comilla Hub,Comilla,eCourier,Delivered Late,20.6
SHP101156,2025-11-16,Dhaka Hub,Narayanganj Hub,Narayanganj,Sundarban Courier,Delivered,42.22
SHP101157,2026-03-12,Chattogram DC,Dhaka Hub,Dhaka,Pathao Courier,Delivered,40.91
SHP101158,2026-03-06,Sylhet DC,Rangpur Hub,Rangpur,Pathao Courier,Delivered,39.78
SHP101159,2026-06-05,Rajshahi DC,Dhaka Hub,Dhaka,eCourier,Delivered,43.68
SHP101160,2025-12-02,Rajshahi DC,Khulna Hub,Khulna,Pathao Courier,Delivered,24.49
SHP101161,2026-07-17,Dhaka Hub,Khulna Hub,Khulna,eCourier,Delivered,34.0
SHP101162,2026-02-01,Khulna DC,Barisal Hub,Barisal,Sundarban Courier,In Transit,28.8
SHP101163,2026-06-12,Chattogram DC,Narayanganj Hub,Narayanganj,Pathao Courier,Delayed,31.53
SHP101164,2025-11-22,Dhaka Hub,Rajshahi Hub,Rajshahi,eCourier,Delivered,43.53
SHP101165,2025-09-13,Sylhet DC,Khulna Hub,Khulna,Sundarban Courier,Delayed,26.26
SHP101166,2025-09-20,Dhaka Hub,Dhaka Hub,Dhaka,Pathao Courier,Delivered,35.65
SHP101167,2026-01-07,Chattogram DC,Comilla Hub,Comilla,Steadfast Courier,Delivered,32.66
SHP101168,2026-07-27,Sylhet DC,Khulna Hub,Khulna,Pathao Courier,Delivered Late,24.6
SHP101169,2025-09-17,Chattogram DC,Rajshahi Hub,Rajshahi,Sundarban Courier,Delivered,44.69
SHP101170,2026-01-06,Sylhet DC,Dhaka Hub,Dhaka,Sundarban Courier,Delivered,45.8
SHP101171,2025-10-08,Sylhet DC,Sylhet Hub,Sylhet,Sundarban Courier,Delayed,31.02
SHP101172,2026-07-20,Khulna DC,Barisal Hub,Barisal,eCourier,Delivered,28.59
SHP101173,2026-04-22,Dhaka Hub,Narayanganj Hub,Narayanganj,Pathao Courier,Delivered,30.18
SHP101174,2026-05-22,Dhaka Hub,Khulna Hub,Khulna,Steadfast Courier,Delivered,32.93
SHP101175,2026-05-05,Sylhet DC,Barisal Hub,Barisal,RedX,Delivered,23.62
SHP101176,2026-04-16,Chattogram DC,Comilla Hub,Comilla,Steadfast Courier,Delivered,27.12
SHP101177,2026-05-26,Khulna DC,Khulna Hub,Khulna,eCourier,Delivered,18.91
SHP101178,2025-09-03,Dhaka Hub,Sylhet Hub,Sylhet,Steadfast Courier,Delivered,27.81
SHP101179,2026-06-27,Sylhet DC,Dhaka Hub,Dhaka,RedX,Delivered,41.31
SHP101180,2026-05-14,Rajshahi DC,Narayanganj Hub,Narayanganj,Sundarban Courier,Delivered,38.01
SHP101181,2026-05-14,Dhaka Hub,Chattogram Hub,Chattogram,Sundarban Courier,Delayed,36.51
SHP101182,2026-01-15,Chattogram DC,Sylhet Hub,Sylhet,RedX,Delivered,23.67
SHP101183,2026-06-05,Rajshahi DC,Chattogram Hub,Chattogram,Sundarban Courier,In Transit,40.4
SHP101184,2026-01-11,Sylhet DC,Mymensingh Hub,Mymensingh,eCourier,Returned,44.2
SHP101185,2025-09-17,Dhaka Hub,Khulna Hub,Khulna,Pathao Courier,Delivered,31.07
SHP101186,2026-07-12,Chattogram DC,Mymensingh Hub,Mymensingh,eCourier,Delivered,38.34
SHP101187,2025-11-21,Khulna DC,Rangpur Hub,Rangpur,Pathao Courier,Delivered,33.93
SHP101188,2025-10-06,Rajshahi DC,Dhaka Hub,Dhaka,Steadfast Courier,Delayed,47.67
SHP101189,2026-04-04,Chattogram DC,Khulna Hub,Khulna,Pathao Courier,Delivered,27.84
SHP101190,2025-11-20,Sylhet DC,Dhaka Hub,Dhaka,Pathao Courier,Delivered,46.99
SHP101191,2026-06-24,Khulna DC,Dhaka Hub,Dhaka,eCourier,Delivered,40.36
SHP101192,2026-02-01,Dhaka Hub,Rajshahi Hub,Rajshahi,eCourier,In Transit,35.2
SHP101193,2025-09-02,Chattogram DC,Sylhet Hub,Sylhet,eCourier,Delivered,21.13
SHP101194,2026-07-27,Khulna DC,Dhaka Hub,Dhaka,Steadfast Courier,Delivered,40.47
SHP101195,2026-02-26,Dhaka Hub,Rajshahi Hub,Rajshahi,Pathao Courier,Delivered,41.0
SHP101196,2025-11-30,Khulna DC,Rajshahi Hub,Rajshahi,eCourier,Cancelled,39.77
SHP101197,2026-04-23,Sylhet DC,Narayanganj Hub,Narayanganj,Sundarban Courier,Delivered,44.29
SHP101198,2026-03-03,Rajshahi DC,Rangpur Hub,Rangpur,RedX,Delivered,28.02
SHP101199,2025-09-11,Dhaka Hub,Khulna Hub,Khulna,Sundarban Courier,In Transit,33.1
SHP101200,2026-05-21,Rajshahi DC,Rajshahi Hub,Rajshahi,Pathao Courier,Delivered,26.34
SHP101201,2026-01-17,Chattogram DC,Dhaka Hub,Dhaka,RedX,Delayed,27.73
SHP101202,2026-05-01,Dhaka Hub,Khulna Hub,Khulna,eCourier,Delivered,26.99
SHP101203,2026-07-07,Khulna DC,Barisal Hub,Barisal,Pathao Courier,Delivered,31.18
SHP101204,2026-03-31,Sylhet DC,Dhaka Hub,Dhaka,Steadfast Courier,Delivered,43.94
SHP101205,2026-04-21,Rajshahi DC,Narayanganj Hub,Narayanganj,RedX,Delivered,27.6
SHP101206,2025-11-28,Dhaka Hub,Barisal Hub,Barisal,Pathao Courier,In Transit,22.83
SHP101207,2025-11-22,Dhaka Hub,Mymensingh Hub,Mymensingh,RedX,Delivered,31.47
SHP101208,2026-01-22,Sylhet DC,Sylhet Hub,Sylhet,Pathao Courier,Delivered,19.21
SHP101209,2026-06-23,Rajshahi DC,Comilla Hub,Comilla,Pathao Courier,Delivered Late,25.49
SHP101210,2026-03-01,Sylhet DC,Khulna Hub,Khulna,RedX,Delivered,14.96
SHP101211,2025-12-30,Khulna DC,Narayanganj Hub,Narayanganj,Pathao Courier,Delivered,27.59
SHP101212,2026-05-28,Rajshahi DC,Barisal Hub,Barisal,Pathao Courier,Delivered,20.57
SHP101213,2026-06-23,Rajshahi DC,Rangpur Hub,Rangpur,eCourier,Returned,40.46
SHP101214,2026-07-10,Sylhet DC,Sylhet Hub,Sylhet,Pathao Courier,Delivered,21.91
SHP101215,2025-12-13,Khulna DC,Narayanganj Hub,Narayanganj,eCourier,In Transit,39.01
SHP101216,2026-05-04,Sylhet DC,Chattogram Hub,Chattogram,eCourier,Delivered Late,35.1
SHP101217,2026-03-24,Khulna DC,Dhaka Hub,Dhaka,Pathao Courier,Delivered,33.97
SHP101218,2026-02-03,Sylhet DC,Rajshahi Hub,Rajshahi,RedX,Delivered,31.85
SHP101219,2026-01-16,Sylhet DC,Comilla Hub,Comilla,Pathao Courier,Delivered,21.94
SHP101220,2025-10-10,Sylhet DC,Narayanganj Hub,Narayanganj,RedX,Delivered,34.53
SHP101221,2025-12-05,Khulna DC,Comilla Hub,Comilla,Pathao Courier,Cancelled,21.93
SHP101222,2026-03-10,Khulna DC,Barisal Hub,Barisal,Steadfast Courier,Delivered,30.05
SHP101223,2026-07-04,Rajshahi DC,Narayanganj Hub,Narayanganj,Pathao Courier,Delivered,34.32
SHP101224,2026-06-27,Khulna DC,Rajshahi Hub,Rajshahi,RedX,Delivered,29.84
SHP101225,2025-11-04,Dhaka Hub,Rajshahi Hub,Rajshahi,Pathao Courier,Delivered,33.81
SHP101226,2026-04-24,Sylhet DC,Chattogram Hub,Chattogram,Pathao Courier,Delivered,27.63
SHP101227,2025-09-30,Chattogram DC,Mymensingh Hub,Mymensingh,Sundarban Courier,Delivered Late,30.03
SHP101228,2026-04-22,Dhaka Hub,Khulna Hub,Khulna,RedX,Delivered Late,23.19
SHP101229,2025-12-28,Dhaka Hub,Chattogram Hub,Chattogram,Steadfast Courier,Delayed,29.85
SHP101230,2026-02-03,Sylhet DC,Khulna Hub,Khulna,Pathao Courier,Delivered,23.28
SHP101231,2026-05-07,Rajshahi DC,Rangpur Hub,Rangpur,Pathao Courier,Delivered,36.34
SHP101232,2026-01-26,Sylhet DC,Sylhet Hub,Sylhet,Sundarban Courier,In Transit,25.33
SHP101233,2026-06-07,Sylhet DC,Khulna Hub,Khulna,Sundarban Courier,Delivered,28.28
SHP101234,2026-03-04,Dhaka Hub,Khulna Hub,Khulna,Steadfast Courier,Delivered,34.9
SHP101235,2026-08-12,Khulna DC,Barisal Hub,Barisal,Steadfast Courier,Delivered,22.65
SHP101236,2026-04-09,Dhaka Hub,Mymensingh Hub,Mymensingh,Steadfast Courier,Delivered Late,39.44
SHP101237,2025-12-12,Rajshahi DC,Rangpur Hub,Rangpur,Pathao Courier,Delivered,41.65
SHP101238,2026-05-27,Rajshahi DC,Chattogram Hub,Chattogram,Sundarban Courier,Delivered,37.56
SHP101239,2026-01-20,Rajshahi DC,Khulna Hub,Khulna,eCourier,Delivered,32.65
SHP101240,2026-03-04,Chattogram DC,Rangpur Hub,Rangpur,Sundarban Courier,Delivered,53.25
SHP101241,2025-10-18,Dhaka Hub,Sylhet Hub,Sylhet,RedX,Delivered,24.4
SHP101242,2025-10-12,Chattogram DC,Dhaka Hub,Dhaka,Pathao Courier,Delivered,28.97
SHP101243,2026-03-18,Khulna DC,Khulna Hub,Khulna,Sundarban Courier,In Transit,17.67
SHP101244,2025-11-04,Chattogram DC,Rangpur Hub,Rangpur,Steadfast Courier,Cancelled,47.67
SHP101245,2026-08-12,Rajshahi DC,Rangpur Hub,Rangpur,Pathao Courier,Delivered Late,32.77
SHP101246,2026-06-24,Dhaka Hub,Chattogram Hub,Chattogram,Steadfast Courier,In Transit,39.64
SHP101247,2026-05-01,Dhaka Hub,Rangpur Hub,Rangpur,Sundarban Courier,Returned,59.15
SHP101248,2026-05-13,Chattogram DC,Chattogram Hub,Chattogram,Pathao Courier,Delivered Late,19.89
SHP101249,2026-03-25,Khulna DC,Mymensingh Hub,Mymensingh,Pathao Courier,Delivered,26.24
SHP101250,2025-09-21,Khulna DC,Barisal Hub,Barisal,Pathao Courier,In Transit,22.93
SHP101251,2026-01-14,Chattogram DC,Chattogram Hub,Chattogram,RedX,Delivered,19.01
SHP101252,2026-02-19,Khulna DC,Khulna Hub,Khulna,Pathao Courier,Delivered,17.25
SHP101253,2026-07-14,Khulna DC,Comilla Hub,Comilla,RedX,Delivered,19.82
SHP101254,2025-11-15,Sylhet DC,Rajshahi Hub,Rajshahi,Steadfast Courier,Delivered,42.78
SHP101255,2026-02-19,Sylhet DC,Rangpur Hub,Rangpur,Sundarban Courier,In Transit,42.43
SHP101256,2025-12-29,Dhaka Hub,Mymensingh Hub,Mymensingh,Pathao Courier,Delivered,34.7
SHP101257,2025-10-17,Chattogram DC,Dhaka Hub,Dhaka,Sundarban Courier,Delivered,52.57
SHP101258,2025-10-06,Sylhet DC,Narayanganj Hub,Narayanganj,eCourier,Delivered,36.38
SHP101259,2026-01-05,Dhaka Hub,Khulna Hub,Khulna,RedX,In Transit,29.14
SHP101260,2025-09-29,Sylhet DC,Mymensingh Hub,Mymensingh,Pathao Courier,Delivered Late,37.86
SHP101261,2025-09-24,Dhaka Hub,Rajshahi Hub,Rajshahi,RedX,Delivered,28.38
SHP101262,2025-12-31,Khulna DC,Barisal Hub,Barisal,Sundarban Courier,Delivered,38.94
SHP101263,2025-11-09,Dhaka Hub,Khulna Hub,Khulna,Sundarban Courier,Delivered,42.14
SHP101264,2026-03-11,Dhaka Hub,Comilla Hub,Comilla,Pathao Courier,Delayed,24.54
SHP101265,2025-09-07,Khulna DC,Chattogram Hub,Chattogram,Steadfast Courier,Delivered,31.53
SHP101266,2025-12-14,Chattogram DC,Comilla Hub,Comilla,Pathao Courier,In Transit,28.77
SHP101267,2026-02-04,Chattogram DC,Sylhet Hub,Sylhet,Pathao Courier,Delivered,20.26
SHP101268,2026-07-31,Chattogram DC,Comilla Hub,Comilla,Pathao Courier,Returned,25.67
SHP101269,2026-04-08,Chattogram DC,Dhaka Hub,Dhaka,RedX,Delivered,37.09
SHP101270,2026-07-02,Khulna DC,Dhaka Hub,Dhaka,Sundarban Courier,Delivered Late,42.39
SHP101271,2025-12-28,Khulna DC,Dhaka Hub,Dhaka,Pathao Courier,Delivered Late,26.96
SHP101272,2026-02-03,Chattogram DC,Barisal Hub,Barisal,Sundarban Courier,Delivered Late,32.13
SHP101273,2026-01-24,Khulna DC,Sylhet Hub,Sylhet,RedX,Delivered Late,29.29
SHP101274,2026-07-05,Khulna DC,Barisal Hub,Barisal,Sundarban Courier,Delivered,27.06
SHP101275,2026-07-29,Sylhet DC,Comilla Hub,Comilla,Steadfast Courier,Delivered,24.45
SHP101276,2026-07-30,Sylhet DC,Dhaka Hub,Dhaka,Sundarban Courier,Delivered,49.03
SHP101277,2026-05-19,Rajshahi DC,Barisal Hub,Barisal,Pathao Courier,Delivered,33.07
SHP101278,2026-02-22,Sylhet DC,Mymensingh Hub,Mymensingh,Steadfast Courier,Delivered,41.03
SHP101279,2026-03-07,Chattogram DC,Rajshahi Hub,Rajshahi,eCourier,Delivered,40.63
SHP101280,2026-08-06,Sylhet DC,Narayanganj Hub,Narayanganj,Sundarban Courier,In Transit,33.27
SHP101281,2025-12-08,Rajshahi DC,Rangpur Hub,Rangpur,eCourier,Delivered,40.34
SHP101282,2025-12-29,Khulna DC,Dhaka Hub,Dhaka,RedX,Delivered,39.41
SHP101283,2026-07-08,Dhaka Hub,Barisal Hub,Barisal,Sundarban Courier,Delivered,30.66
SHP101284,2026-01-12,Sylhet DC,Khulna Hub,Khulna,eCourier,Delivered Late,27.83
SHP101285,2025-11-21,Khulna DC,Chattogram Hub,Chattogram,eCourier,Delivered,30.67
SHP101286,2026-03-13,Chattogram DC,Narayanganj Hub,Narayanganj,Sundarban Courier,Delayed,31.25
SHP101287,2025-12-22,Rajshahi DC,Sylhet Hub,Sylhet,RedX,Delivered,25.19
SHP101288,2026-07-06,Rajshahi DC,Dhaka Hub,Dhaka,Sundarban Courier,Delivered,45.09
SHP101289,2026-07-12,Rajshahi DC,Sylhet Hub,Sylhet,Pathao Courier,Delivered,30.31
SHP101290,2025-12-15,Dhaka Hub,Comilla Hub,Comilla,Steadfast Courier,Delivered Late,20.54
SHP101291,2026-03-03,Sylhet DC,Barisal Hub,Barisal,RedX,In Transit,21.38
SHP101292,2026-08-07,Sylhet DC,Comilla Hub,Comilla,RedX,Delivered,28.16
SHP101293,2026-05-15,Khulna DC,Rajshahi Hub,Rajshahi,RedX,Delivered,28.64
SHP101294,2025-11-14,Rajshahi DC,Chattogram Hub,Chattogram,RedX,Delivered,25.91
SHP101295,2026-03-24,Chattogram DC,Khulna Hub,Khulna,Sundarban Courier,Delivered,39.16
SHP101296,2026-04-03,Sylhet DC,Chattogram Hub,Chattogram,Steadfast Courier,Delivered,36.95
SHP101297,2026-04-15,Khulna DC,Barisal Hub,Barisal,RedX,Delivered Late,18.43
SHP101298,2025-09-09,Khulna DC,Sylhet Hub,Sylhet,RedX,Delivered,26.62
SHP101299,2025-12-13,Khulna DC,Narayanganj Hub,Narayanganj,Sundarban Courier,In Transit,47.52
SHP101300,2026-06-23,Chattogram DC,Khulna Hub,Khulna,Sundarban Courier,Delivered,34.61
SHP101301,2025-11-23,Rajshahi DC,Khulna Hub,Khulna,Pathao Courier,Delivered,36.1
SHP101302,2025-12-13,Dhaka Hub,Narayanganj Hub,Narayanganj,Sundarban Courier,Delayed,42.52
SHP101303,2025-12-21,Sylhet DC,Barisal Hub,Barisal,Pathao Courier,Delivered,24.94
SHP101304,2025-11-01,Khulna DC,Chattogram Hub,Chattogram,RedX,Delivered,28.01
SHP101305,2025-10-24,Dhaka Hub,Rajshahi Hub,Rajshahi,Steadfast Courier,Delivered,39.17
SHP101306,2025-12-30,Sylhet DC,Sylhet Hub,Sylhet,Sundarban Courier,Delivered,21.72
SHP101307,2026-06-30,Sylhet DC,Mymensingh Hub,Mymensingh,Sundarban Courier,Delivered Late,40.1
SHP101308,2025-09-01,Khulna DC,Barisal Hub,Barisal,RedX,In Transit,20.93
SHP101309,2025-12-08,Dhaka Hub,Mymensingh Hub,Mymensingh,Pathao Courier,Delivered Late,28.72
SHP101310,2025-09-21,Chattogram DC,Narayanganj Hub,Narayanganj,Steadfast Courier,Cancelled,32.33
SHP101311,2026-03-14,Chattogram DC,Mymensingh Hub,Mymensingh,Sundarban Courier,Delivered,42.07
SHP101312,2025-11-26,Khulna DC,Khulna Hub,Khulna,Pathao Courier,Delivered,16.33
SHP101313,2026-06-02,Chattogram DC,Sylhet Hub,Sylhet,Pathao Courier,Delivered,26.56
SHP101314,2026-03-22,Sylhet DC,Barisal Hub,Barisal,Steadfast Courier,Delivered,34.21
SHP101315,2026-05-30,Khulna DC,Rajshahi Hub,Rajshahi,Pathao Courier,Delivered,37.68
SHP101316,2026-04-08,Khulna DC,Khulna Hub,Khulna,RedX,Delivered,25.21
SHP101317,2026-01-30,Dhaka Hub,Comilla Hub,Comilla,Pathao Courier,Cancelled,25.33
SHP101318,2026-06-25,Rajshahi DC,Narayanganj Hub,Narayanganj,Pathao Courier,Delivered,22.53
SHP101319,2026-02-12,Dhaka Hub,Khulna Hub,Khulna,Steadfast Courier,Delivered,30.68
SHP101320,2026-07-26,Dhaka Hub,Rangpur Hub,Rangpur,Pathao Courier,Delivered,36.18
SHP101321,2026-08-11,Dhaka Hub,Narayanganj Hub,Narayanganj,Pathao Courier,Delivered,34.19
SHP101322,2026-03-23,Chattogram DC,Dhaka Hub,Dhaka,RedX,Delivered,27.78
SHP101323,2026-04-22,Rajshahi DC,Khulna Hub,Khulna,Steadfast Courier,Delivered,24.87
SHP101324,2025-11-28,Chattogram DC,Mymensingh Hub,Mymensingh,Sundarban Courier,Delivered,38.19
SHP101325,2026-06-09,Khulna DC,Rajshahi Hub,Rajshahi,Pathao Courier,In Transit,31.47
SHP101326,2026-04-21,Sylhet DC,Mymensingh Hub,Mymensingh,Steadfast Courier,Delivered,39.65
SHP101327,2026-07-10,Dhaka Hub,Rajshahi Hub,Rajshahi,RedX,Delivered Late,25.46
SHP101328,2025-12-02,Sylhet DC,Dhaka Hub,Dhaka,eCourier,Delivered Late,36.64
SHP101329,2026-05-31,Dhaka Hub,Rajshahi Hub,Rajshahi,eCourier,Delivered Late,31.89
SHP101330,2026-02-10,Sylhet DC,Rajshahi Hub,Rajshahi,RedX,Delayed,40.63
SHP101331,2025-11-04,Sylhet DC,Comilla Hub,Comilla,Sundarban Courier,Delivered,40.44
SHP101332,2025-10-30,Sylhet DC,Chattogram Hub,Chattogram,Sundarban Courier,Delivered,37.96
SHP101333,2026-03-14,Chattogram DC,Chattogram Hub,Chattogram,eCourier,Delivered,21.71
SHP101334,2025-12-20,Khulna DC,Chattogram Hub,Chattogram,eCourier,Delivered,41.27
SHP101335,2025-10-06,Sylhet DC,Barisal Hub,Barisal,Steadfast Courier,In Transit,16.92
SHP101336,2026-01-26,Chattogram DC,Narayanganj Hub,Narayanganj,RedX,Delivered,31.3
SHP101337,2026-04-14,Sylhet DC,Rangpur Hub,Rangpur,Sundarban Courier,Delivered,33.55
SHP101338,2025-12-20,Dhaka Hub,Comilla Hub,Comilla,Sundarban Courier,Delivered,34.76
SHP101339,2026-07-28,Rajshahi DC,Comilla Hub,Comilla,RedX,In Transit,27.19
SHP101340,2026-05-28,Khulna DC,Rangpur Hub,Rangpur,Sundarban Courier,Delivered,35.83
SHP101341,2026-02-25,Chattogram DC,Rangpur Hub,Rangpur,eCourier,Delivered,33.26
SHP101342,2026-07-21,Khulna DC,Sylhet Hub,Sylhet,RedX,In Transit,22.54
SHP101343,2026-01-28,Khulna DC,Narayanganj Hub,Narayanganj,Pathao Courier,Delivered Late,25.23
SHP101344,2025-10-19,Khulna DC,Mymensingh Hub,Mymensingh,RedX,Delivered,26.67
SHP101345,2025-09-13,Dhaka Hub,Comilla Hub,Comilla,RedX,Delivered,24.71
SHP101346,2026-07-22,Rajshahi DC,Narayanganj Hub,Narayanganj,Steadfast Courier,Delivered,21.15
SHP101347,2026-07-30,Rajshahi DC,Khulna Hub,Khulna,Sundarban Courier,Delivered,41.36
SHP101348,2026-05-14,Rajshahi DC,Chattogram Hub,Chattogram,RedX,Returned,23.13
SHP101349,2025-10-06,Rajshahi DC,Comilla Hub,Comilla,Sundarban Courier,Delivered Late,37.29
SHP101350,2025-12-11,Rajshahi DC,Rajshahi Hub,Rajshahi,RedX,Delivered,22.37
SHP101351,2025-09-15,Khulna DC,Narayanganj Hub,Narayanganj,Pathao Courier,Delivered,26.25
SHP101352,2025-09-18,Dhaka Hub,Rangpur Hub,Rangpur,Steadfast Courier,Returned,39.36
SHP101353,2025-11-25,Sylhet DC,Sylhet Hub,Sylhet,Steadfast Courier,Delivered,19.98
SHP101354,2026-03-17,Chattogram DC,Khulna Hub,Khulna,RedX,Delivered,19.27
SHP101355,2025-09-23,Chattogram DC,Rangpur Hub,Rangpur,RedX,Delivered Late,36.0
SHP101356,2026-08-07,Rajshahi DC,Khulna Hub,Khulna,Pathao Courier,Delivered,23.26
SHP101357,2026-02-05,Rajshahi DC,Sylhet Hub,Sylhet,RedX,Delivered,21.75
SHP101358,2025-12-01,Sylhet DC,Sylhet Hub,Sylhet,Sundarban Courier,Delivered,23.65
SHP101359,2026-02-26,Khulna DC,Rangpur Hub,Rangpur,eCourier,Delivered,39.41
SHP101360,2026-06-01,Dhaka Hub,Dhaka Hub,Dhaka,Pathao Courier,Delivered,28.32
SHP101361,2025-12-18,Chattogram DC,Dhaka Hub,Dhaka,eCourier,Delivered Late,39.54
SHP101362,2025-09-17,Rajshahi DC,Dhaka Hub,Dhaka,Sundarban Courier,Delivered,56.32
SHP101363,2025-09-18,Sylhet DC,Mymensingh Hub,Mymensingh,RedX,Delivered,30.85
SHP101364,2026-06-22,Sylhet DC,Dhaka Hub,Dhaka,RedX,Delivered,27.52
SHP101365,2025-10-09,Sylhet DC,Rajshahi Hub,Rajshahi,Pathao Courier,Delivered,37.36
SHP101366,2026-04-08,Chattogram DC,Chattogram Hub,Chattogram,Sundarban Courier,Delivered,27.83
SHP101367,2026-01-12,Rajshahi DC,Barisal Hub,Barisal,eCourier,Returned,31.64
SHP101368,2026-05-28,Khulna DC,Dhaka Hub,Dhaka,RedX,Delivered Late,37.9
SHP101369,2025-09-21,Khulna DC,Dhaka Hub,Dhaka,Pathao Courier,Delivered,29.77
SHP101370,2026-07-08,Chattogram DC,Rajshahi Hub,Rajshahi,Sundarban Courier,Delivered,50.09
SHP101371,2026-04-30,Khulna DC,Rangpur Hub,Rangpur,Sundarban Courier,Returned,38.86
SHP101372,2026-02-03,Rajshahi DC,Chattogram Hub,Chattogram,RedX,In Transit,24.81
SHP101373,2025-11-11,Khulna DC,Rajshahi Hub,Rajshahi,RedX,In Transit,30.38
SHP101374,2026-08-05,Sylhet DC,Comilla Hub,Comilla,Pathao Courier,Delivered,17.94
SHP101375,2025-12-14,Chattogram DC,Rangpur Hub,Rangpur,RedX,Delivered,43.17
SHP101376,2026-02-17,Sylhet DC,Mymensingh Hub,Mymensingh,eCourier,Delivered,39.02
SHP101377,2026-01-15,Chattogram DC,Khulna Hub,Khulna,eCourier,Delivered,25.68
SHP101378,2025-11-19,Khulna DC,Narayanganj Hub,Narayanganj,Pathao Courier,Delivered,21.75
SHP101379,2026-01-23,Dhaka Hub,Chattogram Hub,Chattogram,Sundarban Courier,In Transit,40.7
SHP101380,2025-10-23,Dhaka Hub,Rangpur Hub,Rangpur,Sundarban Courier,Delivered,42.19
SHP101381,2025-09-01,Khulna DC,Rajshahi Hub,Rajshahi,Pathao Courier,Delivered,25.65
SHP101382,2025-12-10,Chattogram DC,Dhaka Hub,Dhaka,Sundarban Courier,In Transit,54.77
SHP101383,2025-10-09,Sylhet DC,Narayanganj Hub,Narayanganj,Pathao Courier,Cancelled,24.12
SHP101384,2026-01-22,Sylhet DC,Mymensingh Hub,Mymensingh,Pathao Courier,Delivered,24.9
SHP101385,2026-06-26,Sylhet DC,Sylhet Hub,Sylhet,RedX,Delivered,13.68
SHP101386,2025-10-27,Khulna DC,Dhaka Hub,Dhaka,Pathao Courier,In Transit,38.24
SHP101387,2025-09-01,Chattogram DC,Rangpur Hub,Rangpur,eCourier,Cancelled,46.92
SHP101388,2025-10-09,Khulna DC,Barisal Hub,Barisal,Pathao Courier,Delivered,22.33
SHP101389,2026-02-23,Chattogram DC,Dhaka Hub,Dhaka,RedX,Delivered,41.85
SHP101390,2025-12-05,Chattogram DC,Narayanganj Hub,Narayanganj,Sundarban Courier,Delivered,39.7
SHP101391,2026-02-17,Sylhet DC,Mymensingh Hub,Mymensingh,eCourier,Delivered Late,28.9
SHP101392,2025-09-11,Rajshahi DC,Rajshahi Hub,Rajshahi,eCourier,Delivered,23.56
SHP101393,2025-12-25,Chattogram DC,Sylhet Hub,Sylhet,Sundarban Courier,Delivered,31.0
SHP101394,2026-01-20,Sylhet DC,Sylhet Hub,Sylhet,RedX,In Transit,14.91
SHP101395,2026-01-28,Dhaka Hub,Rajshahi Hub,Rajshahi,Pathao Courier,Delivered Late,33.51
SHP101396,2026-03-10,Dhaka Hub,Dhaka Hub,Dhaka,RedX,Delivered,29.88
SHP101397,2026-05-29,Khulna DC,Khulna Hub,Khulna,Pathao Courier,Delivered Late,15.8
SHP101398,2026-02-09,Khulna DC,Sylhet Hub,Sylhet,Sundarban Courier,Delivered,49.9
SHP101399,2026-06-19,Chattogram DC,Chattogram Hub,Chattogram,Pathao Courier,Delivered,22.25
SHP101400,2026-03-03,Khulna DC,Chattogram Hub,Chattogram,Steadfast Courier,Delivered,34.58
SHP101401,2025-11-30,Chattogram DC,Khulna Hub,Khulna,Sundarban Courier,Delivered,33.13
SHP101402,2025-11-19,Chattogram DC,Khulna Hub,Khulna,RedX,Returned,19.33
SHP101403,2025-12-21,Sylhet DC,Khulna Hub,Khulna,Sundarban Courier,Delivered,31.86
SHP101404,2026-03-26,Chattogram DC,Rangpur Hub,Rangpur,Sundarban Courier,In Transit,51.02
SHP101405,2025-11-23,Rajshahi DC,Barisal Hub,Barisal,Pathao Courier,Delivered,27.39
SHP101406,2026-07-14,Sylhet DC,Chattogram Hub,Chattogram,Steadfast Courier,In Transit,37.9
SHP101407,2026-02-14,Chattogram DC,Narayanganj Hub,Narayanganj,eCourier,Returned,32.68
SHP101408,2026-06-26,Sylhet DC,Mymensingh Hub,Mymensingh,Pathao Courier,Cancelled,39.94
SHP101409,2026-04-25,Khulna DC,Rajshahi Hub,Rajshahi,eCourier,In Transit,41.61
SHP101410,2025-12-25,Chattogram DC,Dhaka Hub,Dhaka,Sundarban Courier,Delivered,48.11
SHP101411,2025-11-18,Rajshahi DC,Narayanganj Hub,Narayanganj,Pathao Courier,Delivered,31.79
SHP101412,2026-05-16,Sylhet DC,Mymensingh Hub,Mymensingh,RedX,Delivered,36.71
SHP101413,2025-12-24,Khulna DC,Rajshahi Hub,Rajshahi,Pathao Courier,Delivered,32.66
SHP101414,2025-11-25,Rajshahi DC,Chattogram Hub,Chattogram,Pathao Courier,Delivered,32.5
SHP101415,2026-07-19,Sylhet DC,Chattogram Hub,Chattogram,RedX,Delivered,24.63
SHP101416,2026-02-14,Dhaka Hub,Sylhet Hub,Sylhet,Pathao Courier,Delivered,30.68
SHP101417,2025-09-17,Khulna DC,Sylhet Hub,Sylhet,Steadfast Courier,Delivered Late,34.18
SHP101418,2026-02-19,Dhaka Hub,Sylhet Hub,Sylhet,RedX,Delivered,29.0
SHP101419,2026-02-07,Sylhet DC,Rajshahi Hub,Rajshahi,eCourier,Delivered,36.4
SHP101420,2026-06-26,Rajshahi DC,Dhaka Hub,Dhaka,RedX,Delivered,43.62
SHP101421,2026-05-05,Sylhet DC,Khulna Hub,Khulna,Steadfast Courier,Delivered,29.19
SHP101422,2025-11-06,Khulna DC,Comilla Hub,Comilla,Sundarban Courier,In Transit,27.51
SHP101423,2025-10-23,Sylhet DC,Comilla Hub,Comilla,RedX,Delivered,23.19
SHP101424,2026-03-28,Chattogram DC,Dhaka Hub,Dhaka,RedX,Delivered Late,39.3
SHP101425,2025-09-17,Chattogram DC,Rangpur Hub,Rangpur,Steadfast Courier,Delivered,36.03
SHP101426,2025-12-20,Sylhet DC,Narayanganj Hub,Narayanganj,Pathao Courier,Delivered,25.32
SHP101427,2025-10-18,Dhaka Hub,Barisal Hub,Barisal,RedX,Delivered Late,25.35
SHP101428,2025-09-08,Sylhet DC,Khulna Hub,Khulna,eCourier,Delivered,22.6
SHP101429,2026-07-15,Sylhet DC,Rajshahi Hub,Rajshahi,Sundarban Courier,In Transit,49.89
SHP101430,2025-10-02,Rajshahi DC,Sylhet Hub,Sylhet,Steadfast Courier,Delayed,30.14
SHP101431,2025-09-04,Dhaka Hub,Khulna Hub,Khulna,Sundarban Courier,Delivered,39.4
SHP101432,2026-07-20,Rajshahi DC,Narayanganj Hub,Narayanganj,Pathao Courier,Delivered Late,26.14
SHP101433,2025-11-05,Sylhet DC,Rangpur Hub,Rangpur,RedX,Delivered,33.46
SHP101434,2026-06-10,Khulna DC,Rajshahi Hub,Rajshahi,Sundarban Courier,Delivered,45.94
SHP101435,2025-09-11,Sylhet DC,Chattogram Hub,Chattogram,Pathao Courier,Delivered,27.49
SHP101436,2025-10-24,Chattogram DC,Narayanganj Hub,Narayanganj,Pathao Courier,Delivered,24.4
SHP101437,2025-10-09,Rajshahi DC,Chattogram Hub,Chattogram,Pathao Courier,Returned,34.85
SHP101438,2026-05-03,Chattogram DC,Mymensingh Hub,Mymensingh,eCourier,Delivered,38.16
SHP101439,2026-04-03,Dhaka Hub,Khulna Hub,Khulna,Steadfast Courier,Delivered Late,28.81
SHP101440,2026-02-12,Khulna DC,Sylhet Hub,Sylhet,RedX,Delivered,22.37
SHP101441,2025-11-23,Khulna DC,Chattogram Hub,Chattogram,Pathao Courier,Delivered,25.8
SHP101442,2025-10-01,Rajshahi DC,Khulna Hub,Khulna,RedX,Delivered,26.78
SHP101443,2026-03-16,Sylhet DC,Rangpur Hub,Rangpur,eCourier,Delivered Late,41.65
SHP101444,2025-11-19,Dhaka Hub,Rajshahi Hub,Rajshahi,eCourier,Delivered Late,43.89
SHP101445,2026-03-24,Dhaka Hub,Dhaka Hub,Dhaka,Sundarban Courier,Delayed,38.73
SHP101446,2026-04-26,Sylhet DC,Sylhet Hub,Sylhet,Pathao Courier,Delivered,19.97
SHP101447,2026-06-21,Chattogram DC,Chattogram Hub,Chattogram,Steadfast Courier,Delivered,22.74
SHP101448,2026-02-18,Rajshahi DC,Rajshahi Hub,Rajshahi,eCourier,Delivered,22.86
SHP101449,2025-09-02,Dhaka Hub,Narayanganj Hub,Narayanganj,Pathao Courier,In Transit,33.47
SHP101450,2025-12-07,Rajshahi DC,Narayanganj Hub,Narayanganj,eCourier,Delivered,22.7
SHP101451,2026-06-23,Chattogram DC,Narayanganj Hub,Narayanganj,Pathao Courier,Delivered,25.18
SHP101452,2026-03-04,Dhaka Hub,Chattogram Hub,Chattogram,Pathao Courier,Delivered Late,24.85
SHP101453,2026-04-03,Chattogram DC,Rajshahi Hub,Rajshahi,eCourier,Delivered,36.54
SHP101454,2026-02-06,Dhaka Hub,Dhaka Hub,Dhaka,RedX,Delivered,21.85
SHP101455,2025-10-27,Sylhet DC,Rajshahi Hub,Rajshahi,Sundarban Courier,Returned,36.74
SHP101456,2026-07-08,Chattogram DC,Barisal Hub,Barisal,Steadfast Courier,Delivered,32.26
SHP101457,2026-05-26,Sylhet DC,Mymensingh Hub,Mymensingh,eCourier,Delivered,35.58
SHP101458,2026-08-11,Sylhet DC,Khulna Hub,Khulna,Pathao Courier,Cancelled,13.77
SHP101459,2026-06-24,Dhaka Hub,Dhaka Hub,Dhaka,RedX,Delivered Late,25.4
SHP101460,2025-12-10,Dhaka Hub,Rajshahi Hub,Rajshahi,eCourier,Delivered,40.82
SHP101461,2025-11-27,Dhaka Hub,Rajshahi Hub,Rajshahi,RedX,In Transit,34.59
SHP101462,2025-11-25,Dhaka Hub,Rangpur Hub,Rangpur,Steadfast Courier,Delivered,35.26
SHP101463,2026-07-15,Dhaka Hub,Dhaka Hub,Dhaka,RedX,Delivered Late,27.31
SHP101464,2026-03-12,Chattogram DC,Rangpur Hub,Rangpur,Pathao Courier,Delivered,34.12
SHP101465,2026-02-05,Sylhet DC,Rajshahi Hub,Rajshahi,Pathao Courier,Delivered,31.86
SHP101466,2026-08-02,Chattogram DC,Mymensingh Hub,Mymensingh,eCourier,In Transit,34.19
SHP101467,2026-03-28,Chattogram DC,Narayanganj Hub,Narayanganj,Steadfast Courier,Delivered,36.32
SHP101468,2026-07-12,Sylhet DC,Sylhet Hub,Sylhet,Pathao Courier,In Transit,13.01
SHP101469,2026-08-07,Sylhet DC,Mymensingh Hub,Mymensingh,Pathao Courier,In Transit,25.63
SHP101470,2025-09-28,Chattogram DC,Chattogram Hub,Chattogram,eCourier,Cancelled,23.81
SHP101471,2026-01-04,Chattogram DC,Narayanganj Hub,Narayanganj,Pathao Courier,Delivered,28.56
SHP101472,2026-05-13,Sylhet DC,Rajshahi Hub,Rajshahi,Pathao Courier,Delivered,35.71
SHP101473,2026-06-09,Dhaka Hub,Mymensingh Hub,Mymensingh,Steadfast Courier,Delivered,36.99
SHP101474,2025-10-22,Sylhet DC,Mymensingh Hub,Mymensingh,eCourier,Delivered,35.82
SHP101475,2025-12-20,Rajshahi DC,Rangpur Hub,Rangpur,Steadfast Courier,Delivered,33.27
SHP101476,2026-03-09,Chattogram DC,Khulna Hub,Khulna,RedX,Delivered,32.76
SHP101477,2026-06-04,Dhaka Hub,Mymensingh Hub,Mymensingh,Sundarban Courier,Delivered,44.73
SHP101478,2025-10-10,Khulna DC,Rajshahi Hub,Rajshahi,Steadfast Courier,Cancelled,42.35
SHP101479,2026-03-27,Dhaka Hub,Rangpur Hub,Rangpur,Sundarban Courier,Delivered,44.79
SHP101480,2025-12-12,Dhaka Hub,Rangpur Hub,Rangpur,Pathao Courier,Delivered,38.25
SHP101481,2025-11-14,Dhaka Hub,Rajshahi Hub,Rajshahi,Steadfast Courier,Delivered Late,32.0
SHP101482,2026-02-26,Rajshahi DC,Chattogram Hub,Chattogram,RedX,Delivered,28.99
SHP101483,2026-01-22,Rajshahi DC,Sylhet Hub,Sylhet,Steadfast Courier,Delivered Late,29.71
SHP101484,2026-04-08,Sylhet DC,Narayanganj Hub,Narayanganj,Pathao Courier,Delivered Late,22.38
SHP101485,2025-12-19,Khulna DC,Barisal Hub,Barisal,Steadfast Courier,Delivered Late,23.17
SHP101486,2026-06-12,Khulna DC,Rangpur Hub,Rangpur,RedX,Delivered,29.77
SHP101487,2025-09-28,Khulna DC,Sylhet Hub,Sylhet,RedX,In Transit,26.15
SHP101488,2026-06-26,Sylhet DC,Mymensingh Hub,Mymensingh,Steadfast Courier,Returned,27.84
SHP101489,2025-09-11,Rajshahi DC,Rajshahi Hub,Rajshahi,Sundarban Courier,Delivered,34.62
SHP101490,2026-05-13,Khulna DC,Sylhet Hub,Sylhet,eCourier,Delivered,31.21
SHP101491,2025-12-29,Dhaka Hub,Chattogram Hub,Chattogram,RedX,In Transit,27.61
SHP101492,2026-01-11,Chattogram DC,Khulna Hub,Khulna,eCourier,Delivered,29.93
SHP101493,2025-09-07,Rajshahi DC,Barisal Hub,Barisal,Steadfast Courier,Delivered,32.51
SHP101494,2026-05-01,Sylhet DC,Sylhet Hub,Sylhet,RedX,Delivered,17.1
SHP101495,2025-10-28,Chattogram DC,Sylhet Hub,Sylhet,Pathao Courier,Delivered,26.47
SHP101496,2026-04-17,Rajshahi DC,Sylhet Hub,Sylhet,Pathao Courier,Delivered,26.96
SHP101497,2026-05-09,Khulna DC,Sylhet Hub,Sylhet,Steadfast Courier,Delivered Late,23.9
SHP101498,2026-06-20,Sylhet DC,Mymensingh Hub,Mymensingh,Steadfast Courier,Delivered,45.24
SHP101499,2026-05-03,Sylhet DC,Rajshahi Hub,Rajshahi,Steadfast Courier,Delivered,41.64
SHP101500,2025-12-14,Dhaka Hub,Rajshahi Hub,Rajshahi,Pathao Courier,In Transit,30.89
SHP101501,2026-05-14,Chattogram DC,Chattogram Hub,Chattogram,Sundarban Courier,In Transit,27.89
SHP101502,2026-06-13,Sylhet DC,Barisal Hub,Barisal,eCourier,Delivered,33.99
SHP101503,2025-12-19,Rajshahi DC,Narayanganj Hub,Narayanganj,eCourier,Delivered,36.3
SHP101504,2025-10-13,Chattogram DC,Mymensingh Hub,Mymensingh,Pathao Courier,Delivered,26.97
SHP101505,2026-07-05,Dhaka Hub,Rajshahi Hub,Rajshahi,RedX,In Transit,40.13
SHP101506,2025-10-22,Sylhet DC,Khulna Hub,Khulna,Pathao Courier,Delivered,16.84
SHP101507,2026-03-25,Rajshahi DC,Khulna Hub,Khulna,Sundarban Courier,Delayed,32.79
SHP101508,2025-11-21,Sylhet DC,Dhaka Hub,Dhaka,Pathao Courier,Delivered Late,38.41
SHP101509,2025-10-14,Chattogram DC,Dhaka Hub,Dhaka,Pathao Courier,Delivered,26.61
SHP101510,2026-05-27,Khulna DC,Mymensingh Hub,Mymensingh,Pathao Courier,Delivered,33.55
SHP101511,2025-10-20,Khulna DC,Comilla Hub,Comilla,Steadfast Courier,Delayed,19.82
SHP101512,2026-04-20,Chattogram DC,Narayanganj Hub,Narayanganj,eCourier,In Transit,26.79
SHP101513,2026-04-28,Rajshahi DC,Rangpur Hub,Rangpur,Steadfast Courier,Delivered,54.9
SHP101514,2025-09-21,Sylhet DC,Narayanganj Hub,Narayanganj,Sundarban Courier,Delivered,36.98
SHP101515,2025-10-30,Dhaka Hub,Rajshahi Hub,Rajshahi,Sundarban Courier,Delivered,50.49
SHP101516,2026-06-02,Sylhet DC,Sylhet Hub,Sylhet,Sundarban Courier,Delivered,25.27
SHP101517,2026-02-23,Rajshahi DC,Sylhet Hub,Sylhet,RedX,Delivered,22.35
SHP101518,2025-10-12,Chattogram DC,Sylhet Hub,Sylhet,Sundarban Courier,Delivered,39.51
SHP101519,2026-08-10,Sylhet DC,Mymensingh Hub,Mymensingh,eCourier,Delayed,40.34
SHP101520,2025-12-01,Khulna DC,Dhaka Hub,Dhaka,eCourier,Delivered,30.03
SHP101521,2025-09-02,Khulna DC,Narayanganj Hub,Narayanganj,Steadfast Courier,Delivered,40.08
SHP101522,2026-07-17,Rajshahi DC,Mymensingh Hub,Mymensingh,Pathao Courier,Delivered,30.15
SHP101523,2025-09-06,Dhaka Hub,Khulna Hub,Khulna,RedX,Delivered,21.88
SHP101524,2026-03-11,Sylhet DC,Mymensingh Hub,Mymensingh,Pathao Courier,Delivered,34.23
SHP101525,2026-08-10,Sylhet DC,Chattogram Hub,Chattogram,Pathao Courier,Delivered,21.14
SHP101526,2026-03-19,Dhaka Hub,Rajshahi Hub,Rajshahi,eCourier,Delivered,39.72
SHP101527,2026-03-22,Khulna DC,Chattogram Hub,Chattogram,RedX,Delivered,32.79
SHP101528,2026-01-13,Dhaka Hub,Chattogram Hub,Chattogram,eCourier,Delivered,33.59
SHP101529,2025-10-14,Sylhet DC,Dhaka Hub,Dhaka,Pathao Courier,Delivered,36.07
SHP101530,2026-03-18,Chattogram DC,Mymensingh Hub,Mymensingh,Steadfast Courier,Delivered,33.39
SHP101531,2026-07-08,Dhaka Hub,Mymensingh Hub,Mymensingh,Steadfast Courier,Delivered,36.24
SHP101532,2025-10-02,Rajshahi DC,Comilla Hub,Comilla,Sundarban Courier,Delivered,31.46
SHP101533,2026-07-02,Chattogram DC,Narayanganj Hub,Narayanganj,Steadfast Courier,Delivered Late,44.62
SHP101534,2026-01-22,Chattogram DC,Narayanganj Hub,Narayanganj,Pathao Courier,Delivered,28.39
SHP101535,2026-03-05,Rajshahi DC,Narayanganj Hub,Narayanganj,eCourier,Delivered,33.91
SHP101536,2025-10-28,Rajshahi DC,Dhaka Hub,Dhaka,Steadfast Courier,Delivered,46.68
SHP101537,2026-04-04,Dhaka Hub,Mymensingh Hub,Mymensingh,eCourier,Delivered,36.3
SHP101538,2025-11-03,Chattogram DC,Mymensingh Hub,Mymensingh,eCourier,Delivered,36.45
SHP101539,2025-12-04,Khulna DC,Chattogram Hub,Chattogram,Sundarban Courier,Delivered,39.75
SHP101540,2026-05-08,Khulna DC,Chattogram Hub,Chattogram,eCourier,Delivered,29.8
SHP101541,2025-09-18,Rajshahi DC,Narayanganj Hub,Narayanganj,RedX,In Transit,28.26
SHP101542,2026-02-02,Sylhet DC,Comilla Hub,Comilla,Pathao Courier,Delivered,26.45
SHP101543,2026-03-25,Dhaka Hub,Khulna Hub,Khulna,Pathao Courier,Delivered,30.71
SHP101544,2025-10-16,Rajshahi DC,Dhaka Hub,Dhaka,eCourier,Delivered,46.96
SHP101545,2025-12-11,Dhaka Hub,Khulna Hub,Khulna,RedX,Cancelled,27.37
SHP101546,2025-12-28,Dhaka Hub,Dhaka Hub,Dhaka,RedX,Delivered,19.37
SHP101547,2026-04-18,Khulna DC,Rangpur Hub,Rangpur,Steadfast Courier,Delivered,42.99
SHP101548,2026-08-04,Khulna DC,Khulna Hub,Khulna,RedX,Delivered,16.86
SHP101549,2026-06-17,Dhaka Hub,Dhaka Hub,Dhaka,Sundarban Courier,Returned,42.85
SHP101550,2025-11-05,Dhaka Hub,Narayanganj Hub,Narayanganj,Sundarban Courier,Delayed,28.07
SHP101551,2025-09-07,Sylhet DC,Comilla Hub,Comilla,RedX,Delivered,24.29
SHP101552,2025-09-18,Chattogram DC,Narayanganj Hub,Narayanganj,eCourier,Delivered,37.35
SHP101553,2026-03-26,Khulna DC,Narayanganj Hub,Narayanganj,RedX,Delivered Late,23.62
SHP101554,2025-10-25,Sylhet DC,Dhaka Hub,Dhaka,RedX,Delivered,30.95
SHP101555,2025-11-20,Sylhet DC,Mymensingh Hub,Mymensingh,eCourier,Delivered,37.52
SHP101556,2026-06-21,Sylhet DC,Mymensingh Hub,Mymensingh,eCourier,Delivered,32.76
SHP101557,2026-06-30,Chattogram DC,Mymensingh Hub,Mymensingh,eCourier,Delivered,34.12
SHP101558,2026-06-18,Chattogram DC,Sylhet Hub,Sylhet,Pathao Courier,Delivered,29.5
SHP101559,2025-11-27,Khulna DC,Khulna Hub,Khulna,eCourier,Delivered,21.84
SHP101560,2026-04-03,Sylhet DC,Narayanganj Hub,Narayanganj,RedX,Delivered Late,26.58
SHP101561,2026-03-31,Sylhet DC,Dhaka Hub,Dhaka,Pathao Courier,Delivered,40.09
SHP101562,2025-11-04,Sylhet DC,Rangpur Hub,Rangpur,RedX,Delivered,30.03
SHP101563,2026-03-11,Chattogram DC,Mymensingh Hub,Mymensingh,eCourier,Delivered,48.09
SHP101564,2026-03-01,Rajshahi DC,Mymensingh Hub,Mymensingh,RedX,In Transit,22.97
SHP101565,2026-01-16,Sylhet DC,Barisal Hub,Barisal,eCourier,Delivered,33.96
SHP101566,2026-05-19,Khulna DC,Mymensingh Hub,Mymensingh,Sundarban Courier,Delivered,38.68
SHP101567,2026-04-23,Rajshahi DC,Narayanganj Hub,Narayanganj,Pathao Courier,Delivered,30.49
SHP101568,2026-03-04,Rajshahi DC,Mymensingh Hub,Mymensingh,Sundarban Courier,Delivered,49.3
SHP101569,2026-05-10,Khulna DC,Chattogram Hub,Chattogram,Sundarban Courier,Delivered,34.71
SHP101570,2026-05-23,Khulna DC,Sylhet Hub,Sylhet,RedX,Delivered,14.65
SHP101571,2026-03-16,Sylhet DC,Khulna Hub,Khulna,eCourier,Delivered,25.29
SHP101572,2025-12-02,Khulna DC,Khulna Hub,Khulna,eCourier,Delivered,16.38
SHP101573,2026-05-21,Chattogram DC,Khulna Hub,Khulna,Pathao Courier,Delivered Late,24.4
SHP101574,2026-05-07,Khulna DC,Sylhet Hub,Sylhet,Sundarban Courier,Delivered,30.52
SHP101575,2026-08-07,Dhaka Hub,Rangpur Hub,Rangpur,Pathao Courier,Delivered,34.67
SHP101576,2025-10-22,Rajshahi DC,Chattogram Hub,Chattogram,RedX,In Transit,21.52
SHP101577,2026-01-24,Chattogram DC,Mymensingh Hub,Mymensingh,Pathao Courier,Delayed,24.82
SHP101578,2026-07-17,Khulna DC,Rangpur Hub,Rangpur,RedX,Delivered,26.1
SHP101579,2026-02-26,Dhaka Hub,Narayanganj Hub,Narayanganj,eCourier,Delivered,40.63
SHP101580,2026-07-24,Dhaka Hub,Dhaka Hub,Dhaka,RedX,Delivered,37.54
SHP101581,2025-09-05,Rajshahi DC,Sylhet Hub,Sylhet,Sundarban Courier,Delivered,41.34
SHP101582,2025-09-13,Rajshahi DC,Comilla Hub,Comilla,Sundarban Courier,Delivered,24.68
SHP101583,2026-06-03,Chattogram DC,Rajshahi Hub,Rajshahi,RedX,Delivered,30.88
SHP101584,2026-01-03,Dhaka Hub,Barisal Hub,Barisal,RedX,Delivered,18.55
SHP101585,2026-02-27,Rajshahi DC,Dhaka Hub,Dhaka,Pathao Courier,Delivered,35.54
SHP101586,2026-01-27,Rajshahi DC,Mymensingh Hub,Mymensingh,Steadfast Courier,Delivered,44.51
SHP101587,2026-01-20,Dhaka Hub,Sylhet Hub,Sylhet,RedX,In Transit,26.66
SHP101588,2026-07-23,Khulna DC,Narayanganj Hub,Narayanganj,Sundarban Courier,Delivered,39.24
SHP101589,2025-10-03,Chattogram DC,Khulna Hub,Khulna,Pathao Courier,Delivered,23.7
SHP101590,2026-05-26,Khulna DC,Chattogram Hub,Chattogram,Sundarban Courier,Delivered,38.46
SHP101591,2026-07-05,Sylhet DC,Barisal Hub,Barisal,Sundarban Courier,Delivered,38.0
SHP101592,2026-04-16,Dhaka Hub,Rajshahi Hub,Rajshahi,Pathao Courier,In Transit,35.74
SHP101593,2026-01-15,Chattogram DC,Rajshahi Hub,Rajshahi,RedX,In Transit,26.57
SHP101594,2025-10-26,Sylhet DC,Narayanganj Hub,Narayanganj,Sundarban Courier,Delivered,38.52
SHP101595,2026-04-25,Khulna DC,Khulna Hub,Khulna,Steadfast Courier,Delivered,21.46
SHP101596,2026-02-10,Dhaka Hub,Khulna Hub,Khulna,Steadfast Courier,Delivered,30.37
SHP101597,2025-10-22,Rajshahi DC,Rangpur Hub,Rangpur,Pathao Courier,Cancelled,35.57
SHP101598,2026-01-03,Khulna DC,Chattogram Hub,Chattogram,Pathao Courier,Delivered,27.75
SHP101599,2026-07-30,Rajshahi DC,Comilla Hub,Comilla,eCourier,Delivered,32.71
SHP101600,2025-12-01,Rajshahi DC,Sylhet Hub,Sylhet,Steadfast Courier,Delivered,23.92
SHP101601,2025-11-01,Dhaka Hub,Sylhet Hub,Sylhet,Steadfast Courier,Delivered,37.48
SHP101602,2026-04-24,Dhaka Hub,Dhaka Hub,Dhaka,Pathao Courier,Delivered,33.22
SHP101603,2025-11-09,Khulna DC,Khulna Hub,Khulna,Pathao Courier,Delayed,19.0
SHP101604,2026-07-16,Dhaka Hub,Barisal Hub,Barisal,Pathao Courier,Delivered,26.47
SHP101605,2026-06-25,Dhaka Hub,Mymensingh Hub,Mymensingh,eCourier,Delivered,40.51
SHP101606,2026-08-07,Sylhet DC,Comilla Hub,Comilla,RedX,Delivered,26.37
SHP101607,2026-07-13,Rajshahi DC,Mymensingh Hub,Mymensingh,RedX,Delivered,34.96
SHP101608,2025-11-24,Khulna DC,Khulna Hub,Khulna,RedX,Cancelled,17.73
SHP101609,2025-11-13,Sylhet DC,Comilla Hub,Comilla,Pathao Courier,Delivered Late,30.28
SHP101610,2025-12-28,Dhaka Hub,Chattogram Hub,Chattogram,RedX,Delayed,31.58
SHP101611,2026-02-10,Chattogram DC,Sylhet Hub,Sylhet,Pathao Courier,In Transit,31.61
SHP101612,2026-07-02,Khulna DC,Khulna Hub,Khulna,RedX,Delivered,16.67
SHP101613,2026-05-12,Dhaka Hub,Barisal Hub,Barisal,eCourier,Delivered,32.36
SHP101614,2026-04-11,Sylhet DC,Sylhet Hub,Sylhet,RedX,Delivered,13.78
SHP101615,2026-07-01,Dhaka Hub,Narayanganj Hub,Narayanganj,Sundarban Courier,Delivered,32.78
SHP101616,2026-04-12,Chattogram DC,Sylhet Hub,Sylhet,eCourier,Delivered Late,31.61
SHP101617,2026-01-10,Chattogram DC,Khulna Hub,Khulna,eCourier,Delivered,37.1
SHP101618,2026-01-21,Khulna DC,Rangpur Hub,Rangpur,Pathao Courier,Delivered,33.33
SHP101619,2026-02-26,Rajshahi DC,Rajshahi Hub,Rajshahi,Pathao Courier,Delivered,24.57
SHP101620,2025-10-01,Dhaka Hub,Rajshahi Hub,Rajshahi,RedX,Delivered,31.97
SHP101621,2026-05-15,Khulna DC,Narayanganj Hub,Narayanganj,Sundarban Courier,Delivered,34.28
SHP101622,2026-04-14,Khulna DC,Rajshahi Hub,Rajshahi,Pathao Courier,Delivered,33.91
SHP101623,2026-05-11,Rajshahi DC,Chattogram Hub,Chattogram,Pathao Courier,Delivered,33.21
SHP101624,2026-03-04,Rajshahi DC,Mymensingh Hub,Mymensingh,Pathao Courier,Delivered,22.81
SHP101625,2026-05-29,Dhaka Hub,Mymensingh Hub,Mymensingh,Sundarban Courier,Delivered Late,43.36
SHP101626,2026-07-26,Khulna DC,Sylhet Hub,Sylhet,RedX,Delivered Late,33.08
SHP101627,2026-03-17,Sylhet DC,Comilla Hub,Comilla,Pathao Courier,Delivered,22.78
SHP101628,2026-02-01,Dhaka Hub,Khulna Hub,Khulna,eCourier,Delivered,22.93
SHP101629,2025-10-07,Chattogram DC,Chattogram Hub,Chattogram,Sundarban Courier,Delivered,28.07
SHP101630,2026-05-28,Rajshahi DC,Chattogram Hub,Chattogram,Sundarban Courier,Delivered,35.29
SHP101631,2026-07-10,Sylhet DC,Mymensingh Hub,Mymensingh,Pathao Courier,Delivered,34.63
SHP101632,2026-05-01,Chattogram DC,Sylhet Hub,Sylhet,eCourier,Delivered Late,34.77
SHP101633,2026-06-27,Chattogram DC,Rajshahi Hub,Rajshahi,Steadfast Courier,In Transit,29.79
SHP101634,2026-06-25,Rajshahi DC,Mymensingh Hub,Mymensingh,Sundarban Courier,Delivered,50.73
SHP101635,2026-06-04,Chattogram DC,Comilla Hub,Comilla,Pathao Courier,In Transit,25.05
SHP101636,2026-02-21,Dhaka Hub,Rajshahi Hub,Rajshahi,Pathao Courier,Delivered,34.47
SHP101637,2025-10-05,Sylhet DC,Narayanganj Hub,Narayanganj,Pathao Courier,In Transit,28.6
SHP101638,2025-09-02,Rajshahi DC,Khulna Hub,Khulna,eCourier,Delivered,28.86
SHP101639,2025-11-10,Dhaka Hub,Comilla Hub,Comilla,Pathao Courier,Delivered Late,25.11
SHP101640,2026-01-28,Chattogram DC,Sylhet Hub,Sylhet,Steadfast Courier,Delivered,34.36
SHP101641,2026-05-16,Sylhet DC,Dhaka Hub,Dhaka,RedX,Delivered,36.1
SHP101642,2026-02-05,Dhaka Hub,Mymensingh Hub,Mymensingh,RedX,Delivered,25.52
SHP101643,2025-09-09,Khulna DC,Mymensingh Hub,Mymensingh,eCourier,Delivered,35.19
SHP101644,2025-11-12,Chattogram DC,Narayanganj Hub,Narayanganj,Pathao Courier,Delayed,27.32
SHP101645,2026-08-05,Dhaka Hub,Narayanganj Hub,Narayanganj,eCourier,Delivered,37.11
SHP101646,2026-08-08,Chattogram DC,Chattogram Hub,Chattogram,Pathao Courier,Delivered Late,28.47
SHP101647,2026-01-09,Rajshahi DC,Rangpur Hub,Rangpur,eCourier,Delivered,43.85
SHP101648,2026-06-06,Rajshahi DC,Mymensingh Hub,Mymensingh,RedX,Delivered Late,35.26
SHP101649,2026-05-07,Sylhet DC,Rangpur Hub,Rangpur,Pathao Courier,In Transit,42.82
SHP101650,2026-07-20,Sylhet DC,Dhaka Hub,Dhaka,eCourier,Delivered,38.48
SHP101651,2026-07-05,Rajshahi DC,Dhaka Hub,Dhaka,Pathao Courier,Delivered,35.5
SHP101652,2026-04-06,Dhaka Hub,Rangpur Hub,Rangpur,Pathao Courier,Delivered,29.44
SHP101653,2026-01-15,Khulna DC,Comilla Hub,Comilla,eCourier,Delivered,35.08
SHP101654,2026-04-05,Khulna DC,Chattogram Hub,Chattogram,Sundarban Courier,Delivered,44.49
SHP101655,2025-12-20,Khulna DC,Dhaka Hub,Dhaka,Steadfast Courier,Delivered Late,43.15
SHP101656,2025-12-30,Chattogram DC,Rajshahi Hub,Rajshahi,RedX,In Transit,40.23
SHP101657,2026-03-30,Khulna DC,Khulna Hub,Khulna,RedX,Delivered,18.35
SHP101658,2026-03-17,Khulna DC,Narayanganj Hub,Narayanganj,Sundarban Courier,Delayed,33.57
SHP101659,2026-03-21,Rajshahi DC,Narayanganj Hub,Narayanganj,Pathao Courier,In Transit,27.27
SHP101660,2026-01-12,Dhaka Hub,Barisal Hub,Barisal,Steadfast Courier,Delivered,24.6
SHP101661,2026-01-20,Khulna DC,Narayanganj Hub,Narayanganj,Pathao Courier,Cancelled,30.47
SHP101662,2025-09-04,Rajshahi DC,Sylhet Hub,Sylhet,RedX,In Transit,32.99
SHP101663,2026-03-28,Chattogram DC,Narayanganj Hub,Narayanganj,Pathao Courier,Delivered,19.85
SHP101664,2026-03-19,Khulna DC,Rajshahi Hub,Rajshahi,Pathao Courier,Cancelled,37.54
SHP101665,2026-07-21,Dhaka Hub,Rajshahi Hub,Rajshahi,RedX,Delivered,25.86
SHP101666,2026-02-22,Khulna DC,Dhaka Hub,Dhaka,eCourier,Delivered,41.81
SHP101667,2026-02-09,Khulna DC,Chattogram Hub,Chattogram,eCourier,Delivered,31.41
SHP101668,2025-09-24,Dhaka Hub,Chattogram Hub,Chattogram,Steadfast Courier,Delivered,35.5
SHP101669,2025-11-08,Dhaka Hub,Rajshahi Hub,Rajshahi,Sundarban Courier,Returned,48.98
SHP101670,2025-12-26,Khulna DC,Chattogram Hub,Chattogram,Sundarban Courier,Delivered,39.56
SHP101671,2026-01-09,Chattogram DC,Chattogram Hub,Chattogram,Pathao Courier,Delivered,14.85
SHP101672,2026-01-04,Sylhet DC,Rangpur Hub,Rangpur,eCourier,Delivered,42.19
SHP101673,2026-01-15,Dhaka Hub,Comilla Hub,Comilla,Sundarban Courier,In Transit,28.08
SHP101674,2026-05-25,Rajshahi DC,Dhaka Hub,Dhaka,RedX,Delivered,37.31
SHP101675,2025-10-16,Sylhet DC,Barisal Hub,Barisal,Pathao Courier,Delivered,29.76
SHP101676,2025-12-24,Rajshahi DC,Narayanganj Hub,Narayanganj,eCourier,Delivered,28.53
SHP101677,2025-10-27,Dhaka Hub,Rajshahi Hub,Rajshahi,eCourier,Delivered,34.16
SHP101678,2025-12-16,Chattogram DC,Chattogram Hub,Chattogram,Steadfast Courier,Delayed,24.96
SHP101679,2026-04-25,Khulna DC,Dhaka Hub,Dhaka,Pathao Courier,Cancelled,42.36
SHP101680,2025-09-17,Khulna DC,Narayanganj Hub,Narayanganj,Steadfast Courier,Delivered,23.96
SHP101681,2025-12-27,Khulna DC,Rajshahi Hub,Rajshahi,Pathao Courier,Delivered Late,31.35
SHP101682,2025-09-09,Rajshahi DC,Chattogram Hub,Chattogram,Sundarban Courier,In Transit,43.87
SHP101683,2026-07-28,Rajshahi DC,Comilla Hub,Comilla,Pathao Courier,Delivered,26.25
SHP101684,2026-05-10,Dhaka Hub,Comilla Hub,Comilla,Pathao Courier,Delivered,27.43
SHP101685,2025-11-24,Chattogram DC,Mymensingh Hub,Mymensingh,RedX,Delivered,27.29
SHP101686,2025-11-08,Rajshahi DC,Dhaka Hub,Dhaka,Pathao Courier,Delivered,40.99
SHP101687,2025-10-05,Sylhet DC,Dhaka Hub,Dhaka,Sundarban Courier,Delivered,56.22
SHP101688,2026-02-11,Rajshahi DC,Sylhet Hub,Sylhet,RedX,Delivered,19.4
SHP101689,2026-05-19,Sylhet DC,Chattogram Hub,Chattogram,eCourier,Delivered Late,33.4
SHP101690,2026-03-22,Dhaka Hub,Barisal Hub,Barisal,RedX,Delivered,19.45
SHP101691,2026-07-02,Sylhet DC,Khulna Hub,Khulna,RedX,Delivered,16.4
SHP101692,2025-12-28,Rajshahi DC,Mymensingh Hub,Mymensingh,Pathao Courier,Delivered,16.37
SHP101693,2025-12-06,Khulna DC,Chattogram Hub,Chattogram,eCourier,Delivered,28.13
SHP101694,2026-02-13,Dhaka Hub,Mymensingh Hub,Mymensingh,Pathao Courier,Delivered Late,27.71
SHP101695,2025-11-09,Chattogram DC,Narayanganj Hub,Narayanganj,Pathao Courier,In Transit,28.65
SHP101696,2026-08-04,Rajshahi DC,Chattogram Hub,Chattogram,Pathao Courier,Delivered,30.34
SHP101697,2025-11-04,Rajshahi DC,Rangpur Hub,Rangpur,RedX,Delivered,28.35
SHP101698,2026-02-13,Khulna DC,Barisal Hub,Barisal,Sundarban Courier,Delivered,29.33
SHP101699,2026-02-28,Dhaka Hub,Dhaka Hub,Dhaka,RedX,Delivered,23.91
SHP101700,2025-09-20,Khulna DC,Sylhet Hub,Sylhet,Sundarban Courier,Delayed,39.83
SHP101701,2026-02-10,Rajshahi DC,Mymensingh Hub,Mymensingh,Sundarban Courier,Delivered,43.41
SHP101702,2026-02-05,Khulna DC,Comilla Hub,Comilla,Sundarban Courier,Delivered Late,34.42
SHP101703,2025-11-29,Sylhet DC,Khulna Hub,Khulna,Pathao Courier,Delivered,16.43
SHP101704,2025-10-15,Sylhet DC,Chattogram Hub,Chattogram,Sundarban Courier,Delivered,38.36
SHP101705,2025-09-16,Chattogram DC,Sylhet Hub,Sylhet,RedX,Delivered,26.47
SHP101706,2025-09-03,Chattogram DC,Comilla Hub,Comilla,RedX,Delivered Late,26.48
SHP101707,2026-02-14,Khulna DC,Barisal Hub,Barisal,Pathao Courier,Delivered,22.8
SHP101708,2025-10-02,Dhaka Hub,Rajshahi Hub,Rajshahi,RedX,In Transit,33.49
SHP101709,2026-07-29,Dhaka Hub,Dhaka Hub,Dhaka,Sundarban Courier,In Transit,37.35
SHP101710,2025-11-24,Chattogram DC,Mymensingh Hub,Mymensingh,Pathao Courier,Delivered,30.99
SHP101711,2026-04-14,Khulna DC,Rajshahi Hub,Rajshahi,Pathao Courier,Delivered,32.21
SHP101712,2026-04-22,Khulna DC,Barisal Hub,Barisal,Sundarban Courier,Delivered,41.07
SHP101713,2026-02-19,Sylhet DC,Comilla Hub,Comilla,Sundarban Courier,Delivered,21.56
SHP101714,2026-07-03,Sylhet DC,Barisal Hub,Barisal,RedX,Delivered,14.44
SHP101715,2025-10-09,Dhaka Hub,Narayanganj Hub,Narayanganj,Pathao Courier,Delivered,27.41
SHP101716,2025-11-20,Chattogram DC,Barisal Hub,Barisal,eCourier,Delivered,30.92
SHP101717,2025-11-27,Dhaka Hub,Khulna Hub,Khulna,Sundarban Courier,Delivered,30.03
SHP101718,2025-10-17,Khulna DC,Narayanganj Hub,Narayanganj,RedX,Delivered,23.14
SHP101719,2025-12-11,Khulna DC,Rangpur Hub,Rangpur,eCourier,Delivered,35.1
SHP101720,2025-12-18,Chattogram DC,Mymensingh Hub,Mymensingh,Sundarban Courier,In Transit,37.75
SHP101721,2026-05-23,Chattogram DC,Sylhet Hub,Sylhet,Pathao Courier,Delivered Late,27.63
SHP101722,2025-12-14,Chattogram DC,Rangpur Hub,Rangpur,RedX,Returned,30.93
SHP101723,2026-07-01,Rajshahi DC,Barisal Hub,Barisal,Steadfast Courier,Delivered,21.78
SHP101724,2026-05-26,Sylhet DC,Chattogram Hub,Chattogram,Steadfast Courier,Delivered,33.99
SHP101725,2026-07-09,Khulna DC,Sylhet Hub,Sylhet,Pathao Courier,Delivered,32.02
SHP101726,2025-10-07,Sylhet DC,Narayanganj Hub,Narayanganj,eCourier,In Transit,35.75
SHP101727,2026-08-07,Khulna DC,Barisal Hub,Barisal,Sundarban Courier,Delivered,35.04
SHP101728,2026-04-01,Sylhet DC,Mymensingh Hub,Mymensingh,Pathao Courier,Delivered,33.76
SHP101729,2026-08-06,Chattogram DC,Chattogram Hub,Chattogram,RedX,Delivered,21.88
SHP101730,2026-01-01,Rajshahi DC,Sylhet Hub,Sylhet,RedX,Delivered,26.07
SHP101731,2026-07-27,Khulna DC,Narayanganj Hub,Narayanganj,RedX,Delivered,22.23
SHP101732,2026-03-23,Khulna DC,Rajshahi Hub,Rajshahi,eCourier,Delivered,43.31
SHP101733,2025-09-25,Rajshahi DC,Comilla Hub,Comilla,Sundarban Courier,Delivered,26.88
SHP101734,2026-01-20,Chattogram DC,Comilla Hub,Comilla,RedX,In Transit,23.53
SHP101735,2025-10-18,Dhaka Hub,Khulna Hub,Khulna,Sundarban Courier,Delivered,39.02
SHP101736,2026-07-23,Sylhet DC,Narayanganj Hub,Narayanganj,Pathao Courier,Delivered,25.81
SHP101737,2025-12-15,Chattogram DC,Mymensingh Hub,Mymensingh,Sundarban Courier,Delivered Late,36.55
SHP101738,2025-11-16,Sylhet DC,Chattogram Hub,Chattogram,Steadfast Courier,In Transit,31.1
SHP101739,2026-03-11,Chattogram DC,Dhaka Hub,Dhaka,Sundarban Courier,Delivered,40.81
SHP101740,2026-01-26,Chattogram DC,Chattogram Hub,Chattogram,Pathao Courier,Delivered,24.53
SHP101741,2025-10-04,Chattogram DC,Mymensingh Hub,Mymensingh,RedX,Delivered,33.3
SHP101742,2026-06-10,Chattogram DC,Chattogram Hub,Chattogram,Steadfast Courier,Delivered,22.11
SHP101743,2026-06-20,Khulna DC,Sylhet Hub,Sylhet,Steadfast Courier,In Transit,21.49
SHP101744,2026-05-16,Sylhet DC,Rajshahi Hub,Rajshahi,RedX,Delivered,33.59
SHP101745,2026-04-02,Sylhet DC,Chattogram Hub,Chattogram,Sundarban Courier,Delayed,48.81
SHP101746,2026-01-18,Dhaka Hub,Khulna Hub,Khulna,RedX,Delivered,15.81
SHP101747,2026-03-07,Sylhet DC,Rangpur Hub,Rangpur,eCourier,Delivered Late,28.13
SHP101748,2026-02-28,Dhaka Hub,Narayanganj Hub,Narayanganj,Steadfast Courier,Delivered,37.52
SHP101749,2025-10-28,Chattogram DC,Rajshahi Hub,Rajshahi,eCourier,Delayed,46.53
SHP101750,2025-09-29,Sylhet DC,Mymensingh Hub,Mymensingh,Sundarban Courier,Delivered,36.94
SHP101751,2025-11-27,Dhaka Hub,Barisal Hub,Barisal,Pathao Courier,Delivered,17.88
SHP101752,2026-02-05,Chattogram DC,Rajshahi Hub,Rajshahi,RedX,Delivered,30.45
SHP101753,2025-10-26,Chattogram DC,Barisal Hub,Barisal,Pathao Courier,Delivered,18.76
SHP101754,2025-10-07,Rajshahi DC,Narayanganj Hub,Narayanganj,Pathao Courier,Delivered,29.36
SHP101755,2026-06-22,Rajshahi DC,Dhaka Hub,Dhaka,Sundarban Courier,Delivered,52.92
SHP101756,2026-01-08,Dhaka Hub,Barisal Hub,Barisal,RedX,Delivered,26.67
SHP101757,2026-03-22,Khulna DC,Dhaka Hub,Dhaka,eCourier,Delivered,40.73
SHP101758,2026-03-01,Khulna DC,Comilla Hub,Comilla,eCourier,Delivered,33.87
SHP101759,2026-05-13,Chattogram DC,Rangpur Hub,Rangpur,eCourier,Delivered Late,43.85
SHP101760,2026-05-14,Sylhet DC,Dhaka Hub,Dhaka,eCourier,Delivered,37.01
SHP101761,2025-12-12,Khulna DC,Rangpur Hub,Rangpur,eCourier,Delivered,35.69
SHP101762,2026-06-21,Chattogram DC,Rajshahi Hub,Rajshahi,Pathao Courier,Delivered,28.29
SHP101763,2026-01-07,Dhaka Hub,Dhaka Hub,Dhaka,RedX,Delivered,25.18
SHP101764,2026-06-16,Chattogram DC,Narayanganj Hub,Narayanganj,Pathao Courier,Delivered Late,29.0
SHP101765,2026-01-19,Chattogram DC,Khulna Hub,Khulna,Pathao Courier,Delivered,16.75
SHP101766,2025-10-09,Chattogram DC,Dhaka Hub,Dhaka,Pathao Courier,Delayed,29.13
SHP101767,2026-05-21,Chattogram DC,Rangpur Hub,Rangpur,eCourier,In Transit,40.77
SHP101768,2025-09-11,Dhaka Hub,Khulna Hub,Khulna,eCourier,In Transit,37.46
SHP101769,2026-05-26,Rajshahi DC,Rangpur Hub,Rangpur,Steadfast Courier,Delivered,42.68
SHP101770,2025-09-15,Dhaka Hub,Chattogram Hub,Chattogram,Steadfast Courier,Delivered,36.54
SHP101771,2025-11-11,Khulna DC,Comilla Hub,Comilla,Steadfast Courier,Delayed,23.96
SHP101772,2026-03-28,Khulna DC,Rajshahi Hub,Rajshahi,Pathao Courier,Delayed,34.08
SHP101773,2026-07-23,Khulna DC,Rajshahi Hub,Rajshahi,Steadfast Courier,In Transit,35.62
SHP101774,2026-01-20,Rajshahi DC,Comilla Hub,Comilla,eCourier,In Transit,29.62
SHP101775,2025-10-12,Dhaka Hub,Barisal Hub,Barisal,Steadfast Courier,Delayed,29.36
SHP101776,2025-11-20,Chattogram DC,Dhaka Hub,Dhaka,Pathao Courier,Delivered Late,25.64
SHP101777,2026-07-08,Dhaka Hub,Barisal Hub,Barisal,Pathao Courier,Delivered,19.37
SHP101778,2026-05-10,Sylhet DC,Rangpur Hub,Rangpur,Steadfast Courier,Delivered,37.67
SHP101779,2025-10-05,Khulna DC,Khulna Hub,Khulna,Pathao Courier,Delivered,18.41
SHP101780,2026-01-12,Rajshahi DC,Chattogram Hub,Chattogram,Sundarban Courier,Delivered Late,35.4
SHP101781,2025-12-01,Chattogram DC,Dhaka Hub,Dhaka,Sundarban Courier,Delivered,52.58
SHP101782,2025-11-01,Chattogram DC,Comilla Hub,Comilla,Pathao Courier,Delivered,22.43
SHP101783,2026-06-20,Rajshahi DC,Dhaka Hub,Dhaka,Pathao Courier,Returned,28.47
SHP101784,2026-04-02,Khulna DC,Barisal Hub,Barisal,Steadfast Courier,Delivered,31.07
SHP101785,2025-11-02,Khulna DC,Comilla Hub,Comilla,Steadfast Courier,Delivered,25.61
SHP101786,2026-04-14,Sylhet DC,Khulna Hub,Khulna,Steadfast Courier,Delivered Late,28.75
SHP101787,2026-01-22,Sylhet DC,Sylhet Hub,Sylhet,Sundarban Courier,Delivered,24.91
SHP101788,2025-09-22,Chattogram DC,Mymensingh Hub,Mymensingh,Pathao Courier,Delivered,34.13
SHP101789,2026-02-03,Khulna DC,Rangpur Hub,Rangpur,Sundarban Courier,Delivered,44.48
SHP101790,2025-11-04,Chattogram DC,Dhaka Hub,Dhaka,Sundarban Courier,Cancelled,52.92
SHP101791,2025-11-24,Rajshahi DC,Barisal Hub,Barisal,Pathao Courier,Delivered,22.35
SHP101792,2026-07-02,Dhaka Hub,Dhaka Hub,Dhaka,eCourier,Delivered,28.69
SHP101793,2026-05-04,Sylhet DC,Khulna Hub,Khulna,Steadfast Courier,Delivered,29.37
SHP101794,2025-10-17,Chattogram DC,Khulna Hub,Khulna,RedX,Delivered,29.0
SHP101795,2026-06-22,Khulna DC,Comilla Hub,Comilla,Sundarban Courier,Delivered,28.57
SHP101796,2026-03-18,Khulna DC,Narayanganj Hub,Narayanganj,Sundarban Courier,Delivered,44.01
SHP101797,2026-06-30,Rajshahi DC,Rangpur Hub,Rangpur,Pathao Courier,Delivered Late,43.98
SHP101798,2026-05-17,Khulna DC,Mymensingh Hub,Mymensingh,Pathao Courier,Returned,31.69
SHP101799,2025-12-27,Chattogram DC,Dhaka Hub,Dhaka,RedX,Delivered,42.83
SHP101800,2026-03-05,Chattogram DC,Dhaka Hub,Dhaka,Sundarban Courier,Delivered,55.99
SHP101801,2026-03-03,Rajshahi DC,Mymensingh Hub,Mymensingh,RedX,In Transit,26.94
SHP101802,2026-05-08,Sylhet DC,Rajshahi Hub,Rajshahi,eCourier,Delivered,38.08
SHP101803,2025-11-25,Dhaka Hub,Barisal Hub,Barisal,Pathao Courier,In Transit,28.9
SHP101804,2025-12-25,Rajshahi DC,Rangpur Hub,Rangpur,Pathao Courier,Delivered,36.37
SHP101805,2025-11-24,Khulna DC,Khulna Hub,Khulna,Pathao Courier,Delivered,16.93
SHP101806,2025-12-12,Dhaka Hub,Rangpur Hub,Rangpur,Pathao Courier,Delivered,33.26
SHP101807,2025-10-26,Khulna DC,Mymensingh Hub,Mymensingh,RedX,Delivered,20.22
SHP101808,2025-09-13,Khulna DC,Sylhet Hub,Sylhet,eCourier,In Transit,30.08
SHP101809,2026-07-23,Khulna DC,Rangpur Hub,Rangpur,Steadfast Courier,Delivered,37.55
SHP101810,2025-09-26,Rajshahi DC,Chattogram Hub,Chattogram,RedX,In Transit,28.18
SHP101811,2026-07-05,Sylhet DC,Khulna Hub,Khulna,Sundarban Courier,Delivered Late,33.53
SHP101812,2025-09-02,Sylhet DC,Mymensingh Hub,Mymensingh,Pathao Courier,Delivered,30.25
SHP101813,2026-05-27,Khulna DC,Narayanganj Hub,Narayanganj,Sundarban Courier,Delayed,39.76
SHP101814,2025-12-23,Dhaka Hub,Dhaka Hub,Dhaka,Sundarban Courier,In Transit,37.62
SHP101815,2026-02-27,Dhaka Hub,Rangpur Hub,Rangpur,Steadfast Courier,Delivered,31.6
SHP101816,2025-12-07,Rajshahi DC,Barisal Hub,Barisal,Sundarban Courier,Delivered Late,40.74
SHP101817,2026-02-17,Chattogram DC,Rangpur Hub,Rangpur,Pathao Courier,In Transit,35.57
SHP101818,2026-02-04,Sylhet DC,Mymensingh Hub,Mymensingh,Sundarban Courier,Delivered,41.81
SHP101819,2026-03-03,Chattogram DC,Dhaka Hub,Dhaka,Pathao Courier,Delivered,41.59
SHP101820,2026-01-15,Chattogram DC,Mymensingh Hub,Mymensingh,Steadfast Courier,Delivered,33.39
SHP101821,2026-03-05,Sylhet DC,Sylhet Hub,Sylhet,Pathao Courier,Returned,19.89
SHP101822,2026-06-13,Rajshahi DC,Chattogram Hub,Chattogram,Pathao Courier,Delivered Late,20.95
SHP101823,2026-01-29,Sylhet DC,Rajshahi Hub,Rajshahi,Pathao Courier,Delivered Late,29.99
SHP101824,2026-01-04,Dhaka Hub,Dhaka Hub,Dhaka,eCourier,Delayed,27.06
SHP101825,2025-10-16,Chattogram DC,Rangpur Hub,Rangpur,RedX,Delivered,35.99
SHP101826,2026-01-03,Dhaka Hub,Barisal Hub,Barisal,RedX,Cancelled,27.89
SHP101827,2025-10-14,Rajshahi DC,Barisal Hub,Barisal,Sundarban Courier,Delivered,35.0
SHP101828,2025-11-03,Chattogram DC,Dhaka Hub,Dhaka,Pathao Courier,Delivered Late,34.96
SHP101829,2026-07-27,Chattogram DC,Mymensingh Hub,Mymensingh,eCourier,Delivered,34.98
SHP101830,2025-10-01,Dhaka Hub,Dhaka Hub,Dhaka,Pathao Courier,Delivered,19.02
SHP101831,2026-02-14,Sylhet DC,Sylhet Hub,Sylhet,Pathao Courier,Delivered,21.59
SHP101832,2026-06-16,Rajshahi DC,Khulna Hub,Khulna,RedX,Delivered,23.89
SHP101833,2026-07-27,Sylhet DC,Mymensingh Hub,Mymensingh,Pathao Courier,Delivered,25.04
SHP101834,2025-10-21,Khulna DC,Rajshahi Hub,Rajshahi,Pathao Courier,Delivered,36.69
SHP101835,2025-10-27,Dhaka Hub,Comilla Hub,Comilla,eCourier,Delivered,29.91
SHP101836,2026-01-07,Dhaka Hub,Narayanganj Hub,Narayanganj,Sundarban Courier,Delayed,39.05
SHP101837,2026-03-11,Khulna DC,Mymensingh Hub,Mymensingh,Pathao Courier,Delivered,26.25
SHP101838,2026-07-30,Dhaka Hub,Dhaka Hub,Dhaka,Sundarban Courier,Delivered,33.35
SHP101839,2025-11-11,Sylhet DC,Mymensingh Hub,Mymensingh,eCourier,Delivered,35.58
SHP101840,2025-10-27,Chattogram DC,Sylhet Hub,Sylhet,Pathao Courier,Delivered,31.2
SHP101841,2025-11-27,Dhaka Hub,Comilla Hub,Comilla,Pathao Courier,Delivered,24.76
SHP101842,2026-06-30,Sylhet DC,Narayanganj Hub,Narayanganj,RedX,Cancelled,26.5
SHP101843,2025-09-11,Rajshahi DC,Dhaka Hub,Dhaka,RedX,Delivered,39.71
SHP101844,2026-01-10,Dhaka Hub,Dhaka Hub,Dhaka,Steadfast Courier,Delivered,29.55
SHP101845,2025-10-12,Rajshahi DC,Rangpur Hub,Rangpur,Sundarban Courier,Delayed,38.67
SHP101846,2025-10-25,Sylhet DC,Chattogram Hub,Chattogram,Pathao Courier,Delivered,35.3
SHP101847,2026-07-15,Khulna DC,Narayanganj Hub,Narayanganj,RedX,Delivered,20.7
SHP101848,2025-09-01,Dhaka Hub,Barisal Hub,Barisal,RedX,Delayed,23.83
SHP101849,2025-12-21,Rajshahi DC,Barisal Hub,Barisal,Pathao Courier,Delivered,28.94
SHP101850,2026-07-14,Dhaka Hub,Comilla Hub,Comilla,RedX,Delivered,24.1
SHP101851,2026-03-30,Rajshahi DC,Sylhet Hub,Sylhet,Pathao Courier,Delivered,21.21
SHP101852,2025-09-25,Khulna DC,Barisal Hub,Barisal,eCourier,In Transit,17.46
SHP101853,2026-02-08,Chattogram DC,Narayanganj Hub,Narayanganj,eCourier,In Transit,35.95
SHP101854,2026-08-02,Dhaka Hub,Dhaka Hub,Dhaka,Sundarban Courier,Delivered,31.72
SHP101855,2026-01-17,Khulna DC,Chattogram Hub,Chattogram,Steadfast Courier,Delivered,29.93
SHP101856,2026-03-02,Dhaka Hub,Chattogram Hub,Chattogram,Steadfast Courier,Delivered,33.03
SHP101857,2026-03-04,Khulna DC,Khulna Hub,Khulna,Pathao Courier,Delivered,13.99
SHP101858,2026-04-17,Khulna DC,Chattogram Hub,Chattogram,Sundarban Courier,In Transit,39.09
SHP101859,2025-11-04,Chattogram DC,Chattogram Hub,Chattogram,RedX,Delivered,17.44
SHP101860,2026-06-18,Chattogram DC,Comilla Hub,Comilla,Pathao Courier,In Transit,22.02
SHP101861,2026-08-09,Chattogram DC,Rajshahi Hub,Rajshahi,Sundarban Courier,Delivered Late,51.16
SHP101862,2025-10-20,Chattogram DC,Khulna Hub,Khulna,Pathao Courier,Delivered,22.4
SHP101863,2026-06-11,Dhaka Hub,Rajshahi Hub,Rajshahi,Steadfast Courier,Delivered Late,40.13
SHP101864,2026-06-10,Chattogram DC,Narayanganj Hub,Narayanganj,Sundarban Courier,Delivered Late,33.01
SHP101865,2026-05-15,Khulna DC,Rajshahi Hub,Rajshahi,eCourier,Delivered,29.95
SHP101866,2026-01-07,Chattogram DC,Rajshahi Hub,Rajshahi,Sundarban Courier,Delivered,43.63
SHP101867,2026-02-10,Khulna DC,Narayanganj Hub,Narayanganj,Pathao Courier,In Transit,29.38
SHP101868,2026-06-18,Rajshahi DC,Dhaka Hub,Dhaka,Steadfast Courier,Delivered,46.88
SHP101869,2025-10-23,Khulna DC,Rajshahi Hub,Rajshahi,Pathao Courier,Delivered Late,33.93
SHP101870,2026-06-14,Sylhet DC,Mymensingh Hub,Mymensingh,Pathao Courier,Delivered,30.85
SHP101871,2026-07-16,Chattogram DC,Barisal Hub,Barisal,Sundarban Courier,Delivered Late,35.64
SHP101872,2026-04-24,Rajshahi DC,Comilla Hub,Comilla,RedX,Delivered Late,27.06
SHP101873,2025-12-28,Chattogram DC,Comilla Hub,Comilla,Sundarban Courier,Delivered,30.51
SHP101874,2026-03-13,Sylhet DC,Khulna Hub,Khulna,Pathao Courier,Delivered,28.91
SHP101875,2025-09-18,Sylhet DC,Comilla Hub,Comilla,Sundarban Courier,Delivered,29.49
SHP101876,2026-07-20,Khulna DC,Sylhet Hub,Sylhet,Pathao Courier,Delivered Late,18.48
SHP101877,2025-12-28,Sylhet DC,Sylhet Hub,Sylhet,Pathao Courier,Delivered,17.93
SHP101878,2025-09-20,Khulna DC,Narayanganj Hub,Narayanganj,RedX,In Transit,22.43
SHP101879,2026-06-02,Rajshahi DC,Dhaka Hub,Dhaka,Pathao Courier,Delivered,44.77
SHP101880,2026-04-16,Chattogram DC,Khulna Hub,Khulna,Sundarban Courier,In Transit,43.35
SHP101881,2026-04-04,Rajshahi DC,Rangpur Hub,Rangpur,RedX,Delivered,36.36
SHP101882,2025-09-19,Dhaka Hub,Rajshahi Hub,Rajshahi,eCourier,Delivered Late,47.63
SHP101883,2026-05-18,Rajshahi DC,Comilla Hub,Comilla,Pathao Courier,Delivered,26.53
SHP101884,2026-04-09,Dhaka Hub,Sylhet Hub,Sylhet,Sundarban Courier,Delivered,33.6
SHP101885,2026-06-02,Rajshahi DC,Barisal Hub,Barisal,Pathao Courier,Cancelled,29.46
SHP101886,2026-06-14,Chattogram DC,Chattogram Hub,Chattogram,Steadfast Courier,Delivered,27.29
SHP101887,2025-11-13,Rajshahi DC,Sylhet Hub,Sylhet,Pathao Courier,Delivered,19.62
SHP101888,2025-11-12,Dhaka Hub,Chattogram Hub,Chattogram,Pathao Courier,Delivered,34.22
SHP101889,2026-07-17,Sylhet DC,Mymensingh Hub,Mymensingh,Sundarban Courier,Delivered,46.7
SHP101890,2026-03-03,Rajshahi DC,Sylhet Hub,Sylhet,Pathao Courier,In Transit,17.15
SHP101891,2026-01-30,Dhaka Hub,Rangpur Hub,Rangpur,Pathao Courier,Delivered,45.2
SHP101892,2025-12-09,Chattogram DC,Khulna Hub,Khulna,Pathao Courier,Delivered Late,31.98
SHP101893,2026-04-10,Dhaka Hub,Barisal Hub,Barisal,RedX,Delivered,31.9
SHP101894,2026-05-19,Chattogram DC,Comilla Hub,Comilla,RedX,Delayed,26.55
SHP101895,2025-09-01,Chattogram DC,Comilla Hub,Comilla,RedX,Delivered,16.59
SHP101896,2026-03-11,Khulna DC,Dhaka Hub,Dhaka,eCourier,Returned,41.87
SHP101897,2026-08-10,Chattogram DC,Mymensingh Hub,Mymensingh,Sundarban Courier,Delivered,43.41
SHP101898,2025-12-07,Dhaka Hub,Narayanganj Hub,Narayanganj,Steadfast Courier,Returned,34.19
SHP101899,2025-12-07,Dhaka Hub,Rangpur Hub,Rangpur,eCourier,Delivered,46.5
SHP101900,2026-07-01,Rajshahi DC,Chattogram Hub,Chattogram,eCourier,Delivered,41.04
SHP101901,2025-09-22,Rajshahi DC,Rangpur Hub,Rangpur,eCourier,In Transit,45.39
SHP101902,2026-01-16,Chattogram DC,Rangpur Hub,Rangpur,Sundarban Courier,Delivered,51.84
SHP101903,2026-02-06,Dhaka Hub,Rangpur Hub,Rangpur,Sundarban Courier,Delivered,42.52
SHP101904,2026-06-04,Dhaka Hub,Rajshahi Hub,Rajshahi,Sundarban Courier,Delivered,39.74
SHP101905,2025-10-15,Rajshahi DC,Barisal Hub,Barisal,Pathao Courier,In Transit,29.12
SHP101906,2026-01-29,Khulna DC,Rangpur Hub,Rangpur,Sundarban Courier,Delivered Late,43.1
SHP101907,2025-10-23,Khulna DC,Rajshahi Hub,Rajshahi,Pathao Courier,Delivered,31.87
SHP101908,2026-05-31,Chattogram DC,Mymensingh Hub,Mymensingh,Pathao Courier,In Transit,34.64
SHP101909,2026-04-07,Khulna DC,Mymensingh Hub,Mymensingh,Steadfast Courier,Delivered,26.04
SHP101910,2026-02-19,Dhaka Hub,Khulna Hub,Khulna,RedX,Delivered,27.17
SHP101911,2026-01-14,Khulna DC,Rangpur Hub,Rangpur,RedX,Delivered,29.35
SHP101912,2025-10-23,Sylhet DC,Mymensingh Hub,Mymensingh,Sundarban Courier,Delivered,42.5
SHP101913,2026-07-16,Chattogram DC,Rajshahi Hub,Rajshahi,RedX,Delivered,28.67
SHP101914,2026-04-13,Khulna DC,Mymensingh Hub,Mymensingh,Steadfast Courier,Delivered,21.64
SHP101915,2025-12-20,Khulna DC,Chattogram Hub,Chattogram,RedX,Delivered,19.92
SHP101916,2026-01-22,Sylhet DC,Khulna Hub,Khulna,RedX,Delivered,20.59
SHP101917,2026-05-10,Dhaka Hub,Mymensingh Hub,Mymensingh,Sundarban Courier,In Transit,48.22
SHP101918,2026-05-07,Dhaka Hub,Comilla Hub,Comilla,Sundarban Courier,Delivered,43.42
SHP101919,2026-02-07,Rajshahi DC,Rangpur Hub,Rangpur,RedX,Delivered,19.56
SHP101920,2025-12-14,Chattogram DC,Rangpur Hub,Rangpur,Steadfast Courier,Delivered Late,30.69
SHP101921,2026-04-17,Chattogram DC,Khulna Hub,Khulna,Sundarban Courier,Delivered,31.74
SHP101922,2026-04-16,Khulna DC,Mymensingh Hub,Mymensingh,Sundarban Courier,In Transit,42.05
SHP101923,2026-03-27,Chattogram DC,Khulna Hub,Khulna,Sundarban Courier,Delivered,24.92
SHP101924,2025-09-26,Chattogram DC,Dhaka Hub,Dhaka,Sundarban Courier,Delivered,40.98
SHP101925,2026-02-11,Khulna DC,Sylhet Hub,Sylhet,Steadfast Courier,Delivered,27.46
SHP101926,2026-04-01,Sylhet DC,Rangpur Hub,Rangpur,eCourier,Delivered,39.38
SHP101927,2026-07-26,Khulna DC,Narayanganj Hub,Narayanganj,Sundarban Courier,Delivered,30.4
SHP101928,2026-03-01,Dhaka Hub,Rajshahi Hub,Rajshahi,Sundarban Courier,Delivered Late,61.13
SHP101929,2025-12-28,Sylhet DC,Comilla Hub,Comilla,Sundarban Courier,Delivered,41.0
SHP101930,2026-03-12,Sylhet DC,Mymensingh Hub,Mymensingh,Pathao Courier,Delivered,43.95
SHP101931,2025-11-01,Khulna DC,Barisal Hub,Barisal,RedX,Delivered,26.42
SHP101932,2025-10-02,Dhaka Hub,Comilla Hub,Comilla,eCourier,Delivered Late,37.1
SHP101933,2026-04-23,Dhaka Hub,Rajshahi Hub,Rajshahi,RedX,Delayed,36.5
SHP101934,2026-08-08,Khulna DC,Rajshahi Hub,Rajshahi,Pathao Courier,Delivered,26.25
SHP101935,2026-06-20,Khulna DC,Mymensingh Hub,Mymensingh,eCourier,In Transit,35.84
SHP101936,2026-03-21,Rajshahi DC,Rangpur Hub,Rangpur,eCourier,Delivered Late,48.24
SHP101937,2025-09-14,Chattogram DC,Barisal Hub,Barisal,Pathao Courier,Delivered,28.96
SHP101938,2026-08-08,Rajshahi DC,Rajshahi Hub,Rajshahi,RedX,Delivered,23.28
SHP101939,2026-02-03,Chattogram DC,Narayanganj Hub,Narayanganj,RedX,Delivered,28.56
SHP101940,2025-12-10,Khulna DC,Dhaka Hub,Dhaka,eCourier,Delivered,44.53
SHP101941,2026-07-06,Dhaka Hub,Dhaka Hub,Dhaka,Pathao Courier,Delivered Late,25.27
SHP101942,2026-05-17,Rajshahi DC,Rajshahi Hub,Rajshahi,Pathao Courier,Delivered Late,18.79
SHP101943,2026-05-18,Chattogram DC,Dhaka Hub,Dhaka,Sundarban Courier,Delivered,43.82
SHP101944,2025-12-06,Rajshahi DC,Khulna Hub,Khulna,Pathao Courier,Delivered,21.28
SHP101945,2026-08-10,Chattogram DC,Barisal Hub,Barisal,Sundarban Courier,Delayed,26.98
SHP101946,2026-02-04,Khulna DC,Rajshahi Hub,Rajshahi,eCourier,Delivered,40.23
SHP101947,2026-03-03,Sylhet DC,Sylhet Hub,Sylhet,Pathao Courier,Delivered,20.25
SHP101948,2026-05-18,Dhaka Hub,Sylhet Hub,Sylhet,Sundarban Courier,Cancelled,36.31
SHP101949,2026-04-17,Dhaka Hub,Rangpur Hub,Rangpur,Steadfast Courier,Delivered,37.48
SHP101950,2025-10-30,Khulna DC,Narayanganj Hub,Narayanganj,RedX,Delivered,30.75
SHP101951,2025-12-14,Dhaka Hub,Mymensingh Hub,Mymensingh,Sundarban Courier,Delivered Late,50.6
SHP101952,2026-01-03,Chattogram DC,Barisal Hub,Barisal,RedX,Delivered,24.42
SHP101953,2026-07-25,Sylhet DC,Chattogram Hub,Chattogram,Pathao Courier,Delivered,35.48
SHP101954,2026-05-06,Chattogram DC,Sylhet Hub,Sylhet,Pathao Courier,In Transit,21.09
SHP101955,2026-01-05,Dhaka Hub,Rajshahi Hub,Rajshahi,RedX,Delivered,29.38
SHP101956,2026-05-13,Khulna DC,Sylhet Hub,Sylhet,Sundarban Courier,Delivered,28.92
SHP101957,2026-05-14,Khulna DC,Rangpur Hub,Rangpur,Sundarban Courier,Delivered,35.59
SHP101958,2026-01-15,Khulna DC,Khulna Hub,Khulna,Pathao Courier,In Transit,16.57
SHP101959,2026-01-18,Rajshahi DC,Comilla Hub,Comilla,eCourier,Delivered,32.31
SHP101960,2026-07-07,Dhaka Hub,Sylhet Hub,Sylhet,Pathao Courier,Delivered,20.72
SHP101961,2026-03-14,Sylhet DC,Rajshahi Hub,Rajshahi,eCourier,Delivered,32.14
SHP101962,2025-10-22,Chattogram DC,Mymensingh Hub,Mymensingh,Sundarban Courier,Delivered,43.74
SHP101963,2026-05-08,Rajshahi DC,Sylhet Hub,Sylhet,RedX,Delivered Late,17.16
SHP101964,2026-03-23,Sylhet DC,Mymensingh Hub,Mymensingh,Pathao Courier,In Transit,35.0
SHP101965,2026-02-24,Dhaka Hub,Barisal Hub,Barisal,Pathao Courier,Delivered,27.07
SHP101966,2026-05-09,Khulna DC,Rangpur Hub,Rangpur,RedX,Delivered Late,37.22
SHP101967,2026-07-11,Dhaka Hub,Rajshahi Hub,Rajshahi,RedX,Delivered Late,37.46
SHP101968,2025-12-24,Chattogram DC,Narayanganj Hub,Narayanganj,Pathao Courier,Delivered Late,32.71
SHP101969,2026-01-24,Khulna DC,Mymensingh Hub,Mymensingh,Sundarban Courier,Delivered,43.46
SHP101970,2025-11-05,Sylhet DC,Chattogram Hub,Chattogram,Sundarban Courier,Delivered,34.39
SHP101971,2026-04-12,Khulna DC,Barisal Hub,Barisal,Pathao Courier,Delivered,29.49
SHP101972,2026-01-18,Sylhet DC,Narayanganj Hub,Narayanganj,RedX,Delivered,26.95
SHP101973,2025-12-28,Rajshahi DC,Sylhet Hub,Sylhet,Pathao Courier,Delivered,30.1
SHP101974,2026-04-29,Sylhet DC,Barisal Hub,Barisal,RedX,Delivered,20.62
SHP101975,2026-01-20,Dhaka Hub,Mymensingh Hub,Mymensingh,Pathao Courier,Delivered,31.75
SHP101976,2026-02-08,Dhaka Hub,Sylhet Hub,Sylhet,Sundarban Courier,Delivered,39.22
SHP101977,2026-01-31,Khulna DC,Barisal Hub,Barisal,Sundarban Courier,Delivered,25.9
SHP101978,2025-11-29,Dhaka Hub,Barisal Hub,Barisal,Sundarban Courier,Delivered,42.66
SHP101979,2025-10-14,Chattogram DC,Chattogram Hub,Chattogram,Sundarban Courier,Delivered,29.03
SHP101980,2026-06-14,Dhaka Hub,Chattogram Hub,Chattogram,Steadfast Courier,Delivered,23.18
SHP101981,2025-10-02,Chattogram DC,Barisal Hub,Barisal,Sundarban Courier,Delivered,32.65
SHP101982,2025-12-22,Sylhet DC,Chattogram Hub,Chattogram,eCourier,Returned,26.2
SHP101983,2026-04-19,Dhaka Hub,Narayanganj Hub,Narayanganj,Pathao Courier,Delivered,23.11
SHP101984,2025-10-16,Sylhet DC,Barisal Hub,Barisal,Sundarban Courier,Delivered,33.31
SHP101985,2026-04-15,Rajshahi DC,Mymensingh Hub,Mymensingh,Pathao Courier,Delivered Late,36.83
SHP101986,2026-05-12,Dhaka Hub,Khulna Hub,Khulna,Sundarban Courier,Delivered,29.33
SHP101987,2026-04-18,Dhaka Hub,Sylhet Hub,Sylhet,RedX,Delivered,24.52
SHP101988,2025-12-15,Chattogram DC,Rajshahi Hub,Rajshahi,eCourier,Delivered,37.36
SHP101989,2025-09-07,Rajshahi DC,Mymensingh Hub,Mymensingh,RedX,Delivered,22.48
SHP101990,2026-07-05,Sylhet DC,Khulna Hub,Khulna,RedX,Delivered,26.47
SHP101991,2025-12-22,Khulna DC,Sylhet Hub,Sylhet,Pathao Courier,Delivered,19.89
SHP101992,2026-06-06,Dhaka Hub,Chattogram Hub,Chattogram,Pathao Courier,Delivered,31.47
SHP101993,2025-11-08,Khulna DC,Barisal Hub,Barisal,eCourier,Delivered,35.18
SHP101994,2025-10-27,Dhaka Hub,Rangpur Hub,Rangpur,Pathao Courier,Delivered,27.76
SHP101995,2026-05-28,Khulna DC,Barisal Hub,Barisal,Pathao Courier,Delivered,21.34
SHP101996,2026-07-23,Dhaka Hub,Sylhet Hub,Sylhet,Steadfast Courier,Delivered,28.04
SHP101997,2026-06-25,Rajshahi DC,Sylhet Hub,Sylhet,Steadfast Courier,Delivered,17.19
SHP101998,2026-05-18,Chattogram DC,Khulna Hub,Khulna,RedX,Delivered,26.86
SHP101999,2025-11-25,Dhaka Hub,Khulna Hub,Khulna,Sundarban Courier,Delivered,36.06
SHP102000,2026-07-13,Chattogram DC,Sylhet Hub,Sylhet,eCourier,Delivered,33.34
SHP102001,2026-04-20,Dhaka Hub,Narayanganj Hub,Narayanganj,Pathao Courier,In Transit,23.73
SHP102002,2025-10-30,Dhaka Hub,Khulna Hub,Khulna,Sundarban Courier,Delivered,38.78
SHP102003,2025-10-15,Sylhet DC,Sylhet Hub,Sylhet,Sundarban Courier,Returned,24.83
SHP102004,2026-06-29,Chattogram DC,Rangpur Hub,Rangpur,Steadfast Courier,Delivered,37.98
SHP102005,2025-12-05,Chattogram DC,Comilla Hub,Comilla,Steadfast Courier,Delivered Late,18.03
SHP102006,2026-05-23,Rajshahi DC,Rajshahi Hub,Rajshahi,RedX,Delivered,23.56
SHP102007,2025-10-18,Dhaka Hub,Rangpur Hub,Rangpur,Pathao Courier,Delivered,29.87
SHP102008,2025-12-07,Chattogram DC,Dhaka Hub,Dhaka,Sundarban Courier,Delivered Late,44.07
SHP102009,2025-12-08,Dhaka Hub,Barisal Hub,Barisal,Pathao Courier,Cancelled,30.05
SHP102010,2025-12-07,Sylhet DC,Dhaka Hub,Dhaka,Steadfast Courier,Delivered Late,41.4
SHP102011,2026-04-22,Chattogram DC,Chattogram Hub,Chattogram,Pathao Courier,Delivered,15.57
SHP102012,2026-07-14,Dhaka Hub,Barisal Hub,Barisal,Pathao Courier,Delivered,27.88
SHP102013,2026-07-12,Dhaka Hub,Sylhet Hub,Sylhet,eCourier,Delivered,18.44
SHP102014,2026-05-15,Rajshahi DC,Dhaka Hub,Dhaka,Sundarban Courier,Delivered,64.53
SHP102015,2025-11-10,Dhaka Hub,Chattogram Hub,Chattogram,eCourier,Delivered,33.61
SHP102016,2026-07-30,Khulna DC,Mymensingh Hub,Mymensingh,Pathao Courier,Delivered,30.63
SHP102017,2026-03-07,Rajshahi DC,Barisal Hub,Barisal,eCourier,Delivered,29.14
SHP102018,2026-03-08,Sylhet DC,Khulna Hub,Khulna,Pathao Courier,Delayed,29.54
SHP102019,2026-05-01,Chattogram DC,Narayanganj Hub,Narayanganj,Pathao Courier,Delivered,23.42
SHP102020,2026-05-25,Khulna DC,Khulna Hub,Khulna,Sundarban Courier,Delivered,22.98
SHP102021,2026-07-27,Rajshahi DC,Comilla Hub,Comilla,Pathao Courier,Delivered,28.31
SHP102022,2026-03-21,Dhaka Hub,Khulna Hub,Khulna,RedX,Delivered,20.14
SHP102023,2026-03-31,Rajshahi DC,Dhaka Hub,Dhaka,Pathao Courier,Delivered,36.94
SHP102024,2026-05-16,Rajshahi DC,Chattogram Hub,Chattogram,Pathao Courier,Delivered Late,23.76
SHP102025,2025-11-28,Dhaka Hub,Sylhet Hub,Sylhet,eCourier,Delivered,27.57
SHP102026,2025-12-16,Dhaka Hub,Chattogram Hub,Chattogram,Pathao Courier,Delivered,29.54
SHP102027,2026-04-05,Khulna DC,Chattogram Hub,Chattogram,RedX,Delivered,20.09
SHP102028,2025-09-23,Dhaka Hub,Khulna Hub,Khulna,eCourier,Delivered,24.3
SHP102029,2025-12-20,Khulna DC,Narayanganj Hub,Narayanganj,Pathao Courier,Delivered,24.8
SHP102030,2026-05-07,Dhaka Hub,Sylhet Hub,Sylhet,eCourier,Delivered,23.11
SHP102031,2026-08-04,Khulna DC,Sylhet Hub,Sylhet,Pathao Courier,Delivered,31.1
SHP102032,2026-02-27,Chattogram DC,Narayanganj Hub,Narayanganj,Sundarban Courier,Delivered,42.25
SHP102033,2026-01-17,Dhaka Hub,Sylhet Hub,Sylhet,Pathao Courier,Delivered,26.77
SHP102034,2026-01-31,Dhaka Hub,Comilla Hub,Comilla,eCourier,Delivered,23.27
SHP102035,2026-04-26,Dhaka Hub,Rangpur Hub,Rangpur,RedX,Delivered,29.82
SHP102036,2026-03-08,Sylhet DC,Narayanganj Hub,Narayanganj,RedX,Delivered,31.57
SHP102037,2025-09-09,Dhaka Hub,Barisal Hub,Barisal,Steadfast Courier,Delivered,30.82
SHP102038,2026-03-06,Rajshahi DC,Barisal Hub,Barisal,Sundarban Courier,In Transit,38.87
SHP102039,2026-01-17,Khulna DC,Sylhet Hub,Sylhet,Steadfast Courier,Delivered,36.49
SHP102040,2026-05-01,Chattogram DC,Barisal Hub,Barisal,eCourier,Delivered,36.59
SHP102041,2026-06-30,Rajshahi DC,Rangpur Hub,Rangpur,Steadfast Courier,Delivered,33.95
SHP102042,2026-07-31,Khulna DC,Narayanganj Hub,Narayanganj,Steadfast Courier,Delivered,41.03
SHP102043,2026-03-31,Khulna DC,Dhaka Hub,Dhaka,Steadfast Courier,Delivered,32.73
SHP102044,2026-01-04,Dhaka Hub,Chattogram Hub,Chattogram,Pathao Courier,Delivered,31.83
SHP102045,2026-02-01,Khulna DC,Dhaka Hub,Dhaka,eCourier,Delivered,29.13
SHP102046,2025-11-01,Sylhet DC,Mymensingh Hub,Mymensingh,eCourier,Delivered,35.5
SHP102047,2026-07-21,Rajshahi DC,Dhaka Hub,Dhaka,RedX,Delivered,24.47
SHP102048,2026-06-21,Sylhet DC,Narayanganj Hub,Narayanganj,Pathao Courier,Delivered,27.57
SHP102049,2026-06-23,Khulna DC,Khulna Hub,Khulna,Steadfast Courier,Delivered Late,14.2
SHP102050,2025-12-23,Chattogram DC,Sylhet Hub,Sylhet,Pathao Courier,Delivered,25.68
SHP102051,2025-12-21,Dhaka Hub,Narayanganj Hub,Narayanganj,Sundarban Courier,Delivered,42.45
SHP102052,2026-06-24,Dhaka Hub,Mymensingh Hub,Mymensingh,RedX,Delivered,25.31
SHP102053,2026-03-08,Rajshahi DC,Barisal Hub,Barisal,Pathao Courier,Delivered,24.7
SHP102054,2026-05-02,Khulna DC,Comilla Hub,Comilla,eCourier,Delivered,34.37
SHP102055,2026-02-17,Chattogram DC,Mymensingh Hub,Mymensingh,Pathao Courier,Delivered,34.91
SHP102056,2026-02-01,Khulna DC,Rangpur Hub,Rangpur,RedX,Delivered,43.84
SHP102057,2026-04-07,Dhaka Hub,Khulna Hub,Khulna,eCourier,Delivered,23.54
SHP102058,2026-06-09,Dhaka Hub,Narayanganj Hub,Narayanganj,Sundarban Courier,Delivered,40.31
SHP102059,2025-12-25,Sylhet DC,Mymensingh Hub,Mymensingh,eCourier,Delivered,40.9
SHP102060,2026-06-07,Khulna DC,Narayanganj Hub,Narayanganj,Pathao Courier,Delivered,26.34
SHP102061,2025-11-24,Rajshahi DC,Narayanganj Hub,Narayanganj,eCourier,Delivered,30.96
SHP102062,2026-01-18,Khulna DC,Barisal Hub,Barisal,Steadfast Courier,In Transit,32.7
SHP102063,2026-07-13,Chattogram DC,Khulna Hub,Khulna,Pathao Courier,Delayed,22.74
SHP102064,2026-07-28,Rajshahi DC,Narayanganj Hub,Narayanganj,RedX,Cancelled,36.59
SHP102065,2026-07-17,Sylhet DC,Narayanganj Hub,Narayanganj,RedX,Delivered,32.38
SHP102066,2025-12-19,Rajshahi DC,Chattogram Hub,Chattogram,RedX,Delivered,22.59
SHP102067,2026-06-19,Dhaka Hub,Rangpur Hub,Rangpur,eCourier,In Transit,38.16
SHP102068,2026-07-21,Dhaka Hub,Rangpur Hub,Rangpur,Sundarban Courier,Delivered,44.49
SHP102069,2026-08-05,Dhaka Hub,Mymensingh Hub,Mymensingh,RedX,Delivered,31.53
SHP102070,2025-09-08,Rajshahi DC,Narayanganj Hub,Narayanganj,Pathao Courier,In Transit,24.79
SHP102071,2026-05-16,Dhaka Hub,Sylhet Hub,Sylhet,Sundarban Courier,Delivered,30.45
SHP102072,2026-08-11,Rajshahi DC,Narayanganj Hub,Narayanganj,Steadfast Courier,Delivered Late,35.29
SHP102073,2026-05-23,Khulna DC,Rangpur Hub,Rangpur,Pathao Courier,Cancelled,37.13
SHP102074,2025-11-20,Dhaka Hub,Dhaka Hub,Dhaka,RedX,Returned,24.29
SHP102075,2026-05-22,Rajshahi DC,Barisal Hub,Barisal,Pathao Courier,Delivered,28.91
SHP102076,2025-10-07,Dhaka Hub,Chattogram Hub,Chattogram,eCourier,Delivered,39.14
SHP102077,2026-02-14,Dhaka Hub,Narayanganj Hub,Narayanganj,RedX,Delivered,32.1
SHP102078,2026-04-05,Sylhet DC,Mymensingh Hub,Mymensingh,Sundarban Courier,Delivered,53.11
SHP102079,2026-02-05,Chattogram DC,Narayanganj Hub,Narayanganj,Pathao Courier,Delivered,32.76
SHP102080,2026-05-01,Chattogram DC,Rangpur Hub,Rangpur,Sundarban Courier,Delivered,41.87
SHP102081,2025-11-23,Dhaka Hub,Khulna Hub,Khulna,Steadfast Courier,Delivered,24.55
SHP102082,2026-03-29,Khulna DC,Rajshahi Hub,Rajshahi,RedX,Delivered,34.72
SHP102083,2026-04-12,Dhaka Hub,Narayanganj Hub,Narayanganj,Sundarban Courier,Delayed,31.73
SHP102084,2026-04-08,Chattogram DC,Chattogram Hub,Chattogram,eCourier,In Transit,23.15
SHP102085,2025-12-10,Sylhet DC,Comilla Hub,Comilla,Sundarban Courier,Delivered,33.9
SHP102086,2025-12-15,Sylhet DC,Rajshahi Hub,Rajshahi,Sundarban Courier,Delivered,53.65
SHP102087,2025-11-29,Khulna DC,Barisal Hub,Barisal,Sundarban Courier,Delivered,45.51
SHP102088,2026-02-07,Chattogram DC,Rangpur Hub,Rangpur,Pathao Courier,Delivered,39.93
SHP102089,2026-03-22,Khulna DC,Dhaka Hub,Dhaka,eCourier,Delivered,43.65
SHP102090,2026-01-04,Khulna DC,Chattogram Hub,Chattogram,Steadfast Courier,Delivered Late,34.47
SHP102091,2026-01-20,Chattogram DC,Chattogram Hub,Chattogram,Steadfast Courier,Delivered Late,23.35
SHP102092,2025-12-09,Chattogram DC,Mymensingh Hub,Mymensingh,Steadfast Courier,Delivered,43.23
SHP102093,2025-11-15,Sylhet DC,Dhaka Hub,Dhaka,Sundarban Courier,Delayed,52.18
SHP102094,2026-04-16,Sylhet DC,Rangpur Hub,Rangpur,Sundarban Courier,Returned,51.64
SHP102095,2026-06-10,Dhaka Hub,Chattogram Hub,Chattogram,RedX,In Transit,31.54
SHP102096,2025-12-10,Sylhet DC,Mymensingh Hub,Mymensingh,Steadfast Courier,Delayed,32.54
SHP102097,2026-06-25,Dhaka Hub,Narayanganj Hub,Narayanganj,eCourier,Delivered,35.07
SHP102098,2026-03-17,Sylhet DC,Rajshahi Hub,Rajshahi,Sundarban Courier,Delayed,47.77
SHP102099,2025-10-29,Rajshahi DC,Sylhet Hub,Sylhet,RedX,Delayed,31.33
SHP102100,2026-01-05,Sylhet DC,Rajshahi Hub,Rajshahi,eCourier,Delivered,48.45
SHP102101,2025-09-03,Khulna DC,Rangpur Hub,Rangpur,Steadfast Courier,Delivered,38.18
SHP102102,2025-09-14,Chattogram DC,Mymensingh Hub,Mymensingh,eCourier,Delivered,41.25
SHP102103,2025-12-26,Rajshahi DC,Rangpur Hub,Rangpur,Sundarban Courier,Delivered,47.42
SHP102104,2026-02-05,Rajshahi DC,Barisal Hub,Barisal,Pathao Courier,Delivered Late,27.21
SHP102105,2026-06-03,Rajshahi DC,Rangpur Hub,Rangpur,Sundarban Courier,Delivered,45.0
SHP102106,2025-10-17,Khulna DC,Sylhet Hub,Sylhet,Sundarban Courier,In Transit,31.98
SHP102107,2026-06-18,Khulna DC,Sylhet Hub,Sylhet,Steadfast Courier,Delivered Late,26.79
SHP102108,2025-11-21,Sylhet DC,Narayanganj Hub,Narayanganj,RedX,Delivered,22.42
SHP102109,2025-10-18,Rajshahi DC,Barisal Hub,Barisal,Sundarban Courier,Delivered,36.74
SHP102110,2026-05-01,Rajshahi DC,Comilla Hub,Comilla,Sundarban Courier,Delivered Late,41.57
SHP102111,2026-05-26,Sylhet DC,Rangpur Hub,Rangpur,RedX,Delivered,31.64
SHP102112,2026-03-29,Dhaka Hub,Rajshahi Hub,Rajshahi,RedX,Delayed,35.16
SHP102113,2025-10-11,Dhaka Hub,Barisal Hub,Barisal,Pathao Courier,In Transit,20.92
SHP102114,2025-10-10,Chattogram DC,Rangpur Hub,Rangpur,Steadfast Courier,Delivered,40.55
SHP102115,2026-01-13,Dhaka Hub,Chattogram Hub,Chattogram,Sundarban Courier,Delivered,27.26
SHP102116,2026-02-03,Chattogram DC,Rajshahi Hub,Rajshahi,Sundarban Courier,In Transit,42.5
SHP102117,2026-08-12,Dhaka Hub,Mymensingh Hub,Mymensingh,Pathao Courier,In Transit,29.99
SHP102118,2025-12-09,Rajshahi DC,Dhaka Hub,Dhaka,RedX,Delivered,33.64
SHP102119,2025-11-06,Dhaka Hub,Dhaka Hub,Dhaka,eCourier,Cancelled,34.68
SHP102120,2026-07-25,Khulna DC,Chattogram Hub,Chattogram,Steadfast Courier,Delivered,37.11
SHP102121,2025-10-24,Chattogram DC,Barisal Hub,Barisal,Pathao Courier,Delivered,26.17
SHP102122,2025-09-10,Dhaka Hub,Sylhet Hub,Sylhet,Steadfast Courier,Delivered,27.82
SHP102123,2026-01-25,Khulna DC,Rajshahi Hub,Rajshahi,eCourier,Delivered Late,36.61
SHP102124,2026-01-17,Rajshahi DC,Chattogram Hub,Chattogram,Sundarban Courier,Returned,42.21
SHP102125,2026-04-03,Khulna DC,Sylhet Hub,Sylhet,Pathao Courier,Delivered,25.1
SHP102126,2026-07-01,Rajshahi DC,Dhaka Hub,Dhaka,Sundarban Courier,Delivered,48.81
SHP102127,2026-07-20,Sylhet DC,Comilla Hub,Comilla,Steadfast Courier,Delivered,22.82
SHP102128,2025-12-10,Khulna DC,Rajshahi Hub,Rajshahi,Sundarban Courier,In Transit,43.92
SHP102129,2026-08-06,Dhaka Hub,Chattogram Hub,Chattogram,Sundarban Courier,Delivered Late,47.27
SHP102130,2026-04-07,Rajshahi DC,Barisal Hub,Barisal,eCourier,Delivered,35.18
SHP102131,2025-09-25,Khulna DC,Narayanganj Hub,Narayanganj,Steadfast Courier,In Transit,37.74
SHP102132,2026-07-22,Chattogram DC,Comilla Hub,Comilla,RedX,Delivered,25.41
SHP102133,2025-10-18,Chattogram DC,Comilla Hub,Comilla,eCourier,In Transit,30.55
SHP102134,2026-03-23,Khulna DC,Rajshahi Hub,Rajshahi,Pathao Courier,In Transit,35.19
SHP102135,2026-06-01,Dhaka Hub,Khulna Hub,Khulna,Steadfast Courier,Delivered,27.23
SHP102136,2025-11-26,Rajshahi DC,Khulna Hub,Khulna,Pathao Courier,Cancelled,29.8
SHP102137,2025-12-03,Chattogram DC,Khulna Hub,Khulna,Pathao Courier,Delivered,26.74
SHP102138,2026-02-12,Dhaka Hub,Narayanganj Hub,Narayanganj,Steadfast Courier,Returned,31.75
SHP102139,2026-07-04,Chattogram DC,Chattogram Hub,Chattogram,Pathao Courier,Delivered,20.03
SHP102140,2025-11-17,Rajshahi DC,Comilla Hub,Comilla,Pathao Courier,In Transit,34.07
SHP102141,2026-04-18,Chattogram DC,Narayanganj Hub,Narayanganj,RedX,Delivered,22.66
SHP102142,2026-02-04,Sylhet DC,Comilla Hub,Comilla,Sundarban Courier,Delivered,32.98
SHP102143,2025-10-09,Rajshahi DC,Rangpur Hub,Rangpur,Pathao Courier,Returned,32.19
SHP102144,2026-05-04,Dhaka Hub,Comilla Hub,Comilla,RedX,Delivered,22.6
SHP102145,2026-06-16,Khulna DC,Dhaka Hub,Dhaka,eCourier,Delivered,38.75
SHP102146,2026-03-19,Chattogram DC,Comilla Hub,Comilla,eCourier,In Transit,25.26
SHP102147,2025-11-01,Khulna DC,Barisal Hub,Barisal,Pathao Courier,Delivered,20.14
SHP102148,2025-10-24,Dhaka Hub,Narayanganj Hub,Narayanganj,RedX,Delivered,27.13
SHP102149,2026-01-25,Dhaka Hub,Dhaka Hub,Dhaka,eCourier,Returned,30.07
SHP102150,2026-02-23,Khulna DC,Narayanganj Hub,Narayanganj,Pathao Courier,Delivered,29.26
SHP102151,2026-03-11,Rajshahi DC,Barisal Hub,Barisal,Pathao Courier,Delivered,27.09
SHP102152,2025-11-24,Rajshahi DC,Chattogram Hub,Chattogram,Pathao Courier,Delivered,28.68
SHP102153,2026-02-21,Khulna DC,Barisal Hub,Barisal,RedX,Delivered Late,25.77
SHP102154,2025-12-12,Sylhet DC,Dhaka Hub,Dhaka,Pathao Courier,Delivered,43.97
SHP102155,2026-04-26,Dhaka Hub,Dhaka Hub,Dhaka,eCourier,Delivered,37.6
SHP102156,2026-06-03,Chattogram DC,Barisal Hub,Barisal,Steadfast Courier,Delivered,21.53
SHP102157,2026-04-14,Khulna DC,Comilla Hub,Comilla,Pathao Courier,Delivered,27.4
SHP102158,2025-09-01,Chattogram DC,Chattogram Hub,Chattogram,RedX,Delivered,13.27
SHP102159,2026-08-10,Sylhet DC,Sylhet Hub,Sylhet,Pathao Courier,Delayed,30.01
SHP102160,2025-09-09,Dhaka Hub,Khulna Hub,Khulna,Pathao Courier,Delivered,23.84
SHP102161,2026-08-12,Sylhet DC,Barisal Hub,Barisal,eCourier,Delivered,36.84
SHP102162,2025-09-11,Chattogram DC,Dhaka Hub,Dhaka,Sundarban Courier,Delayed,49.06
SHP102163,2026-02-26,Dhaka Hub,Rangpur Hub,Rangpur,Steadfast Courier,Delivered,38.36
SHP102164,2025-10-07,Dhaka Hub,Rajshahi Hub,Rajshahi,RedX,Delayed,36.07
SHP102165,2025-10-03,Sylhet DC,Narayanganj Hub,Narayanganj,Pathao Courier,In Transit,31.16
SHP102166,2026-04-25,Chattogram DC,Khulna Hub,Khulna,Sundarban Courier,Delivered,37.38
SHP102167,2026-05-10,Dhaka Hub,Rajshahi Hub,Rajshahi,Pathao Courier,Delivered,30.57
SHP102168,2025-10-11,Sylhet DC,Dhaka Hub,Dhaka,Steadfast Courier,Delivered,41.72
SHP102169,2026-08-04,Dhaka Hub,Narayanganj Hub,Narayanganj,RedX,Delivered,28.08
SHP102170,2025-12-20,Dhaka Hub,Comilla Hub,Comilla,Sundarban Courier,Delivered,34.54
SHP102171,2025-12-20,Dhaka Hub,Khulna Hub,Khulna,RedX,Delivered,24.28
SHP102172,2025-12-12,Sylhet DC,Rajshahi Hub,Rajshahi,RedX,Delivered,30.09
SHP102173,2026-02-07,Rajshahi DC,Comilla Hub,Comilla,eCourier,In Transit,24.15
SHP102174,2025-11-01,Chattogram DC,Sylhet Hub,Sylhet,Pathao Courier,Delivered,28.33
SHP102175,2026-01-25,Chattogram DC,Sylhet Hub,Sylhet,Pathao Courier,Delivered,24.16
SHP102176,2025-11-12,Chattogram DC,Sylhet Hub,Sylhet,Pathao Courier,Delivered,18.69
SHP102177,2025-09-18,Chattogram DC,Mymensingh Hub,Mymensingh,Sundarban Courier,Delivered,38.0
SHP102178,2026-01-06,Khulna DC,Sylhet Hub,Sylhet,Sundarban Courier,Delivered Late,36.8
SHP102179,2026-04-21,Chattogram DC,Dhaka Hub,Dhaka,Pathao Courier,Delivered Late,40.56
SHP102180,2026-05-23,Khulna DC,Chattogram Hub,Chattogram,Sundarban Courier,Delivered,36.85
SHP102181,2026-01-01,Rajshahi DC,Narayanganj Hub,Narayanganj,Sundarban Courier,Delivered,29.95
SHP102182,2025-12-22,Rajshahi DC,Comilla Hub,Comilla,Pathao Courier,Delivered,21.92
SHP102183,2026-05-31,Sylhet DC,Narayanganj Hub,Narayanganj,Steadfast Courier,In Transit,39.93
SHP102184,2026-04-24,Khulna DC,Sylhet Hub,Sylhet,RedX,Delivered,25.73
SHP102185,2026-06-15,Rajshahi DC,Rajshahi Hub,Rajshahi,Sundarban Courier,Delivered Late,33.89
SHP102186,2026-07-11,Khulna DC,Rajshahi Hub,Rajshahi,RedX,Delivered,30.07
SHP102187,2026-06-12,Chattogram DC,Barisal Hub,Barisal,Sundarban Courier,Delivered,30.51
SHP102188,2026-07-22,Dhaka Hub,Dhaka Hub,Dhaka,eCourier,Delivered,29.15
SHP102189,2026-01-23,Dhaka Hub,Barisal Hub,Barisal,RedX,Delivered,14.82
SHP102190,2026-01-15,Rajshahi DC,Dhaka Hub,Dhaka,Sundarban Courier,Delivered,52.65
SHP102191,2025-12-21,Sylhet DC,Sylhet Hub,Sylhet,Steadfast Courier,Delivered,18.75
SHP102192,2025-11-21,Chattogram DC,Sylhet Hub,Sylhet,eCourier,Delivered,33.95
SHP102193,2026-05-18,Chattogram DC,Rangpur Hub,Rangpur,eCourier,Returned,35.95
SHP102194,2026-05-06,Chattogram DC,Comilla Hub,Comilla,Pathao Courier,Delivered,26.82
SHP102195,2026-06-05,Rajshahi DC,Rangpur Hub,Rangpur,Pathao Courier,In Transit,28.34
SHP102196,2025-10-28,Khulna DC,Rajshahi Hub,Rajshahi,RedX,Delivered,32.99
SHP102197,2026-02-17,Rajshahi DC,Barisal Hub,Barisal,Sundarban Courier,Delivered,39.5
SHP102198,2025-11-16,Chattogram DC,Barisal Hub,Barisal,RedX,Delivered,24.22
SHP102199,2026-07-06,Sylhet DC,Chattogram Hub,Chattogram,eCourier,Delivered,35.8
SHP102200,2025-12-02,Dhaka Hub,Narayanganj Hub,Narayanganj,Sundarban Courier,Delivered Late,30.86
SHP102201,2025-10-20,Rajshahi DC,Narayanganj Hub,Narayanganj,Sundarban Courier,Delivered,46.05
SHP102202,2026-03-17,Sylhet DC,Sylhet Hub,Sylhet,Sundarban Courier,Delivered,22.05
SHP102203,2026-07-02,Sylhet DC,Chattogram Hub,Chattogram,Pathao Courier,Delivered,32.64
SHP102204,2026-07-14,Sylhet DC,Chattogram Hub,Chattogram,RedX,Delivered Late,27.11
SHP102205,2025-10-04,Chattogram DC,Rangpur Hub,Rangpur,eCourier,In Transit,48.56
SHP102206,2025-12-22,Rajshahi DC,Dhaka Hub,Dhaka,Sundarban Courier,Delivered,37.1
SHP102207,2025-10-24,Sylhet DC,Chattogram Hub,Chattogram,eCourier,In Transit,36.47
SHP102208,2025-12-16,Khulna DC,Rangpur Hub,Rangpur,RedX,Delivered,27.58
SHP102209,2026-03-04,Dhaka Hub,Chattogram Hub,Chattogram,eCourier,Delivered,37.26
SHP102210,2025-12-07,Chattogram DC,Dhaka Hub,Dhaka,Pathao Courier,Delivered,39.14
SHP102211,2025-09-24,Rajshahi DC,Dhaka Hub,Dhaka,eCourier,Delivered,44.27
SHP102212,2026-02-24,Dhaka Hub,Mymensingh Hub,Mymensingh,eCourier,Delivered,38.82
SHP102213,2025-09-19,Dhaka Hub,Khulna Hub,Khulna,Pathao Courier,Delivered Late,23.82
SHP102214,2025-11-18,Rajshahi DC,Sylhet Hub,Sylhet,RedX,Cancelled,26.04
SHP102215,2025-09-01,Chattogram DC,Rangpur Hub,Rangpur,eCourier,Delivered,31.68
SHP102216,2025-10-01,Chattogram DC,Chattogram Hub,Chattogram,Pathao Courier,Delivered,18.01
SHP102217,2026-01-29,Sylhet DC,Barisal Hub,Barisal,eCourier,Delivered,34.27
SHP102218,2026-06-22,Dhaka Hub,Rajshahi Hub,Rajshahi,Steadfast Courier,Delivered,35.38
SHP102219,2026-05-27,Dhaka Hub,Rangpur Hub,Rangpur,Steadfast Courier,Delivered,30.68
SHP102220,2025-10-05,Dhaka Hub,Rangpur Hub,Rangpur,Sundarban Courier,Delivered,45.87
SHP102221,2025-09-13,Dhaka Hub,Rangpur Hub,Rangpur,RedX,Delivered,31.74
SHP102222,2025-12-26,Dhaka Hub,Sylhet Hub,Sylhet,Steadfast Courier,Delivered Late,31.67
SHP102223,2026-04-14,Khulna DC,Chattogram Hub,Chattogram,RedX,Delivered,24.51
SHP102224,2026-05-17,Chattogram DC,Barisal Hub,Barisal,Pathao Courier,Delivered,30.34
SHP102225,2026-06-12,Dhaka Hub,Dhaka Hub,Dhaka,Pathao Courier,Delivered Late,27.12
SHP102226,2025-12-28,Dhaka Hub,Rajshahi Hub,Rajshahi,eCourier,Delivered,32.34
SHP102227,2025-10-29,Sylhet DC,Rangpur Hub,Rangpur,Sundarban Courier,Delivered,52.05
SHP102228,2025-09-10,Rajshahi DC,Comilla Hub,Comilla,Pathao Courier,Delivered,20.51
SHP102229,2025-10-21,Chattogram DC,Rangpur Hub,Rangpur,Sundarban Courier,Delivered,46.33
SHP102230,2025-09-23,Dhaka Hub,Narayanganj Hub,Narayanganj,eCourier,Delayed,31.31
SHP102231,2026-06-25,Chattogram DC,Barisal Hub,Barisal,Sundarban Courier,Delivered,45.53
SHP102232,2025-12-02,Sylhet DC,Rajshahi Hub,Rajshahi,Steadfast Courier,Delivered,46.09
SHP102233,2026-06-12,Dhaka Hub,Sylhet Hub,Sylhet,eCourier,Delivered,29.67
SHP102234,2026-03-11,Rajshahi DC,Rangpur Hub,Rangpur,Steadfast Courier,Delivered,42.38
SHP102235,2026-03-06,Khulna DC,Comilla Hub,Comilla,Steadfast Courier,In Transit,29.44
SHP102236,2026-02-05,Chattogram DC,Khulna Hub,Khulna,Pathao Courier,Delivered Late,24.26
SHP102237,2026-06-11,Rajshahi DC,Dhaka Hub,Dhaka,RedX,Delivered,35.91
SHP102238,2025-09-16,Chattogram DC,Dhaka Hub,Dhaka,Pathao Courier,Delivered,36.99
SHP102239,2025-10-03,Dhaka Hub,Rangpur Hub,Rangpur,Steadfast Courier,Delayed,32.58
SHP102240,2026-01-25,Rajshahi DC,Rangpur Hub,Rangpur,Pathao Courier,In Transit,24.89
SHP102241,2026-01-15,Rajshahi DC,Chattogram Hub,Chattogram,RedX,Delivered,20.42
SHP102242,2026-03-08,Chattogram DC,Dhaka Hub,Dhaka,eCourier,Delivered,30.48
SHP102243,2026-05-14,Sylhet DC,Rangpur Hub,Rangpur,Pathao Courier,Delivered,23.91
SHP102244,2026-03-23,Dhaka Hub,Khulna Hub,Khulna,eCourier,Delivered,26.98
SHP102245,2025-11-29,Khulna DC,Rajshahi Hub,Rajshahi,Pathao Courier,Delivered,36.05
SHP102246,2025-12-23,Khulna DC,Sylhet Hub,Sylhet,Sundarban Courier,Delivered,36.89
SHP102247,2026-05-19,Khulna DC,Mymensingh Hub,Mymensingh,Sundarban Courier,Delivered,42.0
SHP102248,2025-11-09,Sylhet DC,Mymensingh Hub,Mymensingh,Sundarban Courier,Delivered,42.85
SHP102249,2026-02-22,Khulna DC,Dhaka Hub,Dhaka,RedX,Delivered,36.14
SHP102250,2026-03-06,Sylhet DC,Dhaka Hub,Dhaka,Steadfast Courier,Delivered,34.7
SHP102251,2026-05-18,Rajshahi DC,Barisal Hub,Barisal,Sundarban Courier,Delivered,34.08
SHP102252,2026-05-06,Dhaka Hub,Rangpur Hub,Rangpur,RedX,Delivered,36.52
SHP102253,2026-02-08,Sylhet DC,Chattogram Hub,Chattogram,Steadfast Courier,In Transit,31.69
SHP102254,2025-12-16,Sylhet DC,Chattogram Hub,Chattogram,eCourier,Delivered,23.36
SHP102255,2026-01-06,Sylhet DC,Rangpur Hub,Rangpur,Pathao Courier,Delayed,37.35
SHP102256,2026-01-21,Dhaka Hub,Rajshahi Hub,Rajshahi,Steadfast Courier,Delivered Late,28.98
SHP102257,2025-11-15,Chattogram DC,Chattogram Hub,Chattogram,Pathao Courier,Delivered Late,26.07
SHP102258,2026-04-05,Rajshahi DC,Rangpur Hub,Rangpur,RedX,Delivered,30.86
SHP102259,2025-11-12,Dhaka Hub,Dhaka Hub,Dhaka,RedX,Delivered,25.75
SHP102260,2026-04-13,Khulna DC,Sylhet Hub,Sylhet,eCourier,Delayed,30.33
SHP102261,2026-05-19,Khulna DC,Mymensingh Hub,Mymensingh,Pathao Courier,Delivered,34.38
SHP102262,2026-07-30,Sylhet DC,Sylhet Hub,Sylhet,Pathao Courier,Delayed,17.03
SHP102263,2025-10-12,Dhaka Hub,Dhaka Hub,Dhaka,eCourier,Delivered,27.48
SHP102264,2026-05-21,Dhaka Hub,Narayanganj Hub,Narayanganj,Pathao Courier,Delivered,24.08
SHP102265,2025-09-30,Chattogram DC,Sylhet Hub,Sylhet,Sundarban Courier,Delivered,35.85
SHP102266,2025-12-26,Dhaka Hub,Barisal Hub,Barisal,eCourier,Delivered,29.09
SHP102267,2025-10-31,Dhaka Hub,Comilla Hub,Comilla,RedX,Delivered,29.7
SHP102268,2025-10-27,Dhaka Hub,Narayanganj Hub,Narayanganj,Pathao Courier,Delayed,25.83
SHP102269,2025-10-31,Dhaka Hub,Comilla Hub,Comilla,Sundarban Courier,In Transit,27.72
SHP102270,2025-09-16,Rajshahi DC,Khulna Hub,Khulna,Steadfast Courier,Delivered,26.88
SHP102271,2026-06-12,Khulna DC,Comilla Hub,Comilla,Sundarban Courier,Delivered,36.67
SHP102272,2025-09-22,Dhaka Hub,Dhaka Hub,Dhaka,Pathao Courier,Delivered,26.91
SHP102273,2026-01-16,Khulna DC,Khulna Hub,Khulna,Pathao Courier,Delivered,16.58
SHP102274,2026-04-30,Dhaka Hub,Chattogram Hub,Chattogram,Sundarban Courier,Returned,36.53
SHP102275,2026-08-09,Sylhet DC,Barisal Hub,Barisal,Steadfast Courier,Delivered Late,29.72
SHP102276,2026-06-23,Dhaka Hub,Comilla Hub,Comilla,Sundarban Courier,Delivered,25.6
SHP102277,2025-10-18,Dhaka Hub,Mymensingh Hub,Mymensingh,Pathao Courier,In Transit,26.46
SHP102278,2026-08-08,Dhaka Hub,Narayanganj Hub,Narayanganj,RedX,Delivered,32.36
SHP102279,2026-04-15,Sylhet DC,Chattogram Hub,Chattogram,Pathao Courier,Cancelled,36.32
SHP102280,2025-11-02,Sylhet DC,Mymensingh Hub,Mymensingh,Pathao Courier,Delivered,33.35
SHP102281,2026-02-03,Chattogram DC,Mymensingh Hub,Mymensingh,Steadfast Courier,Delivered,32.9
SHP102282,2026-07-15,Khulna DC,Rajshahi Hub,Rajshahi,eCourier,Delivered Late,33.79
SHP102283,2026-01-14,Khulna DC,Dhaka Hub,Dhaka,Pathao Courier,Delivered,36.94
SHP102284,2025-11-03,Khulna DC,Chattogram Hub,Chattogram,Sundarban Courier,Delivered,41.45
SHP102285,2026-06-30,Sylhet DC,Narayanganj Hub,Narayanganj,Pathao Courier,Delivered,27.68
SHP102286,2026-07-27,Sylhet DC,Sylhet Hub,Sylhet,Pathao Courier,Delivered,15.34
SHP102287,2026-08-04,Sylhet DC,Rangpur Hub,Rangpur,RedX,Delivered,29.21
SHP102288,2026-07-28,Chattogram DC,Narayanganj Hub,Narayanganj,RedX,Delivered,17.68
SHP102289,2026-06-30,Sylhet DC,Rajshahi Hub,Rajshahi,eCourier,Delivered,44.52
SHP102290,2026-02-05,Dhaka Hub,Sylhet Hub,Sylhet,Steadfast Courier,In Transit,31.46
SHP102291,2025-11-06,Rajshahi DC,Rajshahi Hub,Rajshahi,Pathao Courier,Delivered,24.48
SHP102292,2026-04-02,Chattogram DC,Sylhet Hub,Sylhet,Steadfast Courier,Delivered,35.16
SHP102293,2025-11-16,Khulna DC,Chattogram Hub,Chattogram,RedX,Delivered,25.69
SHP102294,2026-02-11,Rajshahi DC,Comilla Hub,Comilla,Pathao Courier,Delivered,20.88
SHP102295,2026-04-16,Sylhet DC,Khulna Hub,Khulna,eCourier,Returned,37.32
SHP102296,2026-07-25,Rajshahi DC,Rangpur Hub,Rangpur,Pathao Courier,Delivered,30.23
SHP102297,2025-12-10,Sylhet DC,Mymensingh Hub,Mymensingh,RedX,Delivered,19.72
SHP102298,2025-11-27,Dhaka Hub,Barisal Hub,Barisal,eCourier,Delivered,31.53
SHP102299,2026-05-13,Dhaka Hub,Barisal Hub,Barisal,Pathao Courier,Delivered,24.04
SHP102300,2025-09-03,Dhaka Hub,Chattogram Hub,Chattogram,Steadfast Courier,Delivered,29.8
SHP102301,2026-03-15,Rajshahi DC,Barisal Hub,Barisal,Pathao Courier,Delivered,34.59
SHP102302,2026-05-17,Sylhet DC,Mymensingh Hub,Mymensingh,eCourier,Delivered,36.93
SHP102303,2026-03-10,Chattogram DC,Chattogram Hub,Chattogram,Pathao Courier,Delivered,17.87
SHP102304,2026-01-11,Sylhet DC,Sylhet Hub,Sylhet,Pathao Courier,Delivered,16.73
SHP102305,2026-06-14,Chattogram DC,Rangpur Hub,Rangpur,Sundarban Courier,Delivered,42.38
SHP102306,2026-01-07,Rajshahi DC,Narayanganj Hub,Narayanganj,eCourier,Delivered,31.05
SHP102307,2026-05-04,Rajshahi DC,Khulna Hub,Khulna,Pathao Courier,Delivered,33.86
SHP102308,2026-02-08,Dhaka Hub,Comilla Hub,Comilla,Steadfast Courier,Delivered,33.46
SHP102309,2025-09-10,Khulna DC,Chattogram Hub,Chattogram,Pathao Courier,Delivered,21.11
SHP102310,2026-03-03,Chattogram DC,Barisal Hub,Barisal,Sundarban Courier,Delivered,35.17
SHP102311,2025-09-18,Dhaka Hub,Narayanganj Hub,Narayanganj,Sundarban Courier,Delivered,33.11
SHP102312,2026-07-20,Rajshahi DC,Rajshahi Hub,Rajshahi,Pathao Courier,Delivered,30.51
SHP102313,2026-03-28,Dhaka Hub,Barisal Hub,Barisal,Steadfast Courier,Delivered,25.16
SHP102314,2026-01-07,Chattogram DC,Chattogram Hub,Chattogram,Sundarban Courier,Delivered,29.01
SHP102315,2026-02-16,Dhaka Hub,Barisal Hub,Barisal,RedX,Delivered,18.65
SHP102316,2026-04-03,Sylhet DC,Barisal Hub,Barisal,RedX,Delivered,14.32
SHP102317,2025-11-30,Sylhet DC,Narayanganj Hub,Narayanganj,RedX,Delivered,17.86
SHP102318,2025-12-09,Chattogram DC,Sylhet Hub,Sylhet,RedX,Delivered,24.53
SHP102319,2026-01-23,Dhaka Hub,Khulna Hub,Khulna,Steadfast Courier,Delivered,30.84
SHP102320,2025-11-29,Dhaka Hub,Rangpur Hub,Rangpur,RedX,In Transit,33.11
SHP102321,2026-05-21,Rajshahi DC,Narayanganj Hub,Narayanganj,RedX,Delivered,19.38
SHP102322,2025-10-06,Rajshahi DC,Sylhet Hub,Sylhet,RedX,Delivered,25.69
SHP102323,2026-06-14,Rajshahi DC,Rangpur Hub,Rangpur,RedX,Delivered,32.58
SHP102324,2025-12-30,Sylhet DC,Comilla Hub,Comilla,Sundarban Courier,Delivered,39.04
SHP102325,2026-03-14,Sylhet DC,Rangpur Hub,Rangpur,RedX,In Transit,35.21
SHP102326,2025-10-25,Khulna DC,Rajshahi Hub,Rajshahi,Sundarban Courier,Delivered,46.86
SHP102327,2026-01-12,Khulna DC,Sylhet Hub,Sylhet,eCourier,Delivered,35.29
SHP102328,2026-05-20,Sylhet DC,Sylhet Hub,Sylhet,Steadfast Courier,Delivered,26.82
SHP102329,2025-12-03,Chattogram DC,Dhaka Hub,Dhaka,Steadfast Courier,Delivered Late,47.82
SHP102330,2025-10-16,Sylhet DC,Chattogram Hub,Chattogram,eCourier,Returned,37.61
SHP102331,2026-02-28,Dhaka Hub,Rajshahi Hub,Rajshahi,RedX,Delivered,27.91
SHP102332,2025-10-27,Dhaka Hub,Chattogram Hub,Chattogram,eCourier,Delivered,30.66
SHP102333,2025-12-18,Khulna DC,Dhaka Hub,Dhaka,Pathao Courier,Delivered,38.02
SHP102334,2026-02-03,Rajshahi DC,Rangpur Hub,Rangpur,Sundarban Courier,Returned,41.58
SHP102335,2026-03-15,Dhaka Hub,Dhaka Hub,Dhaka,Pathao Courier,Delivered,24.86
SHP102336,2026-04-10,Dhaka Hub,Chattogram Hub,Chattogram,Pathao Courier,Delivered,33.81
SHP102337,2026-04-23,Dhaka Hub,Barisal Hub,Barisal,Steadfast Courier,Delivered,24.57
SHP102338,2026-06-20,Khulna DC,Narayanganj Hub,Narayanganj,Steadfast Courier,Delivered,36.88
SHP102339,2025-09-23,Chattogram DC,Mymensingh Hub,Mymensingh,RedX,Delivered,17.42
SHP102340,2026-01-04,Chattogram DC,Dhaka Hub,Dhaka,Pathao Courier,Delivered Late,32.8
SHP102341,2025-09-01,Dhaka Hub,Chattogram Hub,Chattogram,RedX,Delivered,25.97
SHP102342,2025-09-04,Rajshahi DC,Mymensingh Hub,Mymensingh,Sundarban Courier,Delivered,37.23
SHP102343,2025-11-13,Sylhet DC,Mymensingh Hub,Mymensingh,eCourier,Returned,31.27
SHP102344,2026-03-26,Khulna DC,Khulna Hub,Khulna,Steadfast Courier,Delayed,25.9
SHP102345,2026-07-07,Khulna DC,Narayanganj Hub,Narayanganj,Sundarban Courier,Delivered,37.34
SHP102346,2026-05-26,Dhaka Hub,Comilla Hub,Comilla,Pathao Courier,Delivered,23.37
SHP102347,2026-04-12,Rajshahi DC,Mymensingh Hub,Mymensingh,Pathao Courier,In Transit,30.57
SHP102348,2026-05-28,Sylhet DC,Mymensingh Hub,Mymensingh,Pathao Courier,Delivered,27.88
SHP102349,2025-10-30,Khulna DC,Mymensingh Hub,Mymensingh,Sundarban Courier,Cancelled,47.13
SHP102350,2026-06-18,Chattogram DC,Chattogram Hub,Chattogram,Pathao Courier,Delivered,24.77
SHP102351,2026-07-06,Rajshahi DC,Mymensingh Hub,Mymensingh,Pathao Courier,Delivered Late,25.66
SHP102352,2025-10-03,Rajshahi DC,Narayanganj Hub,Narayanganj,Pathao Courier,Delivered,29.36
SHP102353,2026-02-10,Sylhet DC,Sylhet Hub,Sylhet,Pathao Courier,Delivered,14.85
SHP102354,2026-06-15,Dhaka Hub,Dhaka Hub,Dhaka,eCourier,Delivered Late,30.27
SHP102355,2026-02-12,Rajshahi DC,Khulna Hub,Khulna,Pathao Courier,Delivered,28.58
SHP102356,2026-06-18,Rajshahi DC,Sylhet Hub,Sylhet,Steadfast Courier,Delivered,34.0
SHP102357,2026-07-21,Sylhet DC,Narayanganj Hub,Narayanganj,Pathao Courier,Delivered,27.75
SHP102358,2026-02-12,Sylhet DC,Rajshahi Hub,Rajshahi,Pathao Courier,Delivered,32.01
SHP102359,2025-09-21,Chattogram DC,Rangpur Hub,Rangpur,Pathao Courier,Delivered,30.0
SHP102360,2025-12-27,Dhaka Hub,Narayanganj Hub,Narayanganj,eCourier,Delivered,22.91
SHP102361,2025-11-14,Rajshahi DC,Mymensingh Hub,Mymensingh,Pathao Courier,Delivered,25.09
SHP102362,2026-02-12,Sylhet DC,Mymensingh Hub,Mymensingh,RedX,Delivered,32.09
SHP102363,2026-03-22,Chattogram DC,Narayanganj Hub,Narayanganj,Pathao Courier,Delivered,33.57
SHP102364,2026-02-08,Khulna DC,Rangpur Hub,Rangpur,Steadfast Courier,In Transit,35.58
SHP102365,2025-11-07,Dhaka Hub,Sylhet Hub,Sylhet,Pathao Courier,Delivered,33.08
SHP102366,2025-12-14,Dhaka Hub,Mymensingh Hub,Mymensingh,Sundarban Courier,Delivered Late,48.91
SHP102367,2026-04-24,Chattogram DC,Khulna Hub,Khulna,eCourier,Delivered,27.72
SHP102368,2025-09-10,Sylhet DC,Khulna Hub,Khulna,Pathao Courier,Delivered,22.97
SHP102369,2025-11-14,Chattogram DC,Rangpur Hub,Rangpur,Pathao Courier,Delivered,40.99
SHP102370,2026-07-06,Dhaka Hub,Khulna Hub,Khulna,eCourier,Delivered,24.77
SHP102371,2025-10-05,Chattogram DC,Dhaka Hub,Dhaka,Pathao Courier,Delivered,30.5
SHP102372,2026-01-22,Chattogram DC,Narayanganj Hub,Narayanganj,Pathao Courier,Delivered Late,28.38
SHP102373,2025-11-11,Sylhet DC,Barisal Hub,Barisal,Sundarban Courier,Delivered,44.91
SHP102374,2025-10-07,Sylhet DC,Rangpur Hub,Rangpur,Pathao Courier,Delivered,34.38
SHP102375,2026-01-25,Rajshahi DC,Comilla Hub,Comilla,Steadfast Courier,In Transit,26.84
SHP102376,2026-02-28,Rajshahi DC,Rangpur Hub,Rangpur,RedX,Delivered,38.31
SHP102377,2025-10-31,Chattogram DC,Rangpur Hub,Rangpur,RedX,In Transit,43.21
SHP102378,2025-09-27,Rajshahi DC,Mymensingh Hub,Mymensingh,Pathao Courier,Delivered,36.82
SHP102379,2025-10-17,Sylhet DC,Sylhet Hub,Sylhet,RedX,Delivered,18.53
SHP102380,2026-04-14,Dhaka Hub,Comilla Hub,Comilla,RedX,Delivered,11.87
SHP102381,2026-06-25,Chattogram DC,Mymensingh Hub,Mymensingh,Pathao Courier,Delivered,33.22
SHP102382,2025-11-02,Khulna DC,Chattogram Hub,Chattogram,Steadfast Courier,Delivered,25.87
SHP102383,2025-12-20,Rajshahi DC,Chattogram Hub,Chattogram,RedX,Cancelled,23.27
SHP102384,2025-12-28,Chattogram DC,Comilla Hub,Comilla,eCourier,Delivered,23.18
SHP102385,2026-01-03,Dhaka Hub,Comilla Hub,Comilla,Pathao Courier,Delayed,25.05
SHP102386,2025-11-24,Dhaka Hub,Narayanganj Hub,Narayanganj,Pathao Courier,Delivered,29.86
SHP102387,2025-09-20,Dhaka Hub,Chattogram Hub,Chattogram,eCourier,Delivered,37.57
SHP102388,2026-03-01,Khulna DC,Comilla Hub,Comilla,eCourier,Delivered,28.29
SHP102389,2026-01-02,Sylhet DC,Comilla Hub,Comilla,Sundarban Courier,Cancelled,39.42
SHP102390,2025-12-28,Sylhet DC,Mymensingh Hub,Mymensingh,Pathao Courier,Delivered,32.62
SHP102391,2025-12-01,Khulna DC,Rajshahi Hub,Rajshahi,eCourier,In Transit,41.21
SHP102392,2026-07-19,Rajshahi DC,Barisal Hub,Barisal,Pathao Courier,Delivered,20.61
SHP102393,2026-03-31,Khulna DC,Rajshahi Hub,Rajshahi,Sundarban Courier,In Transit,47.83
SHP102394,2026-01-23,Dhaka Hub,Dhaka Hub,Dhaka,RedX,In Transit,17.26
SHP102395,2025-11-11,Sylhet DC,Barisal Hub,Barisal,Pathao Courier,Delivered,18.07
SHP102396,2026-06-05,Rajshahi DC,Sylhet Hub,Sylhet,Pathao Courier,Delivered,30.12
SHP102397,2026-07-05,Khulna DC,Sylhet Hub,Sylhet,Pathao Courier,Delivered,19.06
SHP102398,2025-09-12,Chattogram DC,Dhaka Hub,Dhaka,Steadfast Courier,Cancelled,29.63
SHP102399,2026-07-19,Chattogram DC,Rajshahi Hub,Rajshahi,Sundarban Courier,Delivered,31.77
SHP102400,2026-04-30,Rajshahi DC,Dhaka Hub,Dhaka,RedX,Delivered,43.14
SHP102401,2025-10-05,Dhaka Hub,Comilla Hub,Comilla,Steadfast Courier,In Transit,37.34
SHP102402,2026-05-19,Sylhet DC,Comilla Hub,Comilla,RedX,Delivered,21.8
SHP102403,2025-10-08,Dhaka Hub,Comilla Hub,Comilla,RedX,Delivered,28.33
SHP102404,2025-09-18,Rajshahi DC,Khulna Hub,Khulna,RedX,Delivered,16.38
SHP102405,2025-10-10,Dhaka Hub,Chattogram Hub,Chattogram,Sundarban Courier,Delivered,39.06
SHP102406,2026-02-07,Dhaka Hub,Barisal Hub,Barisal,RedX,Delivered,20.04
SHP102407,2026-04-03,Chattogram DC,Rangpur Hub,Rangpur,Steadfast Courier,Delivered,38.79
SHP102408,2026-01-19,Chattogram DC,Dhaka Hub,Dhaka,eCourier,In Transit,49.86
SHP102409,2025-10-13,Sylhet DC,Comilla Hub,Comilla,Sundarban Courier,Delivered,20.33
SHP102410,2025-11-08,Chattogram DC,Rajshahi Hub,Rajshahi,Sundarban Courier,In Transit,42.4
SHP102411,2026-06-22,Chattogram DC,Comilla Hub,Comilla,Steadfast Courier,Delivered,31.52
SHP102412,2026-07-31,Sylhet DC,Dhaka Hub,Dhaka,Pathao Courier,Returned,23.88
SHP102413,2026-05-19,Sylhet DC,Rajshahi Hub,Rajshahi,eCourier,Delivered,41.47
SHP102414,2025-10-06,Rajshahi DC,Rajshahi Hub,Rajshahi,Pathao Courier,Delivered,19.01
SHP102415,2026-06-11,Sylhet DC,Dhaka Hub,Dhaka,eCourier,Cancelled,41.34
SHP102416,2026-04-28,Sylhet DC,Mymensingh Hub,Mymensingh,eCourier,Delivered,27.86
SHP102417,2026-03-02,Khulna DC,Narayanganj Hub,Narayanganj,Sundarban Courier,Delayed,43.94
SHP102418,2025-10-20,Dhaka Hub,Barisal Hub,Barisal,Pathao Courier,Delivered,28.61
SHP102419,2026-08-11,Khulna DC,Khulna Hub,Khulna,eCourier,Delivered,20.7
SHP102420,2026-02-01,Rajshahi DC,Rangpur Hub,Rangpur,Sundarban Courier,Delivered,44.97
SHP102421,2025-09-16,Chattogram DC,Khulna Hub,Khulna,Sundarban Courier,In Transit,43.01
SHP102422,2025-11-12,Dhaka Hub,Khulna Hub,Khulna,RedX,Delivered,22.13
SHP102423,2026-01-17,Chattogram DC,Mymensingh Hub,Mymensingh,Sundarban Courier,Delivered Late,45.74
SHP102424,2025-09-22,Chattogram DC,Barisal Hub,Barisal,RedX,Delivered,28.95
SHP102425,2025-12-22,Sylhet DC,Sylhet Hub,Sylhet,Pathao Courier,Delivered,20.8
SHP102426,2026-02-10,Rajshahi DC,Rajshahi Hub,Rajshahi,Sundarban Courier,In Transit,31.93
SHP102427,2026-07-26,Sylhet DC,Comilla Hub,Comilla,Steadfast Courier,Delayed,22.43
SHP102428,2025-09-30,Dhaka Hub,Barisal Hub,Barisal,Pathao Courier,Delivered,29.08
SHP102429,2026-03-19,Chattogram DC,Dhaka Hub,Dhaka,Sundarban Courier,Delivered,45.18
SHP102430,2026-07-14,Khulna DC,Comilla Hub,Comilla,RedX,Delivered,33.92
SHP102431,2026-06-06,Chattogram DC,Mymensingh Hub,Mymensingh,Steadfast Courier,Delivered,27.15
SHP102432,2026-07-18,Sylhet DC,Sylhet Hub,Sylhet,RedX,In Transit,13.63
SHP102433,2025-10-29,Khulna DC,Narayanganj Hub,Narayanganj,eCourier,Delivered,34.76
SHP102434,2026-06-05,Chattogram DC,Narayanganj Hub,Narayanganj,Pathao Courier,Delivered,32.89
SHP102435,2026-08-05,Khulna DC,Narayanganj Hub,Narayanganj,Sundarban Courier,Delivered Late,33.19
SHP102436,2025-12-22,Chattogram DC,Khulna Hub,Khulna,Steadfast Courier,In Transit,36.45
SHP102437,2026-02-20,Dhaka Hub,Narayanganj Hub,Narayanganj,Steadfast Courier,Delivered,38.22
SHP102438,2026-03-03,Chattogram DC,Comilla Hub,Comilla,RedX,Delayed,19.83
SHP102439,2026-02-18,Sylhet DC,Comilla Hub,Comilla,Sundarban Courier,Delivered,34.01
SHP102440,2025-12-10,Dhaka Hub,Barisal Hub,Barisal,Sundarban Courier,Delivered,41.24
SHP102441,2026-08-02,Rajshahi DC,Sylhet Hub,Sylhet,Pathao Courier,In Transit,35.78
SHP102442,2026-07-28,Sylhet DC,Sylhet Hub,Sylhet,Steadfast Courier,Delivered,22.0
SHP102443,2026-01-10,Dhaka Hub,Narayanganj Hub,Narayanganj,eCourier,Returned,25.41
SHP102444,2026-06-06,Rajshahi DC,Barisal Hub,Barisal,Sundarban Courier,Delivered,30.78
SHP102445,2026-01-16,Rajshahi DC,Narayanganj Hub,Narayanganj,Pathao Courier,Delayed,24.17
SHP102446,2026-06-03,Dhaka Hub,Barisal Hub,Barisal,Sundarban Courier,Delivered,26.52
SHP102447,2026-03-22,Dhaka Hub,Barisal Hub,Barisal,Pathao Courier,Delivered,26.69
SHP102448,2026-02-10,Chattogram DC,Dhaka Hub,Dhaka,eCourier,In Transit,44.51
SHP102449,2025-10-15,Sylhet DC,Rajshahi Hub,Rajshahi,RedX,In Transit,34.34
SHP102450,2026-04-15,Khulna DC,Barisal Hub,Barisal,Pathao Courier,In Transit,15.16
SHP102451,2025-12-21,Sylhet DC,Chattogram Hub,Chattogram,RedX,Delivered,29.83
SHP102452,2025-11-15,Khulna DC,Chattogram Hub,Chattogram,Steadfast Courier,Delivered,29.55
SHP102453,2025-11-06,Dhaka Hub,Barisal Hub,Barisal,Pathao Courier,Delivered,12.6
SHP102454,2026-08-06,Khulna DC,Sylhet Hub,Sylhet,Sundarban Courier,Delivered,39.15
SHP102455,2025-10-06,Rajshahi DC,Mymensingh Hub,Mymensingh,Sundarban Courier,Delivered,48.63
SHP102456,2026-06-04,Sylhet DC,Rajshahi Hub,Rajshahi,Pathao Courier,Delivered Late,32.78
SHP102457,2026-06-27,Sylhet DC,Rajshahi Hub,Rajshahi,RedX,Delivered,38.34
SHP102458,2025-09-11,Chattogram DC,Chattogram Hub,Chattogram,RedX,Delivered,18.88
SHP102459,2026-03-23,Rajshahi DC,Rajshahi Hub,Rajshahi,Pathao Courier,In Transit,25.61
SHP102460,2026-03-19,Dhaka Hub,Barisal Hub,Barisal,Pathao Courier,Cancelled,28.89
SHP102461,2026-01-03,Chattogram DC,Barisal Hub,Barisal,eCourier,Delivered,23.71
SHP102462,2026-04-19,Dhaka Hub,Sylhet Hub,Sylhet,Sundarban Courier,In Transit,42.67
SHP102463,2026-01-20,Rajshahi DC,Dhaka Hub,Dhaka,RedX,In Transit,35.19
SHP102464,2026-01-31,Sylhet DC,Narayanganj Hub,Narayanganj,RedX,Delivered,30.88
SHP102465,2026-01-28,Rajshahi DC,Narayanganj Hub,Narayanganj,eCourier,Delivered Late,42.23
SHP102466,2026-06-05,Khulna DC,Narayanganj Hub,Narayanganj,eCourier,Delayed,36.36
SHP102467,2026-04-08,Sylhet DC,Sylhet Hub,Sylhet,eCourier,Delivered Late,22.79
SHP102468,2026-01-10,Sylhet DC,Rangpur Hub,Rangpur,RedX,Delivered,33.5
SHP102469,2026-07-18,Chattogram DC,Chattogram Hub,Chattogram,Sundarban Courier,Delivered,32.11
SHP102470,2026-06-05,Sylhet DC,Narayanganj Hub,Narayanganj,Sundarban Courier,Delivered Late,33.92
SHP102471,2026-07-20,Khulna DC,Dhaka Hub,Dhaka,Sundarban Courier,Delivered,44.27
SHP102472,2026-05-11,Rajshahi DC,Rajshahi Hub,Rajshahi,Sundarban Courier,Delivered,32.13
SHP102473,2026-01-14,Sylhet DC,Comilla Hub,Comilla,Pathao Courier,Delivered,15.71
SHP102474,2026-05-26,Rajshahi DC,Mymensingh Hub,Mymensingh,Sundarban Courier,In Transit,47.38
SHP102475,2025-12-23,Rajshahi DC,Comilla Hub,Comilla,Sundarban Courier,Delivered,28.3
SHP102476,2025-12-03,Sylhet DC,Rajshahi Hub,Rajshahi,Pathao Courier,Cancelled,27.09
SHP102477,2026-02-04,Sylhet DC,Dhaka Hub,Dhaka,Pathao Courier,Delivered,34.92
SHP102478,2026-08-02,Dhaka Hub,Dhaka Hub,Dhaka,eCourier,In Transit,32.09
SHP102479,2026-03-16,Chattogram DC,Chattogram Hub,Chattogram,RedX,Delivered,20.58
SHP102480,2026-01-11,Rajshahi DC,Dhaka Hub,Dhaka,eCourier,In Transit,43.61
SHP102481,2026-02-07,Dhaka Hub,Rajshahi Hub,Rajshahi,RedX,In Transit,40.82
SHP102482,2025-12-10,Chattogram DC,Dhaka Hub,Dhaka,eCourier,Delivered,43.27
SHP102483,2026-04-16,Khulna DC,Chattogram Hub,Chattogram,eCourier,Delivered,33.22
SHP102484,2025-12-31,Chattogram DC,Rajshahi Hub,Rajshahi,Pathao Courier,Delayed,40.79
SHP102485,2026-03-11,Rajshahi DC,Mymensingh Hub,Mymensingh,Steadfast Courier,Delivered Late,29.69
SHP102486,2026-01-06,Khulna DC,Rangpur Hub,Rangpur,Pathao Courier,Delivered,37.37
SHP102487,2025-12-20,Dhaka Hub,Dhaka Hub,Dhaka,RedX,Delivered,23.44
SHP102488,2026-08-02,Chattogram DC,Narayanganj Hub,Narayanganj,eCourier,Delayed,36.94
SHP102489,2025-12-29,Khulna DC,Barisal Hub,Barisal,Sundarban Courier,Delivered Late,31.54
SHP102490,2025-09-25,Rajshahi DC,Khulna Hub,Khulna,RedX,Delivered,18.95
SHP102491,2026-01-09,Rajshahi DC,Khulna Hub,Khulna,Sundarban Courier,Delivered,31.08
SHP102492,2026-03-04,Rajshahi DC,Comilla Hub,Comilla,Pathao Courier,Delivered,18.77
SHP102493,2025-10-03,Dhaka Hub,Rajshahi Hub,Rajshahi,Pathao Courier,In Transit,36.74
SHP102494,2025-12-15,Khulna DC,Sylhet Hub,Sylhet,Pathao Courier,In Transit,26.47
SHP102495,2025-10-28,Dhaka Hub,Rajshahi Hub,Rajshahi,Pathao Courier,Delivered,26.1
SHP102496,2026-02-21,Dhaka Hub,Dhaka Hub,Dhaka,RedX,Delivered,24.97
SHP102497,2026-05-09,Khulna DC,Chattogram Hub,Chattogram,RedX,Delivered,23.57
SHP102498,2026-08-02,Sylhet DC,Khulna Hub,Khulna,Sundarban Courier,Delivered,35.47
SHP102499,2026-01-13,Khulna DC,Sylhet Hub,Sylhet,RedX,Delayed,21.07
SHP102500,2026-06-26,Rajshahi DC,Khulna Hub,Khulna,Pathao Courier,Delivered Late,20.6
SHP102501,2025-11-14,Dhaka Hub,Dhaka Hub,Dhaka,Pathao Courier,Delivered,28.5
SHP102502,2026-05-29,Sylhet DC,Rangpur Hub,Rangpur,eCourier,Delivered,51.06
SHP102503,2026-03-14,Rajshahi DC,Chattogram Hub,Chattogram,Steadfast Courier,Delivered,32.78
SHP102504,2026-05-21,Sylhet DC,Sylhet Hub,Sylhet,Sundarban Courier,Delivered Late,22.57
SHP102505,2026-05-20,Sylhet DC,Narayanganj Hub,Narayanganj,Pathao Courier,Delivered,22.77
SHP102506,2026-03-04,Sylhet DC,Dhaka Hub,Dhaka,eCourier,Delivered,44.65
SHP102507,2025-11-29,Rajshahi DC,Sylhet Hub,Sylhet,Steadfast Courier,Cancelled,23.39
SHP102508,2026-03-02,Dhaka Hub,Barisal Hub,Barisal,Sundarban Courier,Delivered,35.51
SHP102509,2026-06-14,Rajshahi DC,Khulna Hub,Khulna,Pathao Courier,In Transit,17.7
SHP102510,2026-08-02,Rajshahi DC,Khulna Hub,Khulna,Pathao Courier,Delivered,29.33
SHP102511,2026-07-18,Rajshahi DC,Chattogram Hub,Chattogram,RedX,Delivered,28.97
SHP102512,2025-11-02,Sylhet DC,Rajshahi Hub,Rajshahi,Steadfast Courier,In Transit,37.94
SHP102513,2026-03-26,Sylhet DC,Mymensingh Hub,Mymensingh,RedX,In Transit,36.71
SHP102514,2025-10-07,Chattogram DC,Barisal Hub,Barisal,Sundarban Courier,Delivered Late,37.67
SHP102515,2026-04-20,Chattogram DC,Narayanganj Hub,Narayanganj,RedX,Delivered,30.54
SHP102516,2026-08-10,Rajshahi DC,Rangpur Hub,Rangpur,eCourier,Delivered,40.22
SHP102517,2025-09-19,Sylhet DC,Mymensingh Hub,Mymensingh,Sundarban Courier,Delivered,40.99
SHP102518,2026-04-16,Khulna DC,Rajshahi Hub,Rajshahi,eCourier,Delivered,42.57
SHP102519,2026-07-25,Dhaka Hub,Rangpur Hub,Rangpur,Sundarban Courier,Delivered,46.68
SHP102520,2026-06-21,Khulna DC,Barisal Hub,Barisal,Sundarban Courier,Delivered,36.5
SHP102521,2026-01-14,Khulna DC,Comilla Hub,Comilla,RedX,Delivered,27.77
SHP102522,2025-10-06,Rajshahi DC,Barisal Hub,Barisal,Sundarban Courier,Delivered,39.05
SHP102523,2026-07-17,Dhaka Hub,Rajshahi Hub,Rajshahi,Steadfast Courier,Delivered,42.22
SHP102524,2026-07-16,Sylhet DC,Dhaka Hub,Dhaka,RedX,Delivered,24.64
SHP102525,2026-03-20,Sylhet DC,Comilla Hub,Comilla,Sundarban Courier,In Transit,36.64
SHP102526,2026-08-05,Sylhet DC,Rajshahi Hub,Rajshahi,Sundarban Courier,Delayed,43.76
SHP102527,2025-09-02,Dhaka Hub,Mymensingh Hub,Mymensingh,RedX,Delivered,27.51
SHP102528,2026-04-02,Sylhet DC,Rangpur Hub,Rangpur,Sundarban Courier,Delivered,41.63
SHP102529,2025-09-14,Chattogram DC,Dhaka Hub,Dhaka,eCourier,In Transit,49.81
SHP102530,2026-07-21,Khulna DC,Rangpur Hub,Rangpur,Sundarban Courier,Delivered,48.09
SHP102531,2026-04-24,Chattogram DC,Rajshahi Hub,Rajshahi,Sundarban Courier,Delivered Late,57.03
SHP102532,2026-07-14,Sylhet DC,Sylhet Hub,Sylhet,RedX,Delivered,9.7
SHP102533,2026-03-14,Khulna DC,Sylhet Hub,Sylhet,Pathao Courier,Delivered,29.48
SHP102534,2025-09-29,Dhaka Hub,Rangpur Hub,Rangpur,RedX,Delivered,33.4
SHP102535,2025-09-10,Khulna DC,Dhaka Hub,Dhaka,RedX,Delivered Late,36.2
SHP102536,2025-12-26,Khulna DC,Rangpur Hub,Rangpur,Sundarban Courier,Delivered,41.7
SHP102537,2026-05-16,Dhaka Hub,Comilla Hub,Comilla,eCourier,Delivered,34.67
SHP102538,2025-10-23,Dhaka Hub,Dhaka Hub,Dhaka,eCourier,Delivered,27.1
SHP102539,2026-06-22,Rajshahi DC,Dhaka Hub,Dhaka,eCourier,Delivered,42.24
SHP102540,2025-11-22,Chattogram DC,Dhaka Hub,Dhaka,Sundarban Courier,Returned,46.95
SHP102541,2026-02-19,Rajshahi DC,Mymensingh Hub,Mymensingh,Sundarban Courier,Delivered,34.32
SHP102542,2025-11-10,Sylhet DC,Comilla Hub,Comilla,eCourier,Delivered,25.05
SHP102543,2026-02-09,Chattogram DC,Narayanganj Hub,Narayanganj,RedX,Delivered,29.68
SHP102544,2026-02-04,Chattogram DC,Dhaka Hub,Dhaka,RedX,Delivered,32.69
SHP102545,2025-09-02,Khulna DC,Rajshahi Hub,Rajshahi,RedX,In Transit,28.02
SHP102546,2026-03-16,Dhaka Hub,Dhaka Hub,Dhaka,eCourier,In Transit,37.5
SHP102547,2026-05-31,Sylhet DC,Khulna Hub,Khulna,Pathao Courier,Delivered,33.0
SHP102548,2026-07-21,Chattogram DC,Khulna Hub,Khulna,RedX,Delivered,20.18
SHP102549,2025-12-24,Dhaka Hub,Rangpur Hub,Rangpur,Pathao Courier,Delivered,44.1
SHP102550,2026-07-02,Chattogram DC,Narayanganj Hub,Narayanganj,Sundarban Courier,Delivered,49.27
SHP102551,2026-07-02,Sylhet DC,Comilla Hub,Comilla,RedX,Delivered,22.58
SHP102552,2026-08-08,Khulna DC,Dhaka Hub,Dhaka,Sundarban Courier,Delivered,54.56
SHP102553,2026-01-08,Dhaka Hub,Sylhet Hub,Sylhet,Sundarban Courier,Delivered,38.55
SHP102554,2026-06-22,Rajshahi DC,Sylhet Hub,Sylhet,Steadfast Courier,Delivered,26.7
SHP102555,2026-03-15,Rajshahi DC,Sylhet Hub,Sylhet,eCourier,Delivered,36.85
SHP102556,2025-09-21,Khulna DC,Khulna Hub,Khulna,RedX,Delivered Late,15.98
SHP102557,2025-12-03,Rajshahi DC,Rangpur Hub,Rangpur,Steadfast Courier,Delivered,43.11
SHP102558,2026-04-21,Sylhet DC,Mymensingh Hub,Mymensingh,Sundarban Courier,Delivered Late,37.0
SHP102559,2025-10-26,Rajshahi DC,Narayanganj Hub,Narayanganj,eCourier,Delivered,35.29
SHP102560,2026-01-29,Khulna DC,Mymensingh Hub,Mymensingh,Pathao Courier,Delivered,32.09
SHP102561,2026-05-27,Sylhet DC,Sylhet Hub,Sylhet,Sundarban Courier,Delivered,20.04
SHP102562,2025-10-22,Dhaka Hub,Chattogram Hub,Chattogram,Sundarban Courier,Delivered,34.39
SHP102563,2026-02-19,Sylhet DC,Khulna Hub,Khulna,Pathao Courier,Delivered,16.88
SHP102564,2025-11-14,Rajshahi DC,Mymensingh Hub,Mymensingh,RedX,Delivered,22.76
SHP102565,2026-03-05,Rajshahi DC,Narayanganj Hub,Narayanganj,Pathao Courier,Delivered,16.28
SHP102566,2025-11-23,Sylhet DC,Khulna Hub,Khulna,RedX,Delivered,21.63
SHP102567,2026-08-01,Chattogram DC,Chattogram Hub,Chattogram,Pathao Courier,Delivered,23.09
SHP102568,2025-09-27,Khulna DC,Dhaka Hub,Dhaka,Pathao Courier,Delivered,43.12
SHP102569,2026-07-31,Dhaka Hub,Dhaka Hub,Dhaka,Steadfast Courier,Delivered,34.25
SHP102570,2026-06-01,Dhaka Hub,Rangpur Hub,Rangpur,RedX,Delivered,29.69
SHP102571,2026-06-24,Sylhet DC,Barisal Hub,Barisal,Steadfast Courier,Returned,29.87
SHP102572,2026-06-22,Rajshahi DC,Rangpur Hub,Rangpur,Sundarban Courier,In Transit,51.65
SHP102573,2025-11-04,Chattogram DC,Dhaka Hub,Dhaka,Pathao Courier,Cancelled,41.76
SHP102574,2026-07-20,Sylhet DC,Rajshahi Hub,Rajshahi,RedX,Cancelled,35.36
SHP102575,2026-03-25,Chattogram DC,Chattogram Hub,Chattogram,RedX,Delivered,28.43
SHP102576,2026-07-30,Sylhet DC,Khulna Hub,Khulna,Pathao Courier,Delivered,22.32
SHP102577,2026-07-01,Dhaka Hub,Rangpur Hub,Rangpur,Steadfast Courier,Delivered,40.72
SHP102578,2026-03-20,Sylhet DC,Sylhet Hub,Sylhet,RedX,Delivered,14.08
SHP102579,2026-01-08,Sylhet DC,Rangpur Hub,Rangpur,eCourier,In Transit,34.09
SHP102580,2025-10-11,Chattogram DC,Sylhet Hub,Sylhet,Sundarban Courier,In Transit,34.05
SHP102581,2025-10-05,Chattogram DC,Barisal Hub,Barisal,RedX,Delivered,29.54
SHP102582,2026-01-13,Khulna DC,Rajshahi Hub,Rajshahi,Pathao Courier,In Transit,44.98
SHP102583,2026-06-08,Dhaka Hub,Khulna Hub,Khulna,Steadfast Courier,Delivered Late,30.39
SHP102584,2026-02-22,Dhaka Hub,Chattogram Hub,Chattogram,Sundarban Courier,Delivered,25.63
SHP102585,2026-02-14,Dhaka Hub,Barisal Hub,Barisal,Pathao Courier,Delivered,27.5
SHP102586,2025-11-24,Rajshahi DC,Narayanganj Hub,Narayanganj,Pathao Courier,Cancelled,24.6
SHP102587,2026-03-15,Chattogram DC,Rangpur Hub,Rangpur,RedX,Delivered,36.56
SHP102588,2026-04-09,Dhaka Hub,Mymensingh Hub,Mymensingh,Steadfast Courier,Delivered,35.09
SHP102589,2026-08-06,Rajshahi DC,Comilla Hub,Comilla,Steadfast Courier,Delivered,25.04
SHP102590,2026-05-11,Dhaka Hub,Dhaka Hub,Dhaka,eCourier,In Transit,33.73
SHP102591,2026-03-30,Chattogram DC,Mymensingh Hub,Mymensingh,Steadfast Courier,In Transit,32.67
SHP102592,2026-07-12,Dhaka Hub,Sylhet Hub,Sylhet,eCourier,Delivered,28.67
SHP102593,2026-01-26,Khulna DC,Rangpur Hub,Rangpur,Sundarban Courier,Returned,43.1
SHP102594,2026-07-21,Khulna DC,Narayanganj Hub,Narayanganj,RedX,Delivered,23.09
SHP102595,2026-01-07,Khulna DC,Comilla Hub,Comilla,Pathao Courier,Delayed,23.88
SHP102596,2025-10-15,Chattogram DC,Rajshahi Hub,Rajshahi,Pathao Courier,Delivered,31.3
SHP102597,2026-01-23,Chattogram DC,Comilla Hub,Comilla,Sundarban Courier,Delivered Late,35.16
SHP102598,2025-10-15,Rajshahi DC,Rangpur Hub,Rangpur,Pathao Courier,Delayed,32.96
SHP102599,2025-10-11,Rajshahi DC,Chattogram Hub,Chattogram,Steadfast Courier,In Transit,31.49
SHP102600,2026-07-02,Dhaka Hub,Sylhet Hub,Sylhet,Steadfast Courier,Delivered,28.44
SHP102601,2026-06-02,Khulna DC,Narayanganj Hub,Narayanganj,Sundarban Courier,In Transit,36.44
SHP102602,2025-11-16,Rajshahi DC,Narayanganj Hub,Narayanganj,eCourier,Delivered,39.65
SHP102603,2026-06-17,Sylhet DC,Comilla Hub,Comilla,Sundarban Courier,Delivered,44.55
SHP102604,2025-09-24,Khulna DC,Khulna Hub,Khulna,Pathao Courier,Delivered,15.91
SHP102605,2025-12-08,Dhaka Hub,Khulna Hub,Khulna,Sundarban Courier,Delivered,34.0
SHP102606,2026-05-03,Dhaka Hub,Comilla Hub,Comilla,Pathao Courier,Delivered,23.4
SHP102607,2025-12-15,Dhaka Hub,Dhaka Hub,Dhaka,Sundarban Courier,Delivered,39.83
SHP102608,2026-05-11,Dhaka Hub,Comilla Hub,Comilla,Pathao Courier,Delivered,29.54
SHP102609,2026-06-30,Rajshahi DC,Rangpur Hub,Rangpur,Pathao Courier,Delivered,34.99
SHP102610,2025-09-23,Khulna DC,Rangpur Hub,Rangpur,Pathao Courier,Delivered Late,23.36
SHP102611,2025-09-09,Khulna DC,Rajshahi Hub,Rajshahi,Steadfast Courier,Delivered,41.11
SHP102612,2026-07-23,Chattogram DC,Narayanganj Hub,Narayanganj,Pathao Courier,Delivered,25.64
SHP102613,2026-02-28,Rajshahi DC,Mymensingh Hub,Mymensingh,Sundarban Courier,Delivered,35.33
SHP102614,2026-02-23,Dhaka Hub,Dhaka Hub,Dhaka,RedX,Delivered,22.13
SHP102615,2026-02-08,Rajshahi DC,Barisal Hub,Barisal,Sundarban Courier,Delivered,30.74
SHP102616,2026-01-29,Dhaka Hub,Comilla Hub,Comilla,RedX,Delivered,22.71
SHP102617,2026-04-27,Dhaka Hub,Dhaka Hub,Dhaka,Pathao Courier,In Transit,25.35
SHP102618,2026-03-20,Dhaka Hub,Mymensingh Hub,Mymensingh,RedX,Delayed,24.04
SHP102619,2025-10-27,Khulna DC,Sylhet Hub,Sylhet,RedX,Delivered,19.91
SHP102620,2026-04-05,Chattogram DC,Barisal Hub,Barisal,RedX,Delivered,22.44
SHP102621,2026-04-20,Sylhet DC,Comilla Hub,Comilla,RedX,Delivered,19.27
SHP102622,2025-10-10,Sylhet DC,Rajshahi Hub,Rajshahi,Sundarban Courier,Delivered,47.17
SHP102623,2026-01-09,Khulna DC,Dhaka Hub,Dhaka,Sundarban Courier,Delivered,43.64
SHP102624,2026-06-01,Chattogram DC,Dhaka Hub,Dhaka,Pathao Courier,Delivered,31.97
SHP102625,2026-04-03,Dhaka Hub,Mymensingh Hub,Mymensingh,RedX,Delivered,37.13
SHP102626,2025-10-18,Chattogram DC,Narayanganj Hub,Narayanganj,Pathao Courier,Delivered,33.14
SHP102627,2025-09-14,Chattogram DC,Sylhet Hub,Sylhet,Sundarban Courier,In Transit,37.91
SHP102628,2026-03-21,Khulna DC,Narayanganj Hub,Narayanganj,RedX,Delivered,25.42
SHP102629,2026-02-07,Khulna DC,Rajshahi Hub,Rajshahi,Pathao Courier,Delivered,38.13
SHP102630,2026-07-30,Dhaka Hub,Dhaka Hub,Dhaka,Pathao Courier,Delayed,22.09
SHP102631,2026-02-28,Khulna DC,Barisal Hub,Barisal,RedX,Delivered,28.42
SHP102632,2026-07-20,Dhaka Hub,Narayanganj Hub,Narayanganj,Sundarban Courier,Delivered,32.61
SHP102633,2025-11-14,Khulna DC,Sylhet Hub,Sylhet,eCourier,Delivered,27.79
SHP102634,2026-02-02,Chattogram DC,Narayanganj Hub,Narayanganj,Steadfast Courier,Delivered Late,24.3
SHP102635,2025-10-19,Chattogram DC,Rangpur Hub,Rangpur,Steadfast Courier,Delivered,46.79
SHP102636,2026-03-18,Sylhet DC,Khulna Hub,Khulna,Sundarban Courier,Delivered,33.46
SHP102637,2025-11-05,Chattogram DC,Rangpur Hub,Rangpur,Pathao Courier,Delivered,38.07
SHP102638,2026-02-18,Khulna DC,Rajshahi Hub,Rajshahi,RedX,Delivered,27.13
SHP102639,2025-12-29,Rajshahi DC,Dhaka Hub,Dhaka,RedX,Delivered,40.68
SHP102640,2025-11-04,Rajshahi DC,Comilla Hub,Comilla,RedX,Delivered,27.79
SHP102641,2025-10-04,Sylhet DC,Khulna Hub,Khulna,Sundarban Courier,Delivered,37.67
SHP102642,2026-02-25,Sylhet DC,Barisal Hub,Barisal,Pathao Courier,Delivered,20.69
SHP102643,2026-07-25,Sylhet DC,Mymensingh Hub,Mymensingh,Pathao Courier,Delivered Late,26.61
SHP102644,2025-11-08,Khulna DC,Dhaka Hub,Dhaka,Pathao Courier,Delivered,31.21
SHP102645,2026-01-19,Sylhet DC,Mymensingh Hub,Mymensingh,Pathao Courier,Delivered,33.6
SHP102646,2025-11-17,Sylhet DC,Khulna Hub,Khulna,Steadfast Courier,Delivered,31.07
SHP102647,2026-06-07,Sylhet DC,Barisal Hub,Barisal,Pathao Courier,Delivered,23.89
SHP102648,2026-01-22,Chattogram DC,Rajshahi Hub,Rajshahi,RedX,Delivered,35.84
SHP102649,2026-08-04,Sylhet DC,Mymensingh Hub,Mymensingh,Steadfast Courier,Delivered,31.65
SHP102650,2025-11-24,Khulna DC,Chattogram Hub,Chattogram,Sundarban Courier,Delivered Late,32.26
SHP102651,2025-09-28,Sylhet DC,Chattogram Hub,Chattogram,RedX,Delivered,23.21
SHP102652,2026-03-21,Rajshahi DC,Rajshahi Hub,Rajshahi,RedX,Delivered,23.32
SHP102653,2026-04-14,Rajshahi DC,Chattogram Hub,Chattogram,Sundarban Courier,In Transit,45.93
SHP102654,2026-08-09,Sylhet DC,Sylhet Hub,Sylhet,Sundarban Courier,Delivered,29.55
SHP102655,2026-06-29,Rajshahi DC,Rangpur Hub,Rangpur,eCourier,Delivered,34.96
SHP102656,2026-07-03,Dhaka Hub,Comilla Hub,Comilla,eCourier,In Transit,27.26
SHP102657,2026-04-08,Rajshahi DC,Rangpur Hub,Rangpur,eCourier,Delivered,42.79
SHP102658,2026-01-03,Chattogram DC,Khulna Hub,Khulna,Steadfast Courier,Delivered,32.41
SHP102659,2026-01-27,Sylhet DC,Comilla Hub,Comilla,Sundarban Courier,Delivered,38.1
SHP102660,2025-10-17,Chattogram DC,Rajshahi Hub,Rajshahi,eCourier,Delivered,37.64
SHP102661,2026-01-28,Sylhet DC,Chattogram Hub,Chattogram,RedX,Delivered,25.83
SHP102662,2026-01-05,Chattogram DC,Mymensingh Hub,Mymensingh,RedX,In Transit,28.55
SHP102663,2025-09-13,Khulna DC,Barisal Hub,Barisal,eCourier,Delivered Late,33.92
SHP102664,2025-11-10,Dhaka Hub,Khulna Hub,Khulna,eCourier,Delivered,33.46
SHP102665,2026-03-04,Rajshahi DC,Rangpur Hub,Rangpur,Steadfast Courier,Delivered Late,40.46
SHP102666,2026-01-06,Rajshahi DC,Mymensingh Hub,Mymensingh,Sundarban Courier,In Transit,46.28
SHP102667,2026-08-10,Sylhet DC,Sylhet Hub,Sylhet,RedX,Delivered,18.2
SHP102668,2026-02-13,Sylhet DC,Chattogram Hub,Chattogram,Sundarban Courier,Delivered,36.39
SHP102669,2026-07-29,Khulna DC,Barisal Hub,Barisal,RedX,Delivered,20.31
SHP102670,2026-04-17,Dhaka Hub,Dhaka Hub,Dhaka,eCourier,Delivered,24.45
SHP102671,2025-09-14,Khulna DC,Rangpur Hub,Rangpur,eCourier,Delivered Late,38.31
SHP102672,2025-11-10,Chattogram DC,Rajshahi Hub,Rajshahi,Sundarban Courier,In Transit,53.91
SHP102673,2026-05-03,Khulna DC,Sylhet Hub,Sylhet,RedX,In Transit,26.76
SHP102674,2026-03-08,Chattogram DC,Barisal Hub,Barisal,Sundarban Courier,Delivered,32.13
SHP102675,2025-12-14,Khulna DC,Khulna Hub,Khulna,Pathao Courier,Delivered,17.69
SHP102676,2026-02-28,Khulna DC,Khulna Hub,Khulna,Pathao Courier,Delivered,18.85
SHP102677,2026-07-10,Chattogram DC,Sylhet Hub,Sylhet,Steadfast Courier,Delivered,22.09
SHP102678,2026-01-13,Khulna DC,Rangpur Hub,Rangpur,Sundarban Courier,Delivered,45.62
SHP102679,2025-09-16,Sylhet DC,Narayanganj Hub,Narayanganj,Steadfast Courier,Delivered,37.36
SHP102680,2025-12-17,Chattogram DC,Rangpur Hub,Rangpur,Pathao Courier,Delivered,35.21
SHP102681,2026-07-21,Sylhet DC,Sylhet Hub,Sylhet,eCourier,Delivered,22.57
SHP102682,2026-05-22,Rajshahi DC,Comilla Hub,Comilla,RedX,Delivered,18.99
SHP102683,2026-06-17,Dhaka Hub,Chattogram Hub,Chattogram,RedX,Delivered,33.1
SHP102684,2026-07-13,Rajshahi DC,Sylhet Hub,Sylhet,RedX,Delivered Late,27.95
SHP102685,2025-10-11,Rajshahi DC,Dhaka Hub,Dhaka,eCourier,Delivered,49.78
SHP102686,2025-12-07,Sylhet DC,Comilla Hub,Comilla,Steadfast Courier,Delivered,24.24
SHP102687,2025-09-21,Khulna DC,Dhaka Hub,Dhaka,RedX,Delivered,36.65
SHP102688,2025-09-02,Chattogram DC,Barisal Hub,Barisal,Pathao Courier,Delivered,27.82
SHP102689,2026-06-16,Dhaka Hub,Chattogram Hub,Chattogram,Pathao Courier,Delivered,32.55
SHP102690,2026-07-22,Sylhet DC,Sylhet Hub,Sylhet,eCourier,In Transit,29.19
SHP102691,2025-10-24,Rajshahi DC,Rangpur Hub,Rangpur,Sundarban Courier,Delivered,47.26
SHP102692,2026-05-08,Chattogram DC,Comilla Hub,Comilla,RedX,Delivered,23.79
SHP102693,2026-03-05,Khulna DC,Dhaka Hub,Dhaka,RedX,Delivered,30.11
SHP102694,2025-09-24,Khulna DC,Chattogram Hub,Chattogram,Sundarban Courier,Delivered,29.52
SHP102695,2026-07-14,Khulna DC,Sylhet Hub,Sylhet,eCourier,Delayed,36.43
SHP102696,2026-06-29,Chattogram DC,Narayanganj Hub,Narayanganj,eCourier,Delivered,27.71
SHP102697,2026-03-16,Chattogram DC,Dhaka Hub,Dhaka,eCourier,Delivered,38.56
SHP102698,2026-05-03,Sylhet DC,Chattogram Hub,Chattogram,eCourier,Delivered,28.09
SHP102699,2026-01-16,Rajshahi DC,Rajshahi Hub,Rajshahi,Steadfast Courier,Delivered,28.79
SHP102700,2026-06-02,Rajshahi DC,Khulna Hub,Khulna,RedX,Delivered,25.55
SHP102701,2026-02-01,Sylhet DC,Dhaka Hub,Dhaka,Steadfast Courier,Delivered,30.97
SHP102702,2026-08-09,Rajshahi DC,Barisal Hub,Barisal,Pathao Courier,In Transit,26.91
SHP102703,2025-09-22,Sylhet DC,Rangpur Hub,Rangpur,RedX,Delivered Late,28.81
SHP102704,2025-10-30,Chattogram DC,Chattogram Hub,Chattogram,eCourier,Delivered,25.77
SHP102705,2026-08-02,Dhaka Hub,Rangpur Hub,Rangpur,Sundarban Courier,Delivered Late,52.86
SHP102706,2025-12-09,Khulna DC,Dhaka Hub,Dhaka,Sundarban Courier,Delivered,57.07
SHP102707,2025-12-17,Khulna DC,Mymensingh Hub,Mymensingh,RedX,Delivered,21.22
SHP102708,2026-06-01,Rajshahi DC,Sylhet Hub,Sylhet,Sundarban Courier,Delivered,30.96
SHP102709,2025-11-05,Khulna DC,Sylhet Hub,Sylhet,Steadfast Courier,Delivered,27.74
SHP102710,2026-02-25,Dhaka Hub,Chattogram Hub,Chattogram,Sundarban Courier,Delivered,40.98
SHP102711,2025-12-08,Sylhet DC,Comilla Hub,Comilla,Pathao Courier,Delayed,29.16
SHP102712,2025-11-08,Khulna DC,Barisal Hub,Barisal,RedX,Delivered,27.89
SHP102713,2026-07-31,Sylhet DC,Rangpur Hub,Rangpur,Sundarban Courier,Delivered,46.08
SHP102714,2025-11-09,Sylhet DC,Sylhet Hub,Sylhet,Pathao Courier,Delivered,21.72
SHP102715,2025-10-03,Rajshahi DC,Dhaka Hub,Dhaka,RedX,Delivered,35.6
SHP102716,2026-04-22,Khulna DC,Dhaka Hub,Dhaka,RedX,Delivered,45.24
SHP102717,2026-06-28,Khulna DC,Rajshahi Hub,Rajshahi,Pathao Courier,Delivered,30.08
SHP102718,2025-10-15,Sylhet DC,Khulna Hub,Khulna,RedX,Delivered,30.2
SHP102719,2026-05-03,Chattogram DC,Mymensingh Hub,Mymensingh,RedX,Delivered,27.27
SHP102720,2026-03-07,Sylhet DC,Mymensingh Hub,Mymensingh,eCourier,Delivered,44.32
SHP102721,2026-06-15,Rajshahi DC,Khulna Hub,Khulna,Sundarban Courier,Delivered,33.9
SHP102722,2025-10-14,Khulna DC,Rajshahi Hub,Rajshahi,Pathao Courier,Delayed,40.89
SHP102723,2026-08-04,Khulna DC,Khulna Hub,Khulna,Steadfast Courier,Delivered,19.71
SHP102724,2026-04-03,Dhaka Hub,Rangpur Hub,Rangpur,RedX,Delivered Late,33.62
SHP102725,2026-06-19,Rajshahi DC,Rangpur Hub,Rangpur,Pathao Courier,Delivered,37.94
SHP102726,2026-01-04,Chattogram DC,Rangpur Hub,Rangpur,eCourier,Delivered,35.14
SHP102727,2026-07-24,Rajshahi DC,Dhaka Hub,Dhaka,Pathao Courier,Delivered,34.57
SHP102728,2026-04-05,Sylhet DC,Khulna Hub,Khulna,eCourier,Delivered,12.45
SHP102729,2025-10-14,Rajshahi DC,Narayanganj Hub,Narayanganj,eCourier,Delayed,34.9
SHP102730,2026-07-17,Rajshahi DC,Khulna Hub,Khulna,Steadfast Courier,Delivered,25.85
SHP102731,2026-06-03,Khulna DC,Chattogram Hub,Chattogram,Steadfast Courier,Delivered,39.21
SHP102732,2025-12-13,Rajshahi DC,Chattogram Hub,Chattogram,Pathao Courier,Delivered,31.43
SHP102733,2026-03-08,Khulna DC,Dhaka Hub,Dhaka,eCourier,Delayed,40.9
SHP102734,2026-01-13,Rajshahi DC,Mymensingh Hub,Mymensingh,Sundarban Courier,Delivered,44.37
SHP102735,2026-03-08,Dhaka Hub,Dhaka Hub,Dhaka,RedX,Cancelled,28.91
SHP102736,2026-08-01,Dhaka Hub,Barisal Hub,Barisal,RedX,Delivered,32.07
SHP102737,2026-07-09,Sylhet DC,Khulna Hub,Khulna,Pathao Courier,Delivered,29.41
SHP102738,2025-11-14,Rajshahi DC,Dhaka Hub,Dhaka,Pathao Courier,In Transit,31.1
SHP102739,2026-08-03,Khulna DC,Comilla Hub,Comilla,Pathao Courier,Delivered Late,38.78
SHP102740,2026-01-30,Sylhet DC,Mymensingh Hub,Mymensingh,Pathao Courier,Delivered,29.4
SHP102741,2026-05-02,Sylhet DC,Comilla Hub,Comilla,Pathao Courier,Delivered Late,23.55
SHP102742,2026-05-23,Khulna DC,Narayanganj Hub,Narayanganj,Steadfast Courier,Delivered,42.54
SHP102743,2026-02-15,Rajshahi DC,Narayanganj Hub,Narayanganj,RedX,Delayed,31.65
SHP102744,2026-02-06,Rajshahi DC,Mymensingh Hub,Mymensingh,eCourier,In Transit,41.95
SHP102745,2026-02-05,Dhaka Hub,Barisal Hub,Barisal,eCourier,Delivered,21.75
SHP102746,2026-06-26,Sylhet DC,Rangpur Hub,Rangpur,eCourier,Delivered,46.93
SHP102747,2026-01-12,Chattogram DC,Rajshahi Hub,Rajshahi,Sundarban Courier,Delivered,45.97
SHP102748,2025-12-06,Khulna DC,Chattogram Hub,Chattogram,Steadfast Courier,Delivered,36.72
SHP102749,2026-01-04,Sylhet DC,Khulna Hub,Khulna,eCourier,Delivered,45.82
SHP102750,2025-11-07,Rajshahi DC,Rajshahi Hub,Rajshahi,eCourier,Delivered,26.39
SHP102751,2026-01-14,Sylhet DC,Dhaka Hub,Dhaka,Steadfast Courier,In Transit,48.5
SHP102752,2025-10-10,Khulna DC,Comilla Hub,Comilla,RedX,Delivered,20.23
SHP102753,2025-10-02,Dhaka Hub,Narayanganj Hub,Narayanganj,RedX,Delivered,28.25
SHP102754,2026-05-09,Rajshahi DC,Rajshahi Hub,Rajshahi,Steadfast Courier,Cancelled,23.95
SHP102755,2025-09-27,Dhaka Hub,Rajshahi Hub,Rajshahi,Sundarban Courier,In Transit,52.19
SHP102756,2026-03-16,Chattogram DC,Comilla Hub,Comilla,eCourier,Delivered,28.83
SHP102757,2026-05-28,Rajshahi DC,Rajshahi Hub,Rajshahi,Pathao Courier,Delivered,25.85
SHP102758,2026-05-09,Rajshahi DC,Rangpur Hub,Rangpur,Pathao Courier,Delivered,29.53
SHP102759,2026-02-02,Sylhet DC,Barisal Hub,Barisal,RedX,Delivered,28.19
SHP102760,2025-11-06,Sylhet DC,Sylhet Hub,Sylhet,Pathao Courier,Delivered,20.75
SHP102761,2026-07-20,Dhaka Hub,Mymensingh Hub,Mymensingh,Steadfast Courier,Delivered,31.69
SHP102762,2026-06-16,Rajshahi DC,Chattogram Hub,Chattogram,Pathao Courier,Delivered,23.84
SHP102763,2026-03-31,Dhaka Hub,Sylhet Hub,Sylhet,eCourier,Delivered,20.67
SHP102764,2025-10-01,Dhaka Hub,Rangpur Hub,Rangpur,Pathao Courier,Delayed,26.77
SHP102765,2025-09-13,Sylhet DC,Mymensingh Hub,Mymensingh,Steadfast Courier,In Transit,32.82
SHP102766,2025-12-19,Dhaka Hub,Narayanganj Hub,Narayanganj,Sundarban Courier,Delivered,30.37
SHP102767,2025-10-25,Dhaka Hub,Mymensingh Hub,Mymensingh,Pathao Courier,Delivered,38.38
SHP102768,2026-06-25,Khulna DC,Dhaka Hub,Dhaka,Pathao Courier,Delivered,38.49
SHP102769,2025-11-11,Khulna DC,Comilla Hub,Comilla,RedX,Delivered,15.81
SHP102770,2025-12-07,Chattogram DC,Rajshahi Hub,Rajshahi,Steadfast Courier,In Transit,31.52
SHP102771,2026-08-04,Khulna DC,Dhaka Hub,Dhaka,Steadfast Courier,Delivered,32.83
SHP102772,2026-06-11,Khulna DC,Barisal Hub,Barisal,Sundarban Courier,Delivered,27.01
SHP102773,2025-11-15,Chattogram DC,Chattogram Hub,Chattogram,Sundarban Courier,Delivered,26.24
SHP102774,2026-01-11,Khulna DC,Rajshahi Hub,Rajshahi,Pathao Courier,Delivered,30.45
SHP102775,2026-02-26,Sylhet DC,Rajshahi Hub,Rajshahi,RedX,Delivered,41.49
SHP102776,2026-04-18,Rajshahi DC,Dhaka Hub,Dhaka,RedX,Delivered,32.89
SHP102777,2026-07-21,Dhaka Hub,Comilla Hub,Comilla,Pathao Courier,Delivered,19.95
SHP102778,2026-06-29,Chattogram DC,Barisal Hub,Barisal,RedX,Delivered,31.82
SHP102779,2026-08-05,Chattogram DC,Narayanganj Hub,Narayanganj,Steadfast Courier,In Transit,24.9
SHP102780,2025-09-15,Chattogram DC,Rajshahi Hub,Rajshahi,Pathao Courier,Delivered,28.76
SHP102781,2025-11-21,Rajshahi DC,Barisal Hub,Barisal,Pathao Courier,Delivered,32.94
SHP102782,2026-03-14,Khulna DC,Comilla Hub,Comilla,Pathao Courier,Delivered,17.8
SHP102783,2025-09-17,Sylhet DC,Sylhet Hub,Sylhet,Pathao Courier,Delayed,21.85
SHP102784,2026-01-01,Sylhet DC,Narayanganj Hub,Narayanganj,Pathao Courier,Delivered,32.8
SHP102785,2025-10-24,Rajshahi DC,Chattogram Hub,Chattogram,RedX,Delivered,28.28
SHP102786,2026-07-20,Sylhet DC,Narayanganj Hub,Narayanganj,Pathao Courier,Delivered,35.52
SHP102787,2025-09-22,Chattogram DC,Rangpur Hub,Rangpur,eCourier,Delivered,43.4
SHP102788,2025-10-22,Dhaka Hub,Barisal Hub,Barisal,Steadfast Courier,In Transit,26.21
SHP102789,2025-11-07,Chattogram DC,Sylhet Hub,Sylhet,Steadfast Courier,Delivered Late,21.26
SHP102790,2025-10-22,Khulna DC,Barisal Hub,Barisal,RedX,Delivered,28.73
SHP102791,2026-03-16,Sylhet DC,Barisal Hub,Barisal,Pathao Courier,In Transit,21.82
SHP102792,2026-01-05,Sylhet DC,Narayanganj Hub,Narayanganj,Pathao Courier,Delivered,31.11
SHP102793,2026-07-13,Sylhet DC,Comilla Hub,Comilla,Pathao Courier,Delivered,23.26
SHP102794,2025-11-30,Rajshahi DC,Rajshahi Hub,Rajshahi,Steadfast Courier,Delivered,29.39
SHP102795,2026-03-05,Rajshahi DC,Khulna Hub,Khulna,Steadfast Courier,Delivered,23.64
SHP102796,2026-04-17,Dhaka Hub,Khulna Hub,Khulna,Sundarban Courier,In Transit,35.41
SHP102797,2026-04-05,Dhaka Hub,Khulna Hub,Khulna,Sundarban Courier,Delivered,29.86
SHP102798,2026-06-03,Chattogram DC,Dhaka Hub,Dhaka,RedX,Delivered,27.56
SHP102799,2025-11-09,Rajshahi DC,Dhaka Hub,Dhaka,Sundarban Courier,Delayed,52.89
SHP102800,2026-02-23,Sylhet DC,Mymensingh Hub,Mymensingh,Steadfast Courier,Delivered,40.91
SHP102801,2026-06-05,Rajshahi DC,Sylhet Hub,Sylhet,Pathao Courier,Delivered,21.07
SHP102802,2026-06-26,Khulna DC,Rajshahi Hub,Rajshahi,Sundarban Courier,Delivered,40.4
SHP102803,2026-04-02,Sylhet DC,Rangpur Hub,Rangpur,Sundarban Courier,Delivered,49.99
SHP102804,2026-04-14,Chattogram DC,Rangpur Hub,Rangpur,Pathao Courier,Delivered Late,27.57
SHP102805,2026-06-26,Chattogram DC,Khulna Hub,Khulna,Sundarban Courier,Delivered,39.84
SHP102806,2026-04-05,Dhaka Hub,Mymensingh Hub,Mymensingh,eCourier,Delivered,29.12
SHP102807,2026-07-26,Sylhet DC,Chattogram Hub,Chattogram,Pathao Courier,Delivered,26.68
SHP102808,2025-10-15,Chattogram DC,Rajshahi Hub,Rajshahi,RedX,Delivered,22.87
SHP102809,2025-12-30,Chattogram DC,Chattogram Hub,Chattogram,Sundarban Courier,Delivered,28.74
SHP102810,2025-10-09,Dhaka Hub,Barisal Hub,Barisal,Pathao Courier,Delivered,30.22
SHP102811,2025-10-02,Khulna DC,Dhaka Hub,Dhaka,Pathao Courier,Delivered,37.18
SHP102812,2026-02-11,Rajshahi DC,Narayanganj Hub,Narayanganj,Pathao Courier,Delivered,36.42
SHP102813,2025-11-18,Sylhet DC,Rangpur Hub,Rangpur,Pathao Courier,Delivered,36.05
SHP102814,2026-01-19,Sylhet DC,Sylhet Hub,Sylhet,Sundarban Courier,Delayed,26.68
SHP102815,2026-01-30,Rajshahi DC,Rangpur Hub,Rangpur,eCourier,In Transit,46.68
SHP102816,2026-04-03,Sylhet DC,Khulna Hub,Khulna,eCourier,Delivered,26.21
SHP102817,2026-07-25,Khulna DC,Barisal Hub,Barisal,Steadfast Courier,In Transit,34.24
SHP102818,2026-06-21,Sylhet DC,Chattogram Hub,Chattogram,Sundarban Courier,Delivered,37.56
SHP102819,2026-01-09,Sylhet DC,Barisal Hub,Barisal,eCourier,Returned,37.82
SHP102820,2025-12-22,Sylhet DC,Chattogram Hub,Chattogram,RedX,Cancelled,27.64
SHP102821,2026-05-25,Khulna DC,Chattogram Hub,Chattogram,Pathao Courier,Delivered,23.32
SHP102822,2025-10-13,Khulna DC,Barisal Hub,Barisal,Sundarban Courier,Delivered,30.22
SHP102823,2026-03-07,Sylhet DC,Barisal Hub,Barisal,RedX,Delivered,18.91
SHP102824,2026-01-25,Dhaka Hub,Sylhet Hub,Sylhet,eCourier,Delivered,38.07
SHP102825,2025-11-03,Rajshahi DC,Dhaka Hub,Dhaka,Sundarban Courier,Delivered,57.7
SHP102826,2026-04-02,Rajshahi DC,Rajshahi Hub,Rajshahi,Pathao Courier,Delivered,22.24
SHP102827,2025-12-20,Dhaka Hub,Narayanganj Hub,Narayanganj,Steadfast Courier,Delivered,29.93
SHP102828,2025-11-04,Chattogram DC,Mymensingh Hub,Mymensingh,Pathao Courier,In Transit,33.35
SHP102829,2026-04-15,Rajshahi DC,Dhaka Hub,Dhaka,Steadfast Courier,Cancelled,42.88
SHP102830,2025-10-31,Chattogram DC,Narayanganj Hub,Narayanganj,eCourier,Delivered,30.51
SHP102831,2026-04-21,Rajshahi DC,Rajshahi Hub,Rajshahi,eCourier,Delivered,26.77
SHP102832,2025-10-27,Khulna DC,Barisal Hub,Barisal,eCourier,In Transit,31.59
SHP102833,2026-01-29,Rajshahi DC,Dhaka Hub,Dhaka,Pathao Courier,Delivered,32.27
SHP102834,2026-06-07,Dhaka Hub,Khulna Hub,Khulna,RedX,Delayed,20.55
SHP102835,2025-11-19,Sylhet DC,Mymensingh Hub,Mymensingh,eCourier,Delivered,40.32
SHP102836,2026-05-24,Sylhet DC,Khulna Hub,Khulna,eCourier,Delivered,34.31
SHP102837,2026-05-08,Rajshahi DC,Chattogram Hub,Chattogram,Pathao Courier,Delivered,37.99
SHP102838,2026-07-10,Chattogram DC,Dhaka Hub,Dhaka,Pathao Courier,Delivered,38.39
SHP102839,2025-10-29,Chattogram DC,Narayanganj Hub,Narayanganj,Sundarban Courier,Delivered,35.57
SHP102840,2026-05-06,Dhaka Hub,Comilla Hub,Comilla,Sundarban Courier,Delivered Late,36.69
SHP102841,2026-07-22,Khulna DC,Dhaka Hub,Dhaka,RedX,Delivered,29.04
SHP102842,2026-05-23,Rajshahi DC,Narayanganj Hub,Narayanganj,eCourier,Delivered,33.49
SHP102843,2025-11-05,Dhaka Hub,Comilla Hub,Comilla,eCourier,Delivered,25.06
SHP102844,2026-06-12,Chattogram DC,Khulna Hub,Khulna,RedX,Delivered,22.31
SHP102845,2025-10-08,Chattogram DC,Rangpur Hub,Rangpur,Pathao Courier,Delivered,41.13
SHP102846,2026-03-23,Rajshahi DC,Sylhet Hub,Sylhet,Sundarban Courier,Delivered,36.6
SHP102847,2026-02-20,Sylhet DC,Sylhet Hub,Sylhet,Sundarban Courier,Delivered,25.61
SHP102848,2026-03-03,Chattogram DC,Mymensingh Hub,Mymensingh,Pathao Courier,In Transit,23.83
SHP102849,2026-02-27,Chattogram DC,Sylhet Hub,Sylhet,Pathao Courier,Delayed,27.35
SHP102850,2025-09-11,Sylhet DC,Khulna Hub,Khulna,Sundarban Courier,Delivered,34.86
SHP102851,2026-02-23,Chattogram DC,Khulna Hub,Khulna,Pathao Courier,Delivered Late,28.17
SHP102852,2026-07-22,Dhaka Hub,Chattogram Hub,Chattogram,RedX,Delayed,26.97
SHP102853,2026-01-30,Rajshahi DC,Comilla Hub,Comilla,Pathao Courier,Delivered,30.91
SHP102854,2025-12-05,Sylhet DC,Rangpur Hub,Rangpur,Pathao Courier,Delivered,28.14
SHP102855,2026-08-11,Chattogram DC,Comilla Hub,Comilla,Pathao Courier,Delivered,21.15
SHP102856,2025-10-05,Khulna DC,Barisal Hub,Barisal,RedX,Delivered,27.15
SHP102857,2026-02-16,Khulna DC,Chattogram Hub,Chattogram,RedX,Delivered,28.59
SHP102858,2026-02-25,Dhaka Hub,Sylhet Hub,Sylhet,Sundarban Courier,Delivered,31.84
SHP102859,2026-02-13,Dhaka Hub,Khulna Hub,Khulna,Pathao Courier,Delivered,23.83
SHP102860,2026-07-16,Dhaka Hub,Narayanganj Hub,Narayanganj,Steadfast Courier,Delivered,33.01
SHP102861,2026-01-24,Khulna DC,Sylhet Hub,Sylhet,RedX,Delivered,22.29
SHP102862,2026-08-03,Khulna DC,Rangpur Hub,Rangpur,RedX,Delivered,31.02
SHP102863,2025-09-24,Khulna DC,Chattogram Hub,Chattogram,RedX,Delivered,23.38
SHP102864,2026-05-12,Khulna DC,Narayanganj Hub,Narayanganj,eCourier,Delivered,38.71
SHP102865,2026-03-25,Sylhet DC,Rangpur Hub,Rangpur,Steadfast Courier,Delivered,36.29
SHP102866,2025-11-23,Sylhet DC,Rajshahi Hub,Rajshahi,Sundarban Courier,Delivered,42.35
SHP102867,2025-11-18,Khulna DC,Khulna Hub,Khulna,RedX,Delivered Late,20.23
SHP102868,2026-05-08,Chattogram DC,Khulna Hub,Khulna,Pathao Courier,Delivered,21.19
SHP102869,2026-04-09,Rajshahi DC,Sylhet Hub,Sylhet,RedX,Delivered,17.09
SHP102870,2026-03-31,Rajshahi DC,Barisal Hub,Barisal,Sundarban Courier,In Transit,37.07
SHP102871,2025-09-18,Rajshahi DC,Comilla Hub,Comilla,Pathao Courier,Delivered,15.42
SHP102872,2026-03-26,Rajshahi DC,Sylhet Hub,Sylhet,Steadfast Courier,Delivered,25.7
SHP102873,2026-08-06,Chattogram DC,Mymensingh Hub,Mymensingh,Steadfast Courier,Delivered,38.23
SHP102874,2025-09-06,Dhaka Hub,Barisal Hub,Barisal,Sundarban Courier,Delivered,34.14
SHP102875,2026-02-10,Sylhet DC,Mymensingh Hub,Mymensingh,Steadfast Courier,In Transit,27.3
SHP102876,2026-02-19,Khulna DC,Mymensingh Hub,Mymensingh,Sundarban Courier,Delivered Late,34.55
SHP102877,2026-07-08,Khulna DC,Dhaka Hub,Dhaka,Sundarban Courier,Delivered,48.85
SHP102878,2025-12-07,Chattogram DC,Dhaka Hub,Dhaka,eCourier,Delivered,45.3
SHP102879,2026-02-12,Chattogram DC,Narayanganj Hub,Narayanganj,Sundarban Courier,Delivered Late,37.5
SHP102880,2026-05-07,Sylhet DC,Chattogram Hub,Chattogram,Sundarban Courier,Delivered,38.82
SHP102881,2025-09-21,Rajshahi DC,Barisal Hub,Barisal,RedX,Delivered,20.33
SHP102882,2026-06-05,Dhaka Hub,Mymensingh Hub,Mymensingh,Pathao Courier,Delivered Late,33.6
SHP102883,2026-06-12,Chattogram DC,Barisal Hub,Barisal,Sundarban Courier,Delivered,25.8
SHP102884,2026-05-07,Chattogram DC,Dhaka Hub,Dhaka,Sundarban Courier,In Transit,42.85
SHP102885,2026-04-13,Rajshahi DC,Dhaka Hub,Dhaka,RedX,In Transit,38.11
SHP102886,2026-05-17,Sylhet DC,Rangpur Hub,Rangpur,Pathao Courier,Delivered,34.39
SHP102887,2026-05-29,Dhaka Hub,Comilla Hub,Comilla,Pathao Courier,Delivered,26.72
SHP102888,2026-07-10,Chattogram DC,Khulna Hub,Khulna,eCourier,Delivered,23.79
SHP102889,2026-01-27,Dhaka Hub,Barisal Hub,Barisal,Pathao Courier,In Transit,24.96
SHP102890,2026-02-05,Sylhet DC,Narayanganj Hub,Narayanganj,Sundarban Courier,Delivered,40.35
SHP102891,2026-04-09,Rajshahi DC,Comilla Hub,Comilla,eCourier,Delivered,36.14
SHP102892,2025-11-06,Sylhet DC,Barisal Hub,Barisal,eCourier,Delivered,27.47
SHP102893,2026-06-24,Rajshahi DC,Rangpur Hub,Rangpur,Pathao Courier,Delivered,48.68
SHP102894,2026-05-25,Khulna DC,Narayanganj Hub,Narayanganj,eCourier,Delivered,35.67
SHP102895,2026-04-07,Rajshahi DC,Mymensingh Hub,Mymensingh,eCourier,Delivered Late,37.39
SHP102896,2025-12-14,Chattogram DC,Rajshahi Hub,Rajshahi,Sundarban Courier,Delivered,55.03
SHP102897,2025-12-30,Rajshahi DC,Rangpur Hub,Rangpur,eCourier,Delivered,45.78
SHP102898,2026-01-29,Chattogram DC,Khulna Hub,Khulna,eCourier,Delivered,26.4
SHP102899,2026-04-18,Sylhet DC,Narayanganj Hub,Narayanganj,RedX,Delivered,30.33
SHP102900,2026-05-28,Khulna DC,Dhaka Hub,Dhaka,RedX,Delivered,34.47
SHP102901,2026-04-21,Chattogram DC,Sylhet Hub,Sylhet,eCourier,Delivered,24.0
SHP102902,2026-07-19,Chattogram DC,Khulna Hub,Khulna,Steadfast Courier,Cancelled,31.67
SHP102903,2026-07-30,Dhaka Hub,Sylhet Hub,Sylhet,RedX,Delivered,27.56
SHP102904,2026-05-02,Dhaka Hub,Barisal Hub,Barisal,eCourier,Delivered,26.27
SHP102905,2026-01-07,Sylhet DC,Mymensingh Hub,Mymensingh,eCourier,In Transit,39.04
SHP102906,2026-03-27,Rajshahi DC,Comilla Hub,Comilla,eCourier,Delivered,26.85
SHP102907,2026-01-26,Chattogram DC,Barisal Hub,Barisal,Steadfast Courier,Delayed,25.54
SHP102908,2026-04-06,Sylhet DC,Rangpur Hub,Rangpur,Pathao Courier,Delivered,34.62
SHP102909,2026-06-08,Rajshahi DC,Barisal Hub,Barisal,Pathao Courier,Delivered,24.4
SHP102910,2026-01-06,Khulna DC,Dhaka Hub,Dhaka,RedX,Delivered,46.81
SHP102911,2026-02-22,Dhaka Hub,Mymensingh Hub,Mymensingh,Sundarban Courier,Delivered,43.96
SHP102912,2025-09-16,Sylhet DC,Dhaka Hub,Dhaka,RedX,Delayed,45.03
SHP102913,2026-05-13,Dhaka Hub,Barisal Hub,Barisal,eCourier,Delayed,28.83
SHP102914,2026-02-17,Chattogram DC,Narayanganj Hub,Narayanganj,Steadfast Courier,Delivered,35.42
SHP102915,2026-02-07,Chattogram DC,Mymensingh Hub,Mymensingh,Sundarban Courier,Delivered,32.84
SHP102916,2026-03-04,Khulna DC,Barisal Hub,Barisal,eCourier,Delivered,33.84
SHP102917,2025-11-14,Dhaka Hub,Khulna Hub,Khulna,Pathao Courier,Delivered,23.02
SHP102918,2026-03-26,Chattogram DC,Comilla Hub,Comilla,RedX,Delivered,20.44
SHP102919,2026-05-16,Chattogram DC,Comilla Hub,Comilla,Pathao Courier,Delivered,29.89
SHP102920,2025-12-30,Chattogram DC,Khulna Hub,Khulna,RedX,Delivered,22.24
SHP102921,2025-10-16,Khulna DC,Chattogram Hub,Chattogram,RedX,Delivered,20.27
SHP102922,2026-01-12,Chattogram DC,Barisal Hub,Barisal,eCourier,Delivered Late,25.86
SHP102923,2025-11-08,Chattogram DC,Rangpur Hub,Rangpur,RedX,Delivered,30.87
SHP102924,2026-01-08,Sylhet DC,Narayanganj Hub,Narayanganj,Sundarban Courier,Delivered,44.08
SHP102925,2026-04-05,Khulna DC,Comilla Hub,Comilla,Pathao Courier,Delivered,22.45
SHP102926,2025-10-10,Dhaka Hub,Sylhet Hub,Sylhet,Pathao Courier,Delivered,21.57
SHP102927,2026-05-17,Rajshahi DC,Sylhet Hub,Sylhet,Steadfast Courier,Delivered,28.03
SHP102928,2025-11-17,Rajshahi DC,Narayanganj Hub,Narayanganj,Steadfast Courier,Delivered,29.7
SHP102929,2026-07-07,Khulna DC,Khulna Hub,Khulna,Sundarban Courier,In Transit,22.24
SHP102930,2026-05-12,Sylhet DC,Rajshahi Hub,Rajshahi,Pathao Courier,Delivered,35.67
SHP102931,2025-12-04,Khulna DC,Khulna Hub,Khulna,Sundarban Courier,Delivered,24.24
SHP102932,2026-03-14,Sylhet DC,Khulna Hub,Khulna,RedX,Delivered,24.93
SHP102933,2025-10-09,Chattogram DC,Barisal Hub,Barisal,Sundarban Courier,Cancelled,43.01
SHP102934,2025-10-05,Chattogram DC,Sylhet Hub,Sylhet,Pathao Courier,Delivered,19.17
SHP102935,2026-07-28,Dhaka Hub,Rajshahi Hub,Rajshahi,Sundarban Courier,Delivered,41.1
SHP102936,2026-06-05,Rajshahi DC,Khulna Hub,Khulna,Pathao Courier,Delivered,24.14
SHP102937,2025-10-24,Chattogram DC,Chattogram Hub,Chattogram,Sundarban Courier,Delivered,28.99
SHP102938,2025-12-07,Chattogram DC,Mymensingh Hub,Mymensingh,Pathao Courier,In Transit,25.38
SHP102939,2025-11-08,Rajshahi DC,Comilla Hub,Comilla,RedX,In Transit,29.72
SHP102940,2026-01-15,Sylhet DC,Rajshahi Hub,Rajshahi,RedX,In Transit,27.96
SHP102941,2025-12-10,Khulna DC,Sylhet Hub,Sylhet,Pathao Courier,Delivered,26.35
SHP102942,2025-12-23,Chattogram DC,Rangpur Hub,Rangpur,RedX,Delivered,31.91
SHP102943,2026-03-03,Chattogram DC,Barisal Hub,Barisal,Sundarban Courier,Delivered,18.73
SHP102944,2025-11-05,Khulna DC,Barisal Hub,Barisal,eCourier,In Transit,32.08
SHP102945,2026-07-03,Sylhet DC,Barisal Hub,Barisal,Steadfast Courier,Delivered,29.45
SHP102946,2026-05-10,Dhaka Hub,Mymensingh Hub,Mymensingh,Pathao Courier,Delivered,26.98
SHP102947,2026-05-22,Rajshahi DC,Dhaka Hub,Dhaka,Steadfast Courier,Returned,33.38
SHP102948,2025-10-29,Sylhet DC,Dhaka Hub,Dhaka,eCourier,Cancelled,42.96
SHP102949,2026-05-04,Khulna DC,Dhaka Hub,Dhaka,RedX,Delivered,38.58
SHP102950,2026-06-17,Chattogram DC,Chattogram Hub,Chattogram,Sundarban Courier,Delivered,26.57
SHP102951,2025-10-31,Sylhet DC,Narayanganj Hub,Narayanganj,Sundarban Courier,Delivered,42.75
SHP102952,2026-05-18,Khulna DC,Mymensingh Hub,Mymensingh,Pathao Courier,Delivered,31.4
SHP102953,2026-01-02,Rajshahi DC,Rangpur Hub,Rangpur,Steadfast Courier,Delivered,41.91
SHP102954,2026-05-31,Chattogram DC,Rangpur Hub,Rangpur,RedX,Delivered,24.8
SHP102955,2026-02-13,Khulna DC,Dhaka Hub,Dhaka,Sundarban Courier,Delivered,52.59
SHP102956,2026-06-05,Rajshahi DC,Sylhet Hub,Sylhet,RedX,In Transit,25.44
SHP102957,2025-10-22,Khulna DC,Mymensingh Hub,Mymensingh,Pathao Courier,Cancelled,24.66
SHP102958,2026-01-13,Dhaka Hub,Rajshahi Hub,Rajshahi,Pathao Courier,Cancelled,31.86
SHP102959,2025-12-04,Dhaka Hub,Barisal Hub,Barisal,RedX,In Transit,31.52
SHP102960,2025-11-25,Chattogram DC,Mymensingh Hub,Mymensingh,RedX,Delivered,27.95
SHP102961,2025-12-16,Dhaka Hub,Dhaka Hub,Dhaka,eCourier,Delivered,33.22
SHP102962,2026-01-11,Khulna DC,Mymensingh Hub,Mymensingh,RedX,Delivered,27.4
SHP102963,2025-10-15,Rajshahi DC,Rangpur Hub,Rangpur,RedX,Delivered,31.64
SHP102964,2026-05-03,Sylhet DC,Rajshahi Hub,Rajshahi,eCourier,Delivered,37.44
SHP102965,2026-03-10,Sylhet DC,Rajshahi Hub,Rajshahi,Pathao Courier,Delivered,33.88
SHP102966,2026-06-14,Khulna DC,Dhaka Hub,Dhaka,RedX,In Transit,36.86
SHP102967,2026-05-02,Sylhet DC,Sylhet Hub,Sylhet,eCourier,Delivered,18.32
SHP102968,2025-10-22,Sylhet DC,Sylhet Hub,Sylhet,Pathao Courier,Delivered,13.57
SHP102969,2025-09-25,Sylhet DC,Comilla Hub,Comilla,Pathao Courier,Delivered Late,19.66
SHP102970,2026-01-25,Chattogram DC,Chattogram Hub,Chattogram,Pathao Courier,Delivered,18.63
SHP102971,2026-02-14,Dhaka Hub,Sylhet Hub,Sylhet,Pathao Courier,Delivered,23.11
SHP102972,2025-11-23,Sylhet DC,Chattogram Hub,Chattogram,RedX,Delivered,21.37
SHP102973,2026-05-29,Rajshahi DC,Sylhet Hub,Sylhet,Pathao Courier,Delivered,23.86
SHP102974,2026-03-21,Dhaka Hub,Dhaka Hub,Dhaka,RedX,Delivered,21.64
SHP102975,2026-05-17,Chattogram DC,Sylhet Hub,Sylhet,Pathao Courier,Delivered,26.74
SHP102976,2025-10-08,Chattogram DC,Mymensingh Hub,Mymensingh,Pathao Courier,Delayed,37.03
SHP102977,2026-06-10,Rajshahi DC,Mymensingh Hub,Mymensingh,Sundarban Courier,Delivered,56.76
SHP102978,2025-11-11,Sylhet DC,Khulna Hub,Khulna,Pathao Courier,Delivered,19.8
SHP102979,2026-02-03,Sylhet DC,Mymensingh Hub,Mymensingh,Steadfast Courier,Delivered,30.36
SHP102980,2026-01-31,Khulna DC,Rangpur Hub,Rangpur,Sundarban Courier,Delivered,41.24
SHP102981,2026-06-11,Chattogram DC,Narayanganj Hub,Narayanganj,Pathao Courier,Cancelled,25.4
SHP102982,2025-12-05,Khulna DC,Comilla Hub,Comilla,Pathao Courier,Delivered,21.44
SHP102983,2025-11-23,Dhaka Hub,Sylhet Hub,Sylhet,Sundarban Courier,In Transit,28.74
SHP102984,2025-12-27,Dhaka Hub,Barisal Hub,Barisal,RedX,In Transit,20.18
SHP102985,2026-01-03,Rajshahi DC,Mymensingh Hub,Mymensingh,eCourier,Delivered,39.58
SHP102986,2025-11-02,Khulna DC,Khulna Hub,Khulna,Sundarban Courier,Delivered Late,20.14
SHP102987,2025-11-01,Dhaka Hub,Barisal Hub,Barisal,RedX,Returned,27.82
SHP102988,2025-11-20,Sylhet DC,Rajshahi Hub,Rajshahi,Sundarban Courier,Cancelled,41.32
SHP102989,2026-02-09,Dhaka Hub,Khulna Hub,Khulna,eCourier,Delivered,24.27
SHP102990,2025-12-28,Khulna DC,Chattogram Hub,Chattogram,RedX,Delivered,34.04
SHP102991,2026-01-14,Khulna DC,Dhaka Hub,Dhaka,Sundarban Courier,Delivered,53.4
SHP102992,2026-05-07,Chattogram DC,Mymensingh Hub,Mymensingh,eCourier,Delivered,32.53
SHP102993,2025-11-23,Chattogram DC,Comilla Hub,Comilla,eCourier,Delivered,20.3
SHP102994,2026-07-12,Chattogram DC,Rangpur Hub,Rangpur,Sundarban Courier,Delivered,35.65
SHP102995,2026-05-19,Chattogram DC,Sylhet Hub,Sylhet,Steadfast Courier,Delivered,39.29
SHP102996,2025-10-31,Chattogram DC,Dhaka Hub,Dhaka,Steadfast Courier,Delivered Late,43.67
SHP102997,2025-12-18,Chattogram DC,Rangpur Hub,Rangpur,Pathao Courier,Delivered,45.79
SHP102998,2025-11-03,Sylhet DC,Chattogram Hub,Chattogram,eCourier,Delayed,45.61
SHP102999,2025-12-04,Rajshahi DC,Barisal Hub,Barisal,RedX,Delivered,29.92
SHP103000,2026-01-05,Khulna DC,Narayanganj Hub,Narayanganj,RedX,Delivered,31.32
SHP103001,2025-10-16,Chattogram DC,Dhaka Hub,Dhaka,RedX,In Transit,32.36
SHP103002,2025-09-05,Rajshahi DC,Barisal Hub,Barisal,eCourier,Delivered,23.52
SHP103003,2026-01-30,Chattogram DC,Narayanganj Hub,Narayanganj,RedX,Delivered,27.21
SHP103004,2026-05-01,Rajshahi DC,Khulna Hub,Khulna,RedX,Cancelled,28.27
SHP103005,2025-12-14,Chattogram DC,Comilla Hub,Comilla,Pathao Courier,Delayed,31.76
SHP103006,2026-06-25,Sylhet DC,Comilla Hub,Comilla,Sundarban Courier,In Transit,32.3
SHP103007,2026-01-06,Chattogram DC,Rajshahi Hub,Rajshahi,Steadfast Courier,Delivered,23.5
SHP103008,2026-07-09,Khulna DC,Khulna Hub,Khulna,eCourier,Delivered,15.32
SHP103009,2025-11-21,Chattogram DC,Rangpur Hub,Rangpur,Pathao Courier,Delivered,36.21
SHP103010,2026-03-06,Rajshahi DC,Rangpur Hub,Rangpur,Steadfast Courier,Delivered,39.3
SHP103011,2026-05-23,Dhaka Hub,Rajshahi Hub,Rajshahi,eCourier,Cancelled,43.37
SHP103012,2025-09-21,Sylhet DC,Chattogram Hub,Chattogram,RedX,Delivered,25.97
SHP103013,2026-07-19,Dhaka Hub,Mymensingh Hub,Mymensingh,Pathao Courier,Delivered Late,34.3
SHP103014,2026-01-05,Rajshahi DC,Sylhet Hub,Sylhet,RedX,Delivered,21.39
SHP103015,2026-02-20,Sylhet DC,Chattogram Hub,Chattogram,Pathao Courier,Delivered,31.6
SHP103016,2026-04-06,Khulna DC,Dhaka Hub,Dhaka,Sundarban Courier,Delivered,45.5
SHP103017,2026-04-11,Rajshahi DC,Rajshahi Hub,Rajshahi,RedX,Delivered,25.72
SHP103018,2025-09-09,Sylhet DC,Chattogram Hub,Chattogram,Steadfast Courier,Delivered,28.73
SHP103019,2026-06-28,Dhaka Hub,Khulna Hub,Khulna,Sundarban Courier,Delayed,32.98
SHP103020,2026-04-04,Chattogram DC,Sylhet Hub,Sylhet,Steadfast Courier,Delivered,30.5
SHP103021,2026-08-12,Chattogram DC,Rajshahi Hub,Rajshahi,Steadfast Courier,Delivered,46.66
SHP103022,2026-02-11,Rajshahi DC,Mymensingh Hub,Mymensingh,Pathao Courier,Delivered,29.05
SHP103023,2026-04-01,Rajshahi DC,Rajshahi Hub,Rajshahi,Pathao Courier,Delivered Late,22.23
SHP103024,2026-01-31,Sylhet DC,Barisal Hub,Barisal,eCourier,Delivered,18.97
SHP103025,2026-07-05,Rajshahi DC,Chattogram Hub,Chattogram,eCourier,Delivered,24.0
SHP103026,2026-06-16,Chattogram DC,Chattogram Hub,Chattogram,Sundarban Courier,Delivered,24.86
SHP103027,2026-07-12,Khulna DC,Narayanganj Hub,Narayanganj,RedX,In Transit,23.98
SHP103028,2026-02-22,Chattogram DC,Rangpur Hub,Rangpur,RedX,Cancelled,26.01
SHP103029,2026-06-01,Chattogram DC,Dhaka Hub,Dhaka,eCourier,Returned,40.07
SHP103030,2026-01-03,Chattogram DC,Barisal Hub,Barisal,eCourier,Delivered,29.3
SHP103031,2026-02-07,Sylhet DC,Dhaka Hub,Dhaka,Pathao Courier,Delivered,35.34
SHP103032,2026-05-22,Chattogram DC,Dhaka Hub,Dhaka,Pathao Courier,Delivered,28.25
SHP103033,2025-09-29,Chattogram DC,Khulna Hub,Khulna,Pathao Courier,Delivered,24.46
SHP103034,2026-05-04,Chattogram DC,Rangpur Hub,Rangpur,Steadfast Courier,Delivered,41.09
SHP103035,2025-09-06,Dhaka Hub,Rangpur Hub,Rangpur,Steadfast Courier,Delivered,39.77
SHP103036,2026-03-20,Rajshahi DC,Mymensingh Hub,Mymensingh,eCourier,Delivered,39.32
SHP103037,2026-02-13,Chattogram DC,Chattogram Hub,Chattogram,Pathao Courier,Delivered,14.43
SHP103038,2026-02-10,Dhaka Hub,Chattogram Hub,Chattogram,RedX,Delivered,26.79
SHP103039,2026-02-19,Sylhet DC,Barisal Hub,Barisal,Pathao Courier,Cancelled,26.37
SHP103040,2026-02-18,Rajshahi DC,Comilla Hub,Comilla,Sundarban Courier,Delivered,27.19
SHP103041,2026-01-19,Chattogram DC,Mymensingh Hub,Mymensingh,Pathao Courier,Delivered,27.22
SHP103042,2026-02-04,Rajshahi DC,Rangpur Hub,Rangpur,eCourier,Delivered,31.56
SHP103043,2026-03-16,Khulna DC,Dhaka Hub,Dhaka,Pathao Courier,Delivered,34.82
SHP103044,2026-05-23,Khulna DC,Comilla Hub,Comilla,RedX,Delivered,22.75
SHP103045,2026-03-11,Chattogram DC,Narayanganj Hub,Narayanganj,Steadfast Courier,In Transit,34.12
SHP103046,2026-04-11,Dhaka Hub,Barisal Hub,Barisal,RedX,Delivered,30.0
SHP103047,2026-06-17,Chattogram DC,Khulna Hub,Khulna,Pathao Courier,Delivered,24.23
SHP103048,2026-08-09,Rajshahi DC,Rangpur Hub,Rangpur,Steadfast Courier,Delayed,38.65
SHP103049,2025-10-08,Khulna DC,Rangpur Hub,Rangpur,RedX,Delivered,36.49
SHP103050,2026-05-05,Khulna DC,Narayanganj Hub,Narayanganj,Sundarban Courier,Delivered,40.55
SHP103051,2025-11-17,Rajshahi DC,Chattogram Hub,Chattogram,RedX,Delivered,18.92
SHP103052,2025-11-08,Chattogram DC,Barisal Hub,Barisal,Steadfast Courier,Delivered,25.39
SHP103053,2026-06-02,Chattogram DC,Mymensingh Hub,Mymensingh,Sundarban Courier,Delivered,47.12
SHP103054,2025-09-24,Rajshahi DC,Khulna Hub,Khulna,RedX,Delivered,20.9
SHP103055,2026-06-21,Sylhet DC,Comilla Hub,Comilla,Sundarban Courier,Delivered,27.69
SHP103056,2026-05-25,Chattogram DC,Dhaka Hub,Dhaka,Pathao Courier,Cancelled,44.87
SHP103057,2026-08-11,Chattogram DC,Chattogram Hub,Chattogram,eCourier,Delivered,36.13
SHP103058,2026-04-20,Rajshahi DC,Mymensingh Hub,Mymensingh,Pathao Courier,Delivered,28.85
SHP103059,2026-06-30,Dhaka Hub,Chattogram Hub,Chattogram,Sundarban Courier,In Transit,42.25
SHP103060,2025-10-12,Dhaka Hub,Rajshahi Hub,Rajshahi,Sundarban Courier,Delivered,41.03
SHP103061,2026-07-05,Khulna DC,Sylhet Hub,Sylhet,Sundarban Courier,Delivered Late,26.58
SHP103062,2025-10-26,Dhaka Hub,Rangpur Hub,Rangpur,Sundarban Courier,Delivered,40.68
SHP103063,2025-12-18,Dhaka Hub,Dhaka Hub,Dhaka,RedX,Delivered Late,29.24
SHP103064,2025-10-15,Rajshahi DC,Khulna Hub,Khulna,Sundarban Courier,Delayed,34.25
SHP103065,2026-01-17,Sylhet DC,Narayanganj Hub,Narayanganj,Pathao Courier,Delivered,30.41
SHP103066,2026-05-18,Khulna DC,Khulna Hub,Khulna,Steadfast Courier,Delivered,13.79
SHP103067,2025-12-02,Sylhet DC,Barisal Hub,Barisal,Steadfast Courier,Delivered,29.74
SHP103068,2026-06-12,Dhaka Hub,Narayanganj Hub,Narayanganj,Sundarban Courier,Delivered,37.22
SHP103069,2026-03-29,Dhaka Hub,Rangpur Hub,Rangpur,Sundarban Courier,Delivered,49.7
SHP103070,2026-04-06,Khulna DC,Mymensingh Hub,Mymensingh,Pathao Courier,Delivered,31.54
SHP103071,2026-07-22,Dhaka Hub,Narayanganj Hub,Narayanganj,Pathao Courier,Delivered,22.97
SHP103072,2026-01-28,Sylhet DC,Rangpur Hub,Rangpur,Sundarban Courier,Delivered,36.16
SHP103073,2025-12-29,Chattogram DC,Comilla Hub,Comilla,Steadfast Courier,Delivered Late,24.88
SHP103074,2026-08-11,Chattogram DC,Barisal Hub,Barisal,eCourier,Delivered,31.02
SHP103075,2026-03-12,Rajshahi DC,Comilla Hub,Comilla,Sundarban Courier,Delivered,34.06
SHP103076,2026-04-01,Khulna DC,Rangpur Hub,Rangpur,Steadfast Courier,Cancelled,43.28
SHP103077,2025-12-12,Khulna DC,Khulna Hub,Khulna,Sundarban Courier,In Transit,26.17
SHP103078,2025-11-14,Chattogram DC,Barisal Hub,Barisal,Pathao Courier,Cancelled,20.01
SHP103079,2025-10-29,Chattogram DC,Khulna Hub,Khulna,Sundarban Courier,Delivered,38.87
SHP103080,2025-11-17,Khulna DC,Khulna Hub,Khulna,Pathao Courier,Delivered,20.03
SHP103081,2025-11-07,Dhaka Hub,Sylhet Hub,Sylhet,Steadfast Courier,Delivered,26.62
SHP103082,2026-05-17,Chattogram DC,Rajshahi Hub,Rajshahi,Sundarban Courier,Delayed,42.08
SHP103083,2025-09-21,Khulna DC,Khulna Hub,Khulna,RedX,In Transit,18.25
SHP103084,2026-04-06,Khulna DC,Rangpur Hub,Rangpur,Sundarban Courier,Delivered Late,52.02
SHP103085,2026-07-26,Dhaka Hub,Khulna Hub,Khulna,Steadfast Courier,Delivered,35.56
SHP103086,2026-05-23,Khulna DC,Rajshahi Hub,Rajshahi,RedX,Delivered,35.93
SHP103087,2026-01-18,Sylhet DC,Chattogram Hub,Chattogram,Sundarban Courier,Delivered Late,30.2
SHP103088,2025-09-21,Chattogram DC,Khulna Hub,Khulna,Pathao Courier,Delivered,23.01
SHP103089,2026-06-16,Khulna DC,Khulna Hub,Khulna,Steadfast Courier,Delivered,20.41
SHP103090,2025-09-02,Rajshahi DC,Narayanganj Hub,Narayanganj,RedX,Delivered,23.98
SHP103091,2026-04-24,Sylhet DC,Rajshahi Hub,Rajshahi,Sundarban Courier,Delivered Late,38.86
SHP103092,2026-04-21,Chattogram DC,Dhaka Hub,Dhaka,Steadfast Courier,Delivered,39.87
SHP103093,2025-11-06,Chattogram DC,Khulna Hub,Khulna,Pathao Courier,Delivered Late,25.96
SHP103094,2026-05-14,Sylhet DC,Mymensingh Hub,Mymensingh,Sundarban Courier,Delivered,38.99
SHP103095,2025-10-31,Dhaka Hub,Chattogram Hub,Chattogram,RedX,Delivered,26.43
SHP103096,2025-11-18,Sylhet DC,Chattogram Hub,Chattogram,Sundarban Courier,Delivered,38.74
SHP103097,2026-06-08,Dhaka Hub,Khulna Hub,Khulna,Sundarban Courier,Delivered,39.22
SHP103098,2026-08-05,Dhaka Hub,Khulna Hub,Khulna,Pathao Courier,Delivered,21.68
SHP103099,2025-12-01,Sylhet DC,Rajshahi Hub,Rajshahi,Pathao Courier,Delivered,32.14
SHP103100,2026-07-16,Khulna DC,Dhaka Hub,Dhaka,Pathao Courier,Delivered,37.71
SHP103101,2026-07-13,Rajshahi DC,Mymensingh Hub,Mymensingh,Pathao Courier,Delivered,31.25
SHP103102,2026-05-25,Dhaka Hub,Sylhet Hub,Sylhet,Steadfast Courier,Delivered,26.43
SHP103103,2025-10-19,Chattogram DC,Mymensingh Hub,Mymensingh,RedX,Delivered Late,25.22
SHP103104,2025-12-13,Sylhet DC,Barisal Hub,Barisal,Sundarban Courier,Delivered,37.13
SHP103105,2026-04-23,Sylhet DC,Sylhet Hub,Sylhet,Sundarban Courier,Delivered,19.69
SHP103106,2026-08-12,Rajshahi DC,Rajshahi Hub,Rajshahi,eCourier,Delivered,24.89
SHP103107,2026-06-09,Khulna DC,Dhaka Hub,Dhaka,Pathao Courier,Delivered,42.78
SHP103108,2026-01-24,Sylhet DC,Mymensingh Hub,Mymensingh,Pathao Courier,Delivered,33.2
SHP103109,2025-11-21,Dhaka Hub,Khulna Hub,Khulna,RedX,In Transit,21.2
SHP103110,2026-07-30,Dhaka Hub,Khulna Hub,Khulna,Sundarban Courier,Delivered,34.71
SHP103111,2025-12-05,Dhaka Hub,Chattogram Hub,Chattogram,eCourier,Delivered,43.21
SHP103112,2025-12-28,Khulna DC,Khulna Hub,Khulna,Steadfast Courier,Delivered,22.6
SHP103113,2026-07-31,Chattogram DC,Khulna Hub,Khulna,eCourier,Delivered,28.37
SHP103114,2026-03-14,Chattogram DC,Sylhet Hub,Sylhet,Pathao Courier,In Transit,31.24
SHP103115,2025-12-01,Khulna DC,Narayanganj Hub,Narayanganj,Pathao Courier,Delivered,27.95
SHP103116,2025-09-02,Rajshahi DC,Sylhet Hub,Sylhet,Pathao Courier,Delivered Late,31.16
SHP103117,2026-01-27,Sylhet DC,Chattogram Hub,Chattogram,eCourier,In Transit,28.1
SHP103118,2026-08-08,Rajshahi DC,Barisal Hub,Barisal,Steadfast Courier,Delivered,30.65
SHP103119,2026-01-28,Khulna DC,Khulna Hub,Khulna,Steadfast Courier,Delivered,20.47
SHP103120,2026-05-01,Khulna DC,Rajshahi Hub,Rajshahi,Sundarban Courier,Delivered Late,43.44
SHP103121,2025-11-27,Rajshahi DC,Mymensingh Hub,Mymensingh,eCourier,Delivered Late,38.56
SHP103122,2026-05-27,Dhaka Hub,Dhaka Hub,Dhaka,RedX,Delivered,23.08
SHP103123,2026-05-27,Khulna DC,Barisal Hub,Barisal,eCourier,Delivered,33.3
SHP103124,2026-03-30,Rajshahi DC,Dhaka Hub,Dhaka,RedX,Delivered,41.04
SHP103125,2026-05-26,Rajshahi DC,Dhaka Hub,Dhaka,Pathao Courier,Delivered,34.0
SHP103126,2026-03-20,Sylhet DC,Dhaka Hub,Dhaka,Pathao Courier,Delivered,44.19
SHP103127,2026-01-09,Khulna DC,Chattogram Hub,Chattogram,Steadfast Courier,Delivered,38.16
SHP103128,2026-05-14,Rajshahi DC,Khulna Hub,Khulna,Sundarban Courier,Delivered,33.99
SHP103129,2026-06-16,Rajshahi DC,Narayanganj Hub,Narayanganj,Sundarban Courier,Delivered,36.57
SHP103130,2026-06-19,Rajshahi DC,Narayanganj Hub,Narayanganj,Sundarban Courier,Delivered,31.03
SHP103131,2025-11-13,Rajshahi DC,Chattogram Hub,Chattogram,Sundarban Courier,In Transit,40.95
SHP103132,2026-04-23,Chattogram DC,Narayanganj Hub,Narayanganj,Steadfast Courier,Delivered,27.71
SHP103133,2025-09-02,Khulna DC,Rangpur Hub,Rangpur,Pathao Courier,Delivered Late,25.67
SHP103134,2026-03-17,Sylhet DC,Barisal Hub,Barisal,Pathao Courier,Delivered,27.39
SHP103135,2026-03-17,Rajshahi DC,Mymensingh Hub,Mymensingh,eCourier,Delivered,37.72
SHP103136,2026-01-04,Rajshahi DC,Rajshahi Hub,Rajshahi,RedX,Delivered,21.96
SHP103137,2026-08-10,Rajshahi DC,Sylhet Hub,Sylhet,Pathao Courier,Delivered,21.63
SHP103138,2026-07-03,Sylhet DC,Barisal Hub,Barisal,Pathao Courier,Delivered,25.67
SHP103139,2025-09-14,Sylhet DC,Mymensingh Hub,Mymensingh,Pathao Courier,Delivered,26.16
SHP103140,2025-11-12,Dhaka Hub,Rangpur Hub,Rangpur,Pathao Courier,Delayed,28.83
SHP103141,2025-11-11,Khulna DC,Chattogram Hub,Chattogram,Pathao Courier,Delivered,21.79
SHP103142,2026-07-08,Sylhet DC,Narayanganj Hub,Narayanganj,Pathao Courier,Delivered,30.76
SHP103143,2026-02-27,Sylhet DC,Sylhet Hub,Sylhet,eCourier,Delivered,33.45
SHP103144,2026-05-11,Khulna DC,Comilla Hub,Comilla,eCourier,Delivered Late,25.95
SHP103145,2026-06-08,Rajshahi DC,Khulna Hub,Khulna,Steadfast Courier,Delivered,35.78
SHP103146,2026-05-24,Dhaka Hub,Dhaka Hub,Dhaka,Sundarban Courier,Delivered,34.85
SHP103147,2025-10-01,Sylhet DC,Narayanganj Hub,Narayanganj,Sundarban Courier,Delayed,33.04
SHP103148,2025-10-19,Khulna DC,Barisal Hub,Barisal,Steadfast Courier,Delivered,38.89
SHP103149,2026-01-15,Rajshahi DC,Sylhet Hub,Sylhet,eCourier,Delivered,22.4
SHP103150,2025-12-27,Khulna DC,Dhaka Hub,Dhaka,RedX,Delivered,33.82
SHP103151,2026-05-17,Khulna DC,Chattogram Hub,Chattogram,Pathao Courier,Delivered,27.79
SHP103152,2025-10-25,Rajshahi DC,Chattogram Hub,Chattogram,Sundarban Courier,Delivered Late,42.02
SHP103153,2026-01-07,Rajshahi DC,Narayanganj Hub,Narayanganj,RedX,Delivered,25.45
SHP103154,2025-11-21,Khulna DC,Chattogram Hub,Chattogram,RedX,In Transit,27.04
SHP103155,2025-11-05,Chattogram DC,Chattogram Hub,Chattogram,Pathao Courier,Delivered,18.49
SHP103156,2025-10-30,Sylhet DC,Comilla Hub,Comilla,Steadfast Courier,In Transit,40.57
SHP103157,2025-11-07,Khulna DC,Comilla Hub,Comilla,RedX,Delayed,28.18
SHP103158,2026-03-15,Dhaka Hub,Sylhet Hub,Sylhet,RedX,Returned,30.89
SHP103159,2026-01-20,Khulna DC,Rangpur Hub,Rangpur,Pathao Courier,Delivered Late,36.51
SHP103160,2026-01-29,Sylhet DC,Barisal Hub,Barisal,eCourier,Delivered Late,37.65
SHP103161,2026-02-13,Rajshahi DC,Barisal Hub,Barisal,eCourier,Delivered,22.31
SHP103162,2026-05-15,Chattogram DC,Khulna Hub,Khulna,Pathao Courier,Delivered,25.33
SHP103163,2026-06-26,Rajshahi DC,Mymensingh Hub,Mymensingh,RedX,Delivered,40.91
SHP103164,2026-03-02,Sylhet DC,Comilla Hub,Comilla,RedX,Delivered,22.16
SHP103165,2026-04-11,Sylhet DC,Mymensingh Hub,Mymensingh,eCourier,Delivered,37.68
SHP103166,2026-05-14,Khulna DC,Narayanganj Hub,Narayanganj,Pathao Courier,Delivered,30.56
SHP103167,2026-04-27,Sylhet DC,Chattogram Hub,Chattogram,Steadfast Courier,Delivered,28.76
SHP103168,2025-10-17,Rajshahi DC,Rangpur Hub,Rangpur,Sundarban Courier,Delivered,56.97
SHP103169,2026-08-07,Dhaka Hub,Narayanganj Hub,Narayanganj,Pathao Courier,Delivered,26.2
SHP103170,2025-10-28,Khulna DC,Barisal Hub,Barisal,Pathao Courier,In Transit,27.15
SHP103171,2026-01-21,Rajshahi DC,Narayanganj Hub,Narayanganj,Pathao Courier,Delivered,29.69
SHP103172,2026-04-14,Chattogram DC,Khulna Hub,Khulna,Sundarban Courier,Delivered,28.83
SHP103173,2026-01-18,Chattogram DC,Comilla Hub,Comilla,Sundarban Courier,Delivered,32.1
SHP103174,2025-11-24,Sylhet DC,Narayanganj Hub,Narayanganj,eCourier,Delivered,29.43
SHP103175,2026-07-17,Khulna DC,Rangpur Hub,Rangpur,Pathao Courier,Delivered,23.21
SHP103176,2025-09-25,Rajshahi DC,Mymensingh Hub,Mymensingh,Steadfast Courier,Delivered,39.74
SHP103177,2025-11-25,Khulna DC,Barisal Hub,Barisal,Pathao Courier,Delayed,18.51
SHP103178,2026-08-10,Khulna DC,Khulna Hub,Khulna,RedX,Delivered Late,15.15
SHP103179,2026-05-11,Sylhet DC,Barisal Hub,Barisal,Steadfast Courier,Delivered,31.23
SHP103180,2025-10-01,Khulna DC,Narayanganj Hub,Narayanganj,eCourier,Delivered,30.75
SHP103181,2026-05-20,Chattogram DC,Dhaka Hub,Dhaka,RedX,Delivered,41.35
SHP103182,2026-08-02,Sylhet DC,Sylhet Hub,Sylhet,eCourier,Delivered,15.97
SHP103183,2025-10-04,Dhaka Hub,Rajshahi Hub,Rajshahi,Pathao Courier,Cancelled,30.38
SHP103184,2026-01-22,Dhaka Hub,Khulna Hub,Khulna,Pathao Courier,Delivered,34.89
SHP103185,2026-02-10,Rajshahi DC,Rangpur Hub,Rangpur,Sundarban Courier,Delivered,42.45
SHP103186,2025-10-16,Rajshahi DC,Khulna Hub,Khulna,Pathao Courier,Returned,31.67
SHP103187,2025-11-09,Sylhet DC,Rangpur Hub,Rangpur,Sundarban Courier,Delivered,61.88
SHP103188,2025-10-31,Dhaka Hub,Chattogram Hub,Chattogram,Pathao Courier,Cancelled,29.17
SHP103189,2025-11-04,Dhaka Hub,Khulna Hub,Khulna,Steadfast Courier,Delivered,27.21
SHP103190,2026-01-18,Dhaka Hub,Rangpur Hub,Rangpur,Steadfast Courier,Delivered Late,34.56
SHP103191,2026-02-08,Khulna DC,Rajshahi Hub,Rajshahi,eCourier,Delivered,37.55
SHP103192,2025-11-22,Chattogram DC,Mymensingh Hub,Mymensingh,eCourier,In Transit,40.93
SHP103193,2025-12-10,Chattogram DC,Rangpur Hub,Rangpur,Pathao Courier,Delayed,39.67
SHP103194,2025-11-06,Rajshahi DC,Khulna Hub,Khulna,Pathao Courier,Delivered,31.13
SHP103195,2026-06-03,Rajshahi DC,Rajshahi Hub,Rajshahi,RedX,Delivered Late,19.2
SHP103196,2025-11-13,Khulna DC,Narayanganj Hub,Narayanganj,RedX,Delivered,33.79
SHP103197,2026-07-12,Chattogram DC,Narayanganj Hub,Narayanganj,Sundarban Courier,Delivered,33.79
SHP103198,2026-03-06,Sylhet DC,Dhaka Hub,Dhaka,Sundarban Courier,Delivered,56.3
SHP103199,2026-06-05,Chattogram DC,Mymensingh Hub,Mymensingh,Sundarban Courier,Delivered,37.11
SHP103200,2026-04-09,Rajshahi DC,Rajshahi Hub,Rajshahi,Pathao Courier,Delivered,21.59
SHP103201,2025-12-02,Dhaka Hub,Dhaka Hub,Dhaka,Sundarban Courier,Delivered,31.1
SHP103202,2026-03-28,Khulna DC,Rangpur Hub,Rangpur,Sundarban Courier,Delivered,52.44
SHP103203,2025-12-04,Sylhet DC,Dhaka Hub,Dhaka,RedX,Delivered,32.63
SHP103204,2025-10-12,Khulna DC,Khulna Hub,Khulna,Steadfast Courier,Delivered,19.47
SHP103205,2025-11-28,Sylhet DC,Rangpur Hub,Rangpur,RedX,Delivered,31.3
SHP103206,2025-12-05,Dhaka Hub,Comilla Hub,Comilla,eCourier,In Transit,23.54
SHP103207,2025-10-17,Khulna DC,Rajshahi Hub,Rajshahi,eCourier,Delivered,35.43
SHP103208,2025-09-09,Khulna DC,Comilla Hub,Comilla,Pathao Courier,Delayed,13.97
SHP103209,2026-07-24,Sylhet DC,Comilla Hub,Comilla,RedX,Delivered,29.65
SHP103210,2026-02-25,Chattogram DC,Rajshahi Hub,Rajshahi,Sundarban Courier,Delivered,48.35
SHP103211,2026-01-18,Chattogram DC,Chattogram Hub,Chattogram,RedX,Delivered,9.73
SHP103212,2026-07-19,Sylhet DC,Rangpur Hub,Rangpur,Pathao Courier,Delivered,32.13
SHP103213,2025-11-17,Chattogram DC,Dhaka Hub,Dhaka,Steadfast Courier,Delivered,39.92
SHP103214,2026-01-18,Chattogram DC,Comilla Hub,Comilla,Steadfast Courier,Delivered,24.99
SHP103215,2026-06-20,Chattogram DC,Khulna Hub,Khulna,Pathao Courier,Delivered,28.96
SHP103216,2026-04-07,Dhaka Hub,Mymensingh Hub,Mymensingh,Pathao Courier,Delivered,32.44
SHP103217,2026-01-17,Rajshahi DC,Mymensingh Hub,Mymensingh,Pathao Courier,Delivered Late,32.85
SHP103218,2025-11-28,Chattogram DC,Rajshahi Hub,Rajshahi,eCourier,Delivered,44.6
SHP103219,2025-09-13,Dhaka Hub,Narayanganj Hub,Narayanganj,RedX,Delivered,30.91
SHP103220,2025-09-30,Dhaka Hub,Mymensingh Hub,Mymensingh,Pathao Courier,Delivered,31.4
SHP103221,2025-10-27,Rajshahi DC,Comilla Hub,Comilla,eCourier,Delivered,33.76
SHP103222,2026-05-31,Sylhet DC,Dhaka Hub,Dhaka,Sundarban Courier,Returned,52.51
SHP103223,2026-04-10,Chattogram DC,Rajshahi Hub,Rajshahi,Sundarban Courier,Delivered,49.68
SHP103224,2026-01-28,Sylhet DC,Narayanganj Hub,Narayanganj,Sundarban Courier,Delivered,33.27
SHP103225,2026-05-29,Dhaka Hub,Comilla Hub,Comilla,RedX,Delivered,21.04
SHP103226,2025-10-26,Chattogram DC,Rajshahi Hub,Rajshahi,Sundarban Courier,Delayed,40.3
SHP103227,2025-11-12,Chattogram DC,Dhaka Hub,Dhaka,Pathao Courier,Delivered,38.42
SHP103228,2026-01-14,Rajshahi DC,Sylhet Hub,Sylhet,Sundarban Courier,In Transit,33.85
SHP103229,2026-07-15,Dhaka Hub,Barisal Hub,Barisal,Steadfast Courier,Delivered Late,28.09
SHP103230,2026-04-01,Sylhet DC,Rangpur Hub,Rangpur,RedX,Delivered,37.88
SHP103231,2026-06-22,Khulna DC,Narayanganj Hub,Narayanganj,Steadfast Courier,Delivered Late,29.98
SHP103232,2025-11-25,Rajshahi DC,Dhaka Hub,Dhaka,RedX,Delivered,30.33
SHP103233,2026-06-21,Sylhet DC,Khulna Hub,Khulna,eCourier,Delivered,34.76
SHP103234,2025-09-26,Chattogram DC,Sylhet Hub,Sylhet,Sundarban Courier,Delivered,23.05
SHP103235,2025-11-18,Chattogram DC,Narayanganj Hub,Narayanganj,eCourier,Delivered,38.08
SHP103236,2026-02-28,Chattogram DC,Chattogram Hub,Chattogram,Pathao Courier,Delivered,20.7
SHP103237,2025-09-18,Khulna DC,Sylhet Hub,Sylhet,Pathao Courier,Delivered Late,17.25
SHP103238,2026-06-24,Chattogram DC,Sylhet Hub,Sylhet,Pathao Courier,Delivered,28.11
SHP103239,2026-06-28,Khulna DC,Chattogram Hub,Chattogram,Pathao Courier,In Transit,25.93
SHP103240,2026-03-07,Khulna DC,Rangpur Hub,Rangpur,Steadfast Courier,Delivered,46.85
SHP103241,2025-12-15,Rajshahi DC,Barisal Hub,Barisal,Steadfast Courier,Delivered,36.42
SHP103242,2025-10-05,Chattogram DC,Barisal Hub,Barisal,eCourier,Delivered,28.71
SHP103243,2026-04-03,Rajshahi DC,Narayanganj Hub,Narayanganj,Pathao Courier,In Transit,15.43
SHP103244,2026-03-06,Sylhet DC,Rajshahi Hub,Rajshahi,Steadfast Courier,Delivered,30.81
SHP103245,2026-05-21,Khulna DC,Khulna Hub,Khulna,eCourier,Delivered,18.84
SHP103246,2026-03-28,Khulna DC,Khulna Hub,Khulna,Sundarban Courier,Delivered,29.27
SHP103247,2025-10-15,Rajshahi DC,Comilla Hub,Comilla,RedX,Delivered Late,23.87
SHP103248,2025-10-13,Sylhet DC,Barisal Hub,Barisal,RedX,Delivered,23.55
SHP103249,2026-05-29,Khulna DC,Chattogram Hub,Chattogram,Pathao Courier,Delivered,34.8
SHP103250,2025-10-26,Chattogram DC,Rangpur Hub,Rangpur,RedX,Delivered,42.59
SHP103251,2026-07-22,Sylhet DC,Mymensingh Hub,Mymensingh,eCourier,Delivered Late,47.52
SHP103252,2025-10-07,Sylhet DC,Sylhet Hub,Sylhet,Pathao Courier,Delivered Late,21.29
SHP103253,2026-05-11,Khulna DC,Barisal Hub,Barisal,Sundarban Courier,Delivered Late,35.23
SHP103254,2026-08-04,Khulna DC,Barisal Hub,Barisal,RedX,Delivered,24.14
SHP103255,2026-01-31,Dhaka Hub,Chattogram Hub,Chattogram,eCourier,Delivered,37.85
SHP103256,2025-09-20,Rajshahi DC,Dhaka Hub,Dhaka,Steadfast Courier,Delivered,49.78
SHP103257,2026-07-01,Khulna DC,Mymensingh Hub,Mymensingh,eCourier,Delivered,35.75
SHP103258,2025-11-04,Dhaka Hub,Rangpur Hub,Rangpur,RedX,Returned,38.4
SHP103259,2026-03-02,Rajshahi DC,Mymensingh Hub,Mymensingh,RedX,Delivered,31.25
SHP103260,2026-08-07,Khulna DC,Khulna Hub,Khulna,RedX,Delivered,18.85
SHP103261,2026-05-16,Dhaka Hub,Barisal Hub,Barisal,RedX,Delivered,18.95
SHP103262,2025-09-17,Sylhet DC,Narayanganj Hub,Narayanganj,Pathao Courier,Delivered,29.83
SHP103263,2026-06-11,Rajshahi DC,Sylhet Hub,Sylhet,RedX,Delivered,30.47
SHP103264,2025-10-26,Chattogram DC,Rangpur Hub,Rangpur,eCourier,Delivered,43.41
SHP103265,2026-05-18,Rajshahi DC,Chattogram Hub,Chattogram,RedX,Delivered,16.36
SHP103266,2026-04-03,Sylhet DC,Dhaka Hub,Dhaka,Steadfast Courier,Cancelled,36.2
SHP103267,2025-12-09,Chattogram DC,Narayanganj Hub,Narayanganj,RedX,In Transit,29.31
SHP103268,2026-01-25,Chattogram DC,Chattogram Hub,Chattogram,Sundarban Courier,Cancelled,34.21
SHP103269,2025-10-11,Sylhet DC,Rangpur Hub,Rangpur,Pathao Courier,Delivered,33.99
SHP103270,2026-08-08,Khulna DC,Barisal Hub,Barisal,Pathao Courier,Returned,20.35
SHP103271,2025-11-22,Rajshahi DC,Comilla Hub,Comilla,Sundarban Courier,Delivered,37.48
SHP103272,2025-12-16,Dhaka Hub,Barisal Hub,Barisal,Sundarban Courier,Delivered,29.62
SHP103273,2026-02-21,Rajshahi DC,Rangpur Hub,Rangpur,Pathao Courier,Delivered,36.4
SHP103274,2026-04-21,Sylhet DC,Comilla Hub,Comilla,Pathao Courier,Delivered,27.39
SHP103275,2026-02-22,Dhaka Hub,Comilla Hub,Comilla,Pathao Courier,Delivered Late,19.24
SHP103276,2026-02-22,Rajshahi DC,Mymensingh Hub,Mymensingh,eCourier,Delivered,37.06
SHP103277,2026-03-21,Chattogram DC,Chattogram Hub,Chattogram,eCourier,Delivered,27.36
SHP103278,2026-06-24,Khulna DC,Chattogram Hub,Chattogram,Sundarban Courier,Delivered,38.63
SHP103279,2026-01-15,Khulna DC,Rajshahi Hub,Rajshahi,Pathao Courier,Delivered,34.6
SHP103280,2026-06-15,Dhaka Hub,Rangpur Hub,Rangpur,Pathao Courier,In Transit,29.94
SHP103281,2026-05-31,Chattogram DC,Rangpur Hub,Rangpur,Pathao Courier,Delivered,33.38
SHP103282,2026-07-30,Khulna DC,Mymensingh Hub,Mymensingh,Sundarban Courier,Delivered,34.54
SHP103283,2026-07-13,Chattogram DC,Chattogram Hub,Chattogram,Pathao Courier,Delivered Late,22.41
SHP103284,2026-06-04,Dhaka Hub,Chattogram Hub,Chattogram,Sundarban Courier,In Transit,37.02
SHP103285,2025-11-25,Dhaka Hub,Chattogram Hub,Chattogram,Steadfast Courier,Delivered,20.68
SHP103286,2026-05-26,Rajshahi DC,Barisal Hub,Barisal,RedX,Delivered,25.36
SHP103287,2026-05-13,Dhaka Hub,Rangpur Hub,Rangpur,eCourier,Returned,46.49
SHP103288,2025-12-10,Dhaka Hub,Chattogram Hub,Chattogram,Pathao Courier,Delivered,37.68
SHP103289,2026-04-23,Sylhet DC,Comilla Hub,Comilla,Pathao Courier,Delivered,17.09
SHP103290,2025-11-27,Dhaka Hub,Khulna Hub,Khulna,Steadfast Courier,Delivered,33.28
SHP103291,2026-02-28,Khulna DC,Rangpur Hub,Rangpur,Sundarban Courier,Delivered,51.81
SHP103292,2026-06-03,Sylhet DC,Mymensingh Hub,Mymensingh,RedX,Delayed,25.61
SHP103293,2025-11-05,Khulna DC,Dhaka Hub,Dhaka,Steadfast Courier,Delayed,35.45
SHP103294,2025-12-26,Sylhet DC,Comilla Hub,Comilla,RedX,Delivered,24.75
SHP103295,2026-06-03,Khulna DC,Narayanganj Hub,Narayanganj,Sundarban Courier,Delivered,34.15
SHP103296,2026-02-05,Khulna DC,Narayanganj Hub,Narayanganj,RedX,In Transit,27.13
SHP103297,2026-07-30,Sylhet DC,Chattogram Hub,Chattogram,Pathao Courier,Delivered,32.2
SHP103298,2025-09-03,Dhaka Hub,Khulna Hub,Khulna,Pathao Courier,Delivered,26.53
SHP103299,2026-05-08,Chattogram DC,Sylhet Hub,Sylhet,Pathao Courier,Cancelled,23.29
SHP103300,2026-06-09,Dhaka Hub,Rajshahi Hub,Rajshahi,Steadfast Courier,Delivered,41.64
SHP103301,2026-07-15,Dhaka Hub,Narayanganj Hub,Narayanganj,RedX,Delivered,20.85
SHP103302,2025-10-25,Chattogram DC,Mymensingh Hub,Mymensingh,Sundarban Courier,Delivered Late,46.62
SHP103303,2026-08-07,Chattogram DC,Mymensingh Hub,Mymensingh,Pathao Courier,Delivered Late,35.46
SHP103304,2026-01-14,Dhaka Hub,Rajshahi Hub,Rajshahi,RedX,Delivered,32.36
SHP103305,2025-12-31,Chattogram DC,Narayanganj Hub,Narayanganj,Steadfast Courier,Delivered,37.54
SHP103306,2026-01-02,Sylhet DC,Narayanganj Hub,Narayanganj,Sundarban Courier,Delivered,30.71
SHP103307,2026-04-09,Dhaka Hub,Comilla Hub,Comilla,Sundarban Courier,Delivered,36.69
SHP103308,2026-04-17,Chattogram DC,Comilla Hub,Comilla,eCourier,In Transit,35.66
SHP103309,2026-02-11,Dhaka Hub,Rangpur Hub,Rangpur,Steadfast Courier,In Transit,43.91
SHP103310,2025-09-25,Dhaka Hub,Dhaka Hub,Dhaka,Steadfast Courier,Delivered,22.53
SHP103311,2026-08-08,Dhaka Hub,Sylhet Hub,Sylhet,Sundarban Courier,Delivered,30.56
SHP103312,2025-11-16,Sylhet DC,Mymensingh Hub,Mymensingh,Pathao Courier,Delivered,33.03
SHP103313,2025-10-03,Khulna DC,Khulna Hub,Khulna,Sundarban Courier,Delivered,19.14
SHP103314,2026-03-26,Khulna DC,Chattogram Hub,Chattogram,Sundarban Courier,Delivered,44.7
SHP103315,2026-01-21,Khulna DC,Narayanganj Hub,Narayanganj,Steadfast Courier,Delivered,28.3
SHP103316,2026-04-01,Khulna DC,Rajshahi Hub,Rajshahi,Pathao Courier,In Transit,38.76
SHP103317,2026-06-30,Rajshahi DC,Comilla Hub,Comilla,RedX,In Transit,30.12
SHP103318,2025-10-04,Chattogram DC,Sylhet Hub,Sylhet,Steadfast Courier,Delivered,30.33
SHP103319,2025-12-08,Khulna DC,Khulna Hub,Khulna,Steadfast Courier,In Transit,19.42
SHP103320,2026-02-26,Rajshahi DC,Khulna Hub,Khulna,RedX,Delivered,20.87
SHP103321,2026-05-31,Sylhet DC,Khulna Hub,Khulna,Steadfast Courier,Delivered,34.87
SHP103322,2026-03-27,Rajshahi DC,Rajshahi Hub,Rajshahi,Pathao Courier,Delivered,23.45
SHP103323,2026-01-11,Dhaka Hub,Sylhet Hub,Sylhet,Sundarban Courier,In Transit,30.79
SHP103324,2026-03-31,Rajshahi DC,Comilla Hub,Comilla,Pathao Courier,Delivered,21.19
SHP103325,2026-08-06,Sylhet DC,Khulna Hub,Khulna,Steadfast Courier,Delivered,25.67
SHP103326,2026-02-14,Chattogram DC,Rajshahi Hub,Rajshahi,Steadfast Courier,Delivered,37.36
SHP103327,2026-07-03,Dhaka Hub,Comilla Hub,Comilla,Pathao Courier,Delivered,24.97
SHP103328,2026-05-28,Khulna DC,Rajshahi Hub,Rajshahi,Pathao Courier,Delivered,34.98
SHP103329,2025-12-14,Sylhet DC,Dhaka Hub,Dhaka,Sundarban Courier,Delivered,55.2
SHP103330,2025-11-26,Chattogram DC,Dhaka Hub,Dhaka,Pathao Courier,Delayed,29.04
SHP103331,2026-05-25,Chattogram DC,Rajshahi Hub,Rajshahi,eCourier,Delivered,30.65
SHP103332,2025-11-11,Rajshahi DC,Rangpur Hub,Rangpur,Pathao Courier,Delivered,33.44
SHP103333,2025-12-26,Sylhet DC,Narayanganj Hub,Narayanganj,eCourier,Delivered,30.52
SHP103334,2025-11-21,Dhaka Hub,Chattogram Hub,Chattogram,RedX,Delivered Late,29.1
SHP103335,2026-03-29,Chattogram DC,Barisal Hub,Barisal,Sundarban Courier,Delivered,35.96
SHP103336,2025-12-11,Dhaka Hub,Sylhet Hub,Sylhet,Pathao Courier,Delivered Late,32.6
SHP103337,2026-04-16,Khulna DC,Rajshahi Hub,Rajshahi,Steadfast Courier,Delivered,40.59
SHP103338,2026-07-21,Rajshahi DC,Rajshahi Hub,Rajshahi,RedX,Delivered,21.03
SHP103339,2026-06-15,Rajshahi DC,Khulna Hub,Khulna,Sundarban Courier,In Transit,38.57
SHP103340,2026-07-25,Khulna DC,Dhaka Hub,Dhaka,Sundarban Courier,Delivered,50.49
SHP103341,2025-09-09,Khulna DC,Dhaka Hub,Dhaka,Steadfast Courier,Delivered,36.12
SHP103342,2026-02-05,Sylhet DC,Barisal Hub,Barisal,eCourier,Delivered,30.64
SHP103343,2025-11-16,Khulna DC,Sylhet Hub,Sylhet,eCourier,Delivered Late,26.52
SHP103344,2026-07-15,Dhaka Hub,Khulna Hub,Khulna,RedX,Delivered,21.86
SHP103345,2026-05-05,Sylhet DC,Dhaka Hub,Dhaka,Steadfast Courier,Delivered,38.05
SHP103346,2025-12-20,Sylhet DC,Dhaka Hub,Dhaka,Sundarban Courier,Delivered,52.23
SHP103347,2026-03-14,Dhaka Hub,Chattogram Hub,Chattogram,eCourier,Delivered,28.82
SHP103348,2026-03-29,Sylhet DC,Khulna Hub,Khulna,Sundarban Courier,Delivered,29.94
SHP103349,2026-02-19,Khulna DC,Chattogram Hub,Chattogram,RedX,Delivered,26.37
SHP103350,2026-02-12,Chattogram DC,Sylhet Hub,Sylhet,Steadfast Courier,Delivered,33.65
SHP103351,2025-09-20,Sylhet DC,Khulna Hub,Khulna,Steadfast Courier,Delivered Late,27.71
SHP103352,2026-02-04,Chattogram DC,Sylhet Hub,Sylhet,RedX,Delivered,22.89
SHP103353,2025-12-30,Chattogram DC,Dhaka Hub,Dhaka,RedX,Delivered,37.8
SHP103354,2026-06-11,Dhaka Hub,Chattogram Hub,Chattogram,Steadfast Courier,Delivered,36.69
SHP103355,2026-06-27,Chattogram DC,Narayanganj Hub,Narayanganj,Steadfast Courier,Delivered,33.16
SHP103356,2026-05-18,Rajshahi DC,Rangpur Hub,Rangpur,eCourier,Delivered,39.16
SHP103357,2025-09-11,Rajshahi DC,Chattogram Hub,Chattogram,Pathao Courier,Delivered Late,26.62
SHP103358,2026-06-19,Khulna DC,Sylhet Hub,Sylhet,Sundarban Courier,Delivered,31.28
SHP103359,2026-01-16,Khulna DC,Khulna Hub,Khulna,Steadfast Courier,In Transit,21.93
SHP103360,2026-01-23,Khulna DC,Narayanganj Hub,Narayanganj,eCourier,Delivered,31.44
SHP103361,2026-07-25,Sylhet DC,Comilla Hub,Comilla,eCourier,Delivered,30.35
SHP103362,2026-06-28,Sylhet DC,Mymensingh Hub,Mymensingh,RedX,Delivered,30.26
SHP103363,2025-09-18,Khulna DC,Chattogram Hub,Chattogram,Sundarban Courier,Delivered,38.72
SHP103364,2026-01-03,Khulna DC,Rajshahi Hub,Rajshahi,Sundarban Courier,Delayed,51.04
SHP103365,2026-05-18,Sylhet DC,Rajshahi Hub,Rajshahi,eCourier,In Transit,39.08
SHP103366,2026-03-06,Sylhet DC,Rangpur Hub,Rangpur,Sundarban Courier,Delivered,50.9
SHP103367,2025-11-29,Sylhet DC,Comilla Hub,Comilla,RedX,Delivered,22.53
SHP103368,2026-03-01,Chattogram DC,Khulna Hub,Khulna,eCourier,In Transit,29.23
SHP103369,2026-06-27,Chattogram DC,Barisal Hub,Barisal,eCourier,Delivered,28.83
SHP103370,2025-11-17,Dhaka Hub,Sylhet Hub,Sylhet,Sundarban Courier,Delayed,41.31
SHP103371,2026-05-17,Sylhet DC,Sylhet Hub,Sylhet,eCourier,Delivered,27.44
SHP103372,2026-05-13,Khulna DC,Khulna Hub,Khulna,Pathao Courier,Delivered,11.96
SHP103373,2026-07-04,Khulna DC,Mymensingh Hub,Mymensingh,Pathao Courier,Delivered,33.15
SHP103374,2025-12-13,Rajshahi DC,Rajshahi Hub,Rajshahi,Sundarban Courier,Delivered,37.46
SHP103375,2025-11-14,Dhaka Hub,Rangpur Hub,Rangpur,Pathao Courier,Delivered,34.8
SHP103376,2026-03-09,Khulna DC,Rangpur Hub,Rangpur,Steadfast Courier,Delivered,38.62
SHP103377,2026-03-03,Khulna DC,Khulna Hub,Khulna,Steadfast Courier,Delayed,19.85
SHP103378,2026-01-20,Sylhet DC,Narayanganj Hub,Narayanganj,Pathao Courier,Delivered,30.66
SHP103379,2026-05-28,Chattogram DC,Dhaka Hub,Dhaka,eCourier,Delivered,41.43
SHP103380,2026-06-04,Chattogram DC,Comilla Hub,Comilla,RedX,Delivered,26.61
SHP103381,2025-11-25,Khulna DC,Dhaka Hub,Dhaka,eCourier,Delivered,46.81
SHP103382,2026-06-03,Rajshahi DC,Khulna Hub,Khulna,Steadfast Courier,Delivered,27.65
SHP103383,2025-11-19,Khulna DC,Comilla Hub,Comilla,RedX,Delivered,27.49
SHP103384,2026-01-20,Sylhet DC,Rangpur Hub,Rangpur,Pathao Courier,Delivered Late,42.29
SHP103385,2025-09-10,Khulna DC,Khulna Hub,Khulna,Pathao Courier,In Transit,8.97
SHP103386,2025-12-27,Dhaka Hub,Comilla Hub,Comilla,Sundarban Courier,Delayed,21.65
SHP103387,2026-07-29,Khulna DC,Chattogram Hub,Chattogram,Steadfast Courier,Delivered,31.08
SHP103388,2026-02-01,Dhaka Hub,Rangpur Hub,Rangpur,RedX,Delivered,28.94
SHP103389,2026-05-04,Rajshahi DC,Barisal Hub,Barisal,Sundarban Courier,Delivered,29.49
SHP103390,2025-10-08,Rajshahi DC,Sylhet Hub,Sylhet,Pathao Courier,Delivered Late,22.53
SHP103391,2026-04-08,Sylhet DC,Narayanganj Hub,Narayanganj,Steadfast Courier,Delivered,46.43
SHP103392,2026-01-07,Chattogram DC,Mymensingh Hub,Mymensingh,Sundarban Courier,In Transit,32.66
SHP103393,2026-05-16,Khulna DC,Dhaka Hub,Dhaka,eCourier,Cancelled,44.4
SHP103394,2026-07-19,Khulna DC,Dhaka Hub,Dhaka,RedX,Delivered,33.44
SHP103395,2026-03-03,Khulna DC,Dhaka Hub,Dhaka,Pathao Courier,Delivered,33.61
SHP103396,2025-10-06,Sylhet DC,Rajshahi Hub,Rajshahi,Pathao Courier,Delivered,30.31
SHP103397,2026-02-12,Chattogram DC,Rajshahi Hub,Rajshahi,Sundarban Courier,Delivered,43.34
SHP103398,2025-10-13,Dhaka Hub,Mymensingh Hub,Mymensingh,Sundarban Courier,Delivered,40.88
SHP103399,2026-02-03,Chattogram DC,Rangpur Hub,Rangpur,eCourier,Delivered,33.46
SHP103400,2025-09-22,Sylhet DC,Dhaka Hub,Dhaka,eCourier,In Transit,44.71
SHP103401,2026-04-10,Sylhet DC,Rajshahi Hub,Rajshahi,Pathao Courier,Delivered,33.77
SHP103402,2025-12-17,Sylhet DC,Mymensingh Hub,Mymensingh,RedX,Delivered,29.7
SHP103403,2025-11-09,Chattogram DC,Comilla Hub,Comilla,Pathao Courier,Delivered,24.12
SHP103404,2025-09-06,Rajshahi DC,Sylhet Hub,Sylhet,Pathao Courier,Delivered Late,31.24
SHP103405,2026-07-05,Chattogram DC,Dhaka Hub,Dhaka,eCourier,Delivered,43.12
SHP103406,2026-06-17,Rajshahi DC,Chattogram Hub,Chattogram,eCourier,In Transit,32.29
SHP103407,2026-06-08,Chattogram DC,Khulna Hub,Khulna,eCourier,Delivered,18.47
SHP103408,2025-09-21,Sylhet DC,Rajshahi Hub,Rajshahi,Pathao Courier,Delayed,32.71
SHP103409,2025-12-30,Khulna DC,Khulna Hub,Khulna,RedX,Delivered Late,26.31
SHP103410,2026-08-03,Chattogram DC,Dhaka Hub,Dhaka,Sundarban Courier,In Transit,53.58
SHP103411,2026-03-20,Chattogram DC,Khulna Hub,Khulna,Steadfast Courier,Delivered Late,31.18
SHP103412,2025-10-15,Chattogram DC,Sylhet Hub,Sylhet,RedX,Delivered,19.83
SHP103413,2025-10-19,Rajshahi DC,Rajshahi Hub,Rajshahi,Steadfast Courier,Delivered,33.95
SHP103414,2025-12-01,Dhaka Hub,Dhaka Hub,Dhaka,Pathao Courier,Delivered Late,26.28
SHP103415,2026-08-03,Sylhet DC,Mymensingh Hub,Mymensingh,Sundarban Courier,Delivered,42.14
SHP103416,2025-10-29,Khulna DC,Rajshahi Hub,Rajshahi,eCourier,Delivered,43.36
SHP103417,2026-07-10,Khulna DC,Khulna Hub,Khulna,Sundarban Courier,Delivered,32.72
SHP103418,2026-04-23,Sylhet DC,Narayanganj Hub,Narayanganj,RedX,Delivered,22.53
SHP103419,2026-07-16,Dhaka Hub,Mymensingh Hub,Mymensingh,RedX,Delivered,34.33
SHP103420,2026-06-13,Dhaka Hub,Chattogram Hub,Chattogram,Steadfast Courier,Delivered,36.78
SHP103421,2025-12-24,Sylhet DC,Chattogram Hub,Chattogram,Pathao Courier,Delivered,24.42
SHP103422,2026-06-14,Rajshahi DC,Dhaka Hub,Dhaka,Steadfast Courier,Delivered,40.74
SHP103423,2025-10-29,Dhaka Hub,Barisal Hub,Barisal,Sundarban Courier,In Transit,41.0
SHP103424,2025-12-10,Rajshahi DC,Khulna Hub,Khulna,Sundarban Courier,Delivered,34.04
SHP103425,2025-11-13,Khulna DC,Khulna Hub,Khulna,RedX,Delayed,11.67
SHP103426,2025-10-17,Dhaka Hub,Barisal Hub,Barisal,Pathao Courier,Cancelled,29.86
SHP103427,2025-10-02,Chattogram DC,Barisal Hub,Barisal,Steadfast Courier,Delivered,24.98
SHP103428,2025-11-04,Chattogram DC,Dhaka Hub,Dhaka,Steadfast Courier,Delivered,37.31
SHP103429,2025-10-12,Rajshahi DC,Chattogram Hub,Chattogram,Steadfast Courier,Delivered,27.46
SHP103430,2026-01-10,Sylhet DC,Mymensingh Hub,Mymensingh,Steadfast Courier,In Transit,36.96
SHP103431,2025-09-25,Chattogram DC,Narayanganj Hub,Narayanganj,RedX,Delivered,27.1
SHP103432,2025-09-22,Chattogram DC,Comilla Hub,Comilla,Sundarban Courier,Delivered,42.18
SHP103433,2026-08-09,Sylhet DC,Narayanganj Hub,Narayanganj,eCourier,Delivered,28.02
SHP103434,2025-10-01,Dhaka Hub,Rajshahi Hub,Rajshahi,Pathao Courier,Delivered,31.13
SHP103435,2025-09-26,Chattogram DC,Comilla Hub,Comilla,eCourier,Delivered,24.29
SHP103436,2025-09-11,Dhaka Hub,Comilla Hub,Comilla,Sundarban Courier,Delivered,33.15
SHP103437,2025-10-16,Khulna DC,Comilla Hub,Comilla,RedX,In Transit,14.25
SHP103438,2026-03-02,Khulna DC,Chattogram Hub,Chattogram,Sundarban Courier,Delivered,40.21
SHP103439,2026-06-14,Sylhet DC,Chattogram Hub,Chattogram,Sundarban Courier,Delivered,35.53
SHP103440,2026-05-13,Dhaka Hub,Rajshahi Hub,Rajshahi,Pathao Courier,Delivered,28.24
SHP103441,2026-03-20,Chattogram DC,Barisal Hub,Barisal,Sundarban Courier,Delivered,38.32
SHP103442,2025-09-30,Rajshahi DC,Narayanganj Hub,Narayanganj,Sundarban Courier,Delivered,33.59
SHP103443,2026-05-26,Chattogram DC,Khulna Hub,Khulna,Pathao Courier,Delivered,21.62
SHP103444,2025-09-13,Dhaka Hub,Comilla Hub,Comilla,Pathao Courier,Cancelled,17.1
SHP103445,2026-04-07,Dhaka Hub,Comilla Hub,Comilla,RedX,Delivered,20.83
SHP103446,2026-01-20,Rajshahi DC,Narayanganj Hub,Narayanganj,Sundarban Courier,Delivered,41.43
SHP103447,2026-07-03,Dhaka Hub,Chattogram Hub,Chattogram,eCourier,In Transit,32.66
SHP103448,2025-12-16,Sylhet DC,Sylhet Hub,Sylhet,Pathao Courier,Delivered,24.26
SHP103449,2026-04-09,Rajshahi DC,Sylhet Hub,Sylhet,RedX,Delivered,22.07
SHP103450,2026-01-31,Khulna DC,Mymensingh Hub,Mymensingh,Pathao Courier,Delivered,36.37
SHP103451,2026-02-28,Sylhet DC,Rangpur Hub,Rangpur,RedX,Delivered Late,40.31
SHP103452,2026-07-22,Chattogram DC,Rajshahi Hub,Rajshahi,RedX,Delivered,33.02
SHP103453,2026-05-05,Dhaka Hub,Dhaka Hub,Dhaka,RedX,Delivered,31.75
SHP103454,2026-01-22,Dhaka Hub,Barisal Hub,Barisal,Sundarban Courier,Delivered,41.25
SHP103455,2026-02-02,Rajshahi DC,Mymensingh Hub,Mymensingh,RedX,Delivered Late,28.14
SHP103456,2026-05-02,Dhaka Hub,Rajshahi Hub,Rajshahi,Pathao Courier,In Transit,21.62
SHP103457,2025-12-29,Dhaka Hub,Sylhet Hub,Sylhet,Sundarban Courier,Delivered,32.84
SHP103458,2025-10-29,Rajshahi DC,Barisal Hub,Barisal,Sundarban Courier,Delivered,41.51
SHP103459,2026-02-09,Sylhet DC,Rangpur Hub,Rangpur,RedX,Delivered,34.95
SHP103460,2025-09-24,Chattogram DC,Barisal Hub,Barisal,Sundarban Courier,Delivered,35.8
SHP103461,2025-10-29,Khulna DC,Comilla Hub,Comilla,eCourier,Delivered,29.75
SHP103462,2026-01-24,Sylhet DC,Khulna Hub,Khulna,Sundarban Courier,Delivered,28.22
SHP103463,2026-06-03,Rajshahi DC,Rangpur Hub,Rangpur,Pathao Courier,Delivered,27.42
SHP103464,2026-05-29,Sylhet DC,Comilla Hub,Comilla,Pathao Courier,Delivered Late,26.07
SHP103465,2025-11-30,Khulna DC,Sylhet Hub,Sylhet,Pathao Courier,Delivered,29.8
SHP103466,2026-01-24,Rajshahi DC,Sylhet Hub,Sylhet,RedX,Delivered,31.89
SHP103467,2025-10-24,Sylhet DC,Dhaka Hub,Dhaka,eCourier,Delivered,48.32
SHP103468,2026-05-20,Chattogram DC,Khulna Hub,Khulna,eCourier,Delivered Late,37.87
SHP103469,2025-11-25,Rajshahi DC,Dhaka Hub,Dhaka,Sundarban Courier,Delivered,46.97
SHP103470,2026-06-04,Chattogram DC,Mymensingh Hub,Mymensingh,Pathao Courier,Delivered,36.24
SHP103471,2026-06-19,Dhaka Hub,Dhaka Hub,Dhaka,Steadfast Courier,Delivered,24.64
SHP103472,2026-04-27,Sylhet DC,Rangpur Hub,Rangpur,Pathao Courier,Delivered,26.15
SHP103473,2025-12-24,Rajshahi DC,Barisal Hub,Barisal,Sundarban Courier,Cancelled,27.4
SHP103474,2026-07-27,Dhaka Hub,Narayanganj Hub,Narayanganj,eCourier,Delivered,37.38
SHP103475,2026-04-26,Rajshahi DC,Khulna Hub,Khulna,Sundarban Courier,Delivered,34.79
SHP103476,2026-04-12,Rajshahi DC,Khulna Hub,Khulna,Pathao Courier,Delivered,24.52
SHP103477,2026-06-24,Rajshahi DC,Sylhet Hub,Sylhet,Pathao Courier,Delivered,26.78
SHP103478,2026-07-02,Sylhet DC,Barisal Hub,Barisal,RedX,Delivered Late,31.44
SHP103479,2025-09-27,Chattogram DC,Sylhet Hub,Sylhet,Pathao Courier,Delivered,26.82
SHP103480,2026-07-03,Sylhet DC,Chattogram Hub,Chattogram,RedX,Delivered,24.38
SHP103481,2026-05-23,Dhaka Hub,Narayanganj Hub,Narayanganj,Sundarban Courier,Delivered,26.91
SHP103482,2025-11-11,Rajshahi DC,Rangpur Hub,Rangpur,Sundarban Courier,Delivered,39.24
SHP103483,2025-12-16,Khulna DC,Chattogram Hub,Chattogram,Pathao Courier,Delivered,31.71
SHP103484,2026-05-19,Sylhet DC,Rangpur Hub,Rangpur,eCourier,Delivered Late,43.65
SHP103485,2025-11-14,Sylhet DC,Khulna Hub,Khulna,Sundarban Courier,Delivered,40.15
SHP103486,2026-02-04,Khulna DC,Chattogram Hub,Chattogram,eCourier,Delivered,36.32
SHP103487,2026-04-27,Sylhet DC,Rajshahi Hub,Rajshahi,Sundarban Courier,Delivered,41.04
SHP103488,2026-04-14,Rajshahi DC,Mymensingh Hub,Mymensingh,Pathao Courier,In Transit,30.4
SHP103489,2026-07-12,Rajshahi DC,Dhaka Hub,Dhaka,Sundarban Courier,Delivered,53.58
SHP103490,2025-10-09,Rajshahi DC,Khulna Hub,Khulna,RedX,Delivered,34.87
SHP103491,2025-12-12,Khulna DC,Narayanganj Hub,Narayanganj,Sundarban Courier,Delivered,38.26
SHP103492,2026-08-07,Khulna DC,Khulna Hub,Khulna,eCourier,Delivered,25.86
SHP103493,2026-03-16,Chattogram DC,Dhaka Hub,Dhaka,Steadfast Courier,Delivered,47.47
SHP103494,2025-11-26,Dhaka Hub,Rajshahi Hub,Rajshahi,eCourier,Delivered Late,37.51
SHP103495,2025-12-10,Sylhet DC,Rangpur Hub,Rangpur,RedX,Delivered,30.93
SHP103496,2025-12-27,Rajshahi DC,Narayanganj Hub,Narayanganj,RedX,Delayed,24.1
SHP103497,2026-03-11,Dhaka Hub,Rangpur Hub,Rangpur,RedX,Delivered,24.98
SHP103498,2025-12-08,Sylhet DC,Dhaka Hub,Dhaka,Sundarban Courier,In Transit,39.4
SHP103499,2026-04-04,Dhaka Hub,Comilla Hub,Comilla,eCourier,Delivered,33.78
SHP103500,2026-02-02,Sylhet DC,Mymensingh Hub,Mymensingh,eCourier,Delivered,43.38
SHP103501,2026-03-31,Dhaka Hub,Rangpur Hub,Rangpur,Pathao Courier,Delivered Late,32.35
SHP103502,2025-10-24,Khulna DC,Comilla Hub,Comilla,Steadfast Courier,Delivered,28.93
SHP103503,2026-04-04,Rajshahi DC,Mymensingh Hub,Mymensingh,eCourier,Delivered,35.17
SHP103504,2026-07-17,Khulna DC,Sylhet Hub,Sylhet,Sundarban Courier,In Transit,22.64
SHP103505,2025-10-17,Khulna DC,Rajshahi Hub,Rajshahi,Steadfast Courier,Delivered,25.88
SHP103506,2025-12-23,Chattogram DC,Barisal Hub,Barisal,Pathao Courier,In Transit,21.17
SHP103507,2026-04-28,Sylhet DC,Rajshahi Hub,Rajshahi,Pathao Courier,Delivered,35.47
SHP103508,2026-04-02,Dhaka Hub,Rangpur Hub,Rangpur,Sundarban Courier,Delivered,43.39
SHP103509,2026-04-22,Chattogram DC,Mymensingh Hub,Mymensingh,RedX,Delivered,24.88
SHP103510,2026-03-13,Sylhet DC,Chattogram Hub,Chattogram,Sundarban Courier,Delivered,28.84
SHP103511,2026-04-25,Khulna DC,Barisal Hub,Barisal,Steadfast Courier,Delivered,27.25
SHP103512,2026-03-30,Dhaka Hub,Dhaka Hub,Dhaka,Pathao Courier,Delivered Late,26.36
SHP103513,2025-09-26,Rajshahi DC,Barisal Hub,Barisal,Sundarban Courier,In Transit,40.25
SHP103514,2026-05-18,Sylhet DC,Rajshahi Hub,Rajshahi,RedX,Delivered,28.51
SHP103515,2026-02-02,Rajshahi DC,Sylhet Hub,Sylhet,Pathao Courier,Delivered,29.59
SHP103516,2025-09-18,Sylhet DC,Narayanganj Hub,Narayanganj,eCourier,Delivered,34.29
SHP103517,2026-01-20,Sylhet DC,Sylhet Hub,Sylhet,Sundarban Courier,Delivered,30.54
SHP103518,2026-01-29,Khulna DC,Dhaka Hub,Dhaka,Steadfast Courier,Delivered,33.17
SHP103519,2025-10-01,Rajshahi DC,Khulna Hub,Khulna,RedX,Delivered,17.2
SHP103520,2026-08-11,Dhaka Hub,Mymensingh Hub,Mymensingh,Pathao Courier,Delivered,35.87
SHP103521,2025-11-16,Sylhet DC,Dhaka Hub,Dhaka,Pathao Courier,Delayed,46.64
SHP103522,2025-12-24,Dhaka Hub,Rajshahi Hub,Rajshahi,Pathao Courier,Delayed,38.14
SHP103523,2026-01-31,Sylhet DC,Rajshahi Hub,Rajshahi,Steadfast Courier,Delivered,45.19
SHP103524,2026-06-16,Rajshahi DC,Comilla Hub,Comilla,RedX,Delivered,28.66
SHP103525,2026-05-16,Rajshahi DC,Dhaka Hub,Dhaka,Sundarban Courier,Delivered,50.09
SHP103526,2026-05-25,Chattogram DC,Dhaka Hub,Dhaka,Pathao Courier,Delivered,37.68
SHP103527,2025-11-22,Chattogram DC,Barisal Hub,Barisal,Steadfast Courier,Delivered,19.53
SHP103528,2026-06-20,Sylhet DC,Chattogram Hub,Chattogram,Pathao Courier,Delivered,20.71
SHP103529,2026-06-15,Chattogram DC,Mymensingh Hub,Mymensingh,eCourier,Delivered Late,32.81
SHP103530,2026-02-08,Dhaka Hub,Sylhet Hub,Sylhet,eCourier,Delivered,30.75
SHP103531,2026-03-08,Chattogram DC,Barisal Hub,Barisal,Sundarban Courier,Delivered,41.21
SHP103532,2025-09-13,Sylhet DC,Dhaka Hub,Dhaka,RedX,Delivered,33.51
SHP103533,2026-05-22,Sylhet DC,Rangpur Hub,Rangpur,Pathao Courier,Delivered,39.33
SHP103534,2026-07-30,Rajshahi DC,Barisal Hub,Barisal,Sundarban Courier,Delivered,32.27
SHP103535,2026-02-11,Sylhet DC,Dhaka Hub,Dhaka,Steadfast Courier,Delivered,34.91
SHP103536,2026-03-07,Chattogram DC,Sylhet Hub,Sylhet,RedX,Delivered,16.37
SHP103537,2026-02-20,Khulna DC,Dhaka Hub,Dhaka,eCourier,Delivered,43.24
SHP103538,2025-09-29,Khulna DC,Dhaka Hub,Dhaka,RedX,Delivered,37.74
SHP103539,2026-04-03,Sylhet DC,Rangpur Hub,Rangpur,Pathao Courier,Delivered,41.89
SHP103540,2026-05-08,Sylhet DC,Rajshahi Hub,Rajshahi,eCourier,In Transit,47.43
SHP103541,2026-07-19,Chattogram DC,Comilla Hub,Comilla,RedX,In Transit,22.6
SHP103542,2026-07-19,Rajshahi DC,Sylhet Hub,Sylhet,Pathao Courier,Delivered,29.48
SHP103543,2026-02-18,Rajshahi DC,Mymensingh Hub,Mymensingh,Sundarban Courier,In Transit,43.03
SHP103544,2026-07-29,Dhaka Hub,Rangpur Hub,Rangpur,RedX,Delivered,30.75
SHP103545,2026-03-02,Chattogram DC,Rangpur Hub,Rangpur,eCourier,Delivered,33.28
SHP103546,2026-04-11,Chattogram DC,Comilla Hub,Comilla,Pathao Courier,Delivered,30.49
SHP103547,2026-03-28,Rajshahi DC,Mymensingh Hub,Mymensingh,Steadfast Courier,Delivered,34.27
SHP103548,2026-08-12,Dhaka Hub,Mymensingh Hub,Mymensingh,Sundarban Courier,Delivered,35.56
SHP103549,2026-05-14,Chattogram DC,Mymensingh Hub,Mymensingh,Pathao Courier,Cancelled,36.37
SHP103550,2025-10-12,Chattogram DC,Rajshahi Hub,Rajshahi,Pathao Courier,Delivered,39.98
SHP103551,2025-09-25,Sylhet DC,Mymensingh Hub,Mymensingh,eCourier,Delivered,45.78
SHP103552,2026-01-20,Chattogram DC,Comilla Hub,Comilla,Sundarban Courier,Delivered,39.68
SHP103553,2026-02-26,Sylhet DC,Mymensingh Hub,Mymensingh,Sundarban Courier,In Transit,45.04
SHP103554,2026-04-20,Khulna DC,Rangpur Hub,Rangpur,Pathao Courier,Delivered,31.39
SHP103555,2026-02-14,Rajshahi DC,Dhaka Hub,Dhaka,RedX,Delayed,34.71
SHP103556,2026-02-26,Dhaka Hub,Rajshahi Hub,Rajshahi,eCourier,Delivered,40.23
SHP103557,2026-07-16,Dhaka Hub,Dhaka Hub,Dhaka,Sundarban Courier,Delivered Late,38.73
SHP103558,2025-12-25,Dhaka Hub,Chattogram Hub,Chattogram,Steadfast Courier,Delivered,29.58
SHP103559,2026-02-18,Rajshahi DC,Khulna Hub,Khulna,Pathao Courier,Delivered,13.35
SHP103560,2026-03-12,Khulna DC,Rajshahi Hub,Rajshahi,Pathao Courier,Delivered,38.17
SHP103561,2026-02-10,Sylhet DC,Barisal Hub,Barisal,RedX,Delivered,23.12
SHP103562,2026-08-01,Khulna DC,Narayanganj Hub,Narayanganj,eCourier,Delivered,23.24
SHP103563,2026-07-30,Sylhet DC,Mymensingh Hub,Mymensingh,Pathao Courier,Delivered,27.48
SHP103564,2026-02-25,Chattogram DC,Rajshahi Hub,Rajshahi,RedX,Delivered,37.37
SHP103565,2026-02-03,Sylhet DC,Khulna Hub,Khulna,Sundarban Courier,Delivered,28.15
SHP103566,2026-03-23,Khulna DC,Mymensingh Hub,Mymensingh,RedX,Delivered,27.45
SHP103567,2025-11-02,Dhaka Hub,Sylhet Hub,Sylhet,RedX,Delivered,16.47
SHP103568,2026-01-26,Khulna DC,Comilla Hub,Comilla,Steadfast Courier,Delivered Late,26.19
SHP103569,2025-11-15,Sylhet DC,Mymensingh Hub,Mymensingh,Sundarban Courier,Returned,40.01
SHP103570,2025-10-20,Dhaka Hub,Rangpur Hub,Rangpur,RedX,Delivered,29.32
SHP103571,2025-10-03,Chattogram DC,Sylhet Hub,Sylhet,RedX,Delivered,26.38
SHP103572,2026-03-23,Sylhet DC,Rangpur Hub,Rangpur,Sundarban Courier,Cancelled,44.05
SHP103573,2025-09-01,Chattogram DC,Comilla Hub,Comilla,Pathao Courier,Delayed,25.55
SHP103574,2026-04-12,Chattogram DC,Dhaka Hub,Dhaka,Steadfast Courier,Delayed,48.76
SHP103575,2026-01-28,Khulna DC,Chattogram Hub,Chattogram,Pathao Courier,Delivered,34.68
SHP103576,2026-01-05,Sylhet DC,Barisal Hub,Barisal,eCourier,Delivered,31.99
SHP103577,2026-05-25,Sylhet DC,Khulna Hub,Khulna,Pathao Courier,Delayed,25.54
SHP103578,2026-03-06,Khulna DC,Mymensingh Hub,Mymensingh,eCourier,Delivered,42.56
SHP103579,2026-05-12,Dhaka Hub,Rajshahi Hub,Rajshahi,Pathao Courier,Delivered,33.74
SHP103580,2026-05-04,Chattogram DC,Narayanganj Hub,Narayanganj,Steadfast Courier,Returned,38.48
SHP103581,2025-09-12,Dhaka Hub,Sylhet Hub,Sylhet,RedX,In Transit,22.01
SHP103582,2025-11-14,Rajshahi DC,Khulna Hub,Khulna,Pathao Courier,Delivered,23.68
SHP103583,2026-03-17,Dhaka Hub,Dhaka Hub,Dhaka,RedX,Delivered,27.0
SHP103584,2026-08-04,Rajshahi DC,Sylhet Hub,Sylhet,RedX,In Transit,23.36
SHP103585,2025-10-24,Dhaka Hub,Sylhet Hub,Sylhet,Sundarban Courier,Delivered,43.23
SHP103586,2025-10-07,Chattogram DC,Mymensingh Hub,Mymensingh,Pathao Courier,Delivered,35.16
SHP103587,2026-07-23,Khulna DC,Khulna Hub,Khulna,eCourier,Delivered,14.24
SHP103588,2026-08-01,Rajshahi DC,Sylhet Hub,Sylhet,eCourier,Delivered,32.46
SHP103589,2025-10-28,Dhaka Hub,Khulna Hub,Khulna,Sundarban Courier,Delivered Late,34.52
SHP103590,2026-01-17,Chattogram DC,Barisal Hub,Barisal,Steadfast Courier,Cancelled,23.74
SHP103591,2026-04-05,Rajshahi DC,Mymensingh Hub,Mymensingh,Pathao Courier,Delivered,30.76
SHP103592,2025-11-07,Chattogram DC,Narayanganj Hub,Narayanganj,Pathao Courier,Delivered,32.85
SHP103593,2025-12-22,Chattogram DC,Dhaka Hub,Dhaka,RedX,Delivered,36.64
SHP103594,2026-01-15,Khulna DC,Comilla Hub,Comilla,Pathao Courier,Delivered,19.66
SHP103595,2026-04-10,Dhaka Hub,Khulna Hub,Khulna,Pathao Courier,Delayed,33.63
SHP103596,2025-12-16,Rajshahi DC,Comilla Hub,Comilla,RedX,Delivered,30.38
SHP103597,2026-01-21,Rajshahi DC,Dhaka Hub,Dhaka,Sundarban Courier,Delayed,47.97
SHP103598,2025-12-10,Rajshahi DC,Rangpur Hub,Rangpur,Pathao Courier,In Transit,34.09
SHP103599,2026-05-21,Chattogram DC,Narayanganj Hub,Narayanganj,eCourier,Delivered,32.97
SHP103600,2025-10-23,Dhaka Hub,Dhaka Hub,Dhaka,RedX,Delivered,31.06
SHP103601,2025-11-19,Sylhet DC,Mymensingh Hub,Mymensingh,eCourier,Cancelled,39.59
SHP103602,2025-11-26,Chattogram DC,Chattogram Hub,Chattogram,RedX,Delivered,21.44
SHP103603,2026-07-11,Rajshahi DC,Narayanganj Hub,Narayanganj,Sundarban Courier,In Transit,36.92
SHP103604,2026-07-24,Khulna DC,Mymensingh Hub,Mymensingh,Pathao Courier,Delivered,40.65
SHP103605,2026-02-21,Rajshahi DC,Narayanganj Hub,Narayanganj,eCourier,Delivered,30.87
SHP103606,2025-10-25,Khulna DC,Comilla Hub,Comilla,Pathao Courier,Delivered,29.2
SHP103607,2026-05-20,Khulna DC,Khulna Hub,Khulna,Pathao Courier,Delivered,15.14
SHP103608,2026-02-18,Dhaka Hub,Rajshahi Hub,Rajshahi,eCourier,Delivered,34.3
SHP103609,2026-06-22,Dhaka Hub,Rangpur Hub,Rangpur,eCourier,Delivered,37.13
SHP103610,2026-01-03,Dhaka Hub,Chattogram Hub,Chattogram,RedX,Delivered,25.3
SHP103611,2026-08-12,Sylhet DC,Khulna Hub,Khulna,Pathao Courier,Delivered,26.34
SHP103612,2026-06-07,Chattogram DC,Dhaka Hub,Dhaka,Pathao Courier,Delivered,31.35
SHP103613,2025-11-17,Rajshahi DC,Comilla Hub,Comilla,Sundarban Courier,Delayed,30.9
SHP103614,2026-05-10,Dhaka Hub,Sylhet Hub,Sylhet,eCourier,In Transit,24.38
SHP103615,2025-12-09,Rajshahi DC,Rajshahi Hub,Rajshahi,Sundarban Courier,Delivered,33.38
SHP103616,2025-12-31,Khulna DC,Rajshahi Hub,Rajshahi,Pathao Courier,Cancelled,26.64
SHP103617,2025-11-26,Dhaka Hub,Khulna Hub,Khulna,Pathao Courier,Delivered,28.19
SHP103618,2026-04-25,Dhaka Hub,Mymensingh Hub,Mymensingh,RedX,Delivered,30.39
SHP103619,2025-11-30,Chattogram DC,Narayanganj Hub,Narayanganj,RedX,Delivered,23.13
SHP103620,2026-04-10,Chattogram DC,Barisal Hub,Barisal,Pathao Courier,In Transit,20.47
SHP103621,2026-03-21,Chattogram DC,Comilla Hub,Comilla,Pathao Courier,Delivered,24.44
SHP103622,2026-05-18,Sylhet DC,Chattogram Hub,Chattogram,Pathao Courier,In Transit,28.31
SHP103623,2026-08-10,Dhaka Hub,Narayanganj Hub,Narayanganj,Pathao Courier,Delivered,36.09
SHP103624,2025-09-04,Dhaka Hub,Chattogram Hub,Chattogram,RedX,Delivered,26.68
SHP103625,2026-08-09,Khulna DC,Dhaka Hub,Dhaka,Pathao Courier,Delivered,40.11
SHP103626,2025-10-08,Rajshahi DC,Dhaka Hub,Dhaka,RedX,Delivered,41.2
SHP103627,2026-03-02,Chattogram DC,Sylhet Hub,Sylhet,eCourier,Delivered,29.0
SHP103628,2025-12-27,Rajshahi DC,Comilla Hub,Comilla,Steadfast Courier,In Transit,37.74
SHP103629,2026-04-10,Chattogram DC,Khulna Hub,Khulna,Steadfast Courier,Delivered,35.41
SHP103630,2026-05-08,Chattogram DC,Mymensingh Hub,Mymensingh,Pathao Courier,Delivered,27.59
SHP103631,2026-06-25,Dhaka Hub,Rajshahi Hub,Rajshahi,Pathao Courier,Delivered Late,30.85
SHP103632,2026-01-18,Sylhet DC,Chattogram Hub,Chattogram,Sundarban Courier,Delivered,41.97
SHP103633,2026-07-20,Sylhet DC,Rajshahi Hub,Rajshahi,eCourier,In Transit,46.4
SHP103634,2025-12-21,Khulna DC,Sylhet Hub,Sylhet,Pathao Courier,Delivered,21.57
SHP103635,2025-11-10,Dhaka Hub,Sylhet Hub,Sylhet,Sundarban Courier,Delivered,30.43
SHP103636,2026-01-10,Dhaka Hub,Barisal Hub,Barisal,Sundarban Courier,Delivered,37.35
SHP103637,2026-03-02,Sylhet DC,Mymensingh Hub,Mymensingh,Pathao Courier,Delivered,24.82
SHP103638,2026-04-20,Dhaka Hub,Barisal Hub,Barisal,eCourier,Delivered,33.67
SHP103639,2026-06-16,Dhaka Hub,Sylhet Hub,Sylhet,RedX,Delivered,28.13
SHP103640,2025-11-17,Khulna DC,Mymensingh Hub,Mymensingh,RedX,Delivered,27.49
SHP103641,2025-12-14,Rajshahi DC,Rangpur Hub,Rangpur,Steadfast Courier,Delivered,47.72
SHP103642,2026-07-22,Sylhet DC,Sylhet Hub,Sylhet,Pathao Courier,Delivered,19.18
SHP103643,2026-01-31,Dhaka Hub,Comilla Hub,Comilla,Pathao Courier,Delivered,17.95
SHP103644,2025-11-23,Rajshahi DC,Comilla Hub,Comilla,Sundarban Courier,Delivered Late,28.21
SHP103645,2026-08-08,Sylhet DC,Rangpur Hub,Rangpur,RedX,Delivered,26.29
SHP103646,2026-02-03,Khulna DC,Sylhet Hub,Sylhet,RedX,Delivered,25.53
SHP103647,2026-08-07,Dhaka Hub,Khulna Hub,Khulna,Pathao Courier,Delivered,31.78
SHP103648,2026-07-16,Sylhet DC,Rajshahi Hub,Rajshahi,Steadfast Courier,Delivered,52.08
SHP103649,2026-07-11,Dhaka Hub,Chattogram Hub,Chattogram,Sundarban Courier,Delivered,37.66
SHP103650,2026-03-21,Khulna DC,Khulna Hub,Khulna,Sundarban Courier,In Transit,21.79
SHP103651,2026-06-04,Chattogram DC,Chattogram Hub,Chattogram,RedX,Delivered,20.8
SHP103652,2026-07-30,Rajshahi DC,Chattogram Hub,Chattogram,Steadfast Courier,Delivered,36.6
SHP103653,2025-12-03,Dhaka Hub,Mymensingh Hub,Mymensingh,RedX,Delivered,33.22
SHP103654,2025-09-14,Khulna DC,Chattogram Hub,Chattogram,Steadfast Courier,Delivered,39.9
SHP103655,2025-12-21,Dhaka Hub,Rajshahi Hub,Rajshahi,Pathao Courier,In Transit,33.87
SHP103656,2026-04-09,Khulna DC,Rajshahi Hub,Rajshahi,RedX,Delivered,37.07
SHP103657,2026-03-09,Sylhet DC,Dhaka Hub,Dhaka,eCourier,Delivered Late,40.82
SHP103658,2025-09-28,Rajshahi DC,Comilla Hub,Comilla,RedX,Delivered,16.53
SHP103659,2026-03-14,Khulna DC,Narayanganj Hub,Narayanganj,Sundarban Courier,Delivered,25.86
SHP103660,2025-10-31,Chattogram DC,Rangpur Hub,Rangpur,Steadfast Courier,Delivered,28.16
SHP103661,2026-02-22,Dhaka Hub,Rangpur Hub,Rangpur,Pathao Courier,Delivered,32.05
SHP103662,2026-03-19,Sylhet DC,Sylhet Hub,Sylhet,Sundarban Courier,Delivered,32.92
SHP103663,2026-04-09,Sylhet DC,Comilla Hub,Comilla,Steadfast Courier,Delivered,26.0
SHP103664,2026-01-21,Dhaka Hub,Mymensingh Hub,Mymensingh,Steadfast Courier,Delivered,38.24
SHP103665,2026-01-20,Sylhet DC,Rajshahi Hub,Rajshahi,Steadfast Courier,Delivered,36.76
SHP103666,2026-04-23,Chattogram DC,Mymensingh Hub,Mymensingh,Steadfast Courier,Delivered,32.81
SHP103667,2026-05-18,Chattogram DC,Narayanganj Hub,Narayanganj,Pathao Courier,Delivered,24.64
SHP103668,2026-06-07,Dhaka Hub,Rangpur Hub,Rangpur,Steadfast Courier,In Transit,37.92
SHP103669,2025-12-25,Chattogram DC,Chattogram Hub,Chattogram,Sundarban Courier,Delivered,30.59
SHP103670,2026-01-25,Chattogram DC,Khulna Hub,Khulna,RedX,Delivered,24.0
SHP103671,2025-12-24,Dhaka Hub,Chattogram Hub,Chattogram,Sundarban Courier,Delivered,34.27
SHP103672,2026-03-02,Sylhet DC,Khulna Hub,Khulna,eCourier,Delivered,26.01
SHP103673,2025-10-15,Chattogram DC,Comilla Hub,Comilla,RedX,Delivered,28.01
SHP103674,2026-01-27,Dhaka Hub,Chattogram Hub,Chattogram,eCourier,Delivered,32.59
SHP103675,2025-11-05,Sylhet DC,Comilla Hub,Comilla,Pathao Courier,Delivered,26.9
SHP103676,2026-03-04,Dhaka Hub,Sylhet Hub,Sylhet,Pathao Courier,Delivered,24.37
SHP103677,2026-06-22,Rajshahi DC,Rajshahi Hub,Rajshahi,Sundarban Courier,Delivered,33.93
SHP103678,2026-08-07,Sylhet DC,Barisal Hub,Barisal,Pathao Courier,Delivered,27.05
SHP103679,2026-02-02,Rajshahi DC,Chattogram Hub,Chattogram,RedX,Delivered,22.28
SHP103680,2025-09-20,Rajshahi DC,Chattogram Hub,Chattogram,Sundarban Courier,Delivered,34.11
SHP103681,2025-11-18,Rajshahi DC,Khulna Hub,Khulna,RedX,In Transit,19.59
SHP103682,2025-10-07,Sylhet DC,Dhaka Hub,Dhaka,Pathao Courier,Delivered,31.6
SHP103683,2026-05-21,Sylhet DC,Mymensingh Hub,Mymensingh,Pathao Courier,Delivered,29.84
SHP103684,2026-08-07,Khulna DC,Barisal Hub,Barisal,RedX,Delayed,19.66
SHP103685,2026-03-11,Dhaka Hub,Comilla Hub,Comilla,Sundarban Courier,Delivered,49.64
SHP103686,2025-11-01,Rajshahi DC,Comilla Hub,Comilla,Pathao Courier,Delivered,24.98
SHP103687,2025-09-08,Chattogram DC,Khulna Hub,Khulna,Pathao Courier,Delivered Late,26.45
SHP103688,2026-08-04,Dhaka Hub,Comilla Hub,Comilla,Pathao Courier,Delivered,19.72
SHP103689,2025-12-19,Chattogram DC,Dhaka Hub,Dhaka,RedX,Delivered,31.74
SHP103690,2025-10-09,Chattogram DC,Rajshahi Hub,Rajshahi,Pathao Courier,Delivered,46.27
SHP103691,2025-11-01,Dhaka Hub,Rangpur Hub,Rangpur,Sundarban Courier,Delivered,36.87
SHP103692,2025-11-28,Khulna DC,Rajshahi Hub,Rajshahi,RedX,Delivered,28.23
SHP103693,2026-04-15,Dhaka Hub,Mymensingh Hub,Mymensingh,RedX,Delivered,34.04
SHP103694,2026-07-06,Rajshahi DC,Comilla Hub,Comilla,RedX,Delivered,16.96
SHP103695,2025-12-05,Sylhet DC,Rajshahi Hub,Rajshahi,Pathao Courier,Delivered,33.31
SHP103696,2026-04-26,Khulna DC,Sylhet Hub,Sylhet,Steadfast Courier,Delivered,26.54
SHP103697,2025-09-23,Chattogram DC,Barisal Hub,Barisal,Sundarban Courier,Delivered,28.65
SHP103698,2025-09-04,Dhaka Hub,Comilla Hub,Comilla,Sundarban Courier,In Transit,39.92
SHP103699,2025-09-20,Dhaka Hub,Narayanganj Hub,Narayanganj,Steadfast Courier,Delivered Late,26.69
SHP103700,2026-07-17,Khulna DC,Comilla Hub,Comilla,RedX,Delivered,22.86
SHP103701,2026-03-21,Khulna DC,Sylhet Hub,Sylhet,RedX,Delivered,26.91
SHP103702,2026-06-06,Chattogram DC,Sylhet Hub,Sylhet,Steadfast Courier,Delivered,29.05
SHP103703,2025-09-08,Chattogram DC,Barisal Hub,Barisal,Pathao Courier,Delivered,21.17
SHP103704,2025-09-08,Rajshahi DC,Rajshahi Hub,Rajshahi,eCourier,Delivered,30.35
SHP103705,2026-06-21,Rajshahi DC,Rangpur Hub,Rangpur,RedX,Delivered,34.71
SHP103706,2025-10-06,Sylhet DC,Narayanganj Hub,Narayanganj,Sundarban Courier,In Transit,27.74
SHP103707,2025-10-24,Chattogram DC,Barisal Hub,Barisal,Pathao Courier,Delivered,19.12
SHP103708,2026-02-27,Chattogram DC,Khulna Hub,Khulna,Pathao Courier,Delivered,27.39
SHP103709,2026-03-29,Sylhet DC,Comilla Hub,Comilla,Steadfast Courier,Delivered,28.67
SHP103710,2025-11-19,Sylhet DC,Rajshahi Hub,Rajshahi,Pathao Courier,Delivered,29.28
SHP103711,2026-02-01,Dhaka Hub,Rangpur Hub,Rangpur,Pathao Courier,Delivered,43.19
SHP103712,2026-04-22,Dhaka Hub,Chattogram Hub,Chattogram,RedX,Delivered,27.38
SHP103713,2026-02-01,Sylhet DC,Barisal Hub,Barisal,eCourier,In Transit,37.01
SHP103714,2026-01-11,Khulna DC,Rajshahi Hub,Rajshahi,Pathao Courier,Delivered Late,32.62
SHP103715,2025-09-25,Dhaka Hub,Chattogram Hub,Chattogram,eCourier,In Transit,31.62
SHP103716,2026-02-04,Sylhet DC,Sylhet Hub,Sylhet,RedX,Delivered,23.75
SHP103717,2026-06-05,Dhaka Hub,Mymensingh Hub,Mymensingh,eCourier,Delivered,38.06
SHP103718,2026-04-05,Chattogram DC,Chattogram Hub,Chattogram,Pathao Courier,In Transit,19.35
SHP103719,2026-07-06,Khulna DC,Chattogram Hub,Chattogram,Pathao Courier,Delivered,29.95
SHP103720,2025-10-14,Chattogram DC,Dhaka Hub,Dhaka,RedX,In Transit,34.93
SHP103721,2025-09-04,Chattogram DC,Dhaka Hub,Dhaka,Pathao Courier,Delayed,30.99
SHP103722,2026-03-09,Rajshahi DC,Rajshahi Hub,Rajshahi,RedX,Delivered,24.59
SHP103723,2025-11-01,Dhaka Hub,Rajshahi Hub,Rajshahi,Pathao Courier,Delivered,33.29
SHP103724,2026-03-25,Dhaka Hub,Rangpur Hub,Rangpur,eCourier,Delivered,45.87
SHP103725,2026-07-10,Rajshahi DC,Barisal Hub,Barisal,Steadfast Courier,Delivered,21.01
SHP103726,2025-12-26,Sylhet DC,Barisal Hub,Barisal,eCourier,In Transit,24.87
SHP103727,2026-03-10,Dhaka Hub,Narayanganj Hub,Narayanganj,Steadfast Courier,Delivered,31.94
SHP103728,2026-04-24,Sylhet DC,Sylhet Hub,Sylhet,Steadfast Courier,Delivered,25.44
SHP103729,2025-10-22,Sylhet DC,Mymensingh Hub,Mymensingh,Sundarban Courier,Delivered,41.34
SHP103730,2026-07-08,Chattogram DC,Dhaka Hub,Dhaka,Sundarban Courier,Delivered,53.1
SHP103731,2025-11-10,Sylhet DC,Comilla Hub,Comilla,Steadfast Courier,Delivered Late,22.7
SHP103732,2026-06-07,Khulna DC,Khulna Hub,Khulna,Steadfast Courier,Delivered,18.56
SHP103733,2026-04-17,Chattogram DC,Khulna Hub,Khulna,Steadfast Courier,Delivered,30.26
SHP103734,2025-10-19,Rajshahi DC,Chattogram Hub,Chattogram,eCourier,Delivered,35.72
SHP103735,2026-05-09,Sylhet DC,Barisal Hub,Barisal,Pathao Courier,Delivered,30.09
SHP103736,2025-11-07,Rajshahi DC,Khulna Hub,Khulna,Steadfast Courier,Delivered,30.87
SHP103737,2026-03-27,Dhaka Hub,Narayanganj Hub,Narayanganj,Steadfast Courier,Delivered,33.34
SHP103738,2026-07-30,Chattogram DC,Chattogram Hub,Chattogram,RedX,Delivered,22.59
SHP103739,2026-07-27,Khulna DC,Rajshahi Hub,Rajshahi,eCourier,In Transit,42.59
SHP103740,2026-06-29,Rajshahi DC,Narayanganj Hub,Narayanganj,RedX,Delivered,27.0
SHP103741,2026-02-18,Chattogram DC,Comilla Hub,Comilla,Steadfast Courier,Delivered,28.15
SHP103742,2026-03-13,Rajshahi DC,Mymensingh Hub,Mymensingh,Pathao Courier,Delivered,30.52
SHP103743,2025-12-13,Dhaka Hub,Barisal Hub,Barisal,Steadfast Courier,Delivered,38.67
SHP103744,2026-07-16,Sylhet DC,Comilla Hub,Comilla,Pathao Courier,Delivered,15.11
SHP103745,2026-02-13,Chattogram DC,Sylhet Hub,Sylhet,Sundarban Courier,Delivered,32.66
SHP103746,2026-05-25,Sylhet DC,Comilla Hub,Comilla,Pathao Courier,Delivered,30.69
SHP103747,2026-01-03,Rajshahi DC,Barisal Hub,Barisal,Sundarban Courier,In Transit,43.33
SHP103748,2026-05-15,Khulna DC,Khulna Hub,Khulna,Pathao Courier,Delivered,17.96
SHP103749,2025-11-17,Khulna DC,Sylhet Hub,Sylhet,Steadfast Courier,In Transit,31.75
SHP103750,2026-05-12,Chattogram DC,Barisal Hub,Barisal,RedX,Delivered Late,29.33
SHP103751,2025-09-16,Rajshahi DC,Dhaka Hub,Dhaka,Steadfast Courier,In Transit,42.92
SHP103752,2025-10-07,Sylhet DC,Mymensingh Hub,Mymensingh,Pathao Courier,Delivered,35.13
SHP103753,2025-12-31,Khulna DC,Sylhet Hub,Sylhet,Pathao Courier,Delivered,23.59
SHP103754,2026-02-14,Khulna DC,Khulna Hub,Khulna,eCourier,In Transit,15.13
SHP103755,2026-05-05,Khulna DC,Chattogram Hub,Chattogram,eCourier,In Transit,33.52
SHP103756,2026-01-03,Khulna DC,Rajshahi Hub,Rajshahi,RedX,In Transit,30.49
SHP103757,2025-09-07,Sylhet DC,Khulna Hub,Khulna,eCourier,Returned,23.05
SHP103758,2025-12-22,Khulna DC,Chattogram Hub,Chattogram,eCourier,Delivered,30.35
SHP103759,2026-01-30,Rajshahi DC,Comilla Hub,Comilla,RedX,Delivered,19.92
SHP103760,2026-03-08,Chattogram DC,Mymensingh Hub,Mymensingh,Steadfast Courier,In Transit,36.9
SHP103761,2026-04-11,Sylhet DC,Khulna Hub,Khulna,eCourier,Delivered,24.36
SHP103762,2025-11-25,Dhaka Hub,Dhaka Hub,Dhaka,RedX,Delivered Late,28.39
SHP103763,2026-03-31,Chattogram DC,Comilla Hub,Comilla,Sundarban Courier,In Transit,27.05
SHP103764,2026-04-07,Khulna DC,Rangpur Hub,Rangpur,Pathao Courier,Delivered,28.59
SHP103765,2026-05-27,Khulna DC,Barisal Hub,Barisal,Pathao Courier,Delivered,29.77
SHP103766,2026-02-28,Chattogram DC,Rangpur Hub,Rangpur,eCourier,Delivered,40.15
SHP103767,2026-06-08,Sylhet DC,Dhaka Hub,Dhaka,eCourier,Delayed,51.84
SHP103768,2025-11-16,Rajshahi DC,Rajshahi Hub,Rajshahi,Sundarban Courier,Delivered,35.34
SHP103769,2026-05-05,Dhaka Hub,Chattogram Hub,Chattogram,RedX,Delivered,27.71
SHP103770,2025-09-16,Dhaka Hub,Rangpur Hub,Rangpur,Pathao Courier,Delivered,33.31
SHP103771,2025-10-06,Chattogram DC,Narayanganj Hub,Narayanganj,Pathao Courier,In Transit,33.76
SHP103772,2026-06-27,Khulna DC,Barisal Hub,Barisal,Steadfast Courier,Delivered,28.17
SHP103773,2026-02-12,Chattogram DC,Rangpur Hub,Rangpur,Sundarban Courier,Delivered,51.59
SHP103774,2026-04-03,Rajshahi DC,Rangpur Hub,Rangpur,Pathao Courier,Delivered,39.26
SHP103775,2026-03-28,Rajshahi DC,Narayanganj Hub,Narayanganj,Sundarban Courier,Delivered,37.26
SHP103776,2026-04-29,Sylhet DC,Dhaka Hub,Dhaka,Sundarban Courier,In Transit,49.12
SHP103777,2025-11-24,Chattogram DC,Khulna Hub,Khulna,eCourier,Delivered,33.5
SHP103778,2025-11-01,Dhaka Hub,Sylhet Hub,Sylhet,Steadfast Courier,Delivered,34.22
SHP103779,2025-09-15,Rajshahi DC,Mymensingh Hub,Mymensingh,RedX,Delivered,21.86
SHP103780,2026-06-27,Rajshahi DC,Rajshahi Hub,Rajshahi,RedX,Delivered,24.11
SHP103781,2025-11-17,Sylhet DC,Mymensingh Hub,Mymensingh,Sundarban Courier,Delivered,34.63
SHP103782,2026-03-19,Sylhet DC,Rajshahi Hub,Rajshahi,RedX,Delivered Late,36.95
SHP103783,2026-02-05,Khulna DC,Narayanganj Hub,Narayanganj,Sundarban Courier,Delivered,44.29
SHP103784,2025-10-27,Khulna DC,Mymensingh Hub,Mymensingh,Pathao Courier,Delivered,36.33
SHP103785,2026-01-22,Dhaka Hub,Dhaka Hub,Dhaka,Steadfast Courier,Delivered,32.23
SHP103786,2025-09-29,Khulna DC,Narayanganj Hub,Narayanganj,Sundarban Courier,In Transit,40.68
SHP103787,2025-11-01,Rajshahi DC,Narayanganj Hub,Narayanganj,Sundarban Courier,Delivered,39.28
SHP103788,2025-10-19,Khulna DC,Dhaka Hub,Dhaka,Pathao Courier,Delivered,38.86
SHP103789,2026-06-13,Sylhet DC,Khulna Hub,Khulna,eCourier,Delivered,20.29
SHP103790,2026-03-16,Sylhet DC,Narayanganj Hub,Narayanganj,Pathao Courier,Cancelled,35.64
SHP103791,2026-07-18,Chattogram DC,Comilla Hub,Comilla,Sundarban Courier,Delivered,24.52
SHP103792,2026-01-29,Khulna DC,Rajshahi Hub,Rajshahi,eCourier,Delivered,37.37
SHP103793,2025-11-09,Chattogram DC,Barisal Hub,Barisal,Sundarban Courier,Delivered,37.36
SHP103794,2026-03-30,Chattogram DC,Dhaka Hub,Dhaka,Steadfast Courier,Delivered,51.39
SHP103795,2026-07-19,Chattogram DC,Barisal Hub,Barisal,Pathao Courier,Cancelled,30.3
SHP103796,2026-03-04,Chattogram DC,Rangpur Hub,Rangpur,eCourier,Delivered,35.09
SHP103797,2025-09-07,Chattogram DC,Khulna Hub,Khulna,Steadfast Courier,Delivered Late,27.64
SHP103798,2025-12-15,Dhaka Hub,Khulna Hub,Khulna,RedX,In Transit,25.22
SHP103799,2026-07-18,Khulna DC,Comilla Hub,Comilla,RedX,Delivered,23.38
SHP103800,2026-02-27,Sylhet DC,Rajshahi Hub,Rajshahi,Sundarban Courier,Delivered,46.55
SHP103801,2026-07-27,Rajshahi DC,Sylhet Hub,Sylhet,eCourier,Delivered,27.06
SHP103802,2026-02-24,Dhaka Hub,Khulna Hub,Khulna,Steadfast Courier,Delivered,33.45
SHP103803,2025-09-05,Khulna DC,Rajshahi Hub,Rajshahi,eCourier,Cancelled,39.51
SHP103804,2026-06-30,Dhaka Hub,Sylhet Hub,Sylhet,Steadfast Courier,In Transit,36.68
SHP103805,2026-05-23,Sylhet DC,Barisal Hub,Barisal,RedX,Delivered,15.4
SHP103806,2026-05-06,Sylhet DC,Comilla Hub,Comilla,RedX,In Transit,22.54
SHP103807,2026-08-02,Sylhet DC,Mymensingh Hub,Mymensingh,Sundarban Courier,Delivered,47.44
SHP103808,2025-11-07,Khulna DC,Sylhet Hub,Sylhet,eCourier,Delivered,25.85
SHP103809,2026-07-11,Rajshahi DC,Rajshahi Hub,Rajshahi,Steadfast Courier,Delivered,25.62
SHP103810,2025-11-20,Chattogram DC,Barisal Hub,Barisal,RedX,In Transit,17.74
SHP103811,2026-08-02,Rajshahi DC,Rangpur Hub,Rangpur,Pathao Courier,Delivered,25.41
SHP103812,2025-11-06,Dhaka Hub,Mymensingh Hub,Mymensingh,RedX,Delivered,32.93
SHP103813,2026-03-10,Chattogram DC,Rajshahi Hub,Rajshahi,eCourier,Delivered,33.44
SHP103814,2026-06-01,Chattogram DC,Khulna Hub,Khulna,Steadfast Courier,Delivered,24.64
SHP103815,2025-09-28,Rajshahi DC,Rangpur Hub,Rangpur,Pathao Courier,Delivered,28.1
SHP103816,2025-09-24,Dhaka Hub,Chattogram Hub,Chattogram,Pathao Courier,Delivered,33.89
SHP103817,2026-06-22,Chattogram DC,Rangpur Hub,Rangpur,Sundarban Courier,In Transit,44.39
SHP103818,2025-09-21,Sylhet DC,Comilla Hub,Comilla,Pathao Courier,Cancelled,23.99
SHP103819,2026-04-01,Rajshahi DC,Mymensingh Hub,Mymensingh,Steadfast Courier,Delivered,31.44
SHP103820,2026-07-22,Sylhet DC,Rajshahi Hub,Rajshahi,Sundarban Courier,Delayed,47.47
SHP103821,2026-04-01,Rajshahi DC,Comilla Hub,Comilla,RedX,In Transit,23.87
SHP103822,2026-02-14,Khulna DC,Barisal Hub,Barisal,Pathao Courier,In Transit,31.45
SHP103823,2026-01-23,Khulna DC,Barisal Hub,Barisal,Sundarban Courier,Delivered,37.82
SHP103824,2026-04-09,Khulna DC,Comilla Hub,Comilla,Steadfast Courier,In Transit,28.83
SHP103825,2026-03-17,Dhaka Hub,Chattogram Hub,Chattogram,Sundarban Courier,Delivered,40.29
SHP103826,2026-02-21,Sylhet DC,Mymensingh Hub,Mymensingh,Pathao Courier,Delivered,36.72
SHP103827,2025-10-24,Sylhet DC,Rangpur Hub,Rangpur,Pathao Courier,Delivered Late,36.96
SHP103828,2026-04-18,Chattogram DC,Barisal Hub,Barisal,Steadfast Courier,Delivered,27.44
SHP103829,2026-05-14,Dhaka Hub,Dhaka Hub,Dhaka,Steadfast Courier,In Transit,32.86
SHP103830,2026-05-04,Dhaka Hub,Mymensingh Hub,Mymensingh,Pathao Courier,Delivered,31.69
SHP103831,2025-09-26,Khulna DC,Sylhet Hub,Sylhet,RedX,Delivered,23.82
SHP103832,2026-05-02,Khulna DC,Comilla Hub,Comilla,Pathao Courier,Delivered,27.19
SHP103833,2026-05-11,Chattogram DC,Mymensingh Hub,Mymensingh,RedX,In Transit,31.74
SHP103834,2025-11-03,Khulna DC,Khulna Hub,Khulna,Pathao Courier,Delivered,17.78
SHP103835,2026-06-21,Khulna DC,Rajshahi Hub,Rajshahi,eCourier,In Transit,36.65
SHP103836,2026-03-01,Rajshahi DC,Dhaka Hub,Dhaka,Steadfast Courier,Delivered,38.74
SHP103837,2026-02-11,Rajshahi DC,Rajshahi Hub,Rajshahi,Pathao Courier,Delivered,26.38
SHP103838,2026-05-09,Rajshahi DC,Dhaka Hub,Dhaka,Sundarban Courier,Delivered,56.03
SHP103839,2026-02-24,Dhaka Hub,Narayanganj Hub,Narayanganj,Pathao Courier,Cancelled,26.35
SHP103840,2026-03-08,Khulna DC,Rangpur Hub,Rangpur,Sundarban Courier,Delayed,47.45
SHP103841,2025-12-18,Chattogram DC,Sylhet Hub,Sylhet,Pathao Courier,Delivered,27.38
SHP103842,2026-07-19,Sylhet DC,Comilla Hub,Comilla,Pathao Courier,Delivered,26.47
SHP103843,2026-08-02,Khulna DC,Dhaka Hub,Dhaka,Steadfast Courier,Delivered,46.07
SHP103844,2025-10-16,Khulna DC,Barisal Hub,Barisal,Pathao Courier,Delivered Late,28.71
SHP103845,2026-05-12,Sylhet DC,Chattogram Hub,Chattogram,eCourier,Delivered,35.26
SHP103846,2025-09-09,Rajshahi DC,Dhaka Hub,Dhaka,Pathao Courier,Delivered,38.44
SHP103847,2026-01-06,Dhaka Hub,Sylhet Hub,Sylhet,RedX,Delivered,17.47
SHP103848,2026-08-02,Dhaka Hub,Sylhet Hub,Sylhet,Sundarban Courier,Cancelled,39.06
SHP103849,2025-10-31,Dhaka Hub,Mymensingh Hub,Mymensingh,Steadfast Courier,Delivered,28.73
SHP103850,2026-01-09,Rajshahi DC,Comilla Hub,Comilla,Pathao Courier,Delivered Late,18.43
SHP103851,2025-11-15,Sylhet DC,Mymensingh Hub,Mymensingh,Pathao Courier,Delivered,28.91
SHP103852,2026-05-10,Sylhet DC,Mymensingh Hub,Mymensingh,eCourier,Delivered,39.64
SHP103853,2026-02-08,Khulna DC,Barisal Hub,Barisal,eCourier,Delivered,32.64
SHP103854,2026-03-25,Sylhet DC,Khulna Hub,Khulna,RedX,Delayed,23.82
SHP103855,2026-07-24,Sylhet DC,Sylhet Hub,Sylhet,Pathao Courier,Delivered Late,22.62
SHP103856,2026-02-28,Dhaka Hub,Narayanganj Hub,Narayanganj,Pathao Courier,Delivered,34.59
SHP103857,2026-05-13,Dhaka Hub,Barisal Hub,Barisal,eCourier,Delivered,30.75
SHP103858,2025-10-04,Rajshahi DC,Barisal Hub,Barisal,RedX,Delivered,17.92
SHP103859,2025-11-14,Sylhet DC,Dhaka Hub,Dhaka,RedX,Delivered,44.03
SHP103860,2026-07-25,Dhaka Hub,Rajshahi Hub,Rajshahi,Sundarban Courier,Cancelled,53.55
SHP103861,2026-06-25,Chattogram DC,Rangpur Hub,Rangpur,Pathao Courier,Delivered,42.81
SHP103862,2026-04-16,Chattogram DC,Rajshahi Hub,Rajshahi,Steadfast Courier,In Transit,41.86
SHP103863,2026-01-09,Chattogram DC,Rangpur Hub,Rangpur,eCourier,Delivered,36.32
SHP103864,2025-11-09,Chattogram DC,Comilla Hub,Comilla,Pathao Courier,In Transit,27.6
SHP103865,2026-06-22,Khulna DC,Dhaka Hub,Dhaka,Steadfast Courier,In Transit,31.76
SHP103866,2026-05-30,Dhaka Hub,Narayanganj Hub,Narayanganj,RedX,Delivered,24.22
SHP103867,2025-11-23,Chattogram DC,Comilla Hub,Comilla,Sundarban Courier,Delivered,34.82
SHP103868,2026-03-24,Sylhet DC,Rajshahi Hub,Rajshahi,Sundarban Courier,In Transit,43.43
SHP103869,2026-04-03,Sylhet DC,Mymensingh Hub,Mymensingh,eCourier,In Transit,40.8
SHP103870,2026-02-13,Rajshahi DC,Dhaka Hub,Dhaka,Sundarban Courier,Delivered,54.81
SHP103871,2026-07-18,Rajshahi DC,Khulna Hub,Khulna,RedX,Delayed,34.38
SHP103872,2025-10-13,Chattogram DC,Chattogram Hub,Chattogram,eCourier,In Transit,27.83
SHP103873,2025-11-29,Sylhet DC,Rangpur Hub,Rangpur,Pathao Courier,Delivered,25.07
SHP103874,2025-10-03,Dhaka Hub,Comilla Hub,Comilla,Steadfast Courier,Delivered,29.56
SHP103875,2026-04-28,Khulna DC,Rangpur Hub,Rangpur,Sundarban Courier,Delivered,44.23
SHP103876,2026-04-11,Dhaka Hub,Mymensingh Hub,Mymensingh,Sundarban Courier,Delivered,44.38
SHP103877,2026-08-08,Dhaka Hub,Chattogram Hub,Chattogram,RedX,In Transit,33.2
SHP103878,2026-03-07,Khulna DC,Narayanganj Hub,Narayanganj,RedX,In Transit,28.8
SHP103879,2025-10-23,Dhaka Hub,Chattogram Hub,Chattogram,Sundarban Courier,Delivered,39.85
SHP103880,2026-02-04,Sylhet DC,Barisal Hub,Barisal,RedX,Delivered,24.74
SHP103881,2025-10-01,Dhaka Hub,Rangpur Hub,Rangpur,Steadfast Courier,Delivered,44.39
SHP103882,2026-04-21,Khulna DC,Comilla Hub,Comilla,eCourier,Delivered,34.63
SHP103883,2026-04-22,Khulna DC,Narayanganj Hub,Narayanganj,eCourier,Delivered Late,29.6
SHP103884,2026-06-24,Sylhet DC,Barisal Hub,Barisal,Pathao Courier,Delivered,22.52
SHP103885,2025-12-27,Rajshahi DC,Barisal Hub,Barisal,Sundarban Courier,Delivered,40.85
SHP103886,2025-12-17,Sylhet DC,Rajshahi Hub,Rajshahi,RedX,Delivered,35.88
SHP103887,2025-09-25,Dhaka Hub,Barisal Hub,Barisal,Pathao Courier,In Transit,32.77
SHP103888,2026-01-22,Dhaka Hub,Rangpur Hub,Rangpur,eCourier,Delivered,33.39
SHP103889,2026-02-12,Chattogram DC,Rangpur Hub,Rangpur,Sundarban Courier,Delivered,45.44
SHP103890,2026-05-20,Chattogram DC,Barisal Hub,Barisal,Sundarban Courier,Cancelled,36.91
SHP103891,2026-05-19,Chattogram DC,Rajshahi Hub,Rajshahi,Pathao Courier,In Transit,34.79
SHP103892,2025-10-19,Chattogram DC,Chattogram Hub,Chattogram,Sundarban Courier,Delivered,24.9
SHP103893,2025-12-08,Sylhet DC,Dhaka Hub,Dhaka,Sundarban Courier,Delivered,50.9
SHP103894,2026-02-24,Dhaka Hub,Rajshahi Hub,Rajshahi,RedX,Delivered,43.27
SHP103895,2025-12-25,Khulna DC,Khulna Hub,Khulna,RedX,Delivered,23.58
SHP103896,2025-09-09,Chattogram DC,Rangpur Hub,Rangpur,Pathao Courier,Delivered,29.81
SHP103897,2026-06-20,Khulna DC,Narayanganj Hub,Narayanganj,Pathao Courier,Delivered,31.2
SHP103898,2026-05-12,Sylhet DC,Mymensingh Hub,Mymensingh,eCourier,Delivered,35.59
SHP103899,2026-02-27,Rajshahi DC,Comilla Hub,Comilla,Pathao Courier,Delivered,32.97
SHP103900,2025-12-19,Sylhet DC,Barisal Hub,Barisal,RedX,Cancelled,27.99
SHP103901,2026-06-19,Chattogram DC,Narayanganj Hub,Narayanganj,RedX,Delivered Late,22.95
SHP103902,2025-09-13,Sylhet DC,Narayanganj Hub,Narayanganj,RedX,Delivered,23.59
SHP103903,2026-02-02,Khulna DC,Chattogram Hub,Chattogram,Steadfast Courier,Delivered,39.76
SHP103904,2026-06-05,Sylhet DC,Rangpur Hub,Rangpur,RedX,Delivered,40.03
SHP103905,2026-07-27,Sylhet DC,Barisal Hub,Barisal,Steadfast Courier,Delivered,39.73
SHP103906,2025-11-26,Sylhet DC,Narayanganj Hub,Narayanganj,Steadfast Courier,Delivered,39.5
SHP103907,2026-04-14,Chattogram DC,Barisal Hub,Barisal,Pathao Courier,Delayed,31.86
SHP103908,2025-11-05,Chattogram DC,Dhaka Hub,Dhaka,Pathao Courier,Delayed,30.43
SHP103909,2025-10-11,Rajshahi DC,Sylhet Hub,Sylhet,Sundarban Courier,Delayed,33.85
SHP103910,2026-01-01,Khulna DC,Chattogram Hub,Chattogram,Sundarban Courier,Delivered,34.66
SHP103911,2026-07-04,Dhaka Hub,Sylhet Hub,Sylhet,RedX,In Transit,25.51
SHP103912,2026-04-27,Rajshahi DC,Dhaka Hub,Dhaka,Pathao Courier,Delivered Late,37.35
SHP103913,2026-02-17,Khulna DC,Mymensingh Hub,Mymensingh,Pathao Courier,Delivered,29.39
SHP103914,2025-12-07,Dhaka Hub,Rajshahi Hub,Rajshahi,Sundarban Courier,Delivered,48.26
SHP103915,2025-10-20,Khulna DC,Rangpur Hub,Rangpur,RedX,Delivered,36.85
SHP103916,2025-12-03,Sylhet DC,Narayanganj Hub,Narayanganj,RedX,Delivered,33.63
SHP103917,2025-10-23,Rajshahi DC,Rangpur Hub,Rangpur,Steadfast Courier,In Transit,36.31
SHP103918,2025-11-04,Sylhet DC,Rajshahi Hub,Rajshahi,Pathao Courier,Delivered,26.5
SHP103919,2026-04-26,Sylhet DC,Sylhet Hub,Sylhet,Sundarban Courier,Returned,22.78
SHP103920,2025-10-16,Chattogram DC,Mymensingh Hub,Mymensingh,Steadfast Courier,Delivered,33.98
SHP103921,2025-09-17,Chattogram DC,Barisal Hub,Barisal,RedX,Delivered,28.47
SHP103922,2026-03-07,Khulna DC,Mymensingh Hub,Mymensingh,RedX,Delivered,38.65
SHP103923,2025-12-09,Rajshahi DC,Dhaka Hub,Dhaka,RedX,Delivered,30.02
SHP103924,2026-02-05,Rajshahi DC,Chattogram Hub,Chattogram,Pathao Courier,Delayed,32.27
SHP103925,2025-10-19,Khulna DC,Chattogram Hub,Chattogram,Steadfast Courier,Delivered,25.97
SHP103926,2025-11-12,Khulna DC,Rangpur Hub,Rangpur,RedX,Delivered,44.63
SHP103927,2026-01-31,Sylhet DC,Barisal Hub,Barisal,RedX,Delivered,28.1
SHP103928,2026-04-27,Chattogram DC,Khulna Hub,Khulna,RedX,In Transit,29.19
SHP103929,2026-01-22,Khulna DC,Khulna Hub,Khulna,Sundarban Courier,Delivered,16.94
SHP103930,2026-03-07,Chattogram DC,Rangpur Hub,Rangpur,Pathao Courier,Delivered,34.43
SHP103931,2026-02-28,Chattogram DC,Narayanganj Hub,Narayanganj,eCourier,Delivered Late,39.48
SHP103932,2025-12-03,Rajshahi DC,Narayanganj Hub,Narayanganj,RedX,Delivered,25.64
SHP103933,2025-12-06,Sylhet DC,Rajshahi Hub,Rajshahi,Pathao Courier,Delivered,34.22
SHP103934,2026-01-26,Chattogram DC,Rangpur Hub,Rangpur,Sundarban Courier,Delivered,39.4
SHP103935,2025-09-12,Rajshahi DC,Dhaka Hub,Dhaka,Steadfast Courier,Delivered,43.88
SHP103936,2026-04-26,Rajshahi DC,Narayanganj Hub,Narayanganj,Sundarban Courier,Delivered,34.99
SHP103937,2026-04-01,Chattogram DC,Dhaka Hub,Dhaka,Sundarban Courier,Delivered,40.06
SHP103938,2025-12-15,Sylhet DC,Khulna Hub,Khulna,RedX,Delivered,25.67
SHP103939,2026-01-08,Sylhet DC,Mymensingh Hub,Mymensingh,eCourier,Delivered,38.95
SHP103940,2025-12-23,Khulna DC,Narayanganj Hub,Narayanganj,RedX,Delivered,22.61
SHP103941,2026-04-14,Rajshahi DC,Chattogram Hub,Chattogram,eCourier,Delivered,41.05
SHP103942,2026-05-21,Sylhet DC,Rangpur Hub,Rangpur,Pathao Courier,Delivered,32.43
SHP103943,2025-10-08,Khulna DC,Chattogram Hub,Chattogram,Steadfast Courier,Delivered Late,36.62
SHP103944,2026-01-22,Sylhet DC,Dhaka Hub,Dhaka,Steadfast Courier,In Transit,48.02
SHP103945,2025-09-05,Rajshahi DC,Rajshahi Hub,Rajshahi,RedX,In Transit,25.16
SHP103946,2026-02-04,Sylhet DC,Barisal Hub,Barisal,RedX,Delivered,26.1
SHP103947,2025-11-25,Chattogram DC,Sylhet Hub,Sylhet,Pathao Courier,Delivered,28.86
SHP103948,2025-12-26,Sylhet DC,Narayanganj Hub,Narayanganj,Sundarban Courier,Delivered,46.4
SHP103949,2026-02-05,Rajshahi DC,Rangpur Hub,Rangpur,Pathao Courier,In Transit,39.22
SHP103950,2025-12-22,Khulna DC,Rajshahi Hub,Rajshahi,Pathao Courier,Delivered,33.27
SHP103951,2026-01-15,Dhaka Hub,Rajshahi Hub,Rajshahi,Steadfast Courier,Returned,35.03
SHP103952,2026-05-23,Dhaka Hub,Rajshahi Hub,Rajshahi,Pathao Courier,Delivered,35.03
SHP103953,2026-06-08,Sylhet DC,Chattogram Hub,Chattogram,RedX,Delivered,29.24
SHP103954,2025-09-03,Rajshahi DC,Rangpur Hub,Rangpur,Sundarban Courier,In Transit,40.93
SHP103955,2026-01-09,Sylhet DC,Mymensingh Hub,Mymensingh,Sundarban Courier,Delivered,36.62
SHP103956,2026-06-21,Sylhet DC,Rajshahi Hub,Rajshahi,Sundarban Courier,Delayed,52.5
SHP103957,2026-03-03,Khulna DC,Rajshahi Hub,Rajshahi,Sundarban Courier,Delivered,48.22
SHP103958,2025-11-11,Sylhet DC,Narayanganj Hub,Narayanganj,RedX,Delivered,36.47
SHP103959,2026-03-25,Rajshahi DC,Rangpur Hub,Rangpur,Steadfast Courier,Delivered,41.74
SHP103960,2025-10-21,Khulna DC,Sylhet Hub,Sylhet,Sundarban Courier,Delivered,37.08
SHP103961,2025-09-08,Khulna DC,Dhaka Hub,Dhaka,Steadfast Courier,Delivered Late,33.11
SHP103962,2026-04-07,Khulna DC,Comilla Hub,Comilla,RedX,Delivered,23.21
SHP103963,2026-02-26,Khulna DC,Rangpur Hub,Rangpur,RedX,Delivered,30.51
SHP103964,2026-05-20,Dhaka Hub,Rangpur Hub,Rangpur,Pathao Courier,Delivered,33.81
SHP103965,2025-12-29,Sylhet DC,Sylhet Hub,Sylhet,Pathao Courier,In Transit,20.43
SHP103966,2026-06-23,Dhaka Hub,Chattogram Hub,Chattogram,eCourier,In Transit,32.7
SHP103967,2026-01-24,Sylhet DC,Rajshahi Hub,Rajshahi,RedX,Delivered,33.86
SHP103968,2026-05-14,Dhaka Hub,Mymensingh Hub,Mymensingh,Sundarban Courier,In Transit,43.86
SHP103969,2025-10-05,Sylhet DC,Sylhet Hub,Sylhet,eCourier,In Transit,16.09
SHP103970,2025-10-04,Chattogram DC,Barisal Hub,Barisal,Sundarban Courier,Delivered,40.72
SHP103971,2026-05-29,Dhaka Hub,Narayanganj Hub,Narayanganj,eCourier,Returned,31.06
SHP103972,2026-06-16,Dhaka Hub,Sylhet Hub,Sylhet,Sundarban Courier,Delivered,30.21
SHP103973,2026-07-24,Sylhet DC,Sylhet Hub,Sylhet,Steadfast Courier,In Transit,15.62
SHP103974,2025-12-22,Dhaka Hub,Sylhet Hub,Sylhet,Pathao Courier,Delivered,17.13
SHP103975,2025-09-08,Rajshahi DC,Narayanganj Hub,Narayanganj,Pathao Courier,Cancelled,21.08
SHP103976,2026-08-06,Khulna DC,Barisal Hub,Barisal,RedX,Delivered,20.34
SHP103977,2026-03-28,Khulna DC,Narayanganj Hub,Narayanganj,Pathao Courier,Delivered,32.57
SHP103978,2025-11-25,Dhaka Hub,Narayanganj Hub,Narayanganj,Steadfast Courier,In Transit,33.59
SHP103979,2026-05-23,Khulna DC,Rajshahi Hub,Rajshahi,RedX,Delivered Late,27.31
SHP103980,2026-07-10,Khulna DC,Dhaka Hub,Dhaka,Pathao Courier,Delivered,24.5
SHP103981,2025-12-08,Chattogram DC,Khulna Hub,Khulna,Pathao Courier,Delivered,24.79
SHP103982,2026-05-25,Dhaka Hub,Barisal Hub,Barisal,Steadfast Courier,Delivered,28.67
SHP103983,2026-05-31,Sylhet DC,Khulna Hub,Khulna,RedX,Delivered,21.23
SHP103984,2026-02-21,Khulna DC,Dhaka Hub,Dhaka,Steadfast Courier,Delivered,47.29
SHP103985,2026-04-07,Dhaka Hub,Narayanganj Hub,Narayanganj,Pathao Courier,Delivered,26.77
SHP103986,2025-12-03,Dhaka Hub,Khulna Hub,Khulna,Steadfast Courier,Delivered,33.08
SHP103987,2026-07-19,Chattogram DC,Rangpur Hub,Rangpur,RedX,In Transit,37.6
SHP103988,2026-08-07,Sylhet DC,Narayanganj Hub,Narayanganj,RedX,Delivered,27.81
SHP103989,2026-08-06,Sylhet DC,Barisal Hub,Barisal,Sundarban Courier,Delivered,28.1
SHP103990,2026-05-14,Sylhet DC,Rangpur Hub,Rangpur,Pathao Courier,Delivered,38.58
SHP103991,2025-09-15,Chattogram DC,Dhaka Hub,Dhaka,Steadfast Courier,In Transit,38.16
SHP103992,2026-01-05,Dhaka Hub,Rangpur Hub,Rangpur,Steadfast Courier,Delivered,41.66
SHP103993,2026-02-01,Dhaka Hub,Comilla Hub,Comilla,Sundarban Courier,Delivered,39.58
SHP103994,2026-07-30,Dhaka Hub,Narayanganj Hub,Narayanganj,Steadfast Courier,In Transit,32.96
SHP103995,2026-03-09,Khulna DC,Dhaka Hub,Dhaka,Pathao Courier,Delivered,32.91
SHP103996,2026-03-05,Khulna DC,Sylhet Hub,Sylhet,Pathao Courier,In Transit,28.89
SHP103997,2025-10-21,Sylhet DC,Dhaka Hub,Dhaka,Pathao Courier,Delivered,31.9
SHP103998,2026-06-02,Dhaka Hub,Narayanganj Hub,Narayanganj,Sundarban Courier,Delivered Late,40.72
SHP103999,2025-12-26,Sylhet DC,Sylhet Hub,Sylhet,Pathao Courier,Delivered,15.21
SHP104000,2025-10-02,Rajshahi DC,Barisal Hub,Barisal,Sundarban Courier,Delivered,37.06
SHP104001,2026-08-08,Chattogram DC,Rajshahi Hub,Rajshahi,Pathao Courier,Delivered,21.35
SHP104002,2025-11-05,Sylhet DC,Rangpur Hub,Rangpur,eCourier,Delivered,38.08
SHP104003,2025-09-06,Sylhet DC,Comilla Hub,Comilla,eCourier,In Transit,38.28
SHP104004,2025-09-27,Chattogram DC,Khulna Hub,Khulna,RedX,Delivered,22.93
SHP104005,2026-02-04,Sylhet DC,Mymensingh Hub,Mymensingh,Pathao Courier,Delivered,28.64
SHP104006,2025-10-06,Sylhet DC,Sylhet Hub,Sylhet,eCourier,Delivered,21.41
SHP104007,2026-06-19,Sylhet DC,Chattogram Hub,Chattogram,Pathao Courier,In Transit,24.91
SHP104008,2026-02-25,Khulna DC,Chattogram Hub,Chattogram,eCourier,Delayed,31.29
SHP104009,2025-12-22,Sylhet DC,Khulna Hub,Khulna,RedX,Delivered,26.92
SHP104010,2025-09-02,Dhaka Hub,Barisal Hub,Barisal,Sundarban Courier,Delivered,40.16
SHP104011,2026-02-14,Dhaka Hub,Mymensingh Hub,Mymensingh,Pathao Courier,Delivered Late,25.84
SHP104012,2025-10-23,Sylhet DC,Comilla Hub,Comilla,eCourier,In Transit,30.68
SHP104013,2026-08-05,Rajshahi DC,Barisal Hub,Barisal,Steadfast Courier,Delivered,31.7
SHP104014,2025-12-10,Dhaka Hub,Rajshahi Hub,Rajshahi,RedX,Delivered,34.3
SHP104015,2026-02-12,Dhaka Hub,Chattogram Hub,Chattogram,Steadfast Courier,Delivered Late,32.14
SHP104016,2025-09-07,Khulna DC,Narayanganj Hub,Narayanganj,Steadfast Courier,Delivered,28.08
SHP104017,2025-10-16,Sylhet DC,Khulna Hub,Khulna,Pathao Courier,Returned,28.39
SHP104018,2025-11-11,Chattogram DC,Mymensingh Hub,Mymensingh,eCourier,In Transit,33.2
SHP104019,2025-09-18,Chattogram DC,Rangpur Hub,Rangpur,Sundarban Courier,In Transit,37.13
SHP104020,2026-05-10,Khulna DC,Narayanganj Hub,Narayanganj,Sundarban Courier,In Transit,27.06
SHP104021,2026-07-25,Sylhet DC,Narayanganj Hub,Narayanganj,Pathao Courier,Delayed,18.88
SHP104022,2026-08-07,Khulna DC,Mymensingh Hub,Mymensingh,Steadfast Courier,Delivered,32.4
SHP104023,2025-12-01,Chattogram DC,Rangpur Hub,Rangpur,eCourier,Delayed,47.18
SHP104024,2026-05-31,Sylhet DC,Chattogram Hub,Chattogram,Pathao Courier,Delivered,22.43
SHP104025,2026-02-22,Rajshahi DC,Dhaka Hub,Dhaka,Sundarban Courier,Delivered,47.18
SHP104026,2025-09-16,Chattogram DC,Barisal Hub,Barisal,Sundarban Courier,Delivered,33.34
SHP104027,2025-10-02,Chattogram DC,Mymensingh Hub,Mymensingh,eCourier,Delivered,33.66
SHP104028,2026-03-09,Dhaka Hub,Mymensingh Hub,Mymensingh,Steadfast Courier,Delivered,46.81
SHP104029,2026-01-25,Khulna DC,Sylhet Hub,Sylhet,Sundarban Courier,Delivered,36.34
SHP104030,2025-09-03,Dhaka Hub,Barisal Hub,Barisal,Sundarban Courier,Delivered,25.57
SHP104031,2026-07-19,Chattogram DC,Comilla Hub,Comilla,RedX,Delivered,23.05
SHP104032,2026-05-11,Khulna DC,Dhaka Hub,Dhaka,Sundarban Courier,Delivered,55.89
SHP104033,2026-02-21,Dhaka Hub,Khulna Hub,Khulna,RedX,Delivered,20.44
SHP104034,2026-08-08,Rajshahi DC,Narayanganj Hub,Narayanganj,Pathao Courier,Delivered,32.76
SHP104035,2026-08-03,Sylhet DC,Chattogram Hub,Chattogram,Pathao Courier,Delivered Late,26.3
SHP104036,2026-08-03,Chattogram DC,Khulna Hub,Khulna,Sundarban Courier,Delivered Late,34.65
SHP104037,2025-11-29,Sylhet DC,Rajshahi Hub,Rajshahi,Steadfast Courier,Delivered,37.93
SHP104038,2026-07-02,Khulna DC,Rangpur Hub,Rangpur,Sundarban Courier,Delivered,53.38
SHP104039,2026-02-22,Sylhet DC,Sylhet Hub,Sylhet,Pathao Courier,Delivered,21.96
SHP104040,2026-05-10,Rajshahi DC,Mymensingh Hub,Mymensingh,eCourier,Delivered,42.56
SHP104041,2026-06-25,Rajshahi DC,Sylhet Hub,Sylhet,Steadfast Courier,Delivered,30.18
SHP104042,2025-10-27,Chattogram DC,Khulna Hub,Khulna,Sundarban Courier,In Transit,32.97
SHP104043,2026-02-03,Khulna DC,Barisal Hub,Barisal,Pathao Courier,Delivered,18.96
SHP104044,2025-10-15,Chattogram DC,Dhaka Hub,Dhaka,RedX,Cancelled,29.84
SHP104045,2025-12-06,Rajshahi DC,Mymensingh Hub,Mymensingh,Sundarban Courier,Delivered,46.34
SHP104046,2026-01-22,Chattogram DC,Rangpur Hub,Rangpur,RedX,Delivered Late,28.52
SHP104047,2026-06-23,Chattogram DC,Comilla Hub,Comilla,Pathao Courier,Delivered,23.45
SHP104048,2026-06-26,Khulna DC,Sylhet Hub,Sylhet,Pathao Courier,Delayed,27.82
SHP104049,2026-01-13,Khulna DC,Khulna Hub,Khulna,Sundarban Courier,In Transit,28.71
SHP104050,2025-12-23,Dhaka Hub,Comilla Hub,Comilla,eCourier,Delivered,35.07
SHP104051,2026-03-03,Sylhet DC,Dhaka Hub,Dhaka,Sundarban Courier,Delivered,56.98
SHP104052,2026-07-13,Chattogram DC,Rajshahi Hub,Rajshahi,Pathao Courier,Delivered,30.8
SHP104053,2026-08-04,Khulna DC,Rajshahi Hub,Rajshahi,Sundarban Courier,Delivered,48.59
SHP104054,2025-11-18,Sylhet DC,Rajshahi Hub,Rajshahi,eCourier,Delivered,43.72
SHP104055,2025-11-04,Rajshahi DC,Rajshahi Hub,Rajshahi,Pathao Courier,Cancelled,27.32
SHP104056,2026-05-03,Rajshahi DC,Mymensingh Hub,Mymensingh,RedX,Delivered,35.26
SHP104057,2025-12-14,Khulna DC,Chattogram Hub,Chattogram,RedX,Delivered,30.65
SHP104058,2025-11-09,Khulna DC,Comilla Hub,Comilla,Sundarban Courier,Delivered,31.83
SHP104059,2025-09-11,Rajshahi DC,Comilla Hub,Comilla,Steadfast Courier,Delivered,27.3
SHP104060,2026-01-18,Dhaka Hub,Chattogram Hub,Chattogram,Steadfast Courier,In Transit,35.45
SHP104061,2026-01-14,Khulna DC,Narayanganj Hub,Narayanganj,Sundarban Courier,Delivered,37.55
SHP104062,2026-03-14,Khulna DC,Sylhet Hub,Sylhet,Pathao Courier,Delivered,28.44
SHP104063,2025-11-09,Dhaka Hub,Dhaka Hub,Dhaka,Sundarban Courier,Delivered,42.11
SHP104064,2026-05-06,Rajshahi DC,Khulna Hub,Khulna,Pathao Courier,Returned,29.43
SHP104065,2026-04-24,Khulna DC,Mymensingh Hub,Mymensingh,RedX,Delivered,32.86
SHP104066,2026-02-07,Chattogram DC,Comilla Hub,Comilla,Steadfast Courier,Delivered Late,30.96
SHP104067,2025-11-02,Sylhet DC,Rangpur Hub,Rangpur,Steadfast Courier,Delivered,32.45
SHP104068,2026-02-23,Sylhet DC,Comilla Hub,Comilla,Sundarban Courier,In Transit,36.07
SHP104069,2026-04-22,Rajshahi DC,Sylhet Hub,Sylhet,Sundarban Courier,Delivered,36.74
SHP104070,2026-01-07,Rajshahi DC,Comilla Hub,Comilla,Pathao Courier,In Transit,29.14
SHP104071,2025-12-01,Rajshahi DC,Rangpur Hub,Rangpur,RedX,Cancelled,35.48
SHP104072,2026-02-23,Khulna DC,Chattogram Hub,Chattogram,Pathao Courier,Delivered,24.43
SHP104073,2026-01-01,Dhaka Hub,Chattogram Hub,Chattogram,Steadfast Courier,Delivered,36.9
SHP104074,2026-01-17,Rajshahi DC,Sylhet Hub,Sylhet,Steadfast Courier,Cancelled,29.81
SHP104075,2025-12-30,Dhaka Hub,Dhaka Hub,Dhaka,Pathao Courier,Delivered,25.45
SHP104076,2025-12-14,Dhaka Hub,Sylhet Hub,Sylhet,RedX,In Transit,27.44
SHP104077,2026-05-06,Dhaka Hub,Narayanganj Hub,Narayanganj,RedX,In Transit,21.67
SHP104078,2026-02-07,Rajshahi DC,Sylhet Hub,Sylhet,eCourier,Delivered,19.58
SHP104079,2026-02-09,Sylhet DC,Rangpur Hub,Rangpur,Sundarban Courier,Delivered,45.69
SHP104080,2026-04-14,Chattogram DC,Narayanganj Hub,Narayanganj,Pathao Courier,Delivered,23.35
SHP104081,2026-01-04,Dhaka Hub,Sylhet Hub,Sylhet,RedX,Delivered,29.51
SHP104082,2025-10-05,Sylhet DC,Rangpur Hub,Rangpur,Pathao Courier,Delivered,37.24
SHP104083,2026-06-23,Khulna DC,Rajshahi Hub,Rajshahi,RedX,Delivered Late,32.71
SHP104084,2025-09-20,Rajshahi DC,Sylhet Hub,Sylhet,Pathao Courier,Delivered,32.84
SHP104085,2026-03-17,Sylhet DC,Narayanganj Hub,Narayanganj,RedX,In Transit,23.44
SHP104086,2025-12-01,Khulna DC,Rangpur Hub,Rangpur,eCourier,Delivered,36.25
SHP104087,2025-11-13,Rajshahi DC,Rajshahi Hub,Rajshahi,Pathao Courier,Delivered,21.17
SHP104088,2025-09-15,Rajshahi DC,Comilla Hub,Comilla,Sundarban Courier,Delivered,37.4
SHP104089,2026-07-09,Chattogram DC,Narayanganj Hub,Narayanganj,eCourier,Delivered,34.13
SHP104090,2026-01-27,Rajshahi DC,Mymensingh Hub,Mymensingh,Pathao Courier,Delivered,35.97
SHP104091,2025-12-28,Sylhet DC,Comilla Hub,Comilla,RedX,Delayed,27.6
SHP104092,2026-05-15,Rajshahi DC,Khulna Hub,Khulna,RedX,Delivered,28.22
SHP104093,2025-09-14,Dhaka Hub,Khulna Hub,Khulna,Sundarban Courier,Delivered,35.23
SHP104094,2026-03-15,Dhaka Hub,Sylhet Hub,Sylhet,eCourier,Delivered,32.16
SHP104095,2026-02-19,Rajshahi DC,Rangpur Hub,Rangpur,RedX,Delivered Late,33.5
SHP104096,2026-03-11,Khulna DC,Comilla Hub,Comilla,RedX,Delivered,17.96
SHP104097,2025-10-13,Dhaka Hub,Rangpur Hub,Rangpur,Pathao Courier,Delivered,26.18
SHP104098,2026-07-27,Rajshahi DC,Barisal Hub,Barisal,Pathao Courier,Delivered,26.3
SHP104099,2025-11-22,Dhaka Hub,Mymensingh Hub,Mymensingh,Pathao Courier,Delivered,28.92
SHP104100,2026-04-23,Khulna DC,Chattogram Hub,Chattogram,Steadfast Courier,Delivered,33.13
SHP104101,2026-05-17,Chattogram DC,Khulna Hub,Khulna,Steadfast Courier,Delivered,24.11
SHP104102,2025-12-29,Dhaka Hub,Mymensingh Hub,Mymensingh,eCourier,Delivered,37.51
SHP104103,2025-10-16,Rajshahi DC,Dhaka Hub,Dhaka,Pathao Courier,In Transit,46.94
SHP104104,2025-12-12,Rajshahi DC,Narayanganj Hub,Narayanganj,RedX,Delivered,31.89
SHP104105,2026-06-07,Dhaka Hub,Chattogram Hub,Chattogram,eCourier,Delivered,26.18
SHP104106,2026-07-11,Dhaka Hub,Mymensingh Hub,Mymensingh,RedX,In Transit,32.95
SHP104107,2026-07-22,Khulna DC,Rangpur Hub,Rangpur,Pathao Courier,Delivered,35.23
SHP104108,2025-11-18,Dhaka Hub,Comilla Hub,Comilla,Steadfast Courier,Delivered Late,26.51
SHP104109,2026-03-29,Khulna DC,Mymensingh Hub,Mymensingh,Pathao Courier,In Transit,32.85
SHP104110,2025-10-23,Rajshahi DC,Barisal Hub,Barisal,Pathao Courier,Delivered,30.88
SHP104111,2026-05-04,Khulna DC,Mymensingh Hub,Mymensingh,Steadfast Courier,Delivered Late,28.65
SHP104112,2026-01-22,Chattogram DC,Khulna Hub,Khulna,Sundarban Courier,Delivered,27.56
SHP104113,2026-05-05,Dhaka Hub,Barisal Hub,Barisal,Sundarban Courier,Delayed,30.47
SHP104114,2026-04-26,Khulna DC,Narayanganj Hub,Narayanganj,RedX,Delivered Late,24.56
SHP104115,2026-08-10,Dhaka Hub,Dhaka Hub,Dhaka,Steadfast Courier,Delivered,30.56
SHP104116,2026-02-17,Sylhet DC,Khulna Hub,Khulna,Pathao Courier,Delivered,33.5
SHP104117,2025-12-28,Sylhet DC,Dhaka Hub,Dhaka,eCourier,Delivered,42.45
SHP104118,2026-03-02,Khulna DC,Barisal Hub,Barisal,Sundarban Courier,Delivered,34.73
SHP104119,2025-10-27,Chattogram DC,Mymensingh Hub,Mymensingh,Pathao Courier,Delivered,28.93
SHP104120,2025-10-09,Khulna DC,Dhaka Hub,Dhaka,Sundarban Courier,Delivered,56.98
SHP104121,2026-02-27,Khulna DC,Barisal Hub,Barisal,RedX,Delivered,23.79
SHP104122,2026-06-13,Chattogram DC,Rajshahi Hub,Rajshahi,Pathao Courier,Delivered,33.79
SHP104123,2026-03-04,Chattogram DC,Mymensingh Hub,Mymensingh,Sundarban Courier,Delivered,48.45
SHP104124,2026-05-29,Dhaka Hub,Sylhet Hub,Sylhet,RedX,Delivered,30.09
SHP104125,2025-11-01,Sylhet DC,Chattogram Hub,Chattogram,RedX,Delivered,32.05
SHP104126,2026-02-03,Chattogram DC,Dhaka Hub,Dhaka,eCourier,Delivered,41.56
SHP104127,2026-04-01,Dhaka Hub,Rajshahi Hub,Rajshahi,eCourier,Delivered,31.03
SHP104128,2025-12-30,Sylhet DC,Rajshahi Hub,Rajshahi,Sundarban Courier,Delayed,53.34
SHP104129,2025-09-05,Sylhet DC,Narayanganj Hub,Narayanganj,Sundarban Courier,Delivered,36.59
SHP104130,2025-09-26,Dhaka Hub,Rajshahi Hub,Rajshahi,Sundarban Courier,Delivered,36.29
SHP104131,2026-07-18,Dhaka Hub,Chattogram Hub,Chattogram,RedX,Delayed,32.41
SHP104132,2026-03-29,Dhaka Hub,Rangpur Hub,Rangpur,Pathao Courier,Delivered Late,22.25
SHP104133,2025-12-01,Khulna DC,Dhaka Hub,Dhaka,Sundarban Courier,Delivered,54.4
SHP104134,2025-11-29,Chattogram DC,Khulna Hub,Khulna,Pathao Courier,Delivered,25.01
SHP104135,2025-09-14,Dhaka Hub,Rangpur Hub,Rangpur,Sundarban Courier,In Transit,53.07
SHP104136,2026-07-24,Dhaka Hub,Sylhet Hub,Sylhet,Steadfast Courier,Delivered,29.0
SHP104137,2025-10-08,Rajshahi DC,Barisal Hub,Barisal,RedX,Delivered,23.82
SHP104138,2026-05-21,Chattogram DC,Rajshahi Hub,Rajshahi,Sundarban Courier,Delivered,32.72
SHP104139,2025-11-23,Khulna DC,Narayanganj Hub,Narayanganj,RedX,Delivered,29.11
SHP104140,2025-12-26,Sylhet DC,Sylhet Hub,Sylhet,RedX,Delivered,19.67
SHP104141,2025-12-04,Dhaka Hub,Narayanganj Hub,Narayanganj,Sundarban Courier,Returned,41.05
SHP104142,2026-06-13,Chattogram DC,Rangpur Hub,Rangpur,Sundarban Courier,Cancelled,52.22
SHP104143,2025-09-12,Dhaka Hub,Mymensingh Hub,Mymensingh,eCourier,Delivered,29.27
SHP104144,2025-12-31,Khulna DC,Chattogram Hub,Chattogram,Pathao Courier,In Transit,36.31
SHP104145,2025-12-06,Chattogram DC,Dhaka Hub,Dhaka,RedX,In Transit,38.38
SHP104146,2025-12-04,Sylhet DC,Mymensingh Hub,Mymensingh,RedX,Cancelled,34.5
SHP104147,2025-11-06,Dhaka Hub,Rajshahi Hub,Rajshahi,eCourier,In Transit,39.37
SHP104148,2026-07-13,Rajshahi DC,Khulna Hub,Khulna,Steadfast Courier,In Transit,24.97
SHP104149,2026-01-10,Chattogram DC,Comilla Hub,Comilla,eCourier,Delivered,23.01
SHP104150,2026-01-23,Sylhet DC,Khulna Hub,Khulna,RedX,Delivered,24.39
SHP104151,2026-01-12,Rajshahi DC,Rajshahi Hub,Rajshahi,Pathao Courier,Delivered,26.55
SHP104152,2026-08-06,Khulna DC,Mymensingh Hub,Mymensingh,RedX,Delivered,29.45
SHP104153,2025-12-27,Khulna DC,Narayanganj Hub,Narayanganj,eCourier,Delayed,32.5
SHP104154,2025-12-28,Rajshahi DC,Comilla Hub,Comilla,Steadfast Courier,Returned,26.03
SHP104155,2025-12-23,Dhaka Hub,Rangpur Hub,Rangpur,eCourier,In Transit,47.41
SHP104156,2025-12-23,Rajshahi DC,Chattogram Hub,Chattogram,Pathao Courier,In Transit,30.6
SHP104157,2025-10-02,Sylhet DC,Chattogram Hub,Chattogram,eCourier,Delivered,39.92
SHP104158,2026-03-29,Sylhet DC,Rangpur Hub,Rangpur,Steadfast Courier,Delivered,44.4
SHP104159,2025-09-09,Chattogram DC,Barisal Hub,Barisal,RedX,Delivered,26.08
SHP104160,2025-11-18,Khulna DC,Chattogram Hub,Chattogram,RedX,Delivered,28.04
SHP104161,2025-11-09,Rajshahi DC,Rangpur Hub,Rangpur,RedX,In Transit,30.41
SHP104162,2025-12-10,Khulna DC,Narayanganj Hub,Narayanganj,RedX,Delivered,30.54
SHP104163,2026-05-20,Dhaka Hub,Dhaka Hub,Dhaka,Sundarban Courier,Delivered,41.92
SHP104164,2026-03-27,Sylhet DC,Comilla Hub,Comilla,Pathao Courier,Delivered,21.57
SHP104165,2026-08-09,Khulna DC,Khulna Hub,Khulna,eCourier,Delivered,16.71
SHP104166,2025-12-31,Chattogram DC,Khulna Hub,Khulna,Steadfast Courier,Delivered Late,35.31
SHP104167,2026-07-19,Khulna DC,Mymensingh Hub,Mymensingh,eCourier,In Transit,25.55
SHP104168,2025-09-16,Khulna DC,Sylhet Hub,Sylhet,Sundarban Courier,Delivered,40.97
SHP104169,2026-02-22,Dhaka Hub,Chattogram Hub,Chattogram,Pathao Courier,In Transit,27.41
SHP104170,2026-06-04,Sylhet DC,Narayanganj Hub,Narayanganj,Sundarban Courier,Delivered,41.6
SHP104171,2026-03-04,Dhaka Hub,Khulna Hub,Khulna,eCourier,Delivered,31.28
SHP104172,2026-07-20,Sylhet DC,Chattogram Hub,Chattogram,RedX,Delivered,18.34
SHP104173,2025-12-18,Chattogram DC,Rangpur Hub,Rangpur,Steadfast Courier,In Transit,35.0
SHP104174,2025-09-12,Rajshahi DC,Sylhet Hub,Sylhet,Sundarban Courier,Delayed,27.26
SHP104175,2026-05-26,Rajshahi DC,Mymensingh Hub,Mymensingh,RedX,Delivered,31.24
SHP104176,2025-09-24,Sylhet DC,Dhaka Hub,Dhaka,eCourier,Delivered Late,47.17
SHP104177,2026-05-23,Sylhet DC,Barisal Hub,Barisal,Pathao Courier,In Transit,26.38
SHP104178,2026-05-12,Khulna DC,Rajshahi Hub,Rajshahi,Steadfast Courier,Cancelled,40.31
SHP104179,2026-06-20,Khulna DC,Narayanganj Hub,Narayanganj,RedX,Delivered,29.19
SHP104180,2026-02-13,Khulna DC,Barisal Hub,Barisal,Pathao Courier,Delivered,25.3
SHP104181,2026-07-07,Khulna DC,Narayanganj Hub,Narayanganj,Pathao Courier,Delivered,34.92
SHP104182,2025-10-29,Rajshahi DC,Sylhet Hub,Sylhet,Steadfast Courier,Delayed,19.45
SHP104183,2026-01-29,Rajshahi DC,Rajshahi Hub,Rajshahi,RedX,Delivered,17.54
SHP104184,2025-10-13,Dhaka Hub,Comilla Hub,Comilla,eCourier,Delivered,31.23
SHP104185,2026-05-24,Sylhet DC,Chattogram Hub,Chattogram,eCourier,Returned,38.42
SHP104186,2026-05-06,Sylhet DC,Narayanganj Hub,Narayanganj,Sundarban Courier,Delivered,35.84
SHP104187,2026-06-07,Sylhet DC,Mymensingh Hub,Mymensingh,eCourier,Delivered,42.96
SHP104188,2026-05-23,Sylhet DC,Rangpur Hub,Rangpur,Steadfast Courier,Returned,26.34
SHP104189,2025-12-16,Khulna DC,Sylhet Hub,Sylhet,Pathao Courier,Delivered,35.73
SHP104190,2025-09-24,Sylhet DC,Comilla Hub,Comilla,eCourier,Delivered,36.36
SHP104191,2026-07-19,Chattogram DC,Comilla Hub,Comilla,Sundarban Courier,Delivered,38.28
SHP104192,2026-02-18,Sylhet DC,Sylhet Hub,Sylhet,Sundarban Courier,Delivered,24.28
SHP104193,2025-10-03,Rajshahi DC,Barisal Hub,Barisal,Sundarban Courier,Delivered,34.75
SHP104194,2026-07-18,Chattogram DC,Dhaka Hub,Dhaka,Steadfast Courier,Delivered,38.58
SHP104195,2026-08-11,Dhaka Hub,Khulna Hub,Khulna,Pathao Courier,Delivered,26.86
SHP104196,2026-02-02,Rajshahi DC,Chattogram Hub,Chattogram,Sundarban Courier,Delivered,40.87
SHP104197,2026-05-25,Dhaka Hub,Barisal Hub,Barisal,RedX,In Transit,15.66
SHP104198,2025-09-13,Khulna DC,Barisal Hub,Barisal,Pathao Courier,Delivered,22.77
SHP104199,2025-10-03,Rajshahi DC,Barisal Hub,Barisal,eCourier,Delivered Late,21.98
