shipment_id,order_date,warehouse,origin_city,destination_region,carrier,sku,product,category,qty,weight_kg,order_value,shipping_cost,expected_delivery,actual_delivery,status,delay_reason
SHP100000,2026-06-16,Chattogram DC,Chattogram,Narayanganj,Sundarban Courier,SKU1038,Perfume,Beauty,4,1.78,4548.24,143.12,2026-06-20,,Cancelled,
SHP100001,2025-11-09,Khulna DC,Khulna,Narayanganj,Pathao Courier,SKU1028,Curtain Set,Home & Living,5,9.18,4105.8,303.2,2025-11-12,2025-11-12,Delivered,
SHP100002,2026-06-06,Dhaka Hub,Dhaka,Barisal,Pathao Courier,SKU1014,Sneakers,Apparel,1,1.42,2078.85,127.66,2026-06-11,,In Transit,
SHP100003,2025-09-03,Dhaka Hub,Dhaka,Dhaka,RedX,SKU1042,Mustard Oil 1L,Grocery,2,8.05,6392.3,229.61,2025-09-05,2025-09-05,Delivered,
SHP100004,2026-06-03,Khulna DC,Khulna,Narayanganj,eCourier,SKU1007,Bluetooth Speaker (V2),Electronics,2,3.36,7138.76,146.87,2026-06-05,2026-06-05,Delivered,
SHP100005,2026-05-31,Khulna DC,Khulna,Chattogram,Pathao Courier,SKU1020,Bedsheet Set,Home & Living,5,5.77,17238.4,228.24,2026-06-03,2026-06-03,Delivered,
SHP100006,2026-05-29,Khulna DC,Khulna,Sylhet,Pathao Courier,SKU1038,Perfume,Beauty,1,2.56,1137.06,166.51,2026-06-03,2026-06-03,Delivered,
SHP100007,2026-04-19,Khulna DC,Khulna,Narayanganj,Sundarban Courier,SKU1018,Denim Jacket,Apparel,1,8.82,3750.2,218.86,2026-04-22,2026-04-22,Delivered,
SHP100008,2026-02-11,Rajshahi DC,Rajshahi,Barisal,Steadfast Courier,SKU1022,Table Lamp,Home & Living,1,11.39,4372.54,374.66,2026-02-16,2026-02-16,Delivered,
SHP100009,2026-05-02,Khulna DC,Khulna,Chattogram,Pathao Courier,SKU1010,Cotton T-Shirt,Apparel,4,2.82,7051.88,113.4,2026-05-04,2026-05-04,Delivered,
SHP100010,2025-12-05,Sylhet DC,Sylhet,Barisal,Steadfast Courier,SKU1010,Cotton T-Shirt,Apparel,3,11.45,5288.91,366.59,2025-12-11,2025-12-11,Delivered,
SHP100011,2026-05-29,Rajshahi DC,Rajshahi,Dhaka,Steadfast Courier,SKU1023,Table Lamp (V2),Home & Living,5,4.04,20175.4,176.96,2026-06-02,2026-06-02,Delivered,
SHP100012,2026-03-12,Chattogram DC,Chattogram,Khulna,Sundarban Courier,SKU1035,Hair Serum (V2),Beauty,2,6.78,1948.4,213.61,2026-03-16,2026-03-16,Delivered,
SHP100013,2026-02-06,Dhaka Hub,Dhaka,Narayanganj,eCourier,SKU1039,Perfume (V2),Beauty,2,8.48,6127.38,224.71,2026-02-10,,Delayed,Address issue
SHP100014,2026-02-22,Khulna DC,Khulna,Sylhet,RedX,SKU1023,Table Lamp (V2),Home & Living,3,2.55,12105.24,134.66,2026-02-25,2026-02-25,Delivered,
SHP100015,2026-03-16,Chattogram DC,Chattogram,Comilla,RedX,SKU1002,Power Bank,Electronics,1,5.45,3884.9,207.12,2026-03-21,2026-03-24,Delivered Late,Warehouse backlog
SHP100016,2025-09-13,Rajshahi DC,Rajshahi,Barisal,Sundarban Courier,SKU1021,Bedsheet Set (V2),Home & Living,5,1.0,8460.95,115.12,2025-09-15,,Cancelled,
SHP100017,2025-10-19,Sylhet DC,Sylhet,Rangpur,eCourier,SKU1001,Wireless Earbuds (V2),Electronics,5,8.43,10295.6,276.82,2025-10-22,2025-10-26,Delivered Late,Failed delivery attempt
SHP100018,2025-11-24,Rajshahi DC,Rajshahi,Mymensingh,eCourier,SKU1023,Table Lamp (V2),Home & Living,1,5.12,4035.08,158.56,2025-11-27,2025-12-01,Delivered Late,Courier capacity shortage
SHP100019,2025-10-10,Dhaka Hub,Dhaka,Barisal,eCourier,SKU1043,Mustard Oil 1L (V2),Grocery,5,10.72,7543.95,258.36,2025-10-15,2025-10-15,Delivered,
SHP100020,2026-01-31,Khulna DC,Khulna,Dhaka,Steadfast Courier,SKU1029,Curtain Set (V2),Home & Living,3,3.43,9363.78,163.49,2026-02-06,,Cancelled,
SHP100021,2026-04-20,Sylhet DC,Sylhet,Narayanganj,Sundarban Courier,SKU1037,Lipstick (V2),Beauty,2,11.1,4438.64,340.75,2026-04-22,2026-04-22,Delivered,
SHP100022,2026-04-15,Sylhet DC,Sylhet,Rajshahi,eCourier,SKU1001,Wireless Earbuds (V2),Electronics,5,1.86,10295.6,141.14,2026-04-20,2026-04-21,Delivered Late,Weather disruption
SHP100023,2026-02-10,Chattogram DC,Chattogram,Rangpur,Steadfast Courier,SKU1020,Bedsheet Set,Home & Living,3,7.36,10343.04,209.28,2026-02-15,2026-02-15,Delivered,
SHP100024,2026-06-23,Rajshahi DC,Rajshahi,Barisal,Pathao Courier,SKU1032,Sunscreen SPF50,Beauty,2,3.83,3134.68,185.85,2026-06-25,2026-06-25,Delivered,
SHP100025,2026-03-15,Chattogram DC,Chattogram,Rangpur,Pathao Courier,SKU1011,Cotton T-Shirt (V2),Apparel,5,2.35,20907.15,113.84,2026-03-18,2026-03-21,Delivered Late,Vehicle breakdown
SHP100026,2025-09-28,Rajshahi DC,Rajshahi,Khulna,Sundarban Courier,SKU1021,Bedsheet Set (V2),Home & Living,4,1.31,6768.76,96.6,2025-10-01,,In Transit,
SHP100027,2026-05-23,Sylhet DC,Sylhet,Comilla,eCourier,SKU1043,Mustard Oil 1L (V2),Grocery,1,7.94,1508.79,226.76,2026-05-25,,In Transit,
SHP100028,2026-03-18,Dhaka Hub,Dhaka,Sylhet,Sundarban Courier,SKU1024,Non-stick Pan,Home & Living,4,2.95,14143.88,142.99,2026-03-23,,Delayed,Vehicle breakdown
SHP100029,2026-04-08,Rajshahi DC,Rajshahi,Rangpur,eCourier,SKU1048,Honey Jar,Grocery,4,6.96,12475.44,216.38,2026-04-12,2026-04-16,Delivered Late,Address issue
SHP100030,2026-03-15,Dhaka Hub,Dhaka,Barisal,Pathao Courier,SKU1026,Storage Box,Home & Living,2,11.76,4360.48,316.69,2026-03-19,2026-03-19,Delivered,
SHP100031,2026-03-11,Chattogram DC,Chattogram,Barisal,Sundarban Courier,SKU1041,Basmati Rice 5kg (V2),Grocery,3,3.93,11316.45,167.59,2026-03-16,,Delayed,Failed delivery attempt
SHP100032,2025-10-02,Rajshahi DC,Rajshahi,Dhaka,RedX,SKU1027,Storage Box (V2),Home & Living,5,0.61,1702.75,110.28,2025-10-05,2025-10-05,Delivered,
SHP100033,2026-03-13,Rajshahi DC,Rajshahi,Khulna,Pathao Courier,SKU1015,Sneakers (V2),Apparel,1,1.89,1138.49,97.48,2026-03-18,2026-03-18,Delivered,
SHP100034,2026-06-03,Rajshahi DC,Rajshahi,Dhaka,Steadfast Courier,SKU1014,Sneakers,Apparel,4,1.61,8315.4,118.12,2026-06-08,2026-06-08,Delivered,
SHP100035,2025-12-15,Sylhet DC,Sylhet,Barisal,Pathao Courier,SKU1046,Spice Combo,Grocery,5,5.67,9177.65,206.27,2025-12-18,2025-12-18,Delivered,
SHP100036,2026-03-28,Khulna DC,Khulna,Rangpur,Steadfast Courier,SKU1043,Mustard Oil 1L (V2),Grocery,5,8.99,7543.95,260.14,2026-04-01,2026-04-01,Delivered,
SHP100037,2025-09-11,Chattogram DC,Chattogram,Barisal,Pathao Courier,SKU1002,Power Bank,Electronics,2,3.7,7769.8,158.7,2025-09-14,,In Transit,
SHP100038,2025-12-30,Khulna DC,Khulna,Mymensingh,Steadfast Courier,SKU1036,Lipstick,Beauty,2,1.92,1430.32,136.94,2026-01-05,2026-01-05,Delivered,
SHP100039,2026-01-30,Sylhet DC,Sylhet,Khulna,RedX,SKU1006,Bluetooth Speaker,Electronics,5,7.76,17304.8,284.72,2026-02-03,,In Transit,
SHP100040,2026-08-07,Dhaka Hub,Dhaka,Khulna,Pathao Courier,SKU1020,Bedsheet Set,Home & Living,3,3.75,10343.04,125.07,2026-08-13,2026-08-13,Delivered,
SHP100041,2025-11-14,Sylhet DC,Sylhet,Rajshahi,Pathao Courier,SKU1008,Phone Case,Electronics,3,6.99,2121.87,199.83,2025-11-20,,Cancelled,
SHP100042,2025-12-05,Sylhet DC,Sylhet,Sylhet,Pathao Courier,SKU1038,Perfume,Beauty,3,11.22,3411.18,219.98,2025-12-06,2025-12-06,Delivered,
SHP100043,2026-01-20,Chattogram DC,Chattogram,Comilla,RedX,SKU1017,Saree (V2),Apparel,3,3.64,1282.83,173.88,2026-01-25,2026-01-25,Delivered,
SHP100044,2026-08-10,Chattogram DC,Chattogram,Comilla,eCourier,SKU1003,Power Bank (V2),Electronics,4,6.25,12734.2,212.66,2026-08-14,2026-08-13,Delivered Late,Failed delivery attempt
SHP100045,2026-06-23,Sylhet DC,Sylhet,Rajshahi,Sundarban Courier,SKU1024,Non-stick Pan,Home & Living,3,9.72,10607.91,223.04,2026-06-25,2026-06-25,Delivered,
SHP100046,2025-09-13,Dhaka Hub,Dhaka,Mymensingh,Sundarban Courier,SKU1013,Panjabi (V2),Apparel,2,8.36,7458.02,325.02,2025-09-19,2025-09-19,Delivered,
SHP100047,2025-11-20,Dhaka Hub,Dhaka,Dhaka,RedX,SKU1049,Honey Jar (V2),Grocery,3,9.07,2273.76,220.16,2025-11-22,2025-11-22,Delivered,
SHP100048,2026-06-12,Khulna DC,Khulna,Chattogram,RedX,SKU1008,Phone Case,Electronics,4,9.32,2829.16,243.97,2026-06-18,2026-06-18,Delivered,
SHP100049,2025-09-21,Chattogram DC,Chattogram,Sylhet,RedX,SKU1025,Non-stick Pan (V2),Home & Living,5,6.57,4983.4,172.76,2025-09-26,2025-09-26,Delivered,
SHP100050,2026-06-24,Khulna DC,Khulna,Khulna,Sundarban Courier,SKU1001,Wireless Earbuds (V2),Electronics,3,6.53,6177.36,150.31,2026-06-25,2026-06-25,Delivered,
SHP100051,2025-12-07,Sylhet DC,Sylhet,Sylhet,eCourier,SKU1019,Denim Jacket (V2),Apparel,4,8.68,11590.96,266.09,2025-12-08,2025-12-08,Delivered,
SHP100052,2026-07-15,Sylhet DC,Sylhet,Barisal,Steadfast Courier,SKU1027,Storage Box (V2),Home & Living,3,8.43,1021.65,268.72,2026-07-18,2026-07-21,Delivered Late,Failed delivery attempt
SHP100053,2025-12-11,Sylhet DC,Sylhet,Mymensingh,Sundarban Courier,SKU1046,Spice Combo,Grocery,4,8.11,7342.12,270.49,2025-12-14,2025-12-14,Delivered,
SHP100054,2026-01-29,Sylhet DC,Sylhet,Rajshahi,Pathao Courier,SKU1006,Bluetooth Speaker,Electronics,2,4.71,6921.92,165.83,2026-02-03,2026-02-03,Delivered,
SHP100055,2026-04-18,Rajshahi DC,Rajshahi,Rajshahi,Pathao Courier,SKU1043,Mustard Oil 1L (V2),Grocery,3,9.98,4526.37,230.95,2026-04-19,2026-04-23,Delivered Late,Customs/checkpoint delay
SHP100056,2025-10-14,Rajshahi DC,Rajshahi,Dhaka,RedX,SKU1007,Bluetooth Speaker (V2),Electronics,1,2.99,3569.38,157.05,2025-10-20,2025-10-23,Delivered Late,Courier capacity shortage
SHP100057,2026-03-12,Chattogram DC,Chattogram,Sylhet,Sundarban Courier,SKU1046,Spice Combo,Grocery,2,2.04,3671.06,133.15,2026-03-16,2026-03-18,Delivered Late,Warehouse backlog
SHP100058,2026-02-22,Khulna DC,Khulna,Comilla,Steadfast Courier,SKU1034,Hair Serum,Beauty,4,4.27,8770.28,161.55,2026-02-26,2026-03-02,Delivered Late,Weather disruption
SHP100059,2026-05-30,Rajshahi DC,Rajshahi,Comilla,RedX,SKU1013,Panjabi (V2),Apparel,1,3.2,3729.01,126.42,2026-06-02,,Cancelled,
SHP100060,2026-08-11,Dhaka Hub,Dhaka,Chattogram,RedX,SKU1016,Saree,Apparel,2,8.03,5124.88,285.41,2026-08-13,,Delayed,Address issue
SHP100061,2026-04-18,Khulna DC,Khulna,Dhaka,eCourier,SKU1035,Hair Serum (V2),Beauty,4,2.93,3896.8,159.71,2026-04-22,2026-04-22,Delivered,
SHP100062,2026-01-20,Sylhet DC,Sylhet,Comilla,Pathao Courier,SKU1049,Honey Jar (V2),Grocery,5,7.95,3789.6,210.24,2026-01-23,2026-01-23,Delivered,
SHP100063,2026-01-19,Rajshahi DC,Rajshahi,Chattogram,eCourier,SKU1039,Perfume (V2),Beauty,3,6.26,9191.07,222.43,2026-01-23,2026-01-23,Delivered,
SHP100064,2026-01-23,Sylhet DC,Sylhet,Barisal,Pathao Courier,SKU1003,Power Bank (V2),Electronics,3,2.0,9550.65,129.66,2026-01-27,2026-01-27,Delivered,
SHP100065,2026-06-09,Rajshahi DC,Rajshahi,Comilla,RedX,SKU1001,Wireless Earbuds (V2),Electronics,3,3.25,6177.36,148.37,2026-06-12,2026-06-12,Delivered,
SHP100066,2025-12-21,Dhaka Hub,Dhaka,Mymensingh,Steadfast Courier,SKU1005,Smartwatch (V2),Electronics,4,6.36,17575.84,263.52,2025-12-25,2025-12-25,Delivered,
SHP100067,2025-10-28,Dhaka Hub,Dhaka,Barisal,eCourier,SKU1041,Basmati Rice 5kg (V2),Grocery,3,8.85,11316.45,224.35,2025-10-31,2025-10-31,Delivered,
SHP100068,2025-12-25,Rajshahi DC,Rajshahi,Khulna,eCourier,SKU1003,Power Bank (V2),Electronics,1,4.9,3183.55,195.23,2025-12-28,,Delayed,Failed delivery attempt
SHP100069,2025-09-08,Sylhet DC,Sylhet,Mymensingh,Sundarban Courier,SKU1028,Curtain Set,Home & Living,3,2.95,2463.48,141.6,2025-09-13,2025-09-13,Delivered,
SHP100070,2025-10-07,Sylhet DC,Sylhet,Rangpur,eCourier,SKU1017,Saree (V2),Apparel,2,3.68,855.22,145.73,2025-10-09,2025-10-12,Delivered Late,Vehicle breakdown
SHP100071,2025-10-02,Dhaka Hub,Dhaka,Comilla,RedX,SKU1025,Non-stick Pan (V2),Home & Living,4,1.32,3986.72,110.82,2025-10-05,,Delayed,Vehicle breakdown
SHP100072,2026-05-25,Chattogram DC,Chattogram,Barisal,RedX,SKU1043,Mustard Oil 1L (V2),Grocery,1,0.5,1508.79,110.74,2026-05-29,2026-05-29,Delivered,
SHP100073,2026-05-08,Rajshahi DC,Rajshahi,Narayanganj,Pathao Courier,SKU1033,Sunscreen SPF50 (V2),Beauty,4,11.68,7046.0,297.84,2026-05-12,2026-05-12,Delivered,
SHP100074,2026-04-30,Chattogram DC,Chattogram,Mymensingh,Pathao Courier,SKU1009,Phone Case (V2),Electronics,1,1.34,2109.18,97.79,2026-05-06,,In Transit,
SHP100075,2026-02-07,Sylhet DC,Sylhet,Dhaka,RedX,SKU1035,Hair Serum (V2),Beauty,5,1.67,4871.0,119.65,2026-02-12,2026-02-12,Delivered,
SHP100076,2026-05-07,Chattogram DC,Chattogram,Sylhet,Pathao Courier,SKU1013,Panjabi (V2),Apparel,4,10.48,14916.04,282.08,2026-05-12,2026-05-12,Delivered,
SHP100077,2025-10-26,Chattogram DC,Chattogram,Mymensingh,eCourier,SKU1030,Face Wash,Beauty,1,8.03,3389.72,246.56,2025-10-30,2025-10-30,Delivered,
SHP100078,2026-07-09,Dhaka Hub,Dhaka,Chattogram,eCourier,SKU1047,Spice Combo (V2),Grocery,5,5.35,7021.15,164.95,2026-07-13,2026-07-13,Delivered,
SHP100079,2026-02-21,Rajshahi DC,Rajshahi,Mymensingh,Steadfast Courier,SKU1014,Sneakers,Apparel,3,7.86,6236.55,295.93,2026-02-23,2026-02-26,Delivered Late,Address issue
SHP100080,2026-07-22,Rajshahi DC,Rajshahi,Khulna,Pathao Courier,SKU1007,Bluetooth Speaker (V2),Electronics,4,11.23,14277.52,349.46,2026-07-27,,Delayed,Vehicle breakdown
SHP100081,2025-10-23,Dhaka Hub,Dhaka,Sylhet,Steadfast Courier,SKU1013,Panjabi (V2),Apparel,1,1.37,3729.01,135.07,2025-10-27,2025-10-27,Delivered,
SHP100082,2026-02-20,Chattogram DC,Chattogram,Barisal,Pathao Courier,SKU1022,Table Lamp,Home & Living,1,3.08,4372.54,146.38,2026-02-23,,Cancelled,
SHP100083,2026-04-29,Sylhet DC,Sylhet,Narayanganj,Sundarban Courier,SKU1039,Perfume (V2),Beauty,5,10.35,15318.45,236.46,2026-05-03,2026-05-03,Delivered,
SHP100084,2026-02-19,Chattogram DC,Chattogram,Comilla,eCourier,SKU1020,Bedsheet Set,Home & Living,3,9.41,10343.04,290.03,2026-02-24,,In Transit,
SHP100085,2026-02-02,Khulna DC,Khulna,Rajshahi,Pathao Courier,SKU1015,Sneakers (V2),Apparel,4,11.93,4553.96,349.38,2026-02-06,2026-02-08,Delivered Late,Warehouse backlog
SHP100086,2025-10-28,Chattogram DC,Chattogram,Dhaka,Pathao Courier,SKU1044,Green Tea Pack,Grocery,5,3.9,18851.65,156.93,2025-10-31,2025-10-31,Delivered,
SHP100087,2026-01-10,Dhaka Hub,Dhaka,Comilla,Pathao Courier,SKU1017,Saree (V2),Apparel,3,11.35,1282.83,245.81,2026-01-16,,Delayed,Weather disruption
SHP100088,2025-11-22,Chattogram DC,Chattogram,Comilla,RedX,SKU1046,Spice Combo,Grocery,2,4.26,3671.06,203.54,2025-11-24,,Delayed,Address issue
SHP100089,2025-12-14,Sylhet DC,Sylhet,Rangpur,eCourier,SKU1023,Table Lamp (V2),Home & Living,5,8.64,20175.4,256.17,2025-12-20,2025-12-20,Delivered,
SHP100090,2026-04-25,Dhaka Hub,Dhaka,Rangpur,Pathao Courier,SKU1025,Non-stick Pan (V2),Home & Living,1,10.62,996.68,290.74,2026-04-29,,In Transit,
SHP100091,2026-04-07,Rajshahi DC,Rajshahi,Barisal,Pathao Courier,SKU1024,Non-stick Pan,Home & Living,3,2.22,10607.91,143.97,2026-04-13,2026-04-13,Delivered,
SHP100092,2026-03-30,Dhaka Hub,Dhaka,Dhaka,RedX,SKU1044,Green Tea Pack,Grocery,5,2.63,18851.65,80.83,2026-03-31,2026-03-31,Delivered,
SHP100093,2026-01-04,Dhaka Hub,Dhaka,Chattogram,Pathao Courier,SKU1040,Basmati Rice 5kg,Grocery,2,7.06,4103.22,207.54,2026-01-08,2026-01-08,Delivered,
SHP100094,2026-07-30,Sylhet DC,Sylhet,Chattogram,eCourier,SKU1028,Curtain Set,Home & Living,2,10.16,1642.32,382.5,2026-08-04,2026-08-04,Delivered,
SHP100095,2025-10-01,Sylhet DC,Sylhet,Narayanganj,Steadfast Courier,SKU1014,Sneakers,Apparel,3,1.13,6236.55,117.44,2025-10-03,2025-10-03,Delivered,
SHP100096,2025-12-28,Chattogram DC,Chattogram,Dhaka,eCourier,SKU1044,Green Tea Pack,Grocery,1,10.24,3770.33,232.83,2025-12-30,2025-12-30,Delivered,
SHP100097,2025-10-11,Chattogram DC,Chattogram,Barisal,Steadfast Courier,SKU1000,Wireless Earbuds,Electronics,1,4.25,3516.71,147.96,2025-10-14,,Cancelled,
SHP100098,2025-12-27,Dhaka Hub,Dhaka,Khulna,RedX,SKU1024,Non-stick Pan,Home & Living,2,4.99,7071.94,177.34,2025-12-31,2025-12-31,Delivered,
SHP100099,2026-07-30,Khulna DC,Khulna,Dhaka,eCourier,SKU1006,Bluetooth Speaker,Electronics,5,4.21,17304.8,176.95,2026-08-01,,In Transit,
SHP100100,2026-01-05,Chattogram DC,Chattogram,Narayanganj,Pathao Courier,SKU1008,Phone Case,Electronics,2,10.96,1414.58,363.24,2026-01-09,2026-01-09,Delivered,
SHP100101,2026-07-12,Dhaka Hub,Dhaka,Dhaka,Pathao Courier,SKU1023,Table Lamp (V2),Home & Living,4,1.74,16140.32,78.47,2026-07-14,2026-07-14,Delivered,
SHP100102,2026-02-19,Chattogram DC,Chattogram,Comilla,RedX,SKU1000,Wireless Earbuds,Electronics,3,6.98,10550.13,284.63,2026-02-24,2026-02-26,Delivered Late,Courier capacity shortage
SHP100103,2026-05-01,Rajshahi DC,Rajshahi,Mymensingh,Pathao Courier,SKU1043,Mustard Oil 1L (V2),Grocery,4,1.95,6035.16,113.88,2026-05-04,2026-05-04,Delivered,
SHP100104,2026-02-06,Chattogram DC,Chattogram,Mymensingh,Steadfast Courier,SKU1007,Bluetooth Speaker (V2),Electronics,2,11.16,7138.76,369.49,2026-02-10,2026-02-10,Delivered,
SHP100105,2025-12-01,Rajshahi DC,Rajshahi,Chattogram,RedX,SKU1023,Table Lamp (V2),Home & Living,5,9.62,20175.4,294.55,2025-12-04,2025-12-04,Returned,
SHP100106,2026-05-23,Chattogram DC,Chattogram,Comilla,Steadfast Courier,SKU1010,Cotton T-Shirt,Apparel,2,2.96,3525.94,140.58,2026-05-26,2026-05-26,Delivered,
SHP100107,2026-08-02,Dhaka Hub,Dhaka,Barisal,Sundarban Courier,SKU1016,Saree,Apparel,4,3.71,10249.76,183.13,2026-08-08,2026-08-08,Delivered,
SHP100108,2025-12-01,Chattogram DC,Chattogram,Rajshahi,Sundarban Courier,SKU1007,Bluetooth Speaker (V2),Electronics,5,4.7,17846.9,197.29,2025-12-07,2025-12-07,Delivered,
SHP100109,2026-05-28,Chattogram DC,Chattogram,Rangpur,eCourier,SKU1034,Hair Serum,Beauty,3,4.98,6577.71,172.24,2026-05-31,2026-05-31,Delivered,
SHP100110,2025-11-30,Dhaka Hub,Dhaka,Khulna,Pathao Courier,SKU1034,Hair Serum,Beauty,4,9.84,8770.28,235.48,2025-12-03,2025-12-06,Delivered Late,Failed delivery attempt
SHP100111,2026-05-07,Sylhet DC,Sylhet,Sylhet,RedX,SKU1032,Sunscreen SPF50,Beauty,1,6.86,1567.34,168.66,2026-05-09,2026-05-09,Delivered,
SHP100112,2026-05-31,Chattogram DC,Chattogram,Sylhet,RedX,SKU1004,Smartwatch,Electronics,3,5.25,1679.01,159.12,2026-06-04,2026-06-04,Delivered,
SHP100113,2026-02-03,Khulna DC,Khulna,Barisal,Steadfast Courier,SKU1041,Basmati Rice 5kg (V2),Grocery,2,8.69,7544.3,248.96,2026-02-05,2026-02-05,Delivered,
SHP100114,2026-05-13,Sylhet DC,Sylhet,Rangpur,eCourier,SKU1038,Perfume,Beauty,5,5.6,5685.3,188.15,2026-05-16,2026-05-16,Delivered,
SHP100115,2025-12-04,Sylhet DC,Sylhet,Sylhet,Pathao Courier,SKU1040,Basmati Rice 5kg,Grocery,5,1.71,10258.05,67.59,2025-12-06,2025-12-06,Delivered,
SHP100116,2025-09-28,Sylhet DC,Sylhet,Sylhet,Sundarban Courier,SKU1027,Storage Box (V2),Home & Living,4,1.47,1362.2,79.43,2025-09-29,,Delayed,Address issue
SHP100117,2025-10-04,Dhaka Hub,Dhaka,Narayanganj,RedX,SKU1006,Bluetooth Speaker,Electronics,5,4.05,17304.8,131.32,2025-10-09,2025-10-14,Delivered Late,Courier capacity shortage
SHP100118,2026-02-02,Khulna DC,Khulna,Barisal,Pathao Courier,SKU1008,Phone Case,Electronics,5,7.31,3536.45,199.33,2026-02-07,2026-02-07,Delivered,
SHP100119,2026-07-10,Dhaka Hub,Dhaka,Comilla,Sundarban Courier,SKU1007,Bluetooth Speaker (V2),Electronics,4,1.79,14277.52,98.49,2026-07-14,,Cancelled,
SHP100120,2025-10-15,Khulna DC,Khulna,Khulna,Sundarban Courier,SKU1011,Cotton T-Shirt (V2),Apparel,3,6.69,12544.29,226.15,2025-10-17,,In Transit,
SHP100121,2026-02-05,Rajshahi DC,Rajshahi,Sylhet,Pathao Courier,SKU1033,Sunscreen SPF50 (V2),Beauty,2,3.38,3523.0,149.81,2026-02-10,2026-02-10,Delivered,
SHP100122,2026-05-02,Khulna DC,Khulna,Sylhet,RedX,SKU1032,Sunscreen SPF50,Beauty,5,8.41,7836.7,229.82,2026-05-05,2026-05-05,Delivered,
SHP100123,2025-11-10,Sylhet DC,Sylhet,Barisal,Pathao Courier,SKU1047,Spice Combo (V2),Grocery,1,0.53,1404.23,75.23,2025-11-16,2025-11-16,Delivered,
SHP100124,2026-05-08,Chattogram DC,Chattogram,Mymensingh,RedX,SKU1022,Table Lamp,Home & Living,1,5.73,4372.54,210.08,2026-05-10,2026-05-10,Delivered,
SHP100125,2025-12-15,Rajshahi DC,Rajshahi,Barisal,Pathao Courier,SKU1023,Table Lamp (V2),Home & Living,5,0.82,20175.4,96.66,2025-12-21,2025-12-21,Delivered,
SHP100126,2026-06-07,Chattogram DC,Chattogram,Sylhet,eCourier,SKU1036,Lipstick,Beauty,1,4.1,715.16,165.84,2026-06-10,2026-06-10,Delivered,
SHP100127,2026-03-20,Sylhet DC,Sylhet,Narayanganj,Pathao Courier,SKU1034,Hair Serum,Beauty,1,0.38,2192.57,77.15,2026-03-25,,Cancelled,
SHP100128,2026-03-09,Khulna DC,Khulna,Barisal,Steadfast Courier,SKU1043,Mustard Oil 1L (V2),Grocery,3,5.74,4526.37,211.71,2026-03-11,2026-03-11,Delivered,
SHP100129,2025-11-01,Rajshahi DC,Rajshahi,Khulna,Pathao Courier,SKU1039,Perfume (V2),Beauty,3,9.25,9191.07,237.14,2025-11-06,2025-11-06,Delivered,
SHP100130,2026-02-08,Rajshahi DC,Rajshahi,Dhaka,RedX,SKU1021,Bedsheet Set (V2),Home & Living,1,1.38,1692.19,92.41,2026-02-12,,Cancelled,
SHP100131,2026-06-24,Dhaka Hub,Dhaka,Barisal,Sundarban Courier,SKU1026,Storage Box,Home & Living,2,8.88,4360.48,249.87,2026-06-26,2026-06-26,Delivered,
SHP100132,2025-09-07,Rajshahi DC,Rajshahi,Rangpur,Pathao Courier,SKU1034,Hair Serum,Beauty,2,7.09,4385.14,252.75,2025-09-12,2025-09-12,Delivered,
SHP100133,2026-05-21,Dhaka Hub,Dhaka,Narayanganj,Sundarban Courier,SKU1000,Wireless Earbuds,Electronics,2,6.15,7033.42,175.11,2026-05-23,2026-05-23,Delivered,
SHP100134,2026-02-18,Sylhet DC,Sylhet,Sylhet,eCourier,SKU1034,Hair Serum,Beauty,1,7.27,2192.57,162.03,2026-02-20,2026-02-20,Delivered,
SHP100135,2026-05-07,Rajshahi DC,Rajshahi,Chattogram,Steadfast Courier,SKU1036,Lipstick,Beauty,4,4.16,2860.64,166.16,2026-05-10,2026-05-10,Delivered,
SHP100136,2026-04-18,Khulna DC,Khulna,Narayanganj,Sundarban Courier,SKU1046,Spice Combo,Grocery,3,8.58,5506.59,285.45,2026-04-23,2026-04-23,Delivered,
SHP100137,2026-01-28,Rajshahi DC,Rajshahi,Barisal,Pathao Courier,SKU1013,Panjabi (V2),Apparel,5,9.4,18645.05,293.26,2026-02-02,,In Transit,
SHP100138,2025-12-16,Chattogram DC,Chattogram,Dhaka,eCourier,SKU1002,Power Bank,Electronics,1,9.38,3884.9,318.01,2025-12-20,2025-12-20,Delivered,
SHP100139,2026-04-06,Chattogram DC,Chattogram,Chattogram,RedX,SKU1000,Wireless Earbuds,Electronics,4,3.38,14066.84,127.66,2026-04-08,,In Transit,
SHP100140,2025-10-19,Chattogram DC,Chattogram,Rajshahi,Pathao Courier,SKU1004,Smartwatch,Electronics,5,7.92,2798.35,288.05,2025-10-25,2025-10-29,Delivered Late,Customs/checkpoint delay
SHP100141,2026-03-22,Chattogram DC,Chattogram,Rangpur,eCourier,SKU1025,Non-stick Pan (V2),Home & Living,3,1.95,2990.04,134.69,2026-03-27,2026-03-27,Delivered,
SHP100142,2025-10-03,Khulna DC,Khulna,Sylhet,RedX,SKU1013,Panjabi (V2),Apparel,4,6.05,14916.04,255.72,2025-10-06,2025-10-06,Delivered,
SHP100143,2026-04-13,Sylhet DC,Sylhet,Khulna,RedX,SKU1038,Perfume,Beauty,3,0.23,3411.18,95.96,2026-04-17,2026-04-17,Delivered,
SHP100144,2026-04-06,Khulna DC,Khulna,Mymensingh,Sundarban Courier,SKU1026,Storage Box,Home & Living,3,2.48,6540.72,151.09,2026-04-09,2026-04-09,Delivered,
SHP100145,2025-09-30,Sylhet DC,Sylhet,Narayanganj,Sundarban Courier,SKU1008,Phone Case,Electronics,5,7.65,3536.45,233.48,2025-10-04,2025-10-04,Delivered,
SHP100146,2026-05-21,Chattogram DC,Chattogram,Rajshahi,Pathao Courier,SKU1014,Sneakers,Apparel,3,10.52,6236.55,225.38,2026-05-24,2026-05-24,Delivered,
SHP100147,2026-01-22,Dhaka Hub,Dhaka,Rajshahi,eCourier,SKU1014,Sneakers,Apparel,3,0.78,6236.55,78.13,2026-01-27,2026-01-27,Delivered,
SHP100148,2026-05-31,Sylhet DC,Sylhet,Khulna,Pathao Courier,SKU1025,Non-stick Pan (V2),Home & Living,5,6.79,4983.4,235.61,2026-06-04,2026-06-04,Delivered,
SHP100149,2025-09-15,Rajshahi DC,Rajshahi,Chattogram,eCourier,SKU1041,Basmati Rice 5kg (V2),Grocery,3,7.71,11316.45,307.66,2025-09-20,2025-09-20,Delivered,
SHP100150,2025-11-02,Rajshahi DC,Rajshahi,Dhaka,eCourier,SKU1012,Panjabi,Apparel,1,11.2,2950.81,292.58,2025-11-04,2025-11-04,Delivered,
SHP100151,2026-02-18,Chattogram DC,Chattogram,Comilla,eCourier,SKU1031,Face Wash (V2),Beauty,4,7.93,17434.68,299.63,2026-02-20,,Delayed,Vehicle breakdown
SHP100152,2025-11-05,Sylhet DC,Sylhet,Dhaka,Pathao Courier,SKU1038,Perfume,Beauty,4,1.42,4548.24,94.34,2025-11-10,2025-11-10,Delivered,
SHP100153,2025-12-24,Khulna DC,Khulna,Comilla,Pathao Courier,SKU1048,Honey Jar,Grocery,2,1.93,6237.72,146.29,2025-12-28,2025-12-31,Delivered Late,Weather disruption
SHP100154,2026-04-17,Khulna DC,Khulna,Sylhet,Sundarban Courier,SKU1031,Face Wash (V2),Beauty,4,7.7,17434.68,266.64,2026-04-23,2026-04-23,Delivered,
SHP100155,2025-10-21,Dhaka Hub,Dhaka,Rangpur,RedX,SKU1003,Power Bank (V2),Electronics,1,2.74,3183.55,155.34,2025-10-25,2025-10-25,Delivered,
SHP100156,2026-04-23,Sylhet DC,Sylhet,Narayanganj,Steadfast Courier,SKU1029,Curtain Set (V2),Home & Living,2,11.15,6242.52,325.54,2026-04-26,,In Transit,
SHP100157,2025-10-06,Dhaka Hub,Dhaka,Mymensingh,Sundarban Courier,SKU1036,Lipstick,Beauty,5,11.06,3575.8,404.24,2025-10-11,,Delayed,Warehouse backlog
SHP100158,2025-10-31,Dhaka Hub,Dhaka,Mymensingh,Steadfast Courier,SKU1022,Table Lamp,Home & Living,4,11.39,17490.16,273.24,2025-11-05,2025-11-09,Delivered Late,Customs/checkpoint delay
SHP100159,2026-03-23,Khulna DC,Khulna,Sylhet,Pathao Courier,SKU1038,Perfume,Beauty,4,3.66,4548.24,160.46,2026-03-25,,Delayed,Address issue
SHP100160,2026-06-02,Dhaka Hub,Dhaka,Barisal,Sundarban Courier,SKU1044,Green Tea Pack,Grocery,4,8.66,15081.32,312.94,2026-06-07,2026-06-07,Delivered,
SHP100161,2025-10-30,Chattogram DC,Chattogram,Rangpur,Pathao Courier,SKU1014,Sneakers,Apparel,1,8.02,2078.85,211.2,2025-11-02,,Delayed,Address issue
SHP100162,2025-12-13,Sylhet DC,Sylhet,Rajshahi,eCourier,SKU1042,Mustard Oil 1L,Grocery,5,0.62,15980.75,103.33,2025-12-16,,In Transit,
SHP100163,2026-07-18,Khulna DC,Khulna,Dhaka,Pathao Courier,SKU1028,Curtain Set,Home & Living,2,3.33,1642.32,170.16,2026-07-20,2026-07-23,Delivered Late,Courier capacity shortage
SHP100164,2026-08-09,Sylhet DC,Sylhet,Narayanganj,Pathao Courier,SKU1035,Hair Serum (V2),Beauty,4,2.64,3896.8,139.96,2026-08-14,,In Transit,
SHP100165,2026-03-21,Dhaka Hub,Dhaka,Chattogram,eCourier,SKU1012,Panjabi,Apparel,5,4.58,14754.05,194.81,2026-03-26,2026-03-30,Delivered Late,Courier capacity shortage
SHP100166,2026-02-02,Khulna DC,Khulna,Narayanganj,RedX,SKU1031,Face Wash (V2),Beauty,2,11.45,8717.34,280.82,2026-02-05,2026-02-05,Delivered,
SHP100167,2025-12-30,Rajshahi DC,Rajshahi,Narayanganj,Pathao Courier,SKU1006,Bluetooth Speaker,Electronics,4,10.18,13843.84,343.76,2026-01-04,2026-01-04,Delivered,
SHP100168,2026-03-31,Rajshahi DC,Rajshahi,Dhaka,Pathao Courier,SKU1021,Bedsheet Set (V2),Home & Living,1,3.66,1692.19,162.57,2026-04-05,2026-04-05,Delivered,
SHP100169,2026-03-24,Khulna DC,Khulna,Mymensingh,RedX,SKU1027,Storage Box (V2),Home & Living,4,6.45,1362.2,251.03,2026-03-28,2026-03-28,Delivered,
SHP100170,2025-12-11,Sylhet DC,Sylhet,Rangpur,Sundarban Courier,SKU1001,Wireless Earbuds (V2),Electronics,3,2.47,6177.36,128.18,2025-12-13,2025-12-13,Delivered,
SHP100171,2025-09-08,Rajshahi DC,Rajshahi,Sylhet,Pathao Courier,SKU1041,Basmati Rice 5kg (V2),Grocery,1,3.47,3772.15,136.09,2025-09-11,2025-09-12,Delivered Late,Customs/checkpoint delay
SHP100172,2025-10-23,Sylhet DC,Sylhet,Comilla,RedX,SKU1044,Green Tea Pack,Grocery,4,0.97,15081.32,104.94,2025-10-26,2025-10-26,Delivered,
SHP100173,2026-07-29,Dhaka Hub,Dhaka,Chattogram,Pathao Courier,SKU1005,Smartwatch (V2),Electronics,5,7.78,21969.8,183.22,2026-08-04,2026-08-04,Delivered,
SHP100174,2026-01-23,Rajshahi DC,Rajshahi,Sylhet,RedX,SKU1027,Storage Box (V2),Home & Living,1,7.95,340.55,271.22,2026-01-28,2026-01-28,Delivered,
SHP100175,2026-02-14,Chattogram DC,Chattogram,Narayanganj,Sundarban Courier,SKU1027,Storage Box (V2),Home & Living,5,10.09,1702.75,250.26,2026-02-16,2026-02-16,Delivered,
SHP100176,2026-02-09,Rajshahi DC,Rajshahi,Mymensingh,Pathao Courier,SKU1043,Mustard Oil 1L (V2),Grocery,5,10.48,7543.95,367.14,2026-02-13,2026-02-13,Delivered,
SHP100177,2026-05-29,Chattogram DC,Chattogram,Chattogram,Pathao Courier,SKU1043,Mustard Oil 1L (V2),Grocery,3,2.09,4526.37,94.73,2026-05-30,2026-05-30,Delivered,
SHP100178,2025-09-23,Rajshahi DC,Rajshahi,Chattogram,Pathao Courier,SKU1019,Denim Jacket (V2),Apparel,5,8.97,14488.7,285.44,2025-09-25,2025-09-25,Delivered,
SHP100179,2025-09-29,Sylhet DC,Sylhet,Sylhet,Pathao Courier,SKU1029,Curtain Set (V2),Home & Living,2,1.79,6242.52,87.58,2025-10-01,2025-10-01,Delivered,
SHP100180,2025-12-05,Sylhet DC,Sylhet,Dhaka,Sundarban Courier,SKU1010,Cotton T-Shirt,Apparel,4,4.61,7051.88,195.53,2025-12-08,2025-12-08,Delivered,
SHP100181,2026-02-16,Chattogram DC,Chattogram,Chattogram,Steadfast Courier,SKU1027,Storage Box (V2),Home & Living,4,6.28,1362.2,197.47,2026-02-17,2026-02-17,Delivered,
SHP100182,2026-04-21,Rajshahi DC,Rajshahi,Barisal,eCourier,SKU1024,Non-stick Pan,Home & Living,3,0.78,10607.91,99.6,2026-04-24,2026-04-24,Delivered,
SHP100183,2026-02-17,Dhaka Hub,Dhaka,Dhaka,Sundarban Courier,SKU1038,Perfume,Beauty,5,2.05,5685.3,82.72,2026-02-19,2026-02-23,Delivered Late,Failed delivery attempt
SHP100184,2026-01-31,Sylhet DC,Sylhet,Sylhet,RedX,SKU1032,Sunscreen SPF50,Beauty,5,3.4,7836.7,126.96,2026-02-01,2026-02-04,Delivered Late,Customs/checkpoint delay
SHP100185,2026-07-22,Chattogram DC,Chattogram,Khulna,RedX,SKU1000,Wireless Earbuds,Electronics,4,1.7,14066.84,106.88,2026-07-26,,Cancelled,
SHP100186,2025-10-26,Sylhet DC,Sylhet,Narayanganj,eCourier,SKU1026,Storage Box,Home & Living,3,11.22,6540.72,326.54,2025-10-29,2025-10-29,Delivered,
SHP100187,2026-03-17,Chattogram DC,Chattogram,Narayanganj,Pathao Courier,SKU1012,Panjabi,Apparel,5,3.6,14754.05,173.43,2026-03-21,2026-03-21,Delivered,
SHP100188,2026-03-07,Khulna DC,Khulna,Comilla,Sundarban Courier,SKU1040,Basmati Rice 5kg,Grocery,3,6.11,6154.83,190.59,2026-03-11,2026-03-11,Delivered,
SHP100189,2026-02-11,Chattogram DC,Chattogram,Khulna,Sundarban Courier,SKU1002,Power Bank,Electronics,4,11.96,15539.6,368.71,2026-02-17,2026-02-17,Delivered,
SHP100190,2026-06-07,Dhaka Hub,Dhaka,Barisal,Pathao Courier,SKU1038,Perfume,Beauty,1,6.89,1137.06,273.9,2026-06-09,2026-06-09,Delivered,
SHP100191,2025-12-02,Dhaka Hub,Dhaka,Barisal,Sundarban Courier,SKU1005,Smartwatch (V2),Electronics,2,5.06,8787.92,173.69,2025-12-06,2025-12-06,Delivered,
SHP100192,2026-07-28,Khulna DC,Khulna,Comilla,Steadfast Courier,SKU1007,Bluetooth Speaker (V2),Electronics,5,11.17,17846.9,270.61,2026-07-31,2026-07-31,Delivered,
SHP100193,2025-12-24,Chattogram DC,Chattogram,Mymensingh,Steadfast Courier,SKU1026,Storage Box,Home & Living,3,2.83,6540.72,146.23,2025-12-28,2025-12-28,Delivered,
SHP100194,2026-03-08,Chattogram DC,Chattogram,Narayanganj,Pathao Courier,SKU1008,Phone Case,Electronics,3,2.32,2121.87,116.67,2026-03-12,2026-03-12,Delivered,
SHP100195,2026-02-28,Khulna DC,Khulna,Barisal,Sundarban Courier,SKU1036,Lipstick,Beauty,5,6.52,3575.8,257.82,2026-03-05,2026-03-05,Delivered,
SHP100196,2026-06-22,Chattogram DC,Chattogram,Narayanganj,Sundarban Courier,SKU1032,Sunscreen SPF50,Beauty,2,5.24,3134.68,179.02,2026-06-28,,In Transit,
SHP100197,2026-01-30,Chattogram DC,Chattogram,Mymensingh,Sundarban Courier,SKU1041,Basmati Rice 5kg (V2),Grocery,2,9.6,7544.3,275.89,2026-02-03,2026-02-03,Delivered,
SHP100198,2025-12-08,Chattogram DC,Chattogram,Mymensingh,RedX,SKU1043,Mustard Oil 1L (V2),Grocery,1,0.7,1508.79,99.56,2025-12-11,2025-12-11,Delivered,
SHP100199,2025-09-08,Chattogram DC,Chattogram,Rangpur,Pathao Courier,SKU1023,Table Lamp (V2),Home & Living,2,7.49,8070.16,207.5,2025-09-13,2025-09-13,Delivered,
SHP100200,2026-01-04,Khulna DC,Khulna,Khulna,eCourier,SKU1014,Sneakers,Apparel,3,8.59,6236.55,233.39,2026-01-06,2026-01-06,Delivered,
SHP100201,2026-06-13,Sylhet DC,Sylhet,Rangpur,Steadfast Courier,SKU1031,Face Wash (V2),Beauty,4,11.67,17434.68,317.0,2026-06-17,2026-06-17,Delivered,
SHP100202,2025-09-04,Rajshahi DC,Rajshahi,Khulna,RedX,SKU1031,Face Wash (V2),Beauty,2,1.92,8717.34,146.17,2025-09-09,2025-09-09,Delivered,
SHP100203,2026-07-08,Khulna DC,Khulna,Rangpur,RedX,SKU1023,Table Lamp (V2),Home & Living,3,3.11,12105.24,180.15,2026-07-12,2026-07-12,Delivered,
SHP100204,2026-03-07,Dhaka Hub,Dhaka,Sylhet,RedX,SKU1040,Basmati Rice 5kg,Grocery,2,11.2,4103.22,346.53,2026-03-11,2026-03-11,Delivered,
SHP100205,2025-10-19,Chattogram DC,Chattogram,Mymensingh,Sundarban Courier,SKU1048,Honey Jar,Grocery,5,7.64,15594.3,249.99,2025-10-21,2025-10-21,Delivered,
SHP100206,2025-12-14,Chattogram DC,Chattogram,Barisal,Pathao Courier,SKU1048,Honey Jar,Grocery,3,0.65,9356.58,98.9,2025-12-16,,In Transit,
SHP100207,2026-03-11,Sylhet DC,Sylhet,Mymensingh,RedX,SKU1011,Cotton T-Shirt (V2),Apparel,1,1.11,4181.43,89.6,2026-03-17,2026-03-17,Delivered,
SHP100208,2025-12-19,Chattogram DC,Chattogram,Sylhet,Pathao Courier,SKU1038,Perfume,Beauty,4,9.47,4548.24,291.43,2025-12-22,2025-12-22,Delivered,
SHP100209,2025-10-08,Rajshahi DC,Rajshahi,Mymensingh,eCourier,SKU1001,Wireless Earbuds (V2),Electronics,2,6.9,4118.24,242.48,2025-10-11,2025-10-11,Returned,
SHP100210,2026-04-19,Chattogram DC,Chattogram,Comilla,Sundarban Courier,SKU1002,Power Bank,Electronics,5,6.87,19424.5,240.78,2026-04-23,2026-04-23,Delivered,
SHP100211,2026-04-21,Sylhet DC,Sylhet,Chattogram,Sundarban Courier,SKU1048,Honey Jar,Grocery,2,10.58,6237.72,315.76,2026-04-24,2026-04-27,Delivered Late,Weather disruption
SHP100212,2025-10-12,Dhaka Hub,Dhaka,Khulna,Sundarban Courier,SKU1036,Lipstick,Beauty,5,3.04,3575.8,139.19,2025-10-14,2025-10-14,Delivered,
SHP100213,2025-12-07,Rajshahi DC,Rajshahi,Rangpur,Steadfast Courier,SKU1048,Honey Jar,Grocery,4,2.09,12475.44,132.83,2025-12-10,,Delayed,Weather disruption
SHP100214,2025-11-24,Rajshahi DC,Rajshahi,Comilla,Pathao Courier,SKU1016,Saree,Apparel,1,7.44,2562.44,247.74,2025-11-28,2025-11-28,Delivered,
SHP100215,2026-04-17,Khulna DC,Khulna,Mymensingh,Pathao Courier,SKU1048,Honey Jar,Grocery,4,10.61,12475.44,366.97,2026-04-21,2026-04-21,Delivered,
SHP100216,2026-05-11,Chattogram DC,Chattogram,Rajshahi,Pathao Courier,SKU1001,Wireless Earbuds (V2),Electronics,4,3.33,8236.48,155.74,2026-05-16,,Cancelled,
SHP100217,2026-05-10,Dhaka Hub,Dhaka,Sylhet,RedX,SKU1001,Wireless Earbuds (V2),Electronics,3,8.24,6177.36,287.43,2026-05-13,2026-05-13,Delivered,
SHP100218,2026-07-22,Khulna DC,Khulna,Narayanganj,Steadfast Courier,SKU1027,Storage Box (V2),Home & Living,1,2.0,340.55,124.67,2026-07-28,2026-07-28,Delivered,
SHP100219,2026-05-24,Sylhet DC,Sylhet,Comilla,Pathao Courier,SKU1022,Table Lamp,Home & Living,3,2.23,13117.62,120.98,2026-05-27,,In Transit,
SHP100220,2025-12-20,Rajshahi DC,Rajshahi,Comilla,Steadfast Courier,SKU1036,Lipstick,Beauty,4,10.84,2860.64,339.35,2025-12-23,,In Transit,
SHP100221,2025-10-08,Khulna DC,Khulna,Khulna,Pathao Courier,SKU1031,Face Wash (V2),Beauty,1,1.59,4358.67,79.74,2025-10-09,2025-10-09,Delivered,
SHP100222,2026-04-01,Sylhet DC,Sylhet,Rajshahi,RedX,SKU1032,Sunscreen SPF50,Beauty,2,0.49,3134.68,87.12,2026-04-06,2026-04-06,Delivered,
SHP100223,2026-07-14,Rajshahi DC,Rajshahi,Sylhet,Pathao Courier,SKU1000,Wireless Earbuds,Electronics,4,9.34,14066.84,315.28,2026-07-17,2026-07-17,Delivered,
SHP100224,2026-08-04,Rajshahi DC,Rajshahi,Narayanganj,Sundarban Courier,SKU1018,Denim Jacket,Apparel,3,4.48,11250.6,192.77,2026-08-08,,Delayed,Courier capacity shortage
SHP100225,2025-11-19,Sylhet DC,Sylhet,Comilla,RedX,SKU1001,Wireless Earbuds (V2),Electronics,5,4.88,10295.6,149.46,2025-11-24,2025-11-24,Delivered,
SHP100226,2025-11-21,Dhaka Hub,Dhaka,Chattogram,RedX,SKU1043,Mustard Oil 1L (V2),Grocery,2,9.64,3017.58,295.46,2025-11-23,2025-11-23,Delivered,
SHP100227,2025-09-13,Dhaka Hub,Dhaka,Sylhet,Pathao Courier,SKU1025,Non-stick Pan (V2),Home & Living,4,2.32,3986.72,110.56,2025-09-16,2025-09-16,Delivered,
SHP100228,2025-10-19,Sylhet DC,Sylhet,Barisal,eCourier,SKU1031,Face Wash (V2),Beauty,3,7.87,13076.01,290.83,2025-10-23,2025-10-23,Delivered,
SHP100229,2026-03-11,Sylhet DC,Sylhet,Rajshahi,Steadfast Courier,SKU1005,Smartwatch (V2),Electronics,2,3.9,8787.92,161.74,2026-03-16,2026-03-16,Delivered,
SHP100230,2026-03-09,Dhaka Hub,Dhaka,Rajshahi,Sundarban Courier,SKU1031,Face Wash (V2),Beauty,5,1.43,21793.35,114.66,2026-03-13,2026-03-13,Delivered,
SHP100231,2026-01-07,Dhaka Hub,Dhaka,Khulna,RedX,SKU1003,Power Bank (V2),Electronics,4,8.31,12734.2,243.02,2026-01-11,2026-01-11,Delivered,
SHP100232,2025-12-17,Khulna DC,Khulna,Rangpur,eCourier,SKU1010,Cotton T-Shirt,Apparel,3,3.96,5288.91,179.11,2025-12-23,2025-12-23,Delivered,
SHP100233,2026-06-15,Khulna DC,Khulna,Comilla,Pathao Courier,SKU1016,Saree,Apparel,2,10.43,5124.88,368.45,2026-06-17,2026-06-17,Delivered,
SHP100234,2026-02-07,Dhaka Hub,Dhaka,Narayanganj,Steadfast Courier,SKU1037,Lipstick (V2),Beauty,5,11.04,11096.6,319.17,2026-02-12,2026-02-12,Delivered,
SHP100235,2026-06-07,Sylhet DC,Sylhet,Rajshahi,Sundarban Courier,SKU1023,Table Lamp (V2),Home & Living,1,10.22,4035.08,338.62,2026-06-10,2026-06-10,Delivered,
SHP100236,2026-07-31,Dhaka Hub,Dhaka,Comilla,eCourier,SKU1004,Smartwatch,Electronics,1,4.0,559.67,152.63,2026-08-05,2026-08-07,Delivered Late,Vehicle breakdown
SHP100237,2025-12-19,Khulna DC,Khulna,Rangpur,Pathao Courier,SKU1033,Sunscreen SPF50 (V2),Beauty,1,2.99,1761.5,150.08,2025-12-23,2025-12-23,Delivered,
SHP100238,2025-11-10,Rajshahi DC,Rajshahi,Chattogram,Sundarban Courier,SKU1005,Smartwatch (V2),Electronics,4,10.74,17575.84,388.81,2025-11-13,2025-11-13,Delivered,
SHP100239,2026-07-27,Rajshahi DC,Rajshahi,Mymensingh,RedX,SKU1021,Bedsheet Set (V2),Home & Living,1,5.54,1692.19,212.65,2026-07-31,2026-07-31,Delivered,
SHP100240,2026-04-08,Sylhet DC,Sylhet,Khulna,RedX,SKU1010,Cotton T-Shirt,Apparel,4,8.55,7051.88,234.96,2026-04-14,2026-04-15,Delivered Late,Address issue
SHP100241,2025-12-10,Khulna DC,Khulna,Rangpur,eCourier,SKU1047,Spice Combo (V2),Grocery,1,9.96,1404.23,274.79,2025-12-14,2025-12-14,Delivered,
SHP100242,2026-04-04,Rajshahi DC,Rajshahi,Mymensingh,Steadfast Courier,SKU1015,Sneakers (V2),Apparel,4,3.48,4553.96,163.95,2026-04-06,2026-04-06,Returned,
SHP100243,2026-02-26,Khulna DC,Khulna,Narayanganj,Pathao Courier,SKU1032,Sunscreen SPF50,Beauty,4,1.61,6269.36,110.02,2026-02-28,2026-02-28,Delivered,
SHP100244,2026-07-11,Sylhet DC,Sylhet,Narayanganj,Pathao Courier,SKU1008,Phone Case,Electronics,5,7.57,3536.45,277.0,2026-07-16,2026-07-16,Delivered,
SHP100245,2025-11-28,Khulna DC,Khulna,Comilla,Sundarban Courier,SKU1005,Smartwatch (V2),Electronics,2,7.16,8787.92,205.05,2025-12-03,2025-12-03,Delivered,
SHP100246,2026-08-10,Sylhet DC,Sylhet,Barisal,Sundarban Courier,SKU1015,Sneakers (V2),Apparel,1,3.39,1138.49,129.95,2026-08-14,2026-08-13,Delivered,
SHP100247,2026-07-21,Rajshahi DC,Rajshahi,Rajshahi,Sundarban Courier,SKU1028,Curtain Set,Home & Living,4,7.1,3284.64,224.84,2026-07-23,,Cancelled,
SHP100248,2025-11-02,Sylhet DC,Sylhet,Rajshahi,eCourier,SKU1002,Power Bank,Electronics,3,9.53,11654.7,251.98,2025-11-07,2025-11-07,Delivered,
SHP100249,2025-10-27,Rajshahi DC,Rajshahi,Narayanganj,eCourier,SKU1019,Denim Jacket (V2),Apparel,5,4.33,14488.7,172.3,2025-10-30,,In Transit,
SHP100250,2026-03-04,Dhaka Hub,Dhaka,Sylhet,Pathao Courier,SKU1035,Hair Serum (V2),Beauty,1,3.06,974.2,140.45,2026-03-06,2026-03-06,Returned,
SHP100251,2025-09-16,Dhaka Hub,Dhaka,Barisal,Sundarban Courier,SKU1018,Denim Jacket,Apparel,3,8.76,11250.6,268.28,2025-09-20,,In Transit,
SHP100252,2025-12-13,Dhaka Hub,Dhaka,Rangpur,RedX,SKU1025,Non-stick Pan (V2),Home & Living,1,9.47,996.68,286.51,2025-12-17,2025-12-17,Delivered,
SHP100253,2026-01-29,Sylhet DC,Sylhet,Dhaka,Sundarban Courier,SKU1002,Power Bank,Electronics,3,11.46,11654.7,342.46,2026-02-04,,In Transit,
SHP100254,2026-08-02,Khulna DC,Khulna,Rangpur,Pathao Courier,SKU1018,Denim Jacket,Apparel,1,1.94,3750.2,127.74,2026-08-06,2026-08-06,Delivered,
SHP100255,2026-08-10,Chattogram DC,Chattogram,Sylhet,Sundarban Courier,SKU1019,Denim Jacket (V2),Apparel,4,10.69,11590.96,360.75,2026-08-13,2026-08-13,Delivered,
SHP100256,2025-10-23,Dhaka Hub,Dhaka,Sylhet,Sundarban Courier,SKU1031,Face Wash (V2),Beauty,4,9.23,17434.68,225.41,2025-10-28,2025-10-28,Delivered,
SHP100257,2026-07-06,Rajshahi DC,Rajshahi,Rangpur,Pathao Courier,SKU1006,Bluetooth Speaker,Electronics,1,8.48,3460.96,283.95,2026-07-09,,Delayed,Vehicle breakdown
SHP100258,2025-10-02,Khulna DC,Khulna,Dhaka,eCourier,SKU1040,Basmati Rice 5kg,Grocery,3,3.89,6154.83,163.74,2025-10-08,2025-10-11,Delivered Late,Courier capacity shortage
SHP100259,2026-05-18,Khulna DC,Khulna,Chattogram,Sundarban Courier,SKU1032,Sunscreen SPF50,Beauty,3,0.46,4702.02,78.38,2026-05-21,2026-05-21,Delivered,
SHP100260,2026-06-20,Sylhet DC,Sylhet,Rajshahi,RedX,SKU1039,Perfume (V2),Beauty,4,6.19,12254.76,182.68,2026-06-26,,In Transit,
SHP100261,2026-07-06,Sylhet DC,Sylhet,Barisal,RedX,SKU1038,Perfume,Beauty,3,3.57,3411.18,157.34,2026-07-12,2026-07-12,Delivered,
SHP100262,2025-11-17,Dhaka Hub,Dhaka,Chattogram,Steadfast Courier,SKU1017,Saree (V2),Apparel,3,3.62,1282.83,158.75,2025-11-22,2025-11-22,Delivered,
SHP100263,2026-07-07,Dhaka Hub,Dhaka,Khulna,Pathao Courier,SKU1039,Perfume (V2),Beauty,5,11.14,15318.45,391.44,2026-07-09,2026-07-09,Delivered,
SHP100264,2025-10-11,Rajshahi DC,Rajshahi,Khulna,Pathao Courier,SKU1000,Wireless Earbuds,Electronics,3,2.01,10550.13,131.41,2025-10-16,2025-10-16,Delivered,
SHP100265,2026-02-27,Chattogram DC,Chattogram,Barisal,Sundarban Courier,SKU1010,Cotton T-Shirt,Apparel,5,11.22,8814.85,237.5,2026-03-04,2026-03-04,Delivered,
SHP100266,2026-02-10,Khulna DC,Khulna,Khulna,Sundarban Courier,SKU1027,Storage Box (V2),Home & Living,5,6.14,1702.75,203.91,2026-02-11,,In Transit,
SHP100267,2025-12-19,Khulna DC,Khulna,Dhaka,Sundarban Courier,SKU1024,Non-stick Pan,Home & Living,5,10.09,17679.85,343.4,2025-12-23,2025-12-23,Returned,
SHP100268,2025-09-08,Chattogram DC,Chattogram,Barisal,eCourier,SKU1049,Honey Jar (V2),Grocery,5,3.55,3789.6,164.89,2025-09-13,2025-09-13,Delivered,
SHP100269,2026-05-26,Chattogram DC,Chattogram,Comilla,Pathao Courier,SKU1022,Table Lamp,Home & Living,4,7.68,17490.16,286.76,2026-06-01,2026-06-01,Delivered,
SHP100270,2025-12-26,Khulna DC,Khulna,Barisal,Pathao Courier,SKU1030,Face Wash,Beauty,3,6.77,10169.16,242.72,2025-12-31,2025-12-31,Delivered,
SHP100271,2026-04-17,Dhaka Hub,Dhaka,Khulna,Sundarban Courier,SKU1029,Curtain Set (V2),Home & Living,3,11.11,9363.78,274.89,2026-04-21,2026-04-26,Delivered Late,Vehicle breakdown
SHP100272,2026-01-20,Sylhet DC,Sylhet,Rajshahi,eCourier,SKU1041,Basmati Rice 5kg (V2),Grocery,2,2.32,7544.3,150.62,2026-01-25,2026-01-25,Delivered,
SHP100273,2026-01-08,Rajshahi DC,Rajshahi,Chattogram,eCourier,SKU1034,Hair Serum,Beauty,5,2.61,10962.85,147.19,2026-01-11,2026-01-11,Delivered,
SHP100274,2026-07-04,Khulna DC,Khulna,Sylhet,eCourier,SKU1006,Bluetooth Speaker,Electronics,4,11.4,13843.84,300.29,2026-07-08,2026-07-08,Delivered,
SHP100275,2025-10-03,Khulna DC,Khulna,Rajshahi,RedX,SKU1015,Sneakers (V2),Apparel,5,1.36,5692.45,106.87,2025-10-08,2025-10-08,Delivered,
SHP100276,2026-05-13,Dhaka Hub,Dhaka,Barisal,eCourier,SKU1025,Non-stick Pan (V2),Home & Living,4,7.69,3986.72,276.55,2026-05-17,,Delayed,Failed delivery attempt
SHP100277,2026-05-17,Dhaka Hub,Dhaka,Rajshahi,RedX,SKU1047,Spice Combo (V2),Grocery,3,0.91,4212.69,83.75,2026-05-22,2026-05-22,Delivered,
SHP100278,2026-01-10,Chattogram DC,Chattogram,Narayanganj,Pathao Courier,SKU1048,Honey Jar,Grocery,2,1.11,6237.72,104.71,2026-01-14,2026-01-14,Delivered,
SHP100279,2025-11-30,Chattogram DC,Chattogram,Rangpur,RedX,SKU1001,Wireless Earbuds (V2),Electronics,5,7.25,10295.6,284.18,2025-12-04,2025-12-04,Delivered,
SHP100280,2025-09-02,Dhaka Hub,Dhaka,Dhaka,eCourier,SKU1000,Wireless Earbuds,Electronics,4,6.71,14066.84,186.27,2025-09-04,2025-09-04,Delivered,
SHP100281,2026-07-22,Rajshahi DC,Rajshahi,Barisal,Sundarban Courier,SKU1047,Spice Combo (V2),Grocery,5,6.96,7021.15,201.2,2026-07-24,2026-07-24,Delivered,
SHP100282,2026-07-25,Dhaka Hub,Dhaka,Barisal,RedX,SKU1011,Cotton T-Shirt (V2),Apparel,3,5.79,12544.29,208.2,2026-07-31,2026-07-31,Delivered,
SHP100283,2025-11-23,Khulna DC,Khulna,Dhaka,Sundarban Courier,SKU1004,Smartwatch,Electronics,3,8.96,1679.01,275.28,2025-11-29,2025-12-04,Delivered Late,Failed delivery attempt
SHP100284,2025-09-12,Sylhet DC,Sylhet,Khulna,RedX,SKU1036,Lipstick,Beauty,1,11.91,715.16,264.3,2025-09-18,2025-09-18,Delivered,
SHP100285,2025-10-13,Khulna DC,Khulna,Comilla,Pathao Courier,SKU1031,Face Wash (V2),Beauty,1,3.45,4358.67,128.31,2025-10-19,2025-10-19,Delivered,
SHP100286,2025-09-24,Chattogram DC,Chattogram,Khulna,RedX,SKU1008,Phone Case,Electronics,4,4.02,2829.16,204.86,2025-09-28,2025-09-28,Delivered,
SHP100287,2026-06-15,Chattogram DC,Chattogram,Rajshahi,Steadfast Courier,SKU1040,Basmati Rice 5kg,Grocery,2,4.01,4103.22,180.14,2026-06-19,2026-06-19,Delivered,
SHP100288,2026-07-06,Khulna DC,Khulna,Sylhet,Pathao Courier,SKU1034,Hair Serum,Beauty,1,9.21,2192.57,252.04,2026-07-11,2026-07-11,Delivered,
SHP100289,2025-10-24,Chattogram DC,Chattogram,Dhaka,Sundarban Courier,SKU1018,Denim Jacket,Apparel,4,4.31,15000.8,164.01,2025-10-27,,In Transit,
SHP100290,2026-05-17,Khulna DC,Khulna,Khulna,Pathao Courier,SKU1047,Spice Combo (V2),Grocery,4,8.19,5616.92,200.33,2026-05-19,2026-05-19,Delivered,
SHP100291,2025-11-02,Dhaka Hub,Dhaka,Mymensingh,Pathao Courier,SKU1015,Sneakers (V2),Apparel,1,5.46,1138.49,186.18,2025-11-05,,In Transit,
SHP100292,2026-01-06,Dhaka Hub,Dhaka,Narayanganj,Steadfast Courier,SKU1002,Power Bank,Electronics,3,7.37,11654.7,208.15,2026-01-12,2026-01-12,Delivered,
SHP100293,2026-03-27,Khulna DC,Khulna,Rangpur,Sundarban Courier,SKU1019,Denim Jacket (V2),Apparel,3,9.98,8693.22,294.57,2026-03-31,2026-03-31,Delivered,
SHP100294,2026-05-08,Khulna DC,Khulna,Comilla,Sundarban Courier,SKU1023,Table Lamp (V2),Home & Living,1,6.27,4035.08,157.89,2026-05-13,2026-05-13,Delivered,
SHP100295,2026-06-30,Dhaka Hub,Dhaka,Rangpur,Pathao Courier,SKU1032,Sunscreen SPF50,Beauty,4,5.81,6269.36,236.02,2026-07-04,2026-07-04,Delivered,
SHP100296,2025-09-16,Rajshahi DC,Rajshahi,Rangpur,Steadfast Courier,SKU1023,Table Lamp (V2),Home & Living,2,3.35,8070.16,164.63,2025-09-20,2025-09-20,Delivered,
SHP100297,2025-11-07,Dhaka Hub,Dhaka,Rajshahi,Pathao Courier,SKU1010,Cotton T-Shirt,Apparel,5,6.29,8814.85,224.35,2025-11-13,2025-11-15,Delivered Late,Warehouse backlog
SHP100298,2025-12-07,Rajshahi DC,Rajshahi,Dhaka,eCourier,SKU1048,Honey Jar,Grocery,1,3.3,3118.86,154.22,2025-12-11,2025-12-11,Delivered,
SHP100299,2025-12-17,Khulna DC,Khulna,Rajshahi,Sundarban Courier,SKU1007,Bluetooth Speaker (V2),Electronics,5,10.15,17846.9,296.46,2025-12-20,2025-12-20,Delivered,
SHP100300,2026-08-12,Rajshahi DC,Rajshahi,Comilla,Pathao Courier,SKU1035,Hair Serum (V2),Beauty,1,4.79,974.2,171.82,2026-08-14,2026-08-13,Delivered,
SHP100301,2026-05-27,Rajshahi DC,Rajshahi,Barisal,RedX,SKU1037,Lipstick (V2),Beauty,4,1.72,8877.28,99.6,2026-05-31,2026-05-31,Delivered,
SHP100302,2025-12-20,Chattogram DC,Chattogram,Mymensingh,Pathao Courier,SKU1039,Perfume (V2),Beauty,4,3.03,12254.76,134.49,2025-12-24,2025-12-24,Delivered,
SHP100303,2026-08-03,Khulna DC,Khulna,Dhaka,RedX,SKU1019,Denim Jacket (V2),Apparel,3,6.51,8693.22,251.07,2026-08-07,2026-08-07,Delivered,
SHP100304,2026-02-20,Chattogram DC,Chattogram,Sylhet,Pathao Courier,SKU1034,Hair Serum,Beauty,2,11.01,4385.14,350.31,2026-02-22,2026-02-22,Delivered,
SHP100305,2026-02-21,Sylhet DC,Sylhet,Sylhet,eCourier,SKU1047,Spice Combo (V2),Grocery,1,3.75,1404.23,107.52,2026-02-23,2026-02-23,Delivered,
SHP100306,2026-01-29,Chattogram DC,Chattogram,Khulna,eCourier,SKU1024,Non-stick Pan,Home & Living,2,3.32,7071.94,157.35,2026-02-04,2026-02-06,Delivered Late,Warehouse backlog
SHP100307,2025-10-20,Sylhet DC,Sylhet,Narayanganj,eCourier,SKU1034,Hair Serum,Beauty,4,5.0,8770.28,186.1,2025-10-25,2025-10-27,Delivered Late,Address issue
SHP100308,2026-07-21,Rajshahi DC,Rajshahi,Rajshahi,Pathao Courier,SKU1024,Non-stick Pan,Home & Living,4,11.62,14143.88,309.23,2026-07-23,2026-07-23,Delivered,
SHP100309,2025-09-05,Sylhet DC,Sylhet,Rangpur,eCourier,SKU1028,Curtain Set,Home & Living,1,10.17,821.16,264.28,2025-09-07,2025-09-07,Delivered,
SHP100310,2025-10-31,Dhaka Hub,Dhaka,Rangpur,Steadfast Courier,SKU1017,Saree (V2),Apparel,1,1.97,427.61,121.96,2025-11-03,2025-11-03,Delivered,
SHP100311,2025-11-19,Chattogram DC,Chattogram,Rajshahi,Pathao Courier,SKU1045,Green Tea Pack (V2),Grocery,3,7.44,10952.16,280.12,2025-11-24,2025-11-24,Delivered,
SHP100312,2025-12-06,Khulna DC,Khulna,Narayanganj,Pathao Courier,SKU1017,Saree (V2),Apparel,3,9.54,1282.83,250.31,2025-12-11,2025-12-11,Delivered,
SHP100313,2025-10-16,Sylhet DC,Sylhet,Sylhet,eCourier,SKU1001,Wireless Earbuds (V2),Electronics,5,9.26,10295.6,283.49,2025-10-17,2025-10-17,Delivered,
SHP100314,2025-09-07,Sylhet DC,Sylhet,Dhaka,Pathao Courier,SKU1034,Hair Serum,Beauty,4,5.97,8770.28,226.99,2025-09-12,2025-09-12,Delivered,
SHP100315,2026-04-23,Sylhet DC,Sylhet,Mymensingh,RedX,SKU1015,Sneakers (V2),Apparel,3,8.84,3415.47,295.35,2026-04-28,2026-04-28,Delivered,
SHP100316,2026-08-02,Chattogram DC,Chattogram,Rangpur,eCourier,SKU1040,Basmati Rice 5kg,Grocery,3,7.09,6154.83,246.93,2026-08-05,2026-08-05,Delivered,
SHP100317,2025-10-13,Sylhet DC,Sylhet,Sylhet,Pathao Courier,SKU1035,Hair Serum (V2),Beauty,4,2.58,3896.8,89.41,2025-10-14,2025-10-14,Delivered,
SHP100318,2025-12-12,Khulna DC,Khulna,Comilla,RedX,SKU1032,Sunscreen SPF50,Beauty,3,0.86,4702.02,106.58,2025-12-16,2025-12-16,Delivered,
SHP100319,2026-02-23,Rajshahi DC,Rajshahi,Chattogram,RedX,SKU1003,Power Bank (V2),Electronics,4,4.56,12734.2,149.12,2026-03-01,2026-03-01,Delivered,
SHP100320,2026-07-18,Khulna DC,Khulna,Sylhet,Sundarban Courier,SKU1032,Sunscreen SPF50,Beauty,1,0.93,1567.34,115.19,2026-07-22,2026-07-26,Delivered Late,Address issue
SHP100321,2026-04-29,Rajshahi DC,Rajshahi,Chattogram,Steadfast Courier,SKU1013,Panjabi (V2),Apparel,5,4.86,18645.05,171.64,2026-05-03,2026-05-03,Delivered,
SHP100322,2026-05-24,Rajshahi DC,Rajshahi,Chattogram,Pathao Courier,SKU1020,Bedsheet Set,Home & Living,5,9.98,17238.4,301.13,2026-05-29,2026-05-29,Delivered,
SHP100323,2026-03-21,Dhaka Hub,Dhaka,Mymensingh,Sundarban Courier,SKU1047,Spice Combo (V2),Grocery,3,10.16,4212.69,344.41,2026-03-24,,In Transit,
SHP100324,2026-01-23,Chattogram DC,Chattogram,Mymensingh,eCourier,SKU1019,Denim Jacket (V2),Apparel,3,0.6,8693.22,102.76,2026-01-27,2026-01-27,Delivered,
SHP100325,2025-11-09,Chattogram DC,Chattogram,Rangpur,Pathao Courier,SKU1007,Bluetooth Speaker (V2),Electronics,3,1.02,10708.14,100.17,2025-11-14,2025-11-14,Delivered,
SHP100326,2026-06-27,Dhaka Hub,Dhaka,Comilla,eCourier,SKU1006,Bluetooth Speaker,Electronics,5,8.1,17304.8,283.58,2026-07-03,2026-07-07,Delivered Late,Warehouse backlog
SHP100327,2026-06-06,Dhaka Hub,Dhaka,Dhaka,Pathao Courier,SKU1002,Power Bank,Electronics,1,6.1,3884.9,148.54,2026-06-08,2026-06-08,Delivered,
SHP100328,2025-09-09,Khulna DC,Khulna,Rangpur,Sundarban Courier,SKU1016,Saree,Apparel,2,1.96,5124.88,111.5,2025-09-13,,Delayed,Weather disruption
SHP100329,2026-05-06,Chattogram DC,Chattogram,Chattogram,Pathao Courier,SKU1032,Sunscreen SPF50,Beauty,4,9.71,6269.36,195.46,2026-05-07,,In Transit,
SHP100330,2025-09-30,Dhaka Hub,Dhaka,Narayanganj,RedX,SKU1047,Spice Combo (V2),Grocery,4,2.75,5616.92,108.37,2025-10-05,2025-10-05,Delivered,
SHP100331,2026-05-14,Chattogram DC,Chattogram,Rangpur,eCourier,SKU1011,Cotton T-Shirt (V2),Apparel,2,1.12,8362.86,97.14,2026-05-18,2026-05-18,Delivered,
SHP100332,2026-06-13,Chattogram DC,Chattogram,Mymensingh,eCourier,SKU1021,Bedsheet Set (V2),Home & Living,1,9.04,1692.19,247.56,2026-06-16,2026-06-16,Delivered,
SHP100333,2025-10-16,Dhaka Hub,Dhaka,Barisal,Steadfast Courier,SKU1021,Bedsheet Set (V2),Home & Living,3,7.38,5076.57,201.4,2025-10-19,2025-10-19,Delivered,
SHP100334,2026-01-29,Dhaka Hub,Dhaka,Khulna,RedX,SKU1045,Green Tea Pack (V2),Grocery,4,4.85,14602.88,148.22,2026-02-01,2026-02-01,Delivered,
SHP100335,2025-10-13,Khulna DC,Khulna,Rangpur,eCourier,SKU1029,Curtain Set (V2),Home & Living,4,8.37,12485.04,230.33,2025-10-16,,Delayed,Warehouse backlog
SHP100336,2026-03-16,Rajshahi DC,Rajshahi,Comilla,RedX,SKU1037,Lipstick (V2),Beauty,1,10.95,2219.32,362.1,2026-03-21,2026-03-21,Delivered,
SHP100337,2026-07-18,Sylhet DC,Sylhet,Chattogram,Steadfast Courier,SKU1037,Lipstick (V2),Beauty,1,0.6,2219.32,108.9,2026-07-23,,In Transit,
SHP100338,2025-09-28,Khulna DC,Khulna,Comilla,RedX,SKU1044,Green Tea Pack,Grocery,2,7.61,7540.66,195.16,2025-10-03,2025-10-03,Delivered,
SHP100339,2026-01-16,Rajshahi DC,Rajshahi,Mymensingh,Steadfast Courier,SKU1007,Bluetooth Speaker (V2),Electronics,3,2.77,10708.14,163.6,2026-01-19,2026-01-19,Delivered,
SHP100340,2026-08-03,Rajshahi DC,Rajshahi,Dhaka,Pathao Courier,SKU1026,Storage Box,Home & Living,1,5.79,2180.24,187.13,2026-08-06,,In Transit,
SHP100341,2025-12-14,Dhaka Hub,Dhaka,Narayanganj,Sundarban Courier,SKU1026,Storage Box,Home & Living,1,5.2,2180.24,150.87,2025-12-19,2025-12-19,Delivered,
SHP100342,2025-10-16,Rajshahi DC,Rajshahi,Chattogram,eCourier,SKU1033,Sunscreen SPF50 (V2),Beauty,3,4.8,5284.5,134.58,2025-10-19,2025-10-19,Delivered,
SHP100343,2026-02-17,Dhaka Hub,Dhaka,Rangpur,Pathao Courier,SKU1020,Bedsheet Set,Home & Living,2,2.45,6895.36,140.42,2026-02-20,2026-02-20,Delivered,
SHP100344,2026-02-23,Dhaka Hub,Dhaka,Chattogram,Pathao Courier,SKU1029,Curtain Set (V2),Home & Living,4,9.67,12485.04,307.59,2026-02-27,2026-02-27,Delivered,
SHP100345,2026-04-18,Sylhet DC,Sylhet,Chattogram,Steadfast Courier,SKU1032,Sunscreen SPF50,Beauty,1,4.68,1567.34,180.34,2026-04-21,2026-04-21,Delivered,
SHP100346,2025-12-18,Khulna DC,Khulna,Rangpur,Sundarban Courier,SKU1027,Storage Box (V2),Home & Living,5,10.67,1702.75,320.24,2025-12-20,2025-12-20,Delivered,
SHP100347,2026-07-28,Dhaka Hub,Dhaka,Rangpur,Pathao Courier,SKU1046,Spice Combo,Grocery,1,4.39,1835.53,183.36,2026-07-31,,In Transit,
SHP100348,2026-02-28,Chattogram DC,Chattogram,Rangpur,Sundarban Courier,SKU1032,Sunscreen SPF50,Beauty,3,10.11,4702.02,342.23,2026-03-06,2026-03-06,Delivered,
SHP100349,2025-12-09,Chattogram DC,Chattogram,Khulna,Sundarban Courier,SKU1004,Smartwatch,Electronics,5,6.62,2798.35,261.61,2025-12-11,,In Transit,
SHP100350,2026-07-30,Chattogram DC,Chattogram,Comilla,RedX,SKU1047,Spice Combo (V2),Grocery,4,4.75,5616.92,184.37,2026-08-03,,In Transit,
SHP100351,2026-07-17,Rajshahi DC,Rajshahi,Dhaka,Steadfast Courier,SKU1018,Denim Jacket,Apparel,5,8.51,18751.0,318.82,2026-07-21,2026-07-21,Delivered,
SHP100352,2026-02-20,Chattogram DC,Chattogram,Comilla,Steadfast Courier,SKU1003,Power Bank (V2),Electronics,1,9.48,3183.55,217.49,2026-02-24,2026-02-27,Delivered Late,Failed delivery attempt
SHP100353,2025-09-09,Chattogram DC,Chattogram,Khulna,RedX,SKU1034,Hair Serum,Beauty,4,5.9,8770.28,197.01,2025-09-13,2025-09-17,Delivered Late,Failed delivery attempt
SHP100354,2026-03-26,Dhaka Hub,Dhaka,Rangpur,RedX,SKU1048,Honey Jar,Grocery,1,5.22,3118.86,213.02,2026-03-28,2026-03-28,Delivered,
SHP100355,2026-03-12,Dhaka Hub,Dhaka,Narayanganj,Sundarban Courier,SKU1016,Saree,Apparel,4,7.01,10249.76,220.9,2026-03-14,2026-03-14,Delivered,
SHP100356,2025-10-22,Dhaka Hub,Dhaka,Sylhet,eCourier,SKU1043,Mustard Oil 1L (V2),Grocery,2,7.1,3017.58,219.56,2025-10-26,2025-10-28,Delivered Late,Courier capacity shortage
SHP100357,2026-04-08,Sylhet DC,Sylhet,Rajshahi,Pathao Courier,SKU1027,Storage Box (V2),Home & Living,4,5.22,1362.2,168.87,2026-04-14,2026-04-14,Returned,
SHP100358,2026-06-18,Sylhet DC,Sylhet,Comilla,Pathao Courier,SKU1029,Curtain Set (V2),Home & Living,1,9.14,3121.26,265.72,2026-06-22,2026-06-22,Returned,
SHP100359,2025-10-07,Sylhet DC,Sylhet,Comilla,Steadfast Courier,SKU1028,Curtain Set,Home & Living,5,4.92,4105.8,193.81,2025-10-11,2025-10-11,Delivered,
SHP100360,2026-05-09,Rajshahi DC,Rajshahi,Sylhet,Steadfast Courier,SKU1045,Green Tea Pack (V2),Grocery,3,5.55,10952.16,180.8,2026-05-15,2026-05-19,Delivered Late,Customs/checkpoint delay
SHP100361,2025-10-19,Sylhet DC,Sylhet,Barisal,Sundarban Courier,SKU1005,Smartwatch (V2),Electronics,3,7.34,13181.88,257.91,2025-10-24,2025-10-24,Delivered,
SHP100362,2026-05-18,Dhaka Hub,Dhaka,Khulna,RedX,SKU1034,Hair Serum,Beauty,3,11.84,6577.71,264.06,2026-05-23,,In Transit,
SHP100363,2026-01-24,Chattogram DC,Chattogram,Barisal,Sundarban Courier,SKU1040,Basmati Rice 5kg,Grocery,1,3.28,2051.61,144.3,2026-01-28,2026-01-28,Delivered,
SHP100364,2025-09-03,Chattogram DC,Chattogram,Khulna,Sundarban Courier,SKU1036,Lipstick,Beauty,2,2.94,1430.32,144.13,2025-09-09,,Delayed,Customs/checkpoint delay
SHP100365,2026-08-01,Rajshahi DC,Rajshahi,Dhaka,Sundarban Courier,SKU1023,Table Lamp (V2),Home & Living,4,2.29,16140.32,116.26,2026-08-05,2026-08-05,Returned,
SHP100366,2025-10-28,Chattogram DC,Chattogram,Narayanganj,Pathao Courier,SKU1028,Curtain Set,Home & Living,5,8.34,4105.8,274.75,2025-11-02,2025-11-02,Delivered,
SHP100367,2026-03-26,Dhaka Hub,Dhaka,Rangpur,RedX,SKU1048,Honey Jar,Grocery,5,5.5,15594.3,193.21,2026-03-31,,Cancelled,
SHP100368,2025-11-02,Khulna DC,Khulna,Rajshahi,Sundarban Courier,SKU1045,Green Tea Pack (V2),Grocery,3,4.79,10952.16,187.02,2025-11-06,2025-11-06,Delivered,
SHP100369,2026-07-20,Sylhet DC,Sylhet,Chattogram,RedX,SKU1030,Face Wash,Beauty,2,2.61,6779.44,133.98,2026-07-26,2026-07-26,Delivered,
SHP100370,2026-05-14,Dhaka Hub,Dhaka,Dhaka,Pathao Courier,SKU1034,Hair Serum,Beauty,3,10.72,6577.71,331.27,2026-05-16,2026-05-16,Delivered,
SHP100371,2026-06-06,Khulna DC,Khulna,Rajshahi,Steadfast Courier,SKU1032,Sunscreen SPF50,Beauty,3,5.43,4702.02,215.3,2026-06-10,2026-06-10,Delivered,
SHP100372,2026-01-28,Chattogram DC,Chattogram,Rangpur,RedX,SKU1020,Bedsheet Set,Home & Living,2,7.37,6895.36,235.51,2026-01-31,2026-01-31,Delivered,
SHP100373,2026-02-09,Rajshahi DC,Rajshahi,Sylhet,Steadfast Courier,SKU1031,Face Wash (V2),Beauty,2,1.53,8717.34,97.81,2026-02-14,2026-02-14,Delivered,
SHP100374,2026-04-08,Rajshahi DC,Rajshahi,Mymensingh,Pathao Courier,SKU1022,Table Lamp,Home & Living,5,1.47,21862.7,120.48,2026-04-11,2026-04-11,Delivered,
SHP100375,2026-05-30,Chattogram DC,Chattogram,Khulna,RedX,SKU1032,Sunscreen SPF50,Beauty,2,0.99,3134.68,93.87,2026-06-03,2026-06-03,Delivered,
SHP100376,2026-06-21,Sylhet DC,Sylhet,Dhaka,eCourier,SKU1002,Power Bank,Electronics,1,4.53,3884.9,166.84,2026-06-23,2026-06-23,Delivered,
SHP100377,2025-09-07,Sylhet DC,Sylhet,Barisal,Sundarban Courier,SKU1017,Saree (V2),Apparel,4,5.78,1710.44,185.39,2025-09-12,,In Transit,
SHP100378,2026-04-18,Khulna DC,Khulna,Chattogram,Pathao Courier,SKU1024,Non-stick Pan,Home & Living,4,3.09,14143.88,151.11,2026-04-24,2026-04-24,Delivered,
SHP100379,2025-10-08,Dhaka Hub,Dhaka,Dhaka,Pathao Courier,SKU1041,Basmati Rice 5kg (V2),Grocery,2,4.33,7544.3,126.95,2025-10-10,2025-10-10,Delivered,
SHP100380,2025-12-09,Chattogram DC,Chattogram,Chattogram,Pathao Courier,SKU1030,Face Wash,Beauty,4,0.27,13558.88,44.43,2025-12-10,2025-12-10,Delivered,
SHP100381,2026-06-14,Dhaka Hub,Dhaka,Sylhet,Sundarban Courier,SKU1002,Power Bank,Electronics,5,4.34,19424.5,183.92,2026-06-19,,In Transit,
SHP100382,2025-11-26,Khulna DC,Khulna,Barisal,Sundarban Courier,SKU1039,Perfume (V2),Beauty,5,1.61,15318.45,136.63,2025-11-28,2025-11-28,Delivered,
SHP100383,2026-06-03,Dhaka Hub,Dhaka,Narayanganj,Pathao Courier,SKU1045,Green Tea Pack (V2),Grocery,4,1.71,14602.88,126.91,2026-06-06,,In Transit,
SHP100384,2026-02-08,Sylhet DC,Sylhet,Sylhet,RedX,SKU1023,Table Lamp (V2),Home & Living,3,0.25,12105.24,44.57,2026-02-10,2026-02-14,Delivered Late,Vehicle breakdown
SHP100385,2025-11-20,Khulna DC,Khulna,Dhaka,Pathao Courier,SKU1049,Honey Jar (V2),Grocery,1,8.42,757.92,266.41,2025-11-25,,In Transit,
SHP100386,2025-12-25,Rajshahi DC,Rajshahi,Chattogram,Sundarban Courier,SKU1031,Face Wash (V2),Beauty,3,11.19,13076.01,390.68,2025-12-29,2025-12-29,Delivered,
SHP100387,2026-03-03,Chattogram DC,Chattogram,Khulna,RedX,SKU1046,Spice Combo,Grocery,5,7.53,9177.65,207.21,2026-03-06,2026-03-06,Delivered,
SHP100388,2026-05-23,Dhaka Hub,Dhaka,Sylhet,Pathao Courier,SKU1021,Bedsheet Set (V2),Home & Living,5,1.34,8460.95,123.81,2026-05-26,2026-05-26,Delivered,
SHP100389,2026-03-29,Khulna DC,Khulna,Khulna,Pathao Courier,SKU1022,Table Lamp,Home & Living,4,11.88,17490.16,265.36,2026-03-30,2026-03-30,Delivered,
SHP100390,2026-07-20,Dhaka Hub,Dhaka,Narayanganj,Pathao Courier,SKU1001,Wireless Earbuds (V2),Electronics,5,11.71,10295.6,374.18,2026-07-22,2026-07-22,Delivered,
SHP100391,2026-06-28,Dhaka Hub,Dhaka,Khulna,Pathao Courier,SKU1026,Storage Box,Home & Living,3,5.73,6540.72,177.49,2026-07-03,2026-07-03,Delivered,
SHP100392,2026-05-19,Rajshahi DC,Rajshahi,Rangpur,Sundarban Courier,SKU1041,Basmati Rice 5kg (V2),Grocery,1,1.47,3772.15,124.36,2026-05-21,2026-05-21,Delivered,
SHP100393,2026-03-28,Rajshahi DC,Rajshahi,Rangpur,Pathao Courier,SKU1001,Wireless Earbuds (V2),Electronics,3,8.7,6177.36,246.67,2026-04-02,2026-04-02,Delivered,
SHP100394,2025-12-10,Khulna DC,Khulna,Chattogram,Pathao Courier,SKU1025,Non-stick Pan (V2),Home & Living,2,11.55,1993.36,281.62,2025-12-15,2025-12-15,Delivered,
SHP100395,2026-01-21,Rajshahi DC,Rajshahi,Sylhet,Steadfast Courier,SKU1016,Saree,Apparel,5,9.39,12812.2,253.38,2026-01-26,2026-01-26,Delivered,
SHP100396,2025-10-12,Dhaka Hub,Dhaka,Rajshahi,Steadfast Courier,SKU1039,Perfume (V2),Beauty,4,7.57,12254.76,209.25,2025-10-15,2025-10-15,Delivered,
SHP100397,2026-01-08,Dhaka Hub,Dhaka,Rajshahi,Pathao Courier,SKU1032,Sunscreen SPF50,Beauty,3,7.41,4702.02,286.46,2026-01-12,2026-01-12,Delivered,
SHP100398,2026-07-18,Chattogram DC,Chattogram,Dhaka,Sundarban Courier,SKU1008,Phone Case,Electronics,2,11.74,1414.58,261.13,2026-07-23,2026-07-23,Delivered,
SHP100399,2026-01-26,Dhaka Hub,Dhaka,Rangpur,Sundarban Courier,SKU1042,Mustard Oil 1L,Grocery,1,1.06,3196.15,76.96,2026-01-30,2026-01-30,Delivered,
SHP100400,2025-10-10,Rajshahi DC,Rajshahi,Khulna,eCourier,SKU1047,Spice Combo (V2),Grocery,1,1.96,1404.23,138.1,2025-10-13,2025-10-15,Delivered Late,Warehouse backlog
SHP100401,2026-04-14,Dhaka Hub,Dhaka,Khulna,eCourier,SKU1038,Perfume,Beauty,2,10.0,2274.12,263.53,2026-04-16,,In Transit,
SHP100402,2026-07-31,Sylhet DC,Sylhet,Rangpur,Pathao Courier,SKU1028,Curtain Set,Home & Living,2,1.91,1642.32,118.8,2026-08-04,2026-08-04,Delivered,
SHP100403,2026-06-28,Rajshahi DC,Rajshahi,Narayanganj,Pathao Courier,SKU1041,Basmati Rice 5kg (V2),Grocery,2,4.72,7544.3,136.44,2026-07-02,2026-07-02,Delivered,
SHP100404,2025-12-04,Khulna DC,Khulna,Comilla,Sundarban Courier,SKU1025,Non-stick Pan (V2),Home & Living,5,3.52,4983.4,157.79,2025-12-10,2025-12-10,Delivered,
SHP100405,2026-02-05,Chattogram DC,Chattogram,Narayanganj,Steadfast Courier,SKU1034,Hair Serum,Beauty,4,3.07,8770.28,134.53,2026-02-10,2026-02-14,Delivered Late,Failed delivery attempt
SHP100406,2026-03-03,Sylhet DC,Sylhet,Rajshahi,Steadfast Courier,SKU1049,Honey Jar (V2),Grocery,3,0.5,2273.76,90.26,2026-03-08,2026-03-08,Delivered,
SHP100407,2025-11-25,Sylhet DC,Sylhet,Chattogram,Pathao Courier,SKU1024,Non-stick Pan,Home & Living,1,6.88,3535.97,233.17,2025-12-01,2025-12-01,Delivered,
SHP100408,2025-12-02,Khulna DC,Khulna,Sylhet,RedX,SKU1023,Table Lamp (V2),Home & Living,5,4.93,20175.4,179.93,2025-12-07,2025-12-07,Delivered,
SHP100409,2025-11-21,Sylhet DC,Sylhet,Khulna,Pathao Courier,SKU1012,Panjabi,Apparel,4,6.71,11803.24,217.44,2025-11-23,2025-11-25,Delivered Late,Vehicle breakdown
SHP100410,2026-08-11,Chattogram DC,Chattogram,Khulna,RedX,SKU1006,Bluetooth Speaker,Electronics,3,3.79,10382.88,137.1,2026-08-13,2026-08-13,Delivered,
SHP100411,2026-05-17,Khulna DC,Khulna,Sylhet,Steadfast Courier,SKU1035,Hair Serum (V2),Beauty,3,11.31,2922.6,338.27,2026-05-22,2026-05-26,Delivered Late,Warehouse backlog
SHP100412,2026-06-18,Rajshahi DC,Rajshahi,Chattogram,Sundarban Courier,SKU1044,Green Tea Pack,Grocery,3,7.18,11310.99,227.82,2026-06-21,2026-06-21,Delivered,
SHP100413,2026-06-10,Sylhet DC,Sylhet,Chattogram,Pathao Courier,SKU1019,Denim Jacket (V2),Apparel,5,11.54,14488.7,289.99,2026-06-16,,In Transit,
SHP100414,2026-07-29,Dhaka Hub,Dhaka,Rangpur,RedX,SKU1000,Wireless Earbuds,Electronics,4,4.33,14066.84,206.46,2026-07-31,2026-07-31,Returned,
SHP100415,2025-10-07,Sylhet DC,Sylhet,Rajshahi,Sundarban Courier,SKU1007,Bluetooth Speaker (V2),Electronics,3,0.23,10708.14,99.67,2025-10-10,2025-10-10,Delivered,
SHP100416,2026-07-03,Rajshahi DC,Rajshahi,Dhaka,eCourier,SKU1045,Green Tea Pack (V2),Grocery,4,9.42,14602.88,308.61,2026-07-08,2026-07-08,Delivered,
SHP100417,2025-09-24,Rajshahi DC,Rajshahi,Barisal,Sundarban Courier,SKU1015,Sneakers (V2),Apparel,5,9.96,5692.45,263.92,2025-09-29,2025-09-30,Delivered Late,Vehicle breakdown
SHP100418,2026-02-12,Sylhet DC,Sylhet,Comilla,Steadfast Courier,SKU1013,Panjabi (V2),Apparel,2,0.89,7458.02,85.43,2026-02-17,,In Transit,
SHP100419,2026-03-25,Dhaka Hub,Dhaka,Rajshahi,Pathao Courier,SKU1011,Cotton T-Shirt (V2),Apparel,5,7.58,20907.15,266.52,2026-03-27,2026-03-27,Delivered,
SHP100420,2026-01-02,Sylhet DC,Sylhet,Khulna,Pathao Courier,SKU1022,Table Lamp,Home & Living,4,8.0,17490.16,248.26,2026-01-06,2026-01-06,Delivered,
SHP100421,2025-10-21,Rajshahi DC,Rajshahi,Sylhet,Sundarban Courier,SKU1014,Sneakers,Apparel,1,1.92,2078.85,130.6,2025-10-26,,Cancelled,
SHP100422,2025-11-06,Rajshahi DC,Rajshahi,Khulna,Pathao Courier,SKU1027,Storage Box (V2),Home & Living,5,6.72,1702.75,224.34,2025-11-12,2025-11-12,Delivered,
SHP100423,2026-06-13,Dhaka Hub,Dhaka,Sylhet,Sundarban Courier,SKU1033,Sunscreen SPF50 (V2),Beauty,4,3.07,7046.0,173.05,2026-06-16,,Cancelled,
SHP100424,2025-12-20,Chattogram DC,Chattogram,Narayanganj,RedX,SKU1001,Wireless Earbuds (V2),Electronics,2,0.39,4118.24,100.49,2025-12-24,2025-12-24,Delivered,
SHP100425,2025-12-17,Sylhet DC,Sylhet,Narayanganj,Pathao Courier,SKU1031,Face Wash (V2),Beauty,2,10.43,8717.34,362.0,2025-12-20,2025-12-20,Delivered,
SHP100426,2026-07-17,Dhaka Hub,Dhaka,Khulna,Pathao Courier,SKU1022,Table Lamp,Home & Living,5,6.0,21862.7,181.47,2026-07-22,,Cancelled,
SHP100427,2025-10-20,Rajshahi DC,Rajshahi,Narayanganj,Pathao Courier,SKU1021,Bedsheet Set (V2),Home & Living,5,9.42,8460.95,237.01,2025-10-23,2025-10-23,Delivered,
SHP100428,2026-07-14,Dhaka Hub,Dhaka,Comilla,Pathao Courier,SKU1024,Non-stick Pan,Home & Living,1,8.73,3535.97,311.28,2026-07-20,2026-07-20,Delivered,
SHP100429,2026-07-16,Khulna DC,Khulna,Dhaka,Steadfast Courier,SKU1021,Bedsheet Set (V2),Home & Living,4,11.93,6768.76,281.93,2026-07-18,2026-07-18,Delivered,
SHP100430,2026-03-27,Rajshahi DC,Rajshahi,Rajshahi,Steadfast Courier,SKU1021,Bedsheet Set (V2),Home & Living,1,5.37,1692.19,174.14,2026-03-28,2026-03-28,Delivered,
SHP100431,2025-10-28,Khulna DC,Khulna,Rangpur,Pathao Courier,SKU1048,Honey Jar,Grocery,2,5.25,6237.72,159.72,2025-11-02,2025-11-02,Delivered,
SHP100432,2025-10-24,Khulna DC,Khulna,Rajshahi,eCourier,SKU1041,Basmati Rice 5kg (V2),Grocery,3,3.52,11316.45,160.84,2025-10-27,2025-10-27,Delivered,
SHP100433,2025-12-08,Chattogram DC,Chattogram,Rajshahi,eCourier,SKU1005,Smartwatch (V2),Electronics,2,7.58,8787.92,181.19,2025-12-11,2025-12-11,Delivered,
SHP100434,2026-03-19,Rajshahi DC,Rajshahi,Rajshahi,Steadfast Courier,SKU1014,Sneakers,Apparel,3,5.94,6236.55,197.0,2026-03-21,2026-03-21,Delivered,
SHP100435,2025-10-24,Sylhet DC,Sylhet,Rangpur,Sundarban Courier,SKU1042,Mustard Oil 1L,Grocery,3,8.8,9588.45,271.79,2025-10-29,2025-10-29,Delivered,
SHP100436,2026-02-05,Dhaka Hub,Dhaka,Sylhet,Sundarban Courier,SKU1036,Lipstick,Beauty,3,4.41,2145.48,169.45,2026-02-10,,Delayed,Vehicle breakdown
SHP100437,2025-10-10,Chattogram DC,Chattogram,Barisal,Sundarban Courier,SKU1032,Sunscreen SPF50,Beauty,5,1.74,7836.7,108.17,2025-10-14,,In Transit,
SHP100438,2026-03-06,Chattogram DC,Chattogram,Sylhet,eCourier,SKU1007,Bluetooth Speaker (V2),Electronics,1,10.38,3569.38,307.57,2026-03-09,2026-03-09,Delivered,
SHP100439,2025-09-08,Sylhet DC,Sylhet,Comilla,eCourier,SKU1043,Mustard Oil 1L (V2),Grocery,4,9.97,6035.16,334.85,2025-09-14,,Cancelled,
SHP100440,2026-05-04,Chattogram DC,Chattogram,Dhaka,Sundarban Courier,SKU1043,Mustard Oil 1L (V2),Grocery,2,4.34,3017.58,183.22,2026-05-07,2026-05-07,Delivered,
SHP100441,2025-09-20,Sylhet DC,Sylhet,Dhaka,Pathao Courier,SKU1004,Smartwatch,Electronics,1,8.35,559.67,249.69,2025-09-24,2025-09-24,Delivered,
SHP100442,2025-11-07,Sylhet DC,Sylhet,Dhaka,eCourier,SKU1038,Perfume,Beauty,3,6.01,3411.18,188.79,2025-11-13,2025-11-13,Delivered,
SHP100443,2025-10-31,Chattogram DC,Chattogram,Khulna,eCourier,SKU1003,Power Bank (V2),Electronics,2,9.18,6367.1,305.0,2025-11-06,,In Transit,
SHP100444,2026-06-15,Khulna DC,Khulna,Rangpur,Sundarban Courier,SKU1005,Smartwatch (V2),Electronics,1,4.8,4393.96,158.56,2026-06-18,2026-06-18,Delivered,
SHP100445,2025-09-19,Chattogram DC,Chattogram,Narayanganj,RedX,SKU1044,Green Tea Pack,Grocery,3,6.52,11310.99,263.03,2025-09-22,2025-09-22,Delivered,
SHP100446,2026-01-27,Khulna DC,Khulna,Rajshahi,Sundarban Courier,SKU1031,Face Wash (V2),Beauty,5,0.88,21793.35,83.31,2026-01-31,,Cancelled,
SHP100447,2026-03-24,Chattogram DC,Chattogram,Chattogram,Sundarban Courier,SKU1029,Curtain Set (V2),Home & Living,3,2.26,9363.78,98.75,2026-03-25,2026-03-29,Delivered Late,Courier capacity shortage
SHP100448,2026-02-26,Rajshahi DC,Rajshahi,Khulna,RedX,SKU1046,Spice Combo,Grocery,4,9.42,7342.12,306.44,2026-03-03,2026-03-07,Delivered Late,Courier capacity shortage
SHP100449,2026-04-24,Chattogram DC,Chattogram,Chattogram,eCourier,SKU1034,Hair Serum,Beauty,1,4.7,2192.57,123.83,2026-04-25,2026-04-29,Delivered Late,Warehouse backlog
SHP100450,2026-06-05,Dhaka Hub,Dhaka,Rajshahi,Steadfast Courier,SKU1039,Perfume (V2),Beauty,1,0.61,3063.69,80.27,2026-06-08,2026-06-08,Delivered,
SHP100451,2026-01-15,Dhaka Hub,Dhaka,Mymensingh,Sundarban Courier,SKU1015,Sneakers (V2),Apparel,2,2.18,2276.98,102.95,2026-01-19,2026-01-19,Delivered,
SHP100452,2026-06-14,Rajshahi DC,Rajshahi,Dhaka,Sundarban Courier,SKU1012,Panjabi,Apparel,4,5.06,11803.24,171.83,2026-06-19,2026-06-21,Delivered Late,Weather disruption
SHP100453,2025-12-20,Rajshahi DC,Rajshahi,Mymensingh,Sundarban Courier,SKU1049,Honey Jar (V2),Grocery,5,8.67,3789.6,196.02,2025-12-25,2025-12-25,Delivered,
SHP100454,2026-08-07,Chattogram DC,Chattogram,Sylhet,Pathao Courier,SKU1041,Basmati Rice 5kg (V2),Grocery,1,4.49,3772.15,192.23,2026-08-10,2026-08-10,Delivered,
SHP100455,2026-02-22,Khulna DC,Khulna,Rangpur,Sundarban Courier,SKU1029,Curtain Set (V2),Home & Living,3,8.99,9363.78,288.49,2026-02-24,2026-02-24,Returned,
SHP100456,2026-05-13,Sylhet DC,Sylhet,Comilla,Pathao Courier,SKU1018,Denim Jacket,Apparel,2,10.33,7500.4,325.24,2026-05-16,2026-05-16,Delivered,
SHP100457,2026-06-30,Dhaka Hub,Dhaka,Mymensingh,Sundarban Courier,SKU1016,Saree,Apparel,4,4.23,10249.76,172.98,2026-07-05,2026-07-05,Delivered,
SHP100458,2026-06-02,Sylhet DC,Sylhet,Rangpur,Pathao Courier,SKU1018,Denim Jacket,Apparel,2,9.64,7500.4,221.42,2026-06-07,2026-06-07,Delivered,
SHP100459,2026-06-22,Khulna DC,Khulna,Rangpur,Sundarban Courier,SKU1027,Storage Box (V2),Home & Living,3,1.7,1021.65,116.61,2026-06-28,,In Transit,
SHP100460,2026-03-05,Rajshahi DC,Rajshahi,Chattogram,eCourier,SKU1025,Non-stick Pan (V2),Home & Living,5,5.1,4983.4,166.07,2026-03-11,,Cancelled,
SHP100461,2025-09-16,Rajshahi DC,Rajshahi,Chattogram,Pathao Courier,SKU1036,Lipstick,Beauty,3,1.35,2145.48,118.64,2025-09-20,2025-09-20,Delivered,
SHP100462,2026-02-18,Dhaka Hub,Dhaka,Khulna,RedX,SKU1025,Non-stick Pan (V2),Home & Living,4,0.82,3986.72,116.11,2026-02-24,2026-02-24,Delivered,
SHP100463,2025-11-02,Chattogram DC,Chattogram,Rangpur,Steadfast Courier,SKU1022,Table Lamp,Home & Living,4,0.96,17490.16,100.38,2025-11-05,2025-11-07,Delivered Late,Failed delivery attempt
SHP100464,2026-07-05,Sylhet DC,Sylhet,Rangpur,RedX,SKU1008,Phone Case,Electronics,3,1.44,2121.87,132.36,2026-07-09,2026-07-09,Delivered,
SHP100465,2025-11-21,Dhaka Hub,Dhaka,Mymensingh,Pathao Courier,SKU1011,Cotton T-Shirt (V2),Apparel,2,10.06,8362.86,290.96,2025-11-25,2025-11-25,Delivered,
SHP100466,2025-11-18,Sylhet DC,Sylhet,Khulna,Sundarban Courier,SKU1000,Wireless Earbuds,Electronics,5,6.62,17583.55,177.06,2025-11-23,2025-11-23,Delivered,
SHP100467,2025-11-26,Dhaka Hub,Dhaka,Comilla,RedX,SKU1000,Wireless Earbuds,Electronics,2,11.38,7033.42,246.94,2025-12-01,2025-12-01,Delivered,
SHP100468,2026-04-11,Dhaka Hub,Dhaka,Rajshahi,RedX,SKU1046,Spice Combo,Grocery,5,6.55,9177.65,173.94,2026-04-14,2026-04-14,Delivered,
SHP100469,2026-03-17,Dhaka Hub,Dhaka,Sylhet,Pathao Courier,SKU1033,Sunscreen SPF50 (V2),Beauty,5,7.62,8807.5,255.01,2026-03-23,2026-03-26,Delivered Late,Vehicle breakdown
SHP100470,2026-07-26,Chattogram DC,Chattogram,Mymensingh,Sundarban Courier,SKU1031,Face Wash (V2),Beauty,3,2.38,13076.01,158.5,2026-08-01,2026-08-01,Delivered,
SHP100471,2026-01-23,Khulna DC,Khulna,Chattogram,RedX,SKU1047,Spice Combo (V2),Grocery,5,6.58,7021.15,228.79,2026-01-29,,In Transit,
SHP100472,2025-12-07,Dhaka Hub,Dhaka,Rajshahi,Pathao Courier,SKU1024,Non-stick Pan,Home & Living,4,4.75,14143.88,169.77,2025-12-11,2025-12-11,Delivered,
SHP100473,2025-09-18,Rajshahi DC,Rajshahi,Mymensingh,RedX,SKU1039,Perfume (V2),Beauty,4,11.19,12254.76,308.54,2025-09-24,2025-09-24,Delivered,
SHP100474,2025-09-03,Chattogram DC,Chattogram,Mymensingh,Pathao Courier,SKU1044,Green Tea Pack,Grocery,1,11.22,3770.33,316.53,2025-09-08,2025-09-12,Delivered Late,Address issue
SHP100475,2026-01-08,Dhaka Hub,Dhaka,Sylhet,Sundarban Courier,SKU1000,Wireless Earbuds,Electronics,1,2.54,3516.71,144.2,2026-01-13,2026-01-13,Delivered,
SHP100476,2026-07-18,Chattogram DC,Chattogram,Chattogram,eCourier,SKU1015,Sneakers (V2),Apparel,1,7.52,1138.49,209.61,2026-07-20,2026-07-20,Delivered,
SHP100477,2026-03-01,Khulna DC,Khulna,Dhaka,Pathao Courier,SKU1038,Perfume,Beauty,1,7.73,1137.06,216.46,2026-03-06,2026-03-06,Delivered,
SHP100478,2026-07-07,Dhaka Hub,Dhaka,Dhaka,RedX,SKU1004,Smartwatch,Electronics,5,6.84,2798.35,144.38,2026-07-08,2026-07-11,Delivered Late,Failed delivery attempt
SHP100479,2025-10-06,Dhaka Hub,Dhaka,Comilla,Sundarban Courier,SKU1021,Bedsheet Set (V2),Home & Living,1,1.67,1692.19,121.79,2025-10-10,,In Transit,
SHP100480,2025-10-03,Rajshahi DC,Rajshahi,Mymensingh,Sundarban Courier,SKU1028,Curtain Set,Home & Living,1,7.92,821.16,230.78,2025-10-09,2025-10-09,Delivered,
SHP100481,2026-06-16,Sylhet DC,Sylhet,Barisal,Steadfast Courier,SKU1002,Power Bank,Electronics,5,9.63,19424.5,326.64,2026-06-19,,In Transit,
SHP100482,2025-10-07,Chattogram DC,Chattogram,Barisal,Sundarban Courier,SKU1011,Cotton T-Shirt (V2),Apparel,2,4.27,8362.86,204.37,2025-10-12,2025-10-12,Delivered,
SHP100483,2025-09-18,Khulna DC,Khulna,Khulna,Pathao Courier,SKU1025,Non-stick Pan (V2),Home & Living,5,6.27,4983.4,183.86,2025-09-20,2025-09-20,Delivered,
SHP100484,2026-01-18,Rajshahi DC,Rajshahi,Chattogram,Steadfast Courier,SKU1015,Sneakers (V2),Apparel,5,1.57,5692.45,106.98,2026-01-22,2026-01-22,Delivered,
SHP100485,2026-07-17,Chattogram DC,Chattogram,Dhaka,eCourier,SKU1036,Lipstick,Beauty,3,11.18,2145.48,332.05,2026-07-20,,Delayed,Failed delivery attempt
SHP100486,2026-04-27,Sylhet DC,Sylhet,Rangpur,RedX,SKU1021,Bedsheet Set (V2),Home & Living,5,1.49,8460.95,129.73,2026-04-30,2026-04-30,Delivered,
SHP100487,2025-10-05,Dhaka Hub,Dhaka,Dhaka,Pathao Courier,SKU1028,Curtain Set,Home & Living,5,2.66,4105.8,102.07,2025-10-07,2025-10-07,Delivered,
SHP100488,2026-06-17,Chattogram DC,Chattogram,Chattogram,Pathao Courier,SKU1013,Panjabi (V2),Apparel,1,3.72,3729.01,134.75,2026-06-19,2026-06-24,Delivered Late,Customs/checkpoint delay
SHP100489,2026-06-19,Sylhet DC,Sylhet,Mymensingh,RedX,SKU1027,Storage Box (V2),Home & Living,1,9.94,340.55,275.54,2026-06-21,2026-06-21,Delivered,
SHP100490,2026-06-05,Dhaka Hub,Dhaka,Barisal,Pathao Courier,SKU1004,Smartwatch,Electronics,2,8.47,1119.34,271.37,2026-06-10,2026-06-10,Delivered,
SHP100491,2026-07-10,Rajshahi DC,Rajshahi,Rajshahi,Pathao Courier,SKU1046,Spice Combo,Grocery,3,0.28,5506.59,45.42,2026-07-11,2026-07-11,Delivered,
SHP100492,2025-11-22,Rajshahi DC,Rajshahi,Sylhet,eCourier,SKU1048,Honey Jar,Grocery,4,2.37,12475.44,133.62,2025-11-24,2025-11-24,Delivered,
SHP100493,2026-08-05,Chattogram DC,Chattogram,Chattogram,Sundarban Courier,SKU1029,Curtain Set (V2),Home & Living,1,9.05,3121.26,219.83,2026-08-07,2026-08-07,Delivered,
SHP100494,2025-12-20,Chattogram DC,Chattogram,Rajshahi,Pathao Courier,SKU1045,Green Tea Pack (V2),Grocery,1,4.97,3650.72,231.76,2025-12-23,2025-12-23,Delivered,
SHP100495,2026-06-05,Dhaka Hub,Dhaka,Khulna,Pathao Courier,SKU1004,Smartwatch,Electronics,2,0.51,1119.34,81.42,2026-06-07,2026-06-11,Delivered Late,Failed delivery attempt
SHP100496,2026-03-20,Sylhet DC,Sylhet,Barisal,Sundarban Courier,SKU1011,Cotton T-Shirt (V2),Apparel,2,11.57,8362.86,305.78,2026-03-26,,In Transit,
SHP100497,2026-05-28,Dhaka Hub,Dhaka,Chattogram,RedX,SKU1015,Sneakers (V2),Apparel,5,1.98,5692.45,140.05,2026-06-01,,Delayed,Customs/checkpoint delay
SHP100498,2026-04-06,Chattogram DC,Chattogram,Sylhet,Steadfast Courier,SKU1025,Non-stick Pan (V2),Home & Living,2,6.22,1993.36,240.57,2026-04-10,2026-04-10,Delivered,
SHP100499,2026-04-11,Sylhet DC,Sylhet,Chattogram,Pathao Courier,SKU1025,Non-stick Pan (V2),Home & Living,5,3.13,4983.4,176.95,2026-04-15,2026-04-15,Delivered,
SHP100500,2026-04-02,Khulna DC,Khulna,Rajshahi,Pathao Courier,SKU1047,Spice Combo (V2),Grocery,1,8.9,1404.23,284.89,2026-04-04,2026-04-04,Delivered,
SHP100501,2026-05-28,Sylhet DC,Sylhet,Sylhet,RedX,SKU1020,Bedsheet Set,Home & Living,1,9.37,3447.68,180.83,2026-05-30,2026-05-30,Delivered,
SHP100502,2026-05-14,Chattogram DC,Chattogram,Sylhet,Sundarban Courier,SKU1038,Perfume,Beauty,5,4.89,5685.3,226.18,2026-05-20,2026-05-20,Delivered,
SHP100503,2025-10-17,Khulna DC,Khulna,Barisal,Sundarban Courier,SKU1035,Hair Serum (V2),Beauty,2,7.97,1948.4,303.31,2025-10-20,2025-10-20,Delivered,
SHP100504,2026-06-13,Khulna DC,Khulna,Rajshahi,Steadfast Courier,SKU1032,Sunscreen SPF50,Beauty,1,10.93,1567.34,384.03,2026-06-16,2026-06-16,Delivered,
SHP100505,2026-03-05,Khulna DC,Khulna,Sylhet,RedX,SKU1029,Curtain Set (V2),Home & Living,3,9.81,9363.78,326.02,2026-03-10,,In Transit,
SHP100506,2025-12-21,Sylhet DC,Sylhet,Rangpur,Sundarban Courier,SKU1036,Lipstick,Beauty,1,5.1,715.16,141.41,2025-12-24,2025-12-24,Delivered,
SHP100507,2026-02-25,Rajshahi DC,Rajshahi,Khulna,Steadfast Courier,SKU1022,Table Lamp,Home & Living,1,5.41,4372.54,218.36,2026-02-28,,Delayed,Weather disruption
SHP100508,2026-08-01,Chattogram DC,Chattogram,Khulna,Pathao Courier,SKU1009,Phone Case (V2),Electronics,3,10.67,6327.54,259.11,2026-08-06,2026-08-06,Delivered,
SHP100509,2026-06-24,Rajshahi DC,Rajshahi,Rajshahi,Steadfast Courier,SKU1004,Smartwatch,Electronics,3,0.61,1679.01,50.34,2026-06-26,2026-06-26,Returned,
SHP100510,2026-06-16,Chattogram DC,Chattogram,Chattogram,RedX,SKU1035,Hair Serum (V2),Beauty,3,0.47,2922.6,50.89,2026-06-18,2026-06-18,Delivered,
SHP100511,2026-02-08,Chattogram DC,Chattogram,Rajshahi,RedX,SKU1033,Sunscreen SPF50 (V2),Beauty,3,2.63,5284.5,127.77,2026-02-13,2026-02-13,Delivered,
SHP100512,2026-05-30,Sylhet DC,Sylhet,Barisal,Steadfast Courier,SKU1030,Face Wash,Beauty,1,9.97,3389.72,332.22,2026-06-01,2026-06-01,Delivered,
SHP100513,2026-01-12,Sylhet DC,Sylhet,Chattogram,RedX,SKU1009,Phone Case (V2),Electronics,2,2.01,4218.36,133.15,2026-01-15,2026-01-15,Delivered,
SHP100514,2026-04-26,Khulna DC,Khulna,Barisal,Sundarban Courier,SKU1018,Denim Jacket,Apparel,2,3.57,7500.4,131.24,2026-05-01,,In Transit,
SHP100515,2026-04-10,Chattogram DC,Chattogram,Dhaka,Pathao Courier,SKU1031,Face Wash (V2),Beauty,2,7.62,8717.34,261.49,2026-04-14,2026-04-14,Delivered,
SHP100516,2025-11-26,Rajshahi DC,Rajshahi,Rangpur,RedX,SKU1000,Wireless Earbuds,Electronics,3,2.37,10550.13,161.43,2025-11-30,,In Transit,
SHP100517,2025-12-02,Chattogram DC,Chattogram,Dhaka,RedX,SKU1004,Smartwatch,Electronics,2,3.78,1119.34,180.36,2025-12-07,2025-12-07,Delivered,
SHP100518,2025-09-22,Sylhet DC,Sylhet,Chattogram,Pathao Courier,SKU1044,Green Tea Pack,Grocery,4,5.71,15081.32,165.11,2025-09-27,2025-09-27,Returned,
SHP100519,2025-10-19,Rajshahi DC,Rajshahi,Khulna,eCourier,SKU1003,Power Bank (V2),Electronics,5,2.89,15917.75,136.56,2025-10-24,2025-10-24,Delivered,
SHP100520,2026-01-29,Sylhet DC,Sylhet,Rangpur,RedX,SKU1015,Sneakers (V2),Apparel,4,11.91,4553.96,264.19,2026-02-02,2026-02-02,Delivered,
SHP100521,2026-02-13,Khulna DC,Khulna,Mymensingh,Sundarban Courier,SKU1023,Table Lamp (V2),Home & Living,2,2.13,8070.16,140.29,2026-02-17,,In Transit,
SHP100522,2025-10-28,Rajshahi DC,Rajshahi,Rajshahi,Pathao Courier,SKU1015,Sneakers (V2),Apparel,3,10.23,3415.47,276.91,2025-10-30,2025-10-30,Delivered,
SHP100523,2026-01-23,Rajshahi DC,Rajshahi,Chattogram,Sundarban Courier,SKU1001,Wireless Earbuds (V2),Electronics,3,5.75,6177.36,209.5,2026-01-26,2026-01-26,Delivered,
SHP100524,2026-03-29,Sylhet DC,Sylhet,Khulna,Pathao Courier,SKU1048,Honey Jar,Grocery,4,1.72,12475.44,127.61,2026-04-03,2026-04-03,Delivered,
SHP100525,2025-11-20,Sylhet DC,Sylhet,Mymensingh,Pathao Courier,SKU1027,Storage Box (V2),Home & Living,2,1.6,681.1,129.48,2025-11-23,2025-11-23,Delivered,
SHP100526,2025-12-27,Dhaka Hub,Dhaka,Dhaka,Sundarban Courier,SKU1031,Face Wash (V2),Beauty,1,6.1,4358.67,194.26,2025-12-29,,In Transit,
SHP100527,2026-01-06,Sylhet DC,Sylhet,Mymensingh,Pathao Courier,SKU1026,Storage Box,Home & Living,4,4.37,8720.96,174.98,2026-01-11,2026-01-11,Delivered,
SHP100528,2026-02-22,Rajshahi DC,Rajshahi,Khulna,Pathao Courier,SKU1019,Denim Jacket (V2),Apparel,4,2.97,11590.96,130.66,2026-02-27,,In Transit,
SHP100529,2026-01-05,Sylhet DC,Sylhet,Dhaka,RedX,SKU1023,Table Lamp (V2),Home & Living,1,11.52,4035.08,318.19,2026-01-07,,Delayed,Customs/checkpoint delay
SHP100530,2026-05-13,Chattogram DC,Chattogram,Rangpur,Sundarban Courier,SKU1011,Cotton T-Shirt (V2),Apparel,4,5.67,16725.72,214.82,2026-05-17,2026-05-20,Delivered Late,Vehicle breakdown
SHP100531,2025-12-23,Dhaka Hub,Dhaka,Dhaka,Steadfast Courier,SKU1049,Honey Jar (V2),Grocery,1,11.16,757.92,292.14,2025-12-24,2025-12-24,Delivered,
SHP100532,2026-01-29,Chattogram DC,Chattogram,Khulna,Steadfast Courier,SKU1034,Hair Serum,Beauty,4,2.14,8770.28,114.96,2026-02-04,2026-02-04,Delivered,
SHP100533,2026-01-10,Chattogram DC,Chattogram,Chattogram,RedX,SKU1032,Sunscreen SPF50,Beauty,4,2.36,6269.36,84.44,2026-01-12,2026-01-12,Returned,
SHP100534,2025-11-03,Rajshahi DC,Rajshahi,Barisal,Steadfast Courier,SKU1032,Sunscreen SPF50,Beauty,1,7.23,1567.34,218.86,2025-11-05,2025-11-09,Delivered Late,Courier capacity shortage
SHP100535,2026-04-26,Sylhet DC,Sylhet,Dhaka,Steadfast Courier,SKU1042,Mustard Oil 1L,Grocery,4,3.38,12784.6,155.33,2026-04-29,2026-04-29,Delivered,
SHP100536,2025-11-21,Dhaka Hub,Dhaka,Dhaka,Sundarban Courier,SKU1036,Lipstick,Beauty,1,2.38,715.16,86.31,2025-11-23,,Delayed,Warehouse backlog
SHP100537,2025-12-12,Dhaka Hub,Dhaka,Barisal,eCourier,SKU1011,Cotton T-Shirt (V2),Apparel,2,1.32,8362.86,114.5,2025-12-14,2025-12-14,Delivered,
SHP100538,2026-06-02,Rajshahi DC,Rajshahi,Narayanganj,Pathao Courier,SKU1002,Power Bank,Electronics,4,1.1,15539.6,100.99,2026-06-07,2026-06-12,Delivered Late,Failed delivery attempt
SHP100539,2026-07-26,Rajshahi DC,Rajshahi,Dhaka,RedX,SKU1000,Wireless Earbuds,Electronics,2,9.09,7033.42,251.75,2026-07-30,2026-07-30,Delivered,
SHP100540,2026-04-21,Khulna DC,Khulna,Rajshahi,Sundarban Courier,SKU1032,Sunscreen SPF50,Beauty,5,3.53,7836.7,152.37,2026-04-25,,In Transit,
SHP100541,2026-07-15,Dhaka Hub,Dhaka,Comilla,Pathao Courier,SKU1039,Perfume (V2),Beauty,5,11.75,15318.45,298.25,2026-07-19,2026-07-24,Delivered Late,Failed delivery attempt
SHP100542,2026-06-23,Dhaka Hub,Dhaka,Sylhet,Pathao Courier,SKU1009,Phone Case (V2),Electronics,5,2.36,10545.9,118.58,2026-06-25,2026-06-25,Delivered,
SHP100543,2026-02-14,Dhaka Hub,Dhaka,Rajshahi,Steadfast Courier,SKU1042,Mustard Oil 1L,Grocery,1,4.38,3196.15,146.5,2026-02-18,2026-02-18,Delivered,
SHP100544,2026-05-25,Khulna DC,Khulna,Comilla,Sundarban Courier,SKU1043,Mustard Oil 1L (V2),Grocery,1,4.62,1508.79,169.52,2026-05-29,,Delayed,Failed delivery attempt
SHP100545,2025-12-23,Khulna DC,Khulna,Mymensingh,Pathao Courier,SKU1028,Curtain Set,Home & Living,1,6.1,821.16,209.29,2025-12-26,2025-12-30,Delivered Late,Customs/checkpoint delay
SHP100546,2026-02-07,Rajshahi DC,Rajshahi,Sylhet,Pathao Courier,SKU1012,Panjabi,Apparel,3,10.47,8852.43,313.64,2026-02-12,2026-02-12,Delivered,
SHP100547,2026-03-05,Dhaka Hub,Dhaka,Mymensingh,Sundarban Courier,SKU1011,Cotton T-Shirt (V2),Apparel,3,10.05,12544.29,292.68,2026-03-09,2026-03-09,Returned,
SHP100548,2026-07-30,Dhaka Hub,Dhaka,Rangpur,eCourier,SKU1030,Face Wash,Beauty,4,0.32,13558.88,103.25,2026-08-03,2026-08-03,Delivered,
SHP100549,2026-06-21,Rajshahi DC,Rajshahi,Barisal,eCourier,SKU1045,Green Tea Pack (V2),Grocery,2,5.03,7301.44,167.88,2026-06-27,2026-06-27,Delivered,
SHP100550,2026-02-17,Rajshahi DC,Rajshahi,Rajshahi,Sundarban Courier,SKU1001,Wireless Earbuds (V2),Electronics,1,9.97,2059.12,250.57,2026-02-19,,Cancelled,
SHP100551,2026-04-14,Khulna DC,Khulna,Narayanganj,Pathao Courier,SKU1049,Honey Jar (V2),Grocery,4,0.2,3031.68,91.86,2026-04-18,2026-04-18,Delivered,
SHP100552,2025-11-10,Dhaka Hub,Dhaka,Comilla,Pathao Courier,SKU1034,Hair Serum,Beauty,4,6.5,8770.28,186.71,2025-11-15,,In Transit,
SHP100553,2026-06-06,Dhaka Hub,Dhaka,Narayanganj,Sundarban Courier,SKU1022,Table Lamp,Home & Living,4,3.26,17490.16,130.02,2026-06-09,,In Transit,
SHP100554,2026-03-11,Dhaka Hub,Dhaka,Rangpur,eCourier,SKU1016,Saree,Apparel,2,5.07,5124.88,205.86,2026-03-15,2026-03-15,Delivered,
SHP100555,2026-03-04,Khulna DC,Khulna,Khulna,eCourier,SKU1025,Non-stick Pan (V2),Home & Living,3,5.16,2990.04,173.33,2026-03-06,2026-03-06,Delivered,
SHP100556,2026-05-24,Rajshahi DC,Rajshahi,Chattogram,Sundarban Courier,SKU1007,Bluetooth Speaker (V2),Electronics,5,4.82,17846.9,187.25,2026-05-28,,In Transit,
SHP100557,2026-04-07,Khulna DC,Khulna,Chattogram,RedX,SKU1028,Curtain Set,Home & Living,4,10.73,3284.64,288.76,2026-04-13,2026-04-13,Delivered,
SHP100558,2025-09-26,Chattogram DC,Chattogram,Narayanganj,Sundarban Courier,SKU1025,Non-stick Pan (V2),Home & Living,5,6.53,4983.4,243.95,2025-09-30,2025-09-30,Delivered,
SHP100559,2025-12-09,Khulna DC,Khulna,Khulna,RedX,SKU1009,Phone Case (V2),Electronics,3,10.86,6327.54,313.05,2025-12-11,2025-12-11,Delivered,
SHP100560,2025-11-01,Dhaka Hub,Dhaka,Chattogram,RedX,SKU1025,Non-stick Pan (V2),Home & Living,1,8.78,996.68,280.3,2025-11-03,2025-11-03,Delivered,
SHP100561,2026-05-13,Rajshahi DC,Rajshahi,Sylhet,RedX,SKU1033,Sunscreen SPF50 (V2),Beauty,4,4.34,7046.0,186.65,2026-05-16,2026-05-16,Delivered,
SHP100562,2025-09-13,Rajshahi DC,Rajshahi,Dhaka,RedX,SKU1040,Basmati Rice 5kg,Grocery,3,6.02,6154.83,178.38,2025-09-17,2025-09-17,Delivered,
SHP100563,2025-11-10,Khulna DC,Khulna,Barisal,Steadfast Courier,SKU1006,Bluetooth Speaker,Electronics,1,4.8,3460.96,184.8,2025-11-13,,In Transit,
SHP100564,2026-03-26,Rajshahi DC,Rajshahi,Barisal,Sundarban Courier,SKU1003,Power Bank (V2),Electronics,1,9.98,3183.55,222.94,2026-03-30,2026-03-30,Delivered,
SHP100565,2026-04-29,Sylhet DC,Sylhet,Khulna,Pathao Courier,SKU1049,Honey Jar (V2),Grocery,2,2.41,1515.84,147.34,2026-05-02,2026-05-02,Delivered,
SHP100566,2026-02-22,Sylhet DC,Sylhet,Mymensingh,Pathao Courier,SKU1044,Green Tea Pack,Grocery,1,11.25,3770.33,256.5,2026-02-24,2026-02-24,Delivered,
SHP100567,2026-06-25,Chattogram DC,Chattogram,Rajshahi,RedX,SKU1010,Cotton T-Shirt,Apparel,4,7.05,7051.88,232.0,2026-06-29,2026-06-30,Delivered Late,Weather disruption
SHP100568,2026-07-15,Rajshahi DC,Rajshahi,Narayanganj,RedX,SKU1028,Curtain Set,Home & Living,4,7.42,3284.64,241.94,2026-07-20,2026-07-20,Delivered,
SHP100569,2025-10-16,Khulna DC,Khulna,Mymensingh,RedX,SKU1035,Hair Serum (V2),Beauty,2,6.3,1948.4,163.64,2025-10-19,2025-10-19,Delivered,
SHP100570,2026-07-27,Dhaka Hub,Dhaka,Dhaka,eCourier,SKU1024,Non-stick Pan,Home & Living,1,6.74,3535.97,177.89,2026-07-29,2026-08-02,Delivered Late,Address issue
SHP100571,2026-04-01,Rajshahi DC,Rajshahi,Sylhet,Pathao Courier,SKU1020,Bedsheet Set,Home & Living,1,8.08,3447.68,239.29,2026-04-04,2026-04-04,Delivered,
SHP100572,2026-04-09,Dhaka Hub,Dhaka,Mymensingh,RedX,SKU1035,Hair Serum (V2),Beauty,5,7.93,4871.0,289.07,2026-04-11,2026-04-11,Delivered,
SHP100573,2025-10-03,Sylhet DC,Sylhet,Barisal,eCourier,SKU1009,Phone Case (V2),Electronics,2,2.73,4218.36,158.91,2025-10-09,,In Transit,
SHP100574,2026-04-04,Dhaka Hub,Dhaka,Mymensingh,Sundarban Courier,SKU1036,Lipstick,Beauty,1,7.07,715.16,213.88,2026-04-10,2026-04-10,Delivered,
SHP100575,2026-05-10,Khulna DC,Khulna,Khulna,Sundarban Courier,SKU1008,Phone Case,Electronics,4,4.38,2829.16,107.37,2026-05-12,2026-05-12,Delivered,
SHP100576,2026-03-20,Sylhet DC,Sylhet,Dhaka,Pathao Courier,SKU1023,Table Lamp (V2),Home & Living,5,7.72,20175.4,296.77,2026-03-24,2026-03-24,Delivered,
SHP100577,2025-09-30,Sylhet DC,Sylhet,Mymensingh,Sundarban Courier,SKU1034,Hair Serum,Beauty,1,6.66,2192.57,235.11,2025-10-05,2025-10-09,Delivered Late,Address issue
SHP100578,2026-03-01,Khulna DC,Khulna,Mymensingh,eCourier,SKU1048,Honey Jar,Grocery,5,2.32,15594.3,145.53,2026-03-05,,Delayed,Vehicle breakdown
SHP100579,2026-07-21,Khulna DC,Khulna,Rangpur,Steadfast Courier,SKU1034,Hair Serum,Beauty,4,8.87,8770.28,256.16,2026-07-23,2026-07-23,Delivered,
SHP100580,2026-05-09,Chattogram DC,Chattogram,Rajshahi,RedX,SKU1047,Spice Combo (V2),Grocery,2,5.59,2808.46,161.91,2026-05-11,,Cancelled,
SHP100581,2025-10-18,Rajshahi DC,Rajshahi,Dhaka,Sundarban Courier,SKU1035,Hair Serum (V2),Beauty,4,6.71,3896.8,254.31,2025-10-21,2025-10-25,Delivered Late,Weather disruption
SHP100582,2026-07-30,Sylhet DC,Sylhet,Mymensingh,RedX,SKU1017,Saree (V2),Apparel,3,8.14,1282.83,268.78,2026-08-04,2026-08-04,Delivered,
SHP100583,2026-07-29,Dhaka Hub,Dhaka,Rangpur,eCourier,SKU1048,Honey Jar,Grocery,4,7.9,12475.44,252.39,2026-08-02,2026-08-02,Delivered,
SHP100584,2025-10-29,Dhaka Hub,Dhaka,Rangpur,Sundarban Courier,SKU1038,Perfume,Beauty,1,9.04,1137.06,290.77,2025-11-01,2025-11-01,Delivered,
SHP100585,2026-06-05,Chattogram DC,Chattogram,Chattogram,eCourier,SKU1031,Face Wash (V2),Beauty,2,2.64,8717.34,102.62,2026-06-07,2026-06-07,Delivered,
SHP100586,2026-01-19,Khulna DC,Khulna,Mymensingh,Pathao Courier,SKU1023,Table Lamp (V2),Home & Living,4,1.5,16140.32,110.0,2026-01-21,2026-01-21,Delivered,
SHP100587,2026-03-25,Sylhet DC,Sylhet,Mymensingh,Pathao Courier,SKU1022,Table Lamp,Home & Living,5,8.1,21862.7,313.38,2026-03-30,2026-03-30,Delivered,
SHP100588,2026-02-02,Chattogram DC,Chattogram,Comilla,Pathao Courier,SKU1031,Face Wash (V2),Beauty,1,2.98,4358.67,145.9,2026-02-08,2026-02-08,Delivered,
SHP100589,2026-05-29,Sylhet DC,Sylhet,Barisal,Pathao Courier,SKU1036,Lipstick,Beauty,2,1.55,1430.32,124.12,2026-06-02,2026-06-02,Delivered,
SHP100590,2026-08-11,Rajshahi DC,Rajshahi,Mymensingh,Steadfast Courier,SKU1011,Cotton T-Shirt (V2),Apparel,4,1.75,16725.72,121.53,2026-08-16,2026-08-13,Delivered,
SHP100591,2026-06-03,Sylhet DC,Sylhet,Rajshahi,Sundarban Courier,SKU1048,Honey Jar,Grocery,5,3.89,15594.3,151.33,2026-06-06,2026-06-10,Delivered Late,Courier capacity shortage
SHP100592,2026-07-20,Dhaka Hub,Dhaka,Rangpur,Pathao Courier,SKU1012,Panjabi,Apparel,4,11.9,11803.24,336.1,2026-07-24,,In Transit,
SHP100593,2026-07-25,Dhaka Hub,Dhaka,Rangpur,Sundarban Courier,SKU1022,Table Lamp,Home & Living,4,2.06,17490.16,97.0,2026-07-29,2026-07-29,Delivered,
SHP100594,2025-10-02,Sylhet DC,Sylhet,Mymensingh,Sundarban Courier,SKU1024,Non-stick Pan,Home & Living,2,3.72,7071.94,177.17,2025-10-04,,In Transit,
SHP100595,2025-11-27,Sylhet DC,Sylhet,Comilla,Sundarban Courier,SKU1034,Hair Serum,Beauty,1,11.06,2192.57,310.28,2025-12-01,2025-12-01,Delivered,
SHP100596,2026-05-08,Rajshahi DC,Rajshahi,Dhaka,Pathao Courier,SKU1040,Basmati Rice 5kg,Grocery,4,11.57,8206.44,337.03,2026-05-13,2026-05-13,Delivered,
SHP100597,2026-03-24,Sylhet DC,Sylhet,Mymensingh,RedX,SKU1029,Curtain Set (V2),Home & Living,4,2.9,12485.04,169.44,2026-03-26,,In Transit,
SHP100598,2025-09-18,Khulna DC,Khulna,Mymensingh,Pathao Courier,SKU1016,Saree,Apparel,3,10.59,7687.32,288.86,2025-09-22,,Cancelled,
SHP100599,2025-10-03,Sylhet DC,Sylhet,Barisal,eCourier,SKU1048,Honey Jar,Grocery,3,1.84,9356.58,113.76,2025-10-08,,Delayed,Failed delivery attempt
SHP100600,2026-02-28,Chattogram DC,Chattogram,Barisal,Pathao Courier,SKU1019,Denim Jacket (V2),Apparel,2,9.19,5795.48,243.39,2026-03-05,2026-03-05,Delivered,
SHP100601,2026-04-02,Khulna DC,Khulna,Mymensingh,eCourier,SKU1047,Spice Combo (V2),Grocery,3,0.35,4212.69,103.31,2026-04-06,2026-04-06,Delivered,
SHP100602,2025-10-29,Khulna DC,Khulna,Rajshahi,eCourier,SKU1024,Non-stick Pan,Home & Living,2,5.0,7071.94,164.2,2025-11-01,2025-11-05,Delivered Late,Vehicle breakdown
SHP100603,2025-10-30,Khulna DC,Khulna,Rajshahi,Pathao Courier,SKU1021,Bedsheet Set (V2),Home & Living,3,3.12,5076.57,184.71,2025-11-04,,In Transit,
SHP100604,2025-10-15,Dhaka Hub,Dhaka,Comilla,Pathao Courier,SKU1012,Panjabi,Apparel,1,8.51,2950.81,203.15,2025-10-18,2025-10-18,Delivered,
SHP100605,2026-03-15,Khulna DC,Khulna,Mymensingh,Steadfast Courier,SKU1018,Denim Jacket,Apparel,4,0.39,15000.8,91.82,2026-03-18,2026-03-18,Delivered,
SHP100606,2025-09-03,Chattogram DC,Chattogram,Sylhet,Sundarban Courier,SKU1048,Honey Jar,Grocery,2,5.69,6237.72,193.45,2025-09-05,2025-09-05,Delivered,
SHP100607,2026-03-18,Khulna DC,Khulna,Comilla,RedX,SKU1035,Hair Serum (V2),Beauty,4,8.42,3896.8,260.92,2026-03-22,2026-03-22,Delivered,
SHP100608,2026-02-12,Khulna DC,Khulna,Khulna,Pathao Courier,SKU1011,Cotton T-Shirt (V2),Apparel,3,0.75,12544.29,54.91,2026-02-14,2026-02-14,Delivered,
SHP100609,2026-02-09,Khulna DC,Khulna,Chattogram,Pathao Courier,SKU1040,Basmati Rice 5kg,Grocery,5,10.79,10258.05,261.69,2026-02-14,2026-02-14,Delivered,
SHP100610,2026-04-24,Rajshahi DC,Rajshahi,Comilla,RedX,SKU1018,Denim Jacket,Apparel,2,4.46,7500.4,175.03,2026-04-28,2026-04-28,Delivered,
SHP100611,2026-02-28,Sylhet DC,Sylhet,Sylhet,Steadfast Courier,SKU1011,Cotton T-Shirt (V2),Apparel,2,2.15,8362.86,96.97,2026-03-01,2026-03-06,Delivered Late,Warehouse backlog
SHP100612,2026-05-10,Dhaka Hub,Dhaka,Sylhet,Pathao Courier,SKU1008,Phone Case,Electronics,2,2.86,1414.58,163.9,2026-05-14,2026-05-14,Delivered,
SHP100613,2026-05-23,Khulna DC,Khulna,Sylhet,eCourier,SKU1006,Bluetooth Speaker,Electronics,4,4.2,13843.84,208.37,2026-05-27,2026-05-27,Delivered,
SHP100614,2026-07-16,Khulna DC,Khulna,Rajshahi,RedX,SKU1027,Storage Box (V2),Home & Living,1,2.54,340.55,142.52,2026-07-19,2026-07-19,Delivered,
SHP100615,2026-06-04,Dhaka Hub,Dhaka,Chattogram,Pathao Courier,SKU1013,Panjabi (V2),Apparel,4,6.22,14916.04,181.28,2026-06-07,,Delayed,Customs/checkpoint delay
SHP100616,2026-02-27,Dhaka Hub,Dhaka,Chattogram,Sundarban Courier,SKU1030,Face Wash,Beauty,5,7.67,16948.6,199.74,2026-03-03,2026-03-03,Delivered,
SHP100617,2026-02-18,Chattogram DC,Chattogram,Khulna,Pathao Courier,SKU1018,Denim Jacket,Apparel,4,5.31,15000.8,218.44,2026-02-23,,In Transit,
SHP100618,2025-11-21,Rajshahi DC,Rajshahi,Sylhet,Sundarban Courier,SKU1046,Spice Combo,Grocery,1,5.24,1835.53,228.33,2025-11-24,2025-11-24,Delivered,
SHP100619,2026-03-27,Sylhet DC,Sylhet,Chattogram,RedX,SKU1015,Sneakers (V2),Apparel,3,9.42,3415.47,315.32,2026-03-31,2026-03-31,Delivered,
SHP100620,2025-10-19,Rajshahi DC,Rajshahi,Narayanganj,Sundarban Courier,SKU1004,Smartwatch,Electronics,3,3.75,1679.01,165.38,2025-10-22,,Cancelled,
SHP100621,2026-07-20,Rajshahi DC,Rajshahi,Barisal,Pathao Courier,SKU1034,Hair Serum,Beauty,2,7.55,4385.14,229.51,2026-07-24,2026-07-24,Delivered,
SHP100622,2026-06-20,Sylhet DC,Sylhet,Dhaka,RedX,SKU1011,Cotton T-Shirt (V2),Apparel,3,10.74,12544.29,326.08,2026-06-23,2026-06-23,Delivered,
SHP100623,2025-10-12,Khulna DC,Khulna,Chattogram,RedX,SKU1024,Non-stick Pan,Home & Living,4,2.81,14143.88,122.28,2025-10-15,,Delayed,Customs/checkpoint delay
SHP100624,2026-05-30,Chattogram DC,Chattogram,Comilla,RedX,SKU1020,Bedsheet Set,Home & Living,5,7.51,17238.4,223.26,2026-06-02,2026-06-02,Delivered,
SHP100625,2025-10-11,Dhaka Hub,Dhaka,Sylhet,RedX,SKU1035,Hair Serum (V2),Beauty,2,11.39,1948.4,278.58,2025-10-16,2025-10-16,Delivered,
SHP100626,2026-05-08,Chattogram DC,Chattogram,Chattogram,Pathao Courier,SKU1022,Table Lamp,Home & Living,2,6.45,8745.08,146.62,2026-05-10,2026-05-10,Returned,
SHP100627,2025-10-01,Sylhet DC,Sylhet,Rangpur,RedX,SKU1015,Sneakers (V2),Apparel,2,11.73,2276.98,270.27,2025-10-03,2025-10-03,Delivered,
SHP100628,2026-02-16,Dhaka Hub,Dhaka,Comilla,Sundarban Courier,SKU1038,Perfume,Beauty,3,3.86,3411.18,179.14,2026-02-18,2026-02-18,Delivered,
SHP100629,2026-04-16,Chattogram DC,Chattogram,Khulna,Sundarban Courier,SKU1044,Green Tea Pack,Grocery,3,6.86,11310.99,282.62,2026-04-20,2026-04-22,Delivered Late,Weather disruption
SHP100630,2026-05-11,Dhaka Hub,Dhaka,Mymensingh,Pathao Courier,SKU1041,Basmati Rice 5kg (V2),Grocery,4,3.87,15088.6,182.23,2026-05-14,2026-05-16,Delivered Late,Courier capacity shortage
SHP100631,2026-01-23,Khulna DC,Khulna,Rajshahi,RedX,SKU1038,Perfume,Beauty,2,0.24,2274.12,69.59,2026-01-28,2026-01-28,Delivered,
SHP100632,2026-07-16,Rajshahi DC,Rajshahi,Chattogram,RedX,SKU1013,Panjabi (V2),Apparel,2,11.97,7458.02,263.74,2026-07-20,2026-07-20,Delivered,
SHP100633,2026-05-26,Rajshahi DC,Rajshahi,Mymensingh,Sundarban Courier,SKU1030,Face Wash,Beauty,1,3.03,3389.72,139.3,2026-05-31,,In Transit,
SHP100634,2025-11-12,Chattogram DC,Chattogram,Narayanganj,eCourier,SKU1004,Smartwatch,Electronics,1,11.68,559.67,253.93,2025-11-14,,In Transit,
SHP100635,2026-04-21,Sylhet DC,Sylhet,Narayanganj,eCourier,SKU1034,Hair Serum,Beauty,1,7.91,2192.57,185.54,2026-04-27,2026-04-27,Delivered,
SHP100636,2026-05-11,Rajshahi DC,Rajshahi,Chattogram,Pathao Courier,SKU1022,Table Lamp,Home & Living,2,10.87,8745.08,368.36,2026-05-16,2026-05-16,Delivered,
SHP100637,2025-12-25,Sylhet DC,Sylhet,Barisal,RedX,SKU1028,Curtain Set,Home & Living,4,11.61,3284.64,267.22,2025-12-30,2025-12-30,Delivered,
SHP100638,2026-05-14,Chattogram DC,Chattogram,Rangpur,Sundarban Courier,SKU1042,Mustard Oil 1L,Grocery,4,6.9,12784.6,265.79,2026-05-20,2026-05-20,Delivered,
SHP100639,2026-07-08,Chattogram DC,Chattogram,Dhaka,Steadfast Courier,SKU1010,Cotton T-Shirt,Apparel,5,12.0,8814.85,365.91,2026-07-12,,In Transit,
SHP100640,2026-06-10,Khulna DC,Khulna,Narayanganj,Pathao Courier,SKU1017,Saree (V2),Apparel,3,9.25,1282.83,246.11,2026-06-13,,Delayed,Failed delivery attempt
SHP100641,2026-05-22,Sylhet DC,Sylhet,Chattogram,Sundarban Courier,SKU1046,Spice Combo,Grocery,3,6.38,5506.59,243.33,2026-05-26,2026-05-26,Delivered,
SHP100642,2026-04-08,Rajshahi DC,Rajshahi,Sylhet,Sundarban Courier,SKU1011,Cotton T-Shirt (V2),Apparel,5,7.93,20907.15,290.19,2026-04-13,,Delayed,Warehouse backlog
SHP100643,2025-12-03,Rajshahi DC,Rajshahi,Narayanganj,Pathao Courier,SKU1008,Phone Case,Electronics,1,2.49,707.29,143.95,2025-12-08,,In Transit,
SHP100644,2026-06-03,Dhaka Hub,Dhaka,Barisal,RedX,SKU1009,Phone Case (V2),Electronics,4,0.33,8436.72,72.52,2026-06-07,2026-06-10,Delivered Late,Warehouse backlog
SHP100645,2026-01-05,Khulna DC,Khulna,Rangpur,Sundarban Courier,SKU1043,Mustard Oil 1L (V2),Grocery,5,3.23,7543.95,142.23,2026-01-10,,Cancelled,
SHP100646,2026-03-04,Chattogram DC,Chattogram,Rajshahi,Pathao Courier,SKU1016,Saree,Apparel,3,5.33,7687.32,190.14,2026-03-07,2026-03-07,Delivered,
SHP100647,2025-12-18,Sylhet DC,Sylhet,Mymensingh,RedX,SKU1037,Lipstick (V2),Beauty,2,2.89,4438.64,163.19,2025-12-21,,Delayed,Failed delivery attempt
SHP100648,2025-12-18,Chattogram DC,Chattogram,Dhaka,Steadfast Courier,SKU1006,Bluetooth Speaker,Electronics,4,6.27,13843.84,209.18,2025-12-22,2025-12-22,Delivered,
SHP100649,2025-10-25,Chattogram DC,Chattogram,Rangpur,eCourier,SKU1045,Green Tea Pack (V2),Grocery,5,7.96,18253.6,302.18,2025-10-29,2025-10-29,Delivered,
SHP100650,2026-07-30,Chattogram DC,Chattogram,Dhaka,Sundarban Courier,SKU1012,Panjabi,Apparel,2,7.94,5901.62,222.48,2026-08-02,2026-08-02,Delivered,
SHP100651,2025-10-22,Dhaka Hub,Dhaka,Chattogram,Sundarban Courier,SKU1039,Perfume (V2),Beauty,3,10.75,9191.07,383.76,2025-10-27,2025-10-27,Delivered,
SHP100652,2025-09-30,Khulna DC,Khulna,Barisal,Pathao Courier,SKU1041,Basmati Rice 5kg (V2),Grocery,1,11.6,3772.15,279.57,2025-10-04,2025-10-08,Delivered Late,Warehouse backlog
SHP100653,2026-07-21,Dhaka Hub,Dhaka,Rajshahi,Steadfast Courier,SKU1008,Phone Case,Electronics,2,10.71,1414.58,349.51,2026-07-25,2026-07-25,Delivered,
SHP100654,2026-03-12,Chattogram DC,Chattogram,Chattogram,eCourier,SKU1049,Honey Jar (V2),Grocery,4,7.52,3031.68,165.73,2026-03-13,2026-03-13,Delivered,
SHP100655,2026-01-30,Dhaka Hub,Dhaka,Mymensingh,RedX,SKU1026,Storage Box,Home & Living,3,2.63,6540.72,140.56,2026-02-02,2026-02-02,Delivered,
SHP100656,2026-05-14,Dhaka Hub,Dhaka,Khulna,Steadfast Courier,SKU1001,Wireless Earbuds (V2),Electronics,1,11.33,2059.12,378.44,2026-05-19,2026-05-19,Delivered,
SHP100657,2026-01-11,Chattogram DC,Chattogram,Comilla,Pathao Courier,SKU1004,Smartwatch,Electronics,2,2.26,1119.34,136.17,2026-01-16,2026-01-16,Delivered,
SHP100658,2025-10-15,Rajshahi DC,Rajshahi,Dhaka,RedX,SKU1028,Curtain Set,Home & Living,1,1.99,821.16,122.35,2025-10-18,2025-10-18,Delivered,
SHP100659,2026-05-11,Rajshahi DC,Rajshahi,Sylhet,Pathao Courier,SKU1036,Lipstick,Beauty,4,3.95,2860.64,190.66,2026-05-16,,Cancelled,
SHP100660,2025-10-31,Chattogram DC,Chattogram,Sylhet,Pathao Courier,SKU1037,Lipstick (V2),Beauty,5,6.97,11096.6,268.87,2025-11-05,2025-11-08,Delivered Late,Courier capacity shortage
SHP100661,2026-03-11,Sylhet DC,Sylhet,Barisal,Sundarban Courier,SKU1018,Denim Jacket,Apparel,1,8.24,3750.2,290.15,2026-03-16,2026-03-16,Delivered,
SHP100662,2026-07-26,Rajshahi DC,Rajshahi,Rajshahi,Sundarban Courier,SKU1007,Bluetooth Speaker (V2),Electronics,2,0.36,7138.76,47.21,2026-07-28,2026-07-28,Delivered,
SHP100663,2026-07-21,Chattogram DC,Chattogram,Chattogram,Steadfast Courier,SKU1047,Spice Combo (V2),Grocery,5,9.38,7021.15,197.09,2026-07-22,2026-07-22,Delivered,
SHP100664,2026-01-03,Rajshahi DC,Rajshahi,Barisal,Sundarban Courier,SKU1044,Green Tea Pack,Grocery,5,2.27,18851.65,138.39,2026-01-08,2026-01-08,Delivered,
SHP100665,2026-05-28,Dhaka Hub,Dhaka,Narayanganj,eCourier,SKU1000,Wireless Earbuds,Electronics,4,3.7,14066.84,155.02,2026-06-01,2026-06-01,Delivered,
SHP100666,2026-03-31,Chattogram DC,Chattogram,Chattogram,eCourier,SKU1021,Bedsheet Set (V2),Home & Living,4,4.0,6768.76,107.92,2026-04-02,2026-04-02,Delivered,
SHP100667,2026-02-13,Chattogram DC,Chattogram,Sylhet,RedX,SKU1016,Saree,Apparel,5,4.12,12812.2,124.85,2026-02-17,2026-02-17,Delivered,
SHP100668,2025-10-19,Dhaka Hub,Dhaka,Rajshahi,Steadfast Courier,SKU1006,Bluetooth Speaker,Electronics,2,9.17,6921.92,334.68,2025-10-23,,In Transit,
SHP100669,2026-01-09,Rajshahi DC,Rajshahi,Mymensingh,Sundarban Courier,SKU1024,Non-stick Pan,Home & Living,5,0.68,17679.85,84.75,2026-01-13,2026-01-13,Delivered,
SHP100670,2026-04-14,Rajshahi DC,Rajshahi,Chattogram,Sundarban Courier,SKU1044,Green Tea Pack,Grocery,5,2.52,18851.65,140.27,2026-04-20,2026-04-20,Delivered,
SHP100671,2026-08-08,Chattogram DC,Chattogram,Sylhet,Pathao Courier,SKU1003,Power Bank (V2),Electronics,2,0.46,6367.1,83.24,2026-08-12,2026-08-12,Delivered,
SHP100672,2025-09-02,Rajshahi DC,Rajshahi,Sylhet,Pathao Courier,SKU1035,Hair Serum (V2),Beauty,1,9.38,974.2,277.07,2025-09-05,2025-09-10,Delivered Late,Failed delivery attempt
SHP100673,2026-05-07,Khulna DC,Khulna,Rangpur,Steadfast Courier,SKU1005,Smartwatch (V2),Electronics,3,11.81,13181.88,311.13,2026-05-13,,Cancelled,
SHP100674,2026-06-20,Rajshahi DC,Rajshahi,Dhaka,Sundarban Courier,SKU1030,Face Wash,Beauty,4,7.98,13558.88,291.29,2026-06-23,2026-06-23,Delivered,
SHP100675,2026-07-27,Rajshahi DC,Rajshahi,Rangpur,Sundarban Courier,SKU1018,Denim Jacket,Apparel,5,7.16,18751.0,278.66,2026-07-29,2026-07-29,Delivered,
SHP100676,2026-01-25,Sylhet DC,Sylhet,Rajshahi,Pathao Courier,SKU1043,Mustard Oil 1L (V2),Grocery,1,10.92,1508.79,266.66,2026-01-30,2026-01-30,Delivered,
SHP100677,2025-10-11,Dhaka Hub,Dhaka,Khulna,Sundarban Courier,SKU1038,Perfume,Beauty,2,3.21,2274.12,126.81,2025-10-17,2025-10-17,Delivered,
SHP100678,2025-12-03,Rajshahi DC,Rajshahi,Comilla,eCourier,SKU1026,Storage Box,Home & Living,4,0.98,8720.96,94.69,2025-12-08,2025-12-08,Delivered,
SHP100679,2026-06-22,Khulna DC,Khulna,Comilla,Sundarban Courier,SKU1009,Phone Case (V2),Electronics,1,6.22,2109.18,183.5,2026-06-26,2026-06-26,Delivered,
SHP100680,2026-07-01,Rajshahi DC,Rajshahi,Comilla,eCourier,SKU1025,Non-stick Pan (V2),Home & Living,4,3.27,3986.72,151.02,2026-07-05,2026-07-05,Delivered,
SHP100681,2026-04-09,Rajshahi DC,Rajshahi,Comilla,RedX,SKU1018,Denim Jacket,Apparel,2,5.52,7500.4,155.85,2026-04-14,2026-04-14,Delivered,
SHP100682,2025-10-13,Dhaka Hub,Dhaka,Sylhet,eCourier,SKU1038,Perfume,Beauty,1,5.58,1137.06,209.97,2025-10-19,2025-10-19,Delivered,
SHP100683,2025-10-13,Sylhet DC,Sylhet,Comilla,Pathao Courier,SKU1002,Power Bank,Electronics,2,3.96,7769.8,157.75,2025-10-15,2025-10-15,Delivered,
SHP100684,2026-02-13,Dhaka Hub,Dhaka,Chattogram,RedX,SKU1044,Green Tea Pack,Grocery,4,5.94,15081.32,238.86,2026-02-18,,Delayed,Vehicle breakdown
SHP100685,2026-03-23,Dhaka Hub,Dhaka,Khulna,Pathao Courier,SKU1012,Panjabi,Apparel,5,4.69,14754.05,200.2,2026-03-27,2026-03-27,Delivered,
SHP100686,2025-09-12,Rajshahi DC,Rajshahi,Barisal,Sundarban Courier,SKU1049,Honey Jar (V2),Grocery,1,1.53,757.92,92.61,2025-09-14,2025-09-14,Delivered,
SHP100687,2026-04-26,Rajshahi DC,Rajshahi,Mymensingh,eCourier,SKU1027,Storage Box (V2),Home & Living,3,10.43,1021.65,337.61,2026-04-28,2026-05-01,Delivered Late,Weather disruption
SHP100688,2026-03-08,Rajshahi DC,Rajshahi,Barisal,RedX,SKU1019,Denim Jacket (V2),Apparel,2,8.48,5795.48,281.24,2026-03-10,,In Transit,
SHP100689,2025-09-05,Rajshahi DC,Rajshahi,Barisal,Pathao Courier,SKU1027,Storage Box (V2),Home & Living,4,0.69,1362.2,81.98,2025-09-11,2025-09-11,Delivered,
SHP100690,2025-10-04,Khulna DC,Khulna,Khulna,eCourier,SKU1007,Bluetooth Speaker (V2),Electronics,4,1.57,14277.52,81.47,2025-10-06,2025-10-06,Delivered,
SHP100691,2026-02-05,Sylhet DC,Sylhet,Barisal,Pathao Courier,SKU1040,Basmati Rice 5kg,Grocery,5,1.34,10258.05,94.87,2026-02-10,2026-02-10,Delivered,
SHP100692,2026-05-09,Rajshahi DC,Rajshahi,Rajshahi,RedX,SKU1038,Perfume,Beauty,2,0.93,2274.12,63.37,2026-05-10,2026-05-10,Delivered,
SHP100693,2026-06-13,Sylhet DC,Sylhet,Rajshahi,Steadfast Courier,SKU1000,Wireless Earbuds,Electronics,2,0.9,7033.42,118.85,2026-06-18,2026-06-18,Delivered,
SHP100694,2026-01-28,Khulna DC,Khulna,Barisal,RedX,SKU1002,Power Bank,Electronics,2,2.05,7769.8,138.74,2026-02-01,2026-02-01,Delivered,
SHP100695,2025-12-12,Chattogram DC,Chattogram,Rangpur,eCourier,SKU1012,Panjabi,Apparel,4,10.2,11803.24,312.2,2025-12-18,2025-12-18,Delivered,
SHP100696,2026-08-02,Khulna DC,Khulna,Khulna,RedX,SKU1027,Storage Box (V2),Home & Living,3,9.97,1021.65,262.87,2026-08-03,2026-08-03,Delivered,
SHP100697,2026-02-06,Rajshahi DC,Rajshahi,Chattogram,eCourier,SKU1048,Honey Jar,Grocery,1,9.44,3118.86,356.32,2026-02-11,2026-02-11,Delivered,
SHP100698,2025-12-19,Khulna DC,Khulna,Sylhet,RedX,SKU1024,Non-stick Pan,Home & Living,5,7.45,17679.85,242.95,2025-12-24,2025-12-24,Delivered,
SHP100699,2026-02-01,Sylhet DC,Sylhet,Rajshahi,RedX,SKU1032,Sunscreen SPF50,Beauty,1,8.74,1567.34,239.53,2026-02-05,2026-02-05,Delivered,
SHP100700,2025-09-05,Dhaka Hub,Dhaka,Chattogram,Pathao Courier,SKU1037,Lipstick (V2),Beauty,5,8.91,11096.6,279.27,2025-09-11,2025-09-11,Delivered,
SHP100701,2025-12-14,Dhaka Hub,Dhaka,Chattogram,eCourier,SKU1005,Smartwatch (V2),Electronics,1,10.69,4393.96,293.71,2025-12-18,,In Transit,
SHP100702,2026-02-26,Khulna DC,Khulna,Narayanganj,Pathao Courier,SKU1043,Mustard Oil 1L (V2),Grocery,3,8.84,4526.37,263.25,2026-03-04,2026-03-05,Delivered Late,Customs/checkpoint delay
SHP100703,2026-07-15,Khulna DC,Khulna,Sylhet,Steadfast Courier,SKU1044,Green Tea Pack,Grocery,2,8.89,7540.66,294.56,2026-07-17,2026-07-17,Delivered,
SHP100704,2026-05-14,Khulna DC,Khulna,Mymensingh,Pathao Courier,SKU1031,Face Wash (V2),Beauty,4,9.69,17434.68,344.43,2026-05-19,2026-05-19,Delivered,
SHP100705,2026-05-29,Rajshahi DC,Rajshahi,Chattogram,Pathao Courier,SKU1044,Green Tea Pack,Grocery,3,6.76,11310.99,215.53,2026-06-04,2026-06-04,Returned,
SHP100706,2026-03-08,Sylhet DC,Sylhet,Narayanganj,eCourier,SKU1046,Spice Combo,Grocery,2,2.71,3671.06,170.99,2026-03-14,2026-03-14,Delivered,
SHP100707,2025-10-09,Rajshahi DC,Rajshahi,Sylhet,Pathao Courier,SKU1020,Bedsheet Set,Home & Living,3,1.2,10343.04,105.91,2025-10-13,2025-10-13,Delivered,
SHP100708,2026-01-14,Khulna DC,Khulna,Khulna,Sundarban Courier,SKU1015,Sneakers (V2),Apparel,5,5.14,5692.45,129.32,2026-01-15,2026-01-15,Delivered,
SHP100709,2026-08-11,Chattogram DC,Chattogram,Mymensingh,eCourier,SKU1020,Bedsheet Set,Home & Living,2,1.28,6895.36,96.96,2026-08-16,2026-08-13,Delivered,
SHP100710,2025-09-16,Rajshahi DC,Rajshahi,Sylhet,Pathao Courier,SKU1010,Cotton T-Shirt,Apparel,2,2.2,3525.94,156.19,2025-09-19,2025-09-19,Delivered,
SHP100711,2026-07-02,Dhaka Hub,Dhaka,Barisal,Pathao Courier,SKU1036,Lipstick,Beauty,1,0.48,715.16,84.42,2026-07-08,,In Transit,
SHP100712,2026-04-25,Sylhet DC,Sylhet,Mymensingh,Sundarban Courier,SKU1035,Hair Serum (V2),Beauty,4,3.74,3896.8,132.44,2026-04-28,,Delayed,Courier capacity shortage
SHP100713,2025-12-08,Rajshahi DC,Rajshahi,Dhaka,Pathao Courier,SKU1034,Hair Serum,Beauty,4,11.65,8770.28,352.12,2025-12-10,2025-12-10,Delivered,
SHP100714,2026-05-28,Khulna DC,Khulna,Dhaka,Pathao Courier,SKU1018,Denim Jacket,Apparel,4,4.67,15000.8,183.75,2026-06-02,2026-06-04,Delivered Late,Customs/checkpoint delay
SHP100715,2026-06-17,Rajshahi DC,Rajshahi,Mymensingh,Pathao Courier,SKU1019,Denim Jacket (V2),Apparel,1,3.04,2897.74,161.21,2026-06-21,,In Transit,
SHP100716,2025-09-15,Dhaka Hub,Dhaka,Sylhet,Sundarban Courier,SKU1017,Saree (V2),Apparel,4,4.96,1710.44,175.2,2025-09-18,,In Transit,
SHP100717,2025-10-07,Sylhet DC,Sylhet,Narayanganj,Sundarban Courier,SKU1046,Spice Combo,Grocery,5,3.76,9177.65,172.52,2025-10-10,2025-10-10,Delivered,
SHP100718,2026-04-19,Khulna DC,Khulna,Narayanganj,Pathao Courier,SKU1040,Basmati Rice 5kg,Grocery,5,8.15,10258.05,245.71,2026-04-25,2026-04-25,Delivered,
SHP100719,2026-08-12,Khulna DC,Khulna,Comilla,RedX,SKU1048,Honey Jar,Grocery,5,7.69,15594.3,264.61,2026-08-16,,Cancelled,
SHP100720,2025-09-09,Rajshahi DC,Rajshahi,Narayanganj,RedX,SKU1013,Panjabi (V2),Apparel,2,0.52,7458.02,70.9,2025-09-15,2025-09-15,Delivered,
SHP100721,2026-04-19,Sylhet DC,Sylhet,Comilla,Pathao Courier,SKU1014,Sneakers,Apparel,4,6.23,8315.4,217.68,2026-04-22,2026-04-22,Delivered,
SHP100722,2025-10-18,Khulna DC,Khulna,Khulna,Sundarban Courier,SKU1030,Face Wash,Beauty,3,0.63,10169.16,56.08,2025-10-20,2025-10-20,Delivered,
SHP100723,2026-04-13,Sylhet DC,Sylhet,Narayanganj,Steadfast Courier,SKU1000,Wireless Earbuds,Electronics,3,8.19,10550.13,288.83,2026-04-16,2026-04-16,Delivered,
SHP100724,2026-04-04,Rajshahi DC,Rajshahi,Khulna,RedX,SKU1002,Power Bank,Electronics,2,11.24,7769.8,368.44,2026-04-08,2026-04-08,Delivered,
SHP100725,2025-10-02,Dhaka Hub,Dhaka,Barisal,Sundarban Courier,SKU1015,Sneakers (V2),Apparel,4,10.91,4553.96,351.09,2025-10-04,2025-10-04,Delivered,
SHP100726,2026-04-24,Chattogram DC,Chattogram,Dhaka,Sundarban Courier,SKU1022,Table Lamp,Home & Living,5,2.63,21862.7,102.38,2026-04-26,,Delayed,Customs/checkpoint delay
SHP100727,2026-07-08,Dhaka Hub,Dhaka,Narayanganj,Pathao Courier,SKU1010,Cotton T-Shirt,Apparel,4,8.96,7051.88,207.4,2026-07-12,2026-07-12,Delivered,
SHP100728,2026-06-26,Khulna DC,Khulna,Barisal,eCourier,SKU1011,Cotton T-Shirt (V2),Apparel,5,9.56,20907.15,308.73,2026-07-01,,Cancelled,
SHP100729,2025-09-11,Chattogram DC,Chattogram,Narayanganj,Steadfast Courier,SKU1009,Phone Case (V2),Electronics,5,10.4,10545.9,317.51,2025-09-15,,Delayed,Courier capacity shortage
SHP100730,2025-11-25,Chattogram DC,Chattogram,Khulna,Steadfast Courier,SKU1031,Face Wash (V2),Beauty,1,3.26,4358.67,185.89,2025-11-29,,In Transit,
SHP100731,2025-11-23,Rajshahi DC,Rajshahi,Khulna,Pathao Courier,SKU1015,Sneakers (V2),Apparel,5,5.52,5692.45,178.47,2025-11-27,2025-11-27,Delivered,
SHP100732,2026-02-04,Chattogram DC,Chattogram,Barisal,Sundarban Courier,SKU1007,Bluetooth Speaker (V2),Electronics,5,2.81,17846.9,135.69,2026-02-08,,In Transit,
SHP100733,2025-10-20,Dhaka Hub,Dhaka,Comilla,Pathao Courier,SKU1037,Lipstick (V2),Beauty,3,0.49,6657.96,88.5,2025-10-25,2025-10-25,Delivered,
SHP100734,2026-06-23,Dhaka Hub,Dhaka,Barisal,Sundarban Courier,SKU1011,Cotton T-Shirt (V2),Apparel,4,7.98,16725.72,307.7,2026-06-28,2026-06-28,Delivered,
SHP100735,2026-05-27,Chattogram DC,Chattogram,Mymensingh,Sundarban Courier,SKU1023,Table Lamp (V2),Home & Living,4,5.29,16140.32,190.8,2026-06-01,,Delayed,Warehouse backlog
SHP100736,2026-06-07,Rajshahi DC,Rajshahi,Sylhet,RedX,SKU1027,Storage Box (V2),Home & Living,4,3.13,1362.2,134.26,2026-06-10,2026-06-10,Delivered,
SHP100737,2025-11-08,Sylhet DC,Sylhet,Mymensingh,Pathao Courier,SKU1007,Bluetooth Speaker (V2),Electronics,5,10.2,17846.9,340.02,2025-11-12,,Delayed,Customs/checkpoint delay
SHP100738,2025-09-06,Rajshahi DC,Rajshahi,Mymensingh,Steadfast Courier,SKU1027,Storage Box (V2),Home & Living,1,6.05,340.55,201.45,2025-09-11,2025-09-11,Delivered,
SHP100739,2026-07-13,Chattogram DC,Chattogram,Comilla,Pathao Courier,SKU1035,Hair Serum (V2),Beauty,1,11.94,974.2,384.52,2026-07-19,2026-07-19,Delivered,
SHP100740,2025-12-09,Chattogram DC,Chattogram,Dhaka,Pathao Courier,SKU1025,Non-stick Pan (V2),Home & Living,2,9.56,1993.36,337.36,2025-12-13,2025-12-17,Delivered Late,Weather disruption
SHP100741,2026-04-16,Dhaka Hub,Dhaka,Khulna,eCourier,SKU1007,Bluetooth Speaker (V2),Electronics,3,10.46,10708.14,285.24,2026-04-20,2026-04-20,Delivered,
SHP100742,2026-07-12,Chattogram DC,Chattogram,Dhaka,eCourier,SKU1049,Honey Jar (V2),Grocery,5,9.33,3789.6,258.29,2026-07-17,2026-07-17,Delivered,
SHP100743,2025-09-13,Sylhet DC,Sylhet,Rajshahi,Sundarban Courier,SKU1027,Storage Box (V2),Home & Living,4,1.45,1362.2,109.53,2025-09-19,,In Transit,
SHP100744,2025-09-02,Rajshahi DC,Rajshahi,Mymensingh,RedX,SKU1027,Storage Box (V2),Home & Living,1,0.97,340.55,95.98,2025-09-06,2025-09-06,Delivered,
SHP100745,2025-09-02,Chattogram DC,Chattogram,Rangpur,Pathao Courier,SKU1036,Lipstick,Beauty,4,11.0,2860.64,256.18,2025-09-05,2025-09-05,Delivered,
SHP100746,2025-10-25,Khulna DC,Khulna,Mymensingh,Pathao Courier,SKU1040,Basmati Rice 5kg,Grocery,3,1.83,6154.83,109.09,2025-10-30,2025-10-30,Delivered,
SHP100747,2025-09-18,Khulna DC,Khulna,Mymensingh,Sundarban Courier,SKU1035,Hair Serum (V2),Beauty,2,4.82,1948.4,174.61,2025-09-23,2025-09-23,Delivered,
SHP100748,2026-06-11,Chattogram DC,Chattogram,Narayanganj,Sundarban Courier,SKU1026,Storage Box,Home & Living,4,7.4,8720.96,222.99,2026-06-14,2026-06-14,Delivered,
SHP100749,2026-03-29,Rajshahi DC,Rajshahi,Comilla,RedX,SKU1016,Saree,Apparel,2,2.7,5124.88,142.3,2026-04-01,2026-04-01,Delivered,
SHP100750,2026-08-06,Sylhet DC,Sylhet,Barisal,Pathao Courier,SKU1008,Phone Case,Electronics,4,2.86,2829.16,116.53,2026-08-10,2026-08-10,Delivered,
SHP100751,2026-06-05,Dhaka Hub,Dhaka,Comilla,RedX,SKU1032,Sunscreen SPF50,Beauty,1,5.7,1567.34,173.54,2026-06-10,,Cancelled,
SHP100752,2026-07-31,Rajshahi DC,Rajshahi,Dhaka,eCourier,SKU1019,Denim Jacket (V2),Apparel,2,4.46,5795.48,163.77,2026-08-05,2026-08-05,Delivered,
SHP100753,2025-11-22,Rajshahi DC,Rajshahi,Mymensingh,Pathao Courier,SKU1012,Panjabi,Apparel,3,8.18,8852.43,240.51,2025-11-25,2025-11-27,Delivered Late,Failed delivery attempt
SHP100754,2025-12-09,Dhaka Hub,Dhaka,Barisal,Pathao Courier,SKU1027,Storage Box (V2),Home & Living,4,1.09,1362.2,120.12,2025-12-12,2025-12-12,Delivered,
SHP100755,2026-06-21,Rajshahi DC,Rajshahi,Narayanganj,Sundarban Courier,SKU1047,Spice Combo (V2),Grocery,5,5.97,7021.15,210.29,2026-06-26,2026-06-26,Delivered,
SHP100756,2025-11-24,Rajshahi DC,Rajshahi,Barisal,eCourier,SKU1028,Curtain Set,Home & Living,2,2.26,1642.32,119.87,2025-11-26,,Delayed,Address issue
SHP100757,2025-09-20,Rajshahi DC,Rajshahi,Chattogram,RedX,SKU1012,Panjabi,Apparel,5,7.36,14754.05,211.01,2025-09-24,2025-09-24,Delivered,
SHP100758,2026-04-20,Chattogram DC,Chattogram,Mymensingh,eCourier,SKU1045,Green Tea Pack (V2),Grocery,5,1.57,18253.6,114.56,2026-04-24,2026-04-24,Delivered,
SHP100759,2026-06-05,Khulna DC,Khulna,Narayanganj,Sundarban Courier,SKU1034,Hair Serum,Beauty,2,2.53,4385.14,150.79,2026-06-08,,In Transit,
SHP100760,2026-08-01,Sylhet DC,Sylhet,Dhaka,Pathao Courier,SKU1005,Smartwatch (V2),Electronics,1,9.69,4393.96,317.59,2026-08-06,2026-08-09,Delivered Late,Address issue
SHP100761,2026-07-19,Khulna DC,Khulna,Dhaka,RedX,SKU1017,Saree (V2),Apparel,2,2.97,855.22,144.63,2026-07-21,2026-07-21,Delivered,
SHP100762,2025-10-12,Khulna DC,Khulna,Rangpur,Pathao Courier,SKU1004,Smartwatch,Electronics,4,8.9,2238.68,310.85,2025-10-17,,In Transit,
SHP100763,2026-05-26,Khulna DC,Khulna,Barisal,eCourier,SKU1046,Spice Combo,Grocery,4,3.42,7342.12,162.91,2026-05-31,,Cancelled,
SHP100764,2026-06-20,Sylhet DC,Sylhet,Barisal,Pathao Courier,SKU1024,Non-stick Pan,Home & Living,4,2.97,14143.88,172.26,2026-06-24,2026-06-24,Delivered,
SHP100765,2026-04-30,Khulna DC,Khulna,Dhaka,Sundarban Courier,SKU1001,Wireless Earbuds (V2),Electronics,4,3.73,8236.48,181.12,2026-05-05,2026-05-05,Delivered,
SHP100766,2026-06-11,Sylhet DC,Sylhet,Barisal,RedX,SKU1009,Phone Case (V2),Electronics,1,10.59,2109.18,376.71,2026-06-14,2026-06-14,Delivered,
SHP100767,2026-06-17,Dhaka Hub,Dhaka,Barisal,Sundarban Courier,SKU1029,Curtain Set (V2),Home & Living,3,4.89,9363.78,153.85,2026-06-22,2026-06-22,Delivered,
SHP100768,2026-02-02,Dhaka Hub,Dhaka,Comilla,RedX,SKU1049,Honey Jar (V2),Grocery,5,3.08,3789.6,135.43,2026-02-05,2026-02-05,Delivered,
SHP100769,2025-09-14,Rajshahi DC,Rajshahi,Khulna,Sundarban Courier,SKU1044,Green Tea Pack,Grocery,2,6.53,7540.66,233.34,2025-09-20,2025-09-20,Delivered,
SHP100770,2026-02-05,Rajshahi DC,Rajshahi,Khulna,Steadfast Courier,SKU1004,Smartwatch,Electronics,5,4.75,2798.35,172.64,2026-02-07,2026-02-07,Delivered,
SHP100771,2025-11-09,Sylhet DC,Sylhet,Dhaka,eCourier,SKU1032,Sunscreen SPF50,Beauty,1,9.52,1567.34,308.75,2025-11-13,2025-11-13,Delivered,
SHP100772,2025-10-10,Dhaka Hub,Dhaka,Barisal,Steadfast Courier,SKU1000,Wireless Earbuds,Electronics,5,11.89,17583.55,264.95,2025-10-13,2025-10-13,Delivered,
SHP100773,2025-10-14,Khulna DC,Khulna,Rangpur,RedX,SKU1017,Saree (V2),Apparel,4,6.41,1710.44,210.68,2025-10-18,2025-10-18,Delivered,
SHP100774,2026-04-30,Dhaka Hub,Dhaka,Sylhet,RedX,SKU1031,Face Wash (V2),Beauty,4,5.53,17434.68,168.18,2026-05-03,2026-05-03,Delivered,
SHP100775,2026-02-22,Chattogram DC,Chattogram,Mymensingh,RedX,SKU1046,Spice Combo,Grocery,4,4.25,7342.12,155.03,2026-02-25,2026-02-25,Delivered,
SHP100776,2026-03-06,Chattogram DC,Chattogram,Narayanganj,Sundarban Courier,SKU1048,Honey Jar,Grocery,5,11.69,15594.3,286.32,2026-03-08,2026-03-08,Delivered,
SHP100777,2026-05-16,Dhaka Hub,Dhaka,Chattogram,Sundarban Courier,SKU1010,Cotton T-Shirt,Apparel,2,5.9,3525.94,238.97,2026-05-18,2026-05-18,Delivered,
SHP100778,2026-03-09,Rajshahi DC,Rajshahi,Barisal,RedX,SKU1020,Bedsheet Set,Home & Living,1,2.3,3447.68,105.09,2026-03-14,2026-03-14,Delivered,
SHP100779,2026-04-06,Sylhet DC,Sylhet,Rangpur,Pathao Courier,SKU1025,Non-stick Pan (V2),Home & Living,5,11.64,4983.4,349.51,2026-04-10,2026-04-10,Delivered,
SHP100780,2025-09-30,Chattogram DC,Chattogram,Dhaka,Pathao Courier,SKU1024,Non-stick Pan,Home & Living,1,11.54,3535.97,241.06,2025-10-02,2025-10-02,Delivered,
SHP100781,2026-06-22,Sylhet DC,Sylhet,Chattogram,eCourier,SKU1021,Bedsheet Set (V2),Home & Living,4,5.34,6768.76,170.76,2026-06-28,2026-06-28,Delivered,
SHP100782,2026-02-03,Dhaka Hub,Dhaka,Khulna,Pathao Courier,SKU1026,Storage Box,Home & Living,2,4.31,4360.48,189.43,2026-02-08,2026-02-09,Delivered Late,Weather disruption
SHP100783,2025-10-24,Sylhet DC,Sylhet,Chattogram,RedX,SKU1048,Honey Jar,Grocery,5,8.23,15594.3,218.27,2025-10-27,2025-10-27,Delivered,
SHP100784,2026-06-09,Sylhet DC,Sylhet,Khulna,RedX,SKU1012,Panjabi,Apparel,5,9.98,14754.05,303.49,2026-06-13,2026-06-13,Delivered,
SHP100785,2026-05-13,Chattogram DC,Chattogram,Chattogram,Pathao Courier,SKU1032,Sunscreen SPF50,Beauty,3,6.08,4702.02,145.77,2026-05-15,2026-05-15,Delivered,
SHP100786,2025-09-19,Rajshahi DC,Rajshahi,Comilla,Steadfast Courier,SKU1033,Sunscreen SPF50 (V2),Beauty,3,4.1,5284.5,162.79,2025-09-23,2025-09-23,Delivered,
SHP100787,2025-11-06,Chattogram DC,Chattogram,Barisal,Pathao Courier,SKU1040,Basmati Rice 5kg,Grocery,3,3.76,6154.83,175.92,2025-11-11,2025-11-11,Delivered,
SHP100788,2025-09-06,Dhaka Hub,Dhaka,Khulna,Steadfast Courier,SKU1034,Hair Serum,Beauty,3,4.05,6577.71,172.97,2025-09-10,2025-09-10,Delivered,
SHP100789,2025-12-03,Sylhet DC,Sylhet,Mymensingh,eCourier,SKU1000,Wireless Earbuds,Electronics,5,1.59,17583.55,104.15,2025-12-09,,Cancelled,
SHP100790,2025-10-05,Rajshahi DC,Rajshahi,Dhaka,Pathao Courier,SKU1020,Bedsheet Set,Home & Living,2,9.39,6895.36,299.5,2025-10-10,2025-10-10,Delivered,
SHP100791,2026-05-04,Chattogram DC,Chattogram,Barisal,Pathao Courier,SKU1047,Spice Combo (V2),Grocery,5,1.44,7021.15,115.14,2026-05-10,2026-05-10,Delivered,
SHP100792,2026-02-28,Dhaka Hub,Dhaka,Rangpur,Sundarban Courier,SKU1005,Smartwatch (V2),Electronics,4,4.9,17575.84,183.96,2026-03-04,,In Transit,
SHP100793,2026-08-06,Rajshahi DC,Rajshahi,Comilla,Sundarban Courier,SKU1027,Storage Box (V2),Home & Living,5,10.05,1702.75,348.62,2026-08-11,,Delayed,Customs/checkpoint delay
SHP100794,2026-05-18,Sylhet DC,Sylhet,Sylhet,Pathao Courier,SKU1016,Saree,Apparel,4,4.97,10249.76,117.21,2026-05-19,2026-05-19,Delivered,
SHP100795,2026-03-31,Dhaka Hub,Dhaka,Barisal,Steadfast Courier,SKU1004,Smartwatch,Electronics,5,3.68,2798.35,145.49,2026-04-05,2026-04-05,Delivered,
SHP100796,2026-02-24,Khulna DC,Khulna,Mymensingh,Pathao Courier,SKU1030,Face Wash,Beauty,3,11.39,10169.16,387.89,2026-02-26,2026-02-26,Delivered,
SHP100797,2025-09-19,Chattogram DC,Chattogram,Mymensingh,eCourier,SKU1004,Smartwatch,Electronics,3,1.69,1679.01,118.96,2025-09-22,,In Transit,
SHP100798,2025-09-25,Rajshahi DC,Rajshahi,Chattogram,Pathao Courier,SKU1037,Lipstick (V2),Beauty,2,10.64,4438.64,281.68,2025-09-28,2025-09-28,Delivered,
SHP100799,2026-04-02,Chattogram DC,Chattogram,Narayanganj,Steadfast Courier,SKU1002,Power Bank,Electronics,2,0.93,7769.8,85.87,2026-04-05,2026-04-05,Delivered,
SHP100800,2025-09-02,Sylhet DC,Sylhet,Sylhet,Pathao Courier,SKU1022,Table Lamp,Home & Living,1,5.08,4372.54,126.48,2025-09-03,2025-09-03,Delivered,
SHP100801,2025-09-15,Sylhet DC,Sylhet,Khulna,Sundarban Courier,SKU1036,Lipstick,Beauty,2,7.65,1430.32,267.74,2025-09-20,2025-09-20,Delivered,
SHP100802,2025-11-15,Chattogram DC,Chattogram,Chattogram,RedX,SKU1036,Lipstick,Beauty,5,4.57,3575.8,119.13,2025-11-16,2025-11-18,Delivered Late,Failed delivery attempt
SHP100803,2026-07-03,Sylhet DC,Sylhet,Chattogram,Pathao Courier,SKU1009,Phone Case (V2),Electronics,5,6.51,10545.9,265.0,2026-07-07,2026-07-07,Delivered,
SHP100804,2026-02-06,Dhaka Hub,Dhaka,Sylhet,eCourier,SKU1009,Phone Case (V2),Electronics,4,2.61,8436.72,162.97,2026-02-09,2026-02-09,Delivered,
SHP100805,2026-05-04,Khulna DC,Khulna,Chattogram,Pathao Courier,SKU1018,Denim Jacket,Apparel,2,6.91,7500.4,217.79,2026-05-09,2026-05-09,Delivered,
SHP100806,2026-01-21,Khulna DC,Khulna,Mymensingh,RedX,SKU1016,Saree,Apparel,3,1.79,7687.32,112.93,2026-01-27,2026-02-01,Delivered Late,Weather disruption
SHP100807,2025-10-30,Rajshahi DC,Rajshahi,Barisal,RedX,SKU1020,Bedsheet Set,Home & Living,4,9.59,13790.72,220.39,2025-11-02,2025-11-02,Delivered,
SHP100808,2026-01-07,Chattogram DC,Chattogram,Khulna,RedX,SKU1013,Panjabi (V2),Apparel,1,7.09,3729.01,259.38,2026-01-11,,Delayed,Vehicle breakdown
SHP100809,2025-10-02,Chattogram DC,Chattogram,Barisal,Pathao Courier,SKU1008,Phone Case,Electronics,5,5.89,3536.45,211.45,2025-10-08,2025-10-08,Delivered,
SHP100810,2026-05-25,Sylhet DC,Sylhet,Rangpur,Pathao Courier,SKU1045,Green Tea Pack (V2),Grocery,5,0.85,18253.6,75.77,2026-05-30,2026-05-30,Delivered,
SHP100811,2025-11-03,Khulna DC,Khulna,Chattogram,Pathao Courier,SKU1000,Wireless Earbuds,Electronics,5,6.1,17583.55,196.43,2025-11-08,2025-11-08,Delivered,
SHP100812,2026-01-09,Rajshahi DC,Rajshahi,Sylhet,Sundarban Courier,SKU1044,Green Tea Pack,Grocery,1,6.85,3770.33,177.62,2026-01-12,2026-01-12,Delivered,
SHP100813,2026-08-06,Dhaka Hub,Dhaka,Comilla,Pathao Courier,SKU1012,Panjabi,Apparel,5,3.33,14754.05,140.1,2026-08-09,2026-08-09,Delivered,
SHP100814,2026-03-24,Chattogram DC,Chattogram,Dhaka,Steadfast Courier,SKU1003,Power Bank (V2),Electronics,4,8.2,12734.2,252.85,2026-03-29,2026-03-29,Delivered,
SHP100815,2026-02-06,Chattogram DC,Chattogram,Narayanganj,RedX,SKU1000,Wireless Earbuds,Electronics,3,1.11,10550.13,117.33,2026-02-09,2026-02-09,Delivered,
SHP100816,2026-03-07,Chattogram DC,Chattogram,Narayanganj,RedX,SKU1048,Honey Jar,Grocery,1,2.66,3118.86,168.16,2026-03-12,2026-03-12,Delivered,
SHP100817,2026-05-30,Sylhet DC,Sylhet,Sylhet,Sundarban Courier,SKU1039,Perfume (V2),Beauty,3,8.9,9191.07,281.19,2026-05-31,,In Transit,
SHP100818,2025-11-28,Rajshahi DC,Rajshahi,Khulna,Pathao Courier,SKU1031,Face Wash (V2),Beauty,2,1.94,8717.34,111.87,2025-12-01,2025-12-01,Delivered,
SHP100819,2026-04-09,Dhaka Hub,Dhaka,Sylhet,RedX,SKU1033,Sunscreen SPF50 (V2),Beauty,5,3.1,8807.5,140.69,2026-04-13,,In Transit,
SHP100820,2026-06-29,Rajshahi DC,Rajshahi,Barisal,Sundarban Courier,SKU1027,Storage Box (V2),Home & Living,2,7.88,681.1,216.28,2026-07-04,,In Transit,
SHP100821,2026-03-18,Khulna DC,Khulna,Sylhet,Sundarban Courier,SKU1030,Face Wash,Beauty,2,8.8,6779.44,337.54,2026-03-24,2026-03-24,Delivered,
SHP100822,2026-02-02,Khulna DC,Khulna,Mymensingh,Sundarban Courier,SKU1007,Bluetooth Speaker (V2),Electronics,5,0.81,17846.9,107.48,2026-02-05,2026-02-05,Delivered,
SHP100823,2025-10-21,Khulna DC,Khulna,Khulna,RedX,SKU1038,Perfume,Beauty,1,1.69,1137.06,86.2,2025-10-22,2025-10-22,Delivered,
SHP100824,2025-11-25,Dhaka Hub,Dhaka,Narayanganj,Steadfast Courier,SKU1025,Non-stick Pan (V2),Home & Living,5,5.46,4983.4,216.61,2025-11-28,,In Transit,
SHP100825,2026-07-25,Khulna DC,Khulna,Comilla,Pathao Courier,SKU1033,Sunscreen SPF50 (V2),Beauty,5,7.19,8807.5,237.54,2026-07-31,2026-07-31,Delivered,
SHP100826,2026-03-07,Chattogram DC,Chattogram,Rajshahi,Sundarban Courier,SKU1002,Power Bank,Electronics,2,5.55,7769.8,190.72,2026-03-12,2026-03-12,Delivered,
SHP100827,2025-12-14,Sylhet DC,Sylhet,Barisal,Pathao Courier,SKU1049,Honey Jar (V2),Grocery,4,7.84,3031.68,231.72,2025-12-17,2025-12-17,Delivered,
SHP100828,2026-01-23,Khulna DC,Khulna,Dhaka,Sundarban Courier,SKU1011,Cotton T-Shirt (V2),Apparel,4,9.12,16725.72,221.16,2026-01-28,2026-01-28,Delivered,
SHP100829,2026-03-19,Khulna DC,Khulna,Dhaka,eCourier,SKU1000,Wireless Earbuds,Electronics,3,11.4,10550.13,335.16,2026-03-24,2026-03-24,Delivered,
SHP100830,2026-03-05,Chattogram DC,Chattogram,Barisal,Pathao Courier,SKU1043,Mustard Oil 1L (V2),Grocery,4,4.33,6035.16,154.74,2026-03-10,2026-03-10,Delivered,
SHP100831,2026-05-01,Chattogram DC,Chattogram,Rajshahi,RedX,SKU1004,Smartwatch,Electronics,1,2.12,559.67,128.0,2026-05-04,2026-05-04,Delivered,
SHP100832,2025-11-29,Sylhet DC,Sylhet,Khulna,Sundarban Courier,SKU1029,Curtain Set (V2),Home & Living,3,3.32,9363.78,161.99,2025-12-04,2025-12-04,Delivered,
SHP100833,2026-04-13,Dhaka Hub,Dhaka,Dhaka,Pathao Courier,SKU1029,Curtain Set (V2),Home & Living,3,1.95,9363.78,75.5,2026-04-15,2026-04-15,Delivered,
SHP100834,2026-02-01,Khulna DC,Khulna,Comilla,Steadfast Courier,SKU1016,Saree,Apparel,3,4.85,7687.32,213.45,2026-02-04,,Delayed,Address issue
SHP100835,2026-07-23,Dhaka Hub,Dhaka,Rajshahi,Sundarban Courier,SKU1047,Spice Combo (V2),Grocery,5,10.5,7021.15,270.47,2026-07-26,2026-07-26,Delivered,
SHP100836,2025-10-25,Sylhet DC,Sylhet,Rajshahi,eCourier,SKU1046,Spice Combo,Grocery,5,4.3,9177.65,175.24,2025-10-31,2025-10-31,Delivered,
SHP100837,2025-10-22,Khulna DC,Khulna,Rajshahi,Sundarban Courier,SKU1022,Table Lamp,Home & Living,4,1.96,17490.16,112.95,2025-10-26,2025-10-26,Delivered,
SHP100838,2026-02-07,Dhaka Hub,Dhaka,Rajshahi,Steadfast Courier,SKU1014,Sneakers,Apparel,3,6.37,6236.55,205.44,2026-02-11,2026-02-11,Delivered,
SHP100839,2026-02-23,Rajshahi DC,Rajshahi,Rangpur,Sundarban Courier,SKU1036,Lipstick,Beauty,3,11.9,2145.48,298.73,2026-03-01,2026-03-01,Delivered,
SHP100840,2026-04-28,Chattogram DC,Chattogram,Mymensingh,Sundarban Courier,SKU1020,Bedsheet Set,Home & Living,1,2.42,3447.68,124.78,2026-05-01,2026-05-01,Delivered,
SHP100841,2026-01-18,Dhaka Hub,Dhaka,Barisal,eCourier,SKU1013,Panjabi (V2),Apparel,3,9.38,11187.03,240.64,2026-01-23,,In Transit,
SHP100842,2026-07-14,Khulna DC,Khulna,Chattogram,Sundarban Courier,SKU1001,Wireless Earbuds (V2),Electronics,2,9.92,4118.24,258.7,2026-07-18,,In Transit,
SHP100843,2026-02-12,Sylhet DC,Sylhet,Comilla,Sundarban Courier,SKU1010,Cotton T-Shirt,Apparel,5,4.94,8814.85,198.03,2026-02-14,2026-02-14,Delivered,
SHP100844,2025-10-15,Khulna DC,Khulna,Sylhet,Steadfast Courier,SKU1038,Perfume,Beauty,4,7.51,4548.24,273.71,2025-10-21,2025-10-26,Delivered Late,Address issue
SHP100845,2025-10-12,Khulna DC,Khulna,Dhaka,RedX,SKU1037,Lipstick (V2),Beauty,5,5.3,11096.6,168.73,2025-10-17,2025-10-17,Delivered,
SHP100846,2026-08-03,Sylhet DC,Sylhet,Dhaka,RedX,SKU1033,Sunscreen SPF50 (V2),Beauty,5,3.3,8807.5,150.09,2026-08-06,,In Transit,
SHP100847,2025-10-17,Rajshahi DC,Rajshahi,Mymensingh,RedX,SKU1037,Lipstick (V2),Beauty,3,5.23,6657.96,148.39,2025-10-23,2025-10-23,Delivered,
SHP100848,2026-07-25,Chattogram DC,Chattogram,Khulna,eCourier,SKU1049,Honey Jar (V2),Grocery,3,1.32,2273.76,107.44,2026-07-31,2026-07-31,Delivered,
SHP100849,2025-12-06,Sylhet DC,Sylhet,Dhaka,Steadfast Courier,SKU1033,Sunscreen SPF50 (V2),Beauty,4,8.54,7046.0,234.7,2025-12-11,2025-12-11,Delivered,
SHP100850,2025-10-03,Dhaka Hub,Dhaka,Comilla,RedX,SKU1017,Saree (V2),Apparel,3,9.98,1282.83,303.0,2025-10-06,2025-10-06,Delivered,
SHP100851,2025-12-15,Khulna DC,Khulna,Khulna,Sundarban Courier,SKU1029,Curtain Set (V2),Home & Living,2,3.83,6242.52,134.71,2025-12-17,,In Transit,
SHP100852,2026-04-01,Chattogram DC,Chattogram,Narayanganj,Pathao Courier,SKU1014,Sneakers,Apparel,4,6.88,8315.4,237.05,2026-04-06,2026-04-06,Delivered,
SHP100853,2026-01-27,Khulna DC,Khulna,Comilla,RedX,SKU1026,Storage Box,Home & Living,3,2.94,6540.72,143.06,2026-02-02,2026-02-02,Delivered,
SHP100854,2026-05-30,Rajshahi DC,Rajshahi,Dhaka,eCourier,SKU1033,Sunscreen SPF50 (V2),Beauty,5,1.7,8807.5,129.86,2026-06-02,2026-06-02,Delivered,
SHP100855,2026-03-31,Rajshahi DC,Rajshahi,Rangpur,Sundarban Courier,SKU1037,Lipstick (V2),Beauty,2,8.03,4438.64,195.9,2026-04-04,,In Transit,
SHP100856,2026-01-17,Rajshahi DC,Rajshahi,Rangpur,Pathao Courier,SKU1032,Sunscreen SPF50,Beauty,3,1.78,4702.02,114.3,2026-01-20,2026-01-20,Delivered,
SHP100857,2026-04-08,Dhaka Hub,Dhaka,Chattogram,Sundarban Courier,SKU1023,Table Lamp (V2),Home & Living,3,9.43,12105.24,302.31,2026-04-12,2026-04-12,Delivered,
SHP100858,2026-08-03,Dhaka Hub,Dhaka,Khulna,RedX,SKU1014,Sneakers,Apparel,5,3.41,10394.25,142.2,2026-08-08,2026-08-08,Delivered,
SHP100859,2026-01-21,Rajshahi DC,Rajshahi,Rajshahi,eCourier,SKU1029,Curtain Set (V2),Home & Living,3,9.86,9363.78,264.54,2026-01-23,2026-01-23,Delivered,
SHP100860,2025-10-24,Chattogram DC,Chattogram,Chattogram,Pathao Courier,SKU1041,Basmati Rice 5kg (V2),Grocery,1,4.55,3772.15,137.01,2025-10-26,2025-10-26,Delivered,
SHP100861,2026-01-20,Dhaka Hub,Dhaka,Mymensingh,RedX,SKU1016,Saree,Apparel,2,4.55,5124.88,223.77,2026-01-25,2026-01-25,Delivered,
SHP100862,2026-06-18,Chattogram DC,Chattogram,Sylhet,eCourier,SKU1004,Smartwatch,Electronics,5,9.06,2798.35,257.04,2026-06-22,,Cancelled,
SHP100863,2025-11-15,Rajshahi DC,Rajshahi,Narayanganj,Steadfast Courier,SKU1028,Curtain Set,Home & Living,2,6.22,1642.32,261.25,2025-11-21,2025-11-25,Delivered Late,Customs/checkpoint delay
SHP100864,2026-07-26,Chattogram DC,Chattogram,Comilla,Pathao Courier,SKU1003,Power Bank (V2),Electronics,2,2.57,6367.1,141.11,2026-07-29,2026-07-29,Delivered,
SHP100865,2026-03-23,Dhaka Hub,Dhaka,Rangpur,Steadfast Courier,SKU1009,Phone Case (V2),Electronics,1,10.23,2109.18,302.36,2026-03-25,2026-03-25,Delivered,
SHP100866,2026-03-28,Khulna DC,Khulna,Chattogram,RedX,SKU1016,Saree,Apparel,4,4.21,10249.76,144.67,2026-04-01,,In Transit,
SHP100867,2025-12-19,Dhaka Hub,Dhaka,Dhaka,eCourier,SKU1009,Phone Case (V2),Electronics,1,1.41,2109.18,67.12,2025-12-21,2025-12-21,Delivered,
SHP100868,2026-07-16,Chattogram DC,Chattogram,Chattogram,Pathao Courier,SKU1016,Saree,Apparel,2,5.11,5124.88,140.47,2026-07-17,2026-07-22,Delivered Late,Vehicle breakdown
SHP100869,2025-09-13,Dhaka Hub,Dhaka,Rajshahi,RedX,SKU1019,Denim Jacket (V2),Apparel,4,6.97,11590.96,252.08,2025-09-19,2025-09-19,Delivered,
SHP100870,2025-12-13,Khulna DC,Khulna,Mymensingh,RedX,SKU1023,Table Lamp (V2),Home & Living,5,7.4,20175.4,280.48,2025-12-16,,In Transit,
SHP100871,2026-01-23,Sylhet DC,Sylhet,Chattogram,Sundarban Courier,SKU1004,Smartwatch,Electronics,2,10.06,1119.34,248.88,2026-01-26,2026-01-26,Delivered,
SHP100872,2026-02-13,Rajshahi DC,Rajshahi,Mymensingh,Sundarban Courier,SKU1033,Sunscreen SPF50 (V2),Beauty,2,6.59,3523.0,199.08,2026-02-18,,Delayed,Weather disruption
SHP100873,2026-02-12,Chattogram DC,Chattogram,Dhaka,RedX,SKU1005,Smartwatch (V2),Electronics,1,2.84,4393.96,154.95,2026-02-18,2026-02-18,Delivered,
SHP100874,2025-10-22,Chattogram DC,Chattogram,Sylhet,RedX,SKU1001,Wireless Earbuds (V2),Electronics,3,3.29,6177.36,161.13,2025-10-26,2025-10-28,Delivered Late,Courier capacity shortage
SHP100875,2025-11-18,Dhaka Hub,Dhaka,Barisal,Pathao Courier,SKU1012,Panjabi,Apparel,5,1.39,14754.05,101.42,2025-11-20,2025-11-20,Delivered,
SHP100876,2025-10-03,Chattogram DC,Chattogram,Comilla,Sundarban Courier,SKU1042,Mustard Oil 1L,Grocery,2,8.88,6392.3,271.38,2025-10-06,2025-10-06,Delivered,
SHP100877,2026-03-18,Sylhet DC,Sylhet,Mymensingh,Pathao Courier,SKU1042,Mustard Oil 1L,Grocery,2,1.45,6392.3,104.65,2026-03-21,2026-03-21,Delivered,
SHP100878,2025-12-31,Dhaka Hub,Dhaka,Barisal,Steadfast Courier,SKU1047,Spice Combo (V2),Grocery,2,7.35,2808.46,198.55,2026-01-04,2026-01-04,Delivered,
SHP100879,2026-03-15,Sylhet DC,Sylhet,Dhaka,Steadfast Courier,SKU1010,Cotton T-Shirt,Apparel,5,7.24,8814.85,197.53,2026-03-20,2026-03-20,Delivered,
SHP100880,2026-03-24,Rajshahi DC,Rajshahi,Sylhet,Sundarban Courier,SKU1046,Spice Combo,Grocery,3,9.47,5506.59,262.28,2026-03-28,2026-03-28,Delivered,
SHP100881,2026-05-01,Khulna DC,Khulna,Mymensingh,Pathao Courier,SKU1022,Table Lamp,Home & Living,4,1.08,17490.16,89.35,2026-05-05,,Cancelled,
SHP100882,2026-03-09,Khulna DC,Khulna,Dhaka,Pathao Courier,SKU1015,Sneakers (V2),Apparel,4,2.59,4553.96,127.15,2026-03-14,,In Transit,
SHP100883,2026-04-13,Rajshahi DC,Rajshahi,Mymensingh,Sundarban Courier,SKU1030,Face Wash,Beauty,4,10.93,13558.88,355.53,2026-04-16,2026-04-20,Delivered Late,Failed delivery attempt
SHP100884,2026-03-23,Khulna DC,Khulna,Mymensingh,Steadfast Courier,SKU1010,Cotton T-Shirt,Apparel,3,6.95,5288.91,180.04,2026-03-26,2026-03-26,Delivered,
SHP100885,2026-04-14,Khulna DC,Khulna,Mymensingh,RedX,SKU1015,Sneakers (V2),Apparel,3,5.6,3415.47,240.43,2026-04-19,2026-04-19,Delivered,
SHP100886,2026-04-02,Rajshahi DC,Rajshahi,Sylhet,Pathao Courier,SKU1007,Bluetooth Speaker (V2),Electronics,3,9.02,10708.14,216.9,2026-04-04,2026-04-04,Delivered,
SHP100887,2025-12-19,Dhaka Hub,Dhaka,Sylhet,Pathao Courier,SKU1003,Power Bank (V2),Electronics,1,10.85,3183.55,320.95,2025-12-22,2025-12-22,Delivered,
SHP100888,2025-11-25,Rajshahi DC,Rajshahi,Chattogram,Pathao Courier,SKU1039,Perfume (V2),Beauty,3,3.3,9191.07,124.0,2025-11-27,2025-11-27,Delivered,
SHP100889,2026-05-31,Chattogram DC,Chattogram,Khulna,eCourier,SKU1003,Power Bank (V2),Electronics,5,10.84,15917.75,358.08,2026-06-04,,In Transit,
SHP100890,2025-12-28,Khulna DC,Khulna,Barisal,RedX,SKU1024,Non-stick Pan,Home & Living,1,1.48,3535.97,86.91,2026-01-01,2026-01-01,Delivered,
SHP100891,2026-03-10,Rajshahi DC,Rajshahi,Chattogram,RedX,SKU1002,Power Bank,Electronics,5,11.74,19424.5,301.41,2026-03-14,2026-03-14,Delivered,
SHP100892,2025-11-08,Sylhet DC,Sylhet,Barisal,Sundarban Courier,SKU1031,Face Wash (V2),Beauty,3,2.15,13076.01,130.91,2025-11-12,2025-11-12,Delivered,
SHP100893,2026-01-28,Dhaka Hub,Dhaka,Sylhet,Steadfast Courier,SKU1002,Power Bank,Electronics,2,3.34,7769.8,154.2,2026-02-01,2026-02-01,Delivered,
SHP100894,2026-03-03,Chattogram DC,Chattogram,Barisal,Sundarban Courier,SKU1026,Storage Box,Home & Living,1,1.34,2180.24,93.79,2026-03-06,2026-03-06,Delivered,
SHP100895,2026-04-05,Sylhet DC,Sylhet,Khulna,eCourier,SKU1028,Curtain Set,Home & Living,4,9.68,3284.64,299.19,2026-04-10,2026-04-10,Delivered,
SHP100896,2026-03-02,Rajshahi DC,Rajshahi,Narayanganj,Steadfast Courier,SKU1031,Face Wash (V2),Beauty,1,11.81,4358.67,309.48,2026-03-08,2026-03-08,Delivered,
SHP100897,2026-01-03,Rajshahi DC,Rajshahi,Khulna,Sundarban Courier,SKU1049,Honey Jar (V2),Grocery,3,3.7,2273.76,138.32,2026-01-07,2026-01-07,Delivered,
SHP100898,2026-07-30,Sylhet DC,Sylhet,Comilla,Steadfast Courier,SKU1018,Denim Jacket,Apparel,1,4.04,3750.2,168.53,2026-08-02,2026-08-05,Delivered Late,Vehicle breakdown
SHP100899,2026-02-25,Rajshahi DC,Rajshahi,Chattogram,Pathao Courier,SKU1020,Bedsheet Set,Home & Living,5,3.49,17238.4,189.19,2026-03-02,2026-03-02,Returned,
SHP100900,2026-06-07,Sylhet DC,Sylhet,Dhaka,RedX,SKU1004,Smartwatch,Electronics,1,2.03,559.67,120.8,2026-06-10,2026-06-10,Delivered,
SHP100901,2026-05-13,Sylhet DC,Sylhet,Chattogram,Pathao Courier,SKU1017,Saree (V2),Apparel,5,9.49,2138.05,326.73,2026-05-16,2026-05-16,Delivered,
SHP100902,2026-03-13,Rajshahi DC,Rajshahi,Rajshahi,Sundarban Courier,SKU1027,Storage Box (V2),Home & Living,3,0.92,1021.65,63.77,2026-03-15,2026-03-15,Delivered,
SHP100903,2026-07-04,Khulna DC,Khulna,Narayanganj,Pathao Courier,SKU1041,Basmati Rice 5kg (V2),Grocery,1,11.62,3772.15,353.31,2026-07-07,2026-07-09,Delivered Late,Address issue
SHP100904,2025-10-15,Sylhet DC,Sylhet,Chattogram,Pathao Courier,SKU1021,Bedsheet Set (V2),Home & Living,4,11.14,6768.76,344.49,2025-10-17,2025-10-17,Delivered,
SHP100905,2026-07-16,Sylhet DC,Sylhet,Mymensingh,Pathao Courier,SKU1020,Bedsheet Set,Home & Living,5,1.6,17238.4,122.15,2026-07-20,2026-07-20,Delivered,
SHP100906,2026-06-22,Khulna DC,Khulna,Rangpur,Sundarban Courier,SKU1005,Smartwatch (V2),Electronics,2,6.45,8787.92,202.86,2026-06-26,2026-06-26,Delivered,
SHP100907,2026-02-22,Khulna DC,Khulna,Khulna,RedX,SKU1000,Wireless Earbuds,Electronics,5,11.92,17583.55,368.65,2026-02-24,,Delayed,Failed delivery attempt
SHP100908,2026-05-12,Sylhet DC,Sylhet,Khulna,Sundarban Courier,SKU1004,Smartwatch,Electronics,4,10.26,2238.68,327.2,2026-05-15,2026-05-15,Delivered,
SHP100909,2026-02-28,Dhaka Hub,Dhaka,Narayanganj,Sundarban Courier,SKU1040,Basmati Rice 5kg,Grocery,4,8.64,8206.44,246.33,2026-03-05,2026-03-05,Delivered,
SHP100910,2025-12-02,Dhaka Hub,Dhaka,Mymensingh,Steadfast Courier,SKU1011,Cotton T-Shirt (V2),Apparel,2,0.47,8362.86,104.45,2025-12-05,2025-12-05,Delivered,
SHP100911,2026-06-04,Dhaka Hub,Dhaka,Sylhet,Steadfast Courier,SKU1025,Non-stick Pan (V2),Home & Living,1,1.01,996.68,102.61,2026-06-10,2026-06-10,Delivered,
SHP100912,2025-11-25,Sylhet DC,Sylhet,Narayanganj,Pathao Courier,SKU1045,Green Tea Pack (V2),Grocery,3,9.57,10952.16,240.14,2025-11-28,2025-11-28,Delivered,
SHP100913,2025-12-18,Khulna DC,Khulna,Rajshahi,Sundarban Courier,SKU1033,Sunscreen SPF50 (V2),Beauty,5,4.64,8807.5,172.2,2025-12-20,,In Transit,
SHP100914,2026-02-27,Rajshahi DC,Rajshahi,Dhaka,RedX,SKU1048,Honey Jar,Grocery,3,8.09,9356.58,239.04,2026-03-03,2026-03-03,Delivered,
SHP100915,2026-06-17,Chattogram DC,Chattogram,Comilla,eCourier,SKU1013,Panjabi (V2),Apparel,4,8.92,14916.04,258.14,2026-06-20,,Delayed,Warehouse backlog
SHP100916,2026-01-11,Khulna DC,Khulna,Comilla,Sundarban Courier,SKU1025,Non-stick Pan (V2),Home & Living,4,5.18,3986.72,168.7,2026-01-16,,Delayed,Courier capacity shortage
SHP100917,2026-02-18,Khulna DC,Khulna,Rajshahi,eCourier,SKU1044,Green Tea Pack,Grocery,2,1.89,7540.66,128.65,2026-02-21,2026-02-21,Delivered,
SHP100918,2025-09-15,Dhaka Hub,Dhaka,Mymensingh,Pathao Courier,SKU1026,Storage Box,Home & Living,1,4.76,2180.24,216.32,2025-09-19,,In Transit,
SHP100919,2025-10-11,Chattogram DC,Chattogram,Sylhet,Sundarban Courier,SKU1008,Phone Case,Electronics,5,10.48,3536.45,288.71,2025-10-14,2025-10-18,Delivered Late,Weather disruption
SHP100920,2025-09-20,Chattogram DC,Chattogram,Comilla,eCourier,SKU1025,Non-stick Pan (V2),Home & Living,4,4.11,3986.72,133.9,2025-09-24,2025-09-24,Delivered,
SHP100921,2025-09-25,Rajshahi DC,Rajshahi,Khulna,RedX,SKU1046,Spice Combo,Grocery,3,0.94,5506.59,108.97,2025-09-28,2025-09-28,Delivered,
SHP100922,2026-06-28,Rajshahi DC,Rajshahi,Sylhet,eCourier,SKU1021,Bedsheet Set (V2),Home & Living,3,11.52,5076.57,271.73,2026-07-01,,Cancelled,
SHP100923,2026-06-19,Rajshahi DC,Rajshahi,Barisal,Pathao Courier,SKU1046,Spice Combo,Grocery,5,8.23,9177.65,254.16,2026-06-22,2026-06-27,Delivered Late,Address issue
SHP100924,2026-06-12,Sylhet DC,Sylhet,Sylhet,Pathao Courier,SKU1029,Curtain Set (V2),Home & Living,4,6.58,12485.04,157.49,2026-06-14,2026-06-16,Delivered Late,Customs/checkpoint delay
SHP100925,2025-09-20,Sylhet DC,Sylhet,Rangpur,Pathao Courier,SKU1042,Mustard Oil 1L,Grocery,4,9.98,12784.6,363.49,2025-09-25,2025-09-25,Delivered,
SHP100926,2025-09-27,Chattogram DC,Chattogram,Mymensingh,Pathao Courier,SKU1047,Spice Combo (V2),Grocery,4,5.05,5616.92,158.24,2025-09-30,,In Transit,
SHP100927,2025-12-07,Khulna DC,Khulna,Rajshahi,Pathao Courier,SKU1016,Saree,Apparel,2,11.82,5124.88,397.96,2025-12-09,2025-12-09,Delivered,
SHP100928,2026-03-15,Dhaka Hub,Dhaka,Mymensingh,RedX,SKU1025,Non-stick Pan (V2),Home & Living,4,10.32,3986.72,357.44,2026-03-17,2026-03-17,Delivered,
SHP100929,2025-12-25,Chattogram DC,Chattogram,Rajshahi,RedX,SKU1035,Hair Serum (V2),Beauty,5,3.51,4871.0,184.6,2025-12-28,2025-12-28,Delivered,
SHP100930,2026-02-16,Dhaka Hub,Dhaka,Narayanganj,RedX,SKU1000,Wireless Earbuds,Electronics,2,4.58,7033.42,202.55,2026-02-20,2026-02-20,Delivered,
SHP100931,2025-10-30,Sylhet DC,Sylhet,Sylhet,Sundarban Courier,SKU1007,Bluetooth Speaker (V2),Electronics,3,3.45,10708.14,124.99,2025-11-01,2025-11-01,Delivered,
SHP100932,2026-05-11,Chattogram DC,Chattogram,Mymensingh,Pathao Courier,SKU1048,Honey Jar,Grocery,4,7.98,12475.44,300.49,2026-05-17,2026-05-17,Delivered,
SHP100933,2025-12-18,Dhaka Hub,Dhaka,Barisal,RedX,SKU1034,Hair Serum,Beauty,3,7.74,6577.71,207.72,2025-12-23,2025-12-23,Delivered,
SHP100934,2025-09-24,Chattogram DC,Chattogram,Narayanganj,Pathao Courier,SKU1014,Sneakers,Apparel,5,6.37,10394.25,239.94,2025-09-26,2025-09-26,Delivered,
SHP100935,2026-05-15,Rajshahi DC,Rajshahi,Sylhet,Steadfast Courier,SKU1046,Spice Combo,Grocery,3,11.6,5506.59,266.96,2026-05-18,2026-05-18,Delivered,
SHP100936,2026-07-10,Sylhet DC,Sylhet,Chattogram,Pathao Courier,SKU1021,Bedsheet Set (V2),Home & Living,2,5.77,3384.38,200.4,2026-07-12,2026-07-12,Delivered,
SHP100937,2025-09-06,Rajshahi DC,Rajshahi,Comilla,RedX,SKU1013,Panjabi (V2),Apparel,1,9.45,3729.01,289.27,2025-09-09,2025-09-09,Delivered,
SHP100938,2026-01-30,Rajshahi DC,Rajshahi,Narayanganj,Steadfast Courier,SKU1025,Non-stick Pan (V2),Home & Living,5,7.97,4983.4,300.98,2026-02-03,2026-02-03,Delivered,
SHP100939,2026-06-14,Rajshahi DC,Rajshahi,Mymensingh,RedX,SKU1027,Storage Box (V2),Home & Living,4,6.31,1362.2,206.53,2026-06-16,,In Transit,
SHP100940,2026-05-03,Chattogram DC,Chattogram,Rajshahi,RedX,SKU1022,Table Lamp,Home & Living,3,0.7,13117.62,82.66,2026-05-05,2026-05-05,Delivered,
SHP100941,2026-06-24,Rajshahi DC,Rajshahi,Rajshahi,RedX,SKU1013,Panjabi (V2),Apparel,3,7.96,11187.03,224.95,2026-06-25,,In Transit,
SHP100942,2026-01-22,Rajshahi DC,Rajshahi,Rangpur,Pathao Courier,SKU1023,Table Lamp (V2),Home & Living,3,7.78,12105.24,274.39,2026-01-27,2026-01-27,Delivered,
SHP100943,2026-01-07,Rajshahi DC,Rajshahi,Mymensingh,RedX,SKU1001,Wireless Earbuds (V2),Electronics,5,1.67,10295.6,118.21,2026-01-09,2026-01-09,Delivered,
SHP100944,2026-05-04,Chattogram DC,Chattogram,Sylhet,Steadfast Courier,SKU1044,Green Tea Pack,Grocery,4,9.59,15081.32,312.5,2026-05-10,2026-05-12,Delivered Late,Address issue
SHP100945,2025-10-24,Chattogram DC,Chattogram,Dhaka,Steadfast Courier,SKU1025,Non-stick Pan (V2),Home & Living,5,5.71,4983.4,232.27,2025-10-28,2025-10-28,Delivered,
SHP100946,2025-11-22,Sylhet DC,Sylhet,Dhaka,Sundarban Courier,SKU1013,Panjabi (V2),Apparel,5,4.02,18645.05,188.13,2025-11-25,,Cancelled,
SHP100947,2026-03-27,Rajshahi DC,Rajshahi,Khulna,Sundarban Courier,SKU1006,Bluetooth Speaker,Electronics,4,9.92,13843.84,366.68,2026-03-31,2026-03-31,Delivered,
SHP100948,2026-04-20,Rajshahi DC,Rajshahi,Rangpur,eCourier,SKU1002,Power Bank,Electronics,3,4.25,11654.7,166.22,2026-04-24,,In Transit,
SHP100949,2025-10-12,Sylhet DC,Sylhet,Rajshahi,RedX,SKU1046,Spice Combo,Grocery,2,7.54,3671.06,214.72,2025-10-16,2025-10-16,Delivered,
SHP100950,2026-02-23,Dhaka Hub,Dhaka,Rangpur,Pathao Courier,SKU1022,Table Lamp,Home & Living,4,7.49,17490.16,240.13,2026-02-27,,In Transit,
SHP100951,2026-01-05,Sylhet DC,Sylhet,Rajshahi,Pathao Courier,SKU1045,Green Tea Pack (V2),Grocery,4,0.82,14602.88,116.6,2026-01-08,2026-01-08,Delivered,
SHP100952,2026-02-21,Khulna DC,Khulna,Sylhet,Pathao Courier,SKU1042,Mustard Oil 1L,Grocery,3,5.19,9588.45,226.63,2026-02-24,2026-02-24,Delivered,
SHP100953,2026-07-29,Sylhet DC,Sylhet,Mymensingh,Sundarban Courier,SKU1046,Spice Combo,Grocery,1,2.83,1835.53,154.39,2026-07-31,2026-07-31,Delivered,
SHP100954,2025-09-27,Chattogram DC,Chattogram,Mymensingh,Pathao Courier,SKU1044,Green Tea Pack,Grocery,5,2.55,18851.65,112.38,2025-10-02,,In Transit,
SHP100955,2026-08-11,Chattogram DC,Chattogram,Narayanganj,Pathao Courier,SKU1017,Saree (V2),Apparel,5,7.93,2138.05,274.01,2026-08-15,2026-08-13,Delivered,
SHP100956,2026-02-03,Dhaka Hub,Dhaka,Comilla,Pathao Courier,SKU1037,Lipstick (V2),Beauty,2,0.33,4438.64,68.29,2026-02-08,2026-02-08,Delivered,
SHP100957,2026-05-26,Chattogram DC,Chattogram,Khulna,Steadfast Courier,SKU1034,Hair Serum,Beauty,3,11.64,6577.71,413.43,2026-06-01,2026-06-01,Delivered,
SHP100958,2026-01-25,Khulna DC,Khulna,Mymensingh,Pathao Courier,SKU1014,Sneakers,Apparel,1,4.87,2078.85,176.67,2026-01-29,2026-01-29,Delivered,
SHP100959,2025-12-17,Chattogram DC,Chattogram,Khulna,Pathao Courier,SKU1024,Non-stick Pan,Home & Living,5,3.73,17679.85,179.8,2025-12-23,2025-12-25,Delivered Late,Courier capacity shortage
SHP100960,2026-05-25,Rajshahi DC,Rajshahi,Comilla,Sundarban Courier,SKU1036,Lipstick,Beauty,2,11.06,1430.32,266.71,2026-05-29,2026-05-29,Delivered,
SHP100961,2026-04-26,Dhaka Hub,Dhaka,Rangpur,Pathao Courier,SKU1027,Storage Box (V2),Home & Living,2,5.94,681.1,214.21,2026-04-30,2026-04-30,Delivered,
SHP100962,2025-10-20,Sylhet DC,Sylhet,Comilla,Steadfast Courier,SKU1009,Phone Case (V2),Electronics,3,7.45,6327.54,208.23,2025-10-25,2025-10-26,Delivered Late,Weather disruption
SHP100963,2026-05-03,Sylhet DC,Sylhet,Sylhet,Steadfast Courier,SKU1038,Perfume,Beauty,2,8.41,2274.12,246.49,2026-05-04,2026-05-04,Delivered,
SHP100964,2026-05-19,Rajshahi DC,Rajshahi,Dhaka,Sundarban Courier,SKU1016,Saree,Apparel,4,10.48,10249.76,365.4,2026-05-22,2026-05-22,Delivered,
SHP100965,2026-01-13,Rajshahi DC,Rajshahi,Chattogram,Sundarban Courier,SKU1038,Perfume,Beauty,5,1.73,5685.3,116.92,2026-01-17,2026-01-17,Delivered,
SHP100966,2026-07-18,Sylhet DC,Sylhet,Barisal,Sundarban Courier,SKU1021,Bedsheet Set (V2),Home & Living,5,1.16,8460.95,90.73,2026-07-20,2026-07-20,Delivered,
SHP100967,2026-04-10,Khulna DC,Khulna,Narayanganj,Pathao Courier,SKU1025,Non-stick Pan (V2),Home & Living,3,11.93,2990.04,291.56,2026-04-13,,In Transit,
SHP100968,2025-12-25,Khulna DC,Khulna,Rangpur,Sundarban Courier,SKU1043,Mustard Oil 1L (V2),Grocery,1,0.3,1508.79,102.48,2025-12-30,,Delayed,Courier capacity shortage
SHP100969,2025-09-04,Sylhet DC,Sylhet,Comilla,Pathao Courier,SKU1024,Non-stick Pan,Home & Living,5,8.56,17679.85,240.81,2025-09-08,,Delayed,Courier capacity shortage
SHP100970,2026-04-22,Dhaka Hub,Dhaka,Rajshahi,Pathao Courier,SKU1016,Saree,Apparel,2,7.41,5124.88,240.4,2026-04-24,2026-04-27,Delivered Late,Weather disruption
SHP100971,2025-11-12,Sylhet DC,Sylhet,Narayanganj,RedX,SKU1012,Panjabi,Apparel,5,6.72,14754.05,211.58,2025-11-14,2025-11-14,Delivered,
SHP100972,2026-05-20,Chattogram DC,Chattogram,Narayanganj,Pathao Courier,SKU1019,Denim Jacket (V2),Apparel,2,9.47,5795.48,334.17,2026-05-26,2026-05-26,Delivered,
SHP100973,2026-03-01,Sylhet DC,Sylhet,Sylhet,Pathao Courier,SKU1024,Non-stick Pan,Home & Living,3,11.91,10607.91,277.24,2026-03-03,2026-03-03,Delivered,
SHP100974,2026-02-09,Khulna DC,Khulna,Comilla,Sundarban Courier,SKU1003,Power Bank (V2),Electronics,3,0.75,9550.65,77.91,2026-02-14,2026-02-14,Delivered,
SHP100975,2025-10-27,Chattogram DC,Chattogram,Dhaka,Sundarban Courier,SKU1009,Phone Case (V2),Electronics,3,7.45,6327.54,211.55,2025-10-30,2025-10-30,Delivered,
SHP100976,2026-05-05,Chattogram DC,Chattogram,Barisal,Pathao Courier,SKU1002,Power Bank,Electronics,1,8.66,3884.9,276.45,2026-05-08,,Cancelled,
SHP100977,2025-10-28,Rajshahi DC,Rajshahi,Rajshahi,Pathao Courier,SKU1040,Basmati Rice 5kg,Grocery,3,3.81,6154.83,109.57,2025-10-29,2025-10-29,Delivered,
SHP100978,2026-01-23,Chattogram DC,Chattogram,Khulna,Pathao Courier,SKU1044,Green Tea Pack,Grocery,3,10.74,11310.99,351.62,2026-01-28,2026-01-28,Delivered,
SHP100979,2026-06-17,Dhaka Hub,Dhaka,Narayanganj,Pathao Courier,SKU1017,Saree (V2),Apparel,5,5.59,2138.05,201.23,2026-06-21,,In Transit,
SHP100980,2026-07-16,Khulna DC,Khulna,Rangpur,eCourier,SKU1046,Spice Combo,Grocery,3,2.14,5506.59,123.64,2026-07-21,2026-07-21,Delivered,
SHP100981,2026-08-09,Khulna DC,Khulna,Chattogram,Steadfast Courier,SKU1035,Hair Serum (V2),Beauty,5,10.28,4871.0,281.92,2026-08-12,2026-08-12,Delivered,
SHP100982,2026-07-29,Rajshahi DC,Rajshahi,Chattogram,Sundarban Courier,SKU1046,Spice Combo,Grocery,2,11.33,3671.06,365.21,2026-08-03,2026-08-03,Delivered,
SHP100983,2026-03-12,Khulna DC,Khulna,Chattogram,Sundarban Courier,SKU1021,Bedsheet Set (V2),Home & Living,2,1.37,3384.38,117.72,2026-03-16,,Cancelled,
SHP100984,2025-11-09,Rajshahi DC,Rajshahi,Khulna,eCourier,SKU1033,Sunscreen SPF50 (V2),Beauty,1,9.07,1761.5,343.24,2025-11-13,2025-11-13,Delivered,
SHP100985,2026-06-18,Sylhet DC,Sylhet,Dhaka,RedX,SKU1046,Spice Combo,Grocery,4,2.74,7342.12,139.85,2026-06-22,2026-06-22,Delivered,
SHP100986,2026-06-05,Chattogram DC,Chattogram,Sylhet,Pathao Courier,SKU1007,Bluetooth Speaker (V2),Electronics,1,0.28,3569.38,69.39,2026-06-09,2026-06-09,Delivered,
SHP100987,2026-08-09,Rajshahi DC,Rajshahi,Mymensingh,Pathao Courier,SKU1039,Perfume (V2),Beauty,2,3.28,6127.38,152.58,2026-08-15,2026-08-13,Delivered,
SHP100988,2026-04-14,Chattogram DC,Chattogram,Comilla,Sundarban Courier,SKU1048,Honey Jar,Grocery,5,10.29,15594.3,306.59,2026-04-18,2026-04-18,Delivered,
SHP100989,2025-10-19,Chattogram DC,Chattogram,Mymensingh,RedX,SKU1043,Mustard Oil 1L (V2),Grocery,4,1.87,6035.16,145.08,2025-10-25,2025-10-25,Delivered,
SHP100990,2026-02-22,Rajshahi DC,Rajshahi,Rajshahi,Pathao Courier,SKU1018,Denim Jacket,Apparel,3,1.74,11250.6,70.79,2026-02-23,2026-02-23,Delivered,
SHP100991,2026-02-03,Rajshahi DC,Rajshahi,Rangpur,Sundarban Courier,SKU1041,Basmati Rice 5kg (V2),Grocery,5,8.92,18860.75,279.15,2026-02-06,,Delayed,Customs/checkpoint delay
SHP100992,2026-06-19,Chattogram DC,Chattogram,Narayanganj,Sundarban Courier,SKU1040,Basmati Rice 5kg,Grocery,4,5.0,8206.44,184.2,2026-06-22,2026-06-22,Delivered,
SHP100993,2026-01-14,Khulna DC,Khulna,Dhaka,Pathao Courier,SKU1036,Lipstick,Beauty,5,1.95,3575.8,121.48,2026-01-16,2026-01-16,Delivered,
SHP100994,2025-12-23,Rajshahi DC,Rajshahi,Narayanganj,Sundarban Courier,SKU1005,Smartwatch (V2),Electronics,4,2.91,17575.84,160.3,2025-12-28,2025-12-28,Delivered,
SHP100995,2025-09-28,Khulna DC,Khulna,Mymensingh,RedX,SKU1025,Non-stick Pan (V2),Home & Living,3,9.58,2990.04,305.35,2025-09-30,2025-09-30,Delivered,
SHP100996,2026-06-17,Dhaka Hub,Dhaka,Khulna,RedX,SKU1033,Sunscreen SPF50 (V2),Beauty,1,7.55,1761.5,283.24,2026-06-20,2026-06-20,Delivered,
SHP100997,2026-05-20,Khulna DC,Khulna,Rajshahi,Pathao Courier,SKU1044,Green Tea Pack,Grocery,2,9.18,7540.66,279.07,2026-05-23,2026-05-23,Delivered,
SHP100998,2025-09-15,Dhaka Hub,Dhaka,Rajshahi,Pathao Courier,SKU1005,Smartwatch (V2),Electronics,4,1.35,17575.84,105.68,2025-09-20,2025-09-20,Delivered,
SHP100999,2026-01-29,Rajshahi DC,Rajshahi,Chattogram,eCourier,SKU1036,Lipstick,Beauty,2,5.61,1430.32,220.9,2026-02-04,2026-02-04,Delivered,
SHP101000,2026-02-13,Dhaka Hub,Dhaka,Sylhet,Sundarban Courier,SKU1032,Sunscreen SPF50,Beauty,4,9.61,6269.36,291.62,2026-02-18,2026-02-18,Delivered,
SHP101001,2026-02-10,Rajshahi DC,Rajshahi,Sylhet,Pathao Courier,SKU1021,Bedsheet Set (V2),Home & Living,1,3.34,1692.19,125.0,2026-02-13,2026-02-13,Delivered,
SHP101002,2026-07-15,Dhaka Hub,Dhaka,Dhaka,Pathao Courier,SKU1020,Bedsheet Set,Home & Living,1,2.2,3447.68,75.05,2026-07-16,2026-07-16,Delivered,
SHP101003,2025-10-23,Sylhet DC,Sylhet,Barisal,eCourier,SKU1005,Smartwatch (V2),Electronics,2,4.71,8787.92,148.03,2025-10-26,2025-10-26,Delivered,
SHP101004,2025-12-15,Chattogram DC,Chattogram,Rajshahi,eCourier,SKU1005,Smartwatch (V2),Electronics,2,4.13,8787.92,176.25,2025-12-21,,In Transit,
SHP101005,2025-11-02,Rajshahi DC,Rajshahi,Khulna,Steadfast Courier,SKU1047,Spice Combo (V2),Grocery,5,2.39,7021.15,149.6,2025-11-04,2025-11-04,Delivered,
SHP101006,2025-11-24,Chattogram DC,Chattogram,Chattogram,RedX,SKU1003,Power Bank (V2),Electronics,2,11.46,6367.1,308.32,2025-11-26,,In Transit,
SHP101007,2026-07-11,Khulna DC,Khulna,Narayanganj,Sundarban Courier,SKU1029,Curtain Set (V2),Home & Living,3,5.9,9363.78,175.22,2026-07-16,2026-07-16,Delivered,
SHP101008,2026-07-23,Dhaka Hub,Dhaka,Rangpur,Sundarban Courier,SKU1010,Cotton T-Shirt,Apparel,3,7.38,5288.91,273.33,2026-07-28,2026-07-28,Returned,
SHP101009,2025-09-16,Sylhet DC,Sylhet,Rajshahi,Pathao Courier,SKU1029,Curtain Set (V2),Home & Living,2,1.63,6242.52,107.47,2025-09-21,2025-09-21,Delivered,
SHP101010,2026-04-07,Rajshahi DC,Rajshahi,Mymensingh,RedX,SKU1030,Face Wash,Beauty,5,7.4,16948.6,274.44,2026-04-10,2026-04-10,Delivered,
SHP101011,2025-11-20,Rajshahi DC,Rajshahi,Khulna,RedX,SKU1023,Table Lamp (V2),Home & Living,4,6.75,16140.32,226.86,2025-11-23,2025-11-23,Delivered,
SHP101012,2025-11-06,Chattogram DC,Chattogram,Sylhet,Pathao Courier,SKU1008,Phone Case,Electronics,1,11.2,707.29,349.14,2025-11-10,2025-11-10,Delivered,
SHP101013,2025-12-11,Chattogram DC,Chattogram,Rangpur,Steadfast Courier,SKU1002,Power Bank,Electronics,2,5.07,7769.8,169.0,2025-12-14,2025-12-14,Delivered,
SHP101014,2025-11-07,Sylhet DC,Sylhet,Mymensingh,Sundarban Courier,SKU1030,Face Wash,Beauty,1,9.43,3389.72,241.25,2025-11-12,2025-11-12,Delivered,
SHP101015,2026-02-17,Sylhet DC,Sylhet,Rangpur,Pathao Courier,SKU1039,Perfume (V2),Beauty,2,3.79,6127.38,154.83,2026-02-21,,Cancelled,
SHP101016,2026-08-11,Sylhet DC,Sylhet,Barisal,Sundarban Courier,SKU1036,Lipstick,Beauty,4,7.03,2860.64,220.29,2026-08-17,,In Transit,
SHP101017,2026-03-22,Dhaka Hub,Dhaka,Dhaka,Steadfast Courier,SKU1035,Hair Serum (V2),Beauty,5,11.14,4871.0,221.18,2026-03-23,2026-03-23,Delivered,
SHP101018,2026-05-09,Khulna DC,Khulna,Rangpur,Steadfast Courier,SKU1023,Table Lamp (V2),Home & Living,3,7.58,12105.24,228.57,2026-05-12,,In Transit,
SHP101019,2026-02-18,Chattogram DC,Chattogram,Rangpur,Sundarban Courier,SKU1030,Face Wash,Beauty,1,8.59,3389.72,225.24,2026-02-21,2026-02-21,Delivered,
SHP101020,2025-09-05,Chattogram DC,Chattogram,Rajshahi,Steadfast Courier,SKU1005,Smartwatch (V2),Electronics,1,10.54,4393.96,374.91,2025-09-09,2025-09-09,Delivered,
SHP101021,2025-09-30,Rajshahi DC,Rajshahi,Sylhet,Steadfast Courier,SKU1001,Wireless Earbuds (V2),Electronics,3,11.12,6177.36,301.07,2025-10-02,2025-10-02,Delivered,
SHP101022,2025-12-03,Khulna DC,Khulna,Narayanganj,eCourier,SKU1019,Denim Jacket (V2),Apparel,2,2.66,5795.48,125.37,2025-12-08,2025-12-08,Delivered,
SHP101023,2025-11-24,Chattogram DC,Chattogram,Khulna,eCourier,SKU1027,Storage Box (V2),Home & Living,3,2.51,1021.65,123.07,2025-11-29,,Delayed,Courier capacity shortage
SHP101024,2026-06-18,Rajshahi DC,Rajshahi,Sylhet,Sundarban Courier,SKU1010,Cotton T-Shirt,Apparel,1,6.7,1762.97,239.67,2026-06-23,,In Transit,
SHP101025,2026-06-19,Chattogram DC,Chattogram,Mymensingh,eCourier,SKU1003,Power Bank (V2),Electronics,2,11.95,6367.1,286.61,2026-06-23,,Delayed,Vehicle breakdown
SHP101026,2026-06-23,Sylhet DC,Sylhet,Rajshahi,RedX,SKU1014,Sneakers,Apparel,3,5.98,6236.55,206.08,2026-06-28,2026-06-28,Delivered,
SHP101027,2026-04-09,Chattogram DC,Chattogram,Barisal,eCourier,SKU1005,Smartwatch (V2),Electronics,2,4.1,8787.92,188.3,2026-04-13,2026-04-13,Delivered,
SHP101028,2026-03-12,Dhaka Hub,Dhaka,Rangpur,Pathao Courier,SKU1048,Honey Jar,Grocery,2,6.54,6237.72,206.02,2026-03-18,2026-03-22,Delivered Late,Address issue
SHP101029,2026-04-13,Sylhet DC,Sylhet,Khulna,eCourier,SKU1029,Curtain Set (V2),Home & Living,2,0.96,6242.52,102.4,2026-04-18,2026-04-18,Delivered,
SHP101030,2026-01-19,Sylhet DC,Sylhet,Chattogram,Steadfast Courier,SKU1037,Lipstick (V2),Beauty,1,2.29,2219.32,115.07,2026-01-24,,In Transit,
SHP101031,2026-04-20,Rajshahi DC,Rajshahi,Chattogram,Sundarban Courier,SKU1001,Wireless Earbuds (V2),Electronics,2,1.96,4118.24,127.22,2026-04-22,2026-04-22,Delivered,
SHP101032,2026-06-02,Chattogram DC,Chattogram,Narayanganj,Steadfast Courier,SKU1014,Sneakers,Apparel,2,0.53,4157.7,71.09,2026-06-07,,In Transit,
SHP101033,2026-05-22,Rajshahi DC,Rajshahi,Barisal,Sundarban Courier,SKU1010,Cotton T-Shirt,Apparel,5,8.72,8814.85,228.76,2026-05-25,2026-05-29,Delivered Late,Customs/checkpoint delay
SHP101034,2026-04-01,Khulna DC,Khulna,Rajshahi,Pathao Courier,SKU1007,Bluetooth Speaker (V2),Electronics,5,4.04,17846.9,190.61,2026-04-05,2026-04-05,Delivered,
SHP101035,2025-09-21,Dhaka Hub,Dhaka,Khulna,Pathao Courier,SKU1025,Non-stick Pan (V2),Home & Living,3,2.19,2990.04,120.18,2025-09-25,2025-09-25,Delivered,
SHP101036,2026-05-09,Khulna DC,Khulna,Mymensingh,eCourier,SKU1044,Green Tea Pack,Grocery,2,6.24,7540.66,221.02,2026-05-12,2026-05-12,Delivered,
SHP101037,2026-01-05,Sylhet DC,Sylhet,Narayanganj,RedX,SKU1043,Mustard Oil 1L (V2),Grocery,3,4.02,4526.37,151.78,2026-01-07,2026-01-07,Delivered,
SHP101038,2026-05-16,Chattogram DC,Chattogram,Mymensingh,Sundarban Courier,SKU1004,Smartwatch,Electronics,4,4.84,2238.68,187.78,2026-05-19,,In Transit,
SHP101039,2026-03-06,Sylhet DC,Sylhet,Barisal,RedX,SKU1005,Smartwatch (V2),Electronics,2,3.92,8787.92,199.59,2026-03-11,2026-03-11,Delivered,
SHP101040,2026-07-02,Chattogram DC,Chattogram,Rajshahi,Sundarban Courier,SKU1025,Non-stick Pan (V2),Home & Living,4,0.25,3986.72,73.72,2026-07-07,2026-07-07,Delivered,
SHP101041,2025-12-27,Khulna DC,Khulna,Comilla,Sundarban Courier,SKU1003,Power Bank (V2),Electronics,5,8.32,15917.75,237.25,2026-01-02,2026-01-02,Delivered,
SHP101042,2026-07-20,Sylhet DC,Sylhet,Comilla,Steadfast Courier,SKU1018,Denim Jacket,Apparel,3,1.51,11250.6,134.27,2026-07-25,2026-07-25,Delivered,
SHP101043,2026-06-20,Sylhet DC,Sylhet,Khulna,RedX,SKU1019,Denim Jacket (V2),Apparel,1,2.79,2897.74,150.55,2026-06-24,2026-06-24,Delivered,
SHP101044,2025-12-24,Chattogram DC,Chattogram,Narayanganj,eCourier,SKU1032,Sunscreen SPF50,Beauty,1,2.45,1567.34,132.63,2025-12-29,,In Transit,
SHP101045,2026-02-14,Chattogram DC,Chattogram,Comilla,RedX,SKU1019,Denim Jacket (V2),Apparel,5,4.11,14488.7,174.5,2026-02-18,2026-02-21,Delivered Late,Courier capacity shortage
SHP101046,2026-03-03,Sylhet DC,Sylhet,Comilla,Steadfast Courier,SKU1048,Honey Jar,Grocery,3,2.09,9356.58,113.2,2026-03-06,,Delayed,Customs/checkpoint delay
SHP101047,2026-05-24,Sylhet DC,Sylhet,Dhaka,Pathao Courier,SKU1011,Cotton T-Shirt (V2),Apparel,2,4.29,8362.86,193.91,2026-05-30,2026-05-30,Delivered,
SHP101048,2026-04-27,Chattogram DC,Chattogram,Chattogram,Pathao Courier,SKU1046,Spice Combo,Grocery,4,3.07,7342.12,90.17,2026-04-29,2026-04-29,Delivered,
SHP101049,2026-06-22,Sylhet DC,Sylhet,Sylhet,Pathao Courier,SKU1000,Wireless Earbuds,Electronics,5,0.92,17583.55,59.02,2026-06-23,2026-06-23,Delivered,
SHP101050,2026-01-06,Chattogram DC,Chattogram,Mymensingh,RedX,SKU1025,Non-stick Pan (V2),Home & Living,3,10.47,2990.04,328.5,2026-01-11,2026-01-11,Delivered,
SHP101051,2026-02-22,Sylhet DC,Sylhet,Dhaka,RedX,SKU1013,Panjabi (V2),Apparel,2,3.81,7458.02,139.92,2026-02-24,2026-02-24,Delivered,
SHP101052,2026-01-28,Dhaka Hub,Dhaka,Dhaka,eCourier,SKU1037,Lipstick (V2),Beauty,5,1.32,11096.6,65.8,2026-01-30,2026-01-30,Delivered,
SHP101053,2026-07-12,Sylhet DC,Sylhet,Dhaka,Sundarban Courier,SKU1036,Lipstick,Beauty,1,6.35,715.16,227.54,2026-07-16,2026-07-16,Delivered,
SHP101054,2025-12-15,Khulna DC,Khulna,Chattogram,Pathao Courier,SKU1010,Cotton T-Shirt,Apparel,5,1.65,8814.85,136.26,2025-12-18,2025-12-18,Delivered,
SHP101055,2026-03-23,Rajshahi DC,Rajshahi,Narayanganj,RedX,SKU1035,Hair Serum (V2),Beauty,3,9.32,2922.6,241.75,2026-03-28,2026-03-28,Delivered,
SHP101056,2025-10-12,Khulna DC,Khulna,Mymensingh,Steadfast Courier,SKU1012,Panjabi,Apparel,1,0.93,2950.81,83.35,2025-10-16,2025-10-16,Delivered,
SHP101057,2026-06-22,Khulna DC,Khulna,Mymensingh,Sundarban Courier,SKU1042,Mustard Oil 1L,Grocery,2,5.68,6392.3,199.55,2026-06-24,2026-06-26,Delivered Late,Address issue
SHP101058,2026-01-11,Dhaka Hub,Dhaka,Sylhet,Pathao Courier,SKU1002,Power Bank,Electronics,4,11.34,15539.6,343.4,2026-01-16,2026-01-16,Delivered,
SHP101059,2025-12-27,Chattogram DC,Chattogram,Rangpur,Sundarban Courier,SKU1032,Sunscreen SPF50,Beauty,4,2.08,6269.36,124.23,2026-01-01,2026-01-05,Delivered Late,Weather disruption
SHP101060,2026-03-21,Khulna DC,Khulna,Mymensingh,Sundarban Courier,SKU1005,Smartwatch (V2),Electronics,1,2.58,4393.96,115.25,2026-03-25,2026-03-25,Delivered,
SHP101061,2026-02-20,Rajshahi DC,Rajshahi,Barisal,Pathao Courier,SKU1049,Honey Jar (V2),Grocery,4,7.29,3031.68,190.11,2026-02-25,2026-02-25,Delivered,
SHP101062,2026-06-21,Sylhet DC,Sylhet,Comilla,Sundarban Courier,SKU1009,Phone Case (V2),Electronics,5,11.76,10545.9,377.6,2026-06-23,2026-06-23,Delivered,
SHP101063,2026-03-03,Rajshahi DC,Rajshahi,Barisal,RedX,SKU1004,Smartwatch,Electronics,4,4.75,2238.68,182.28,2026-03-06,2026-03-06,Delivered,
SHP101064,2026-02-26,Chattogram DC,Chattogram,Khulna,Sundarban Courier,SKU1022,Table Lamp,Home & Living,4,7.85,17490.16,273.02,2026-03-03,2026-03-03,Delivered,
SHP101065,2025-10-07,Dhaka Hub,Dhaka,Rangpur,Sundarban Courier,SKU1009,Phone Case (V2),Electronics,1,2.0,2109.18,135.77,2025-10-10,2025-10-14,Delivered Late,Weather disruption
SHP101066,2025-09-08,Dhaka Hub,Dhaka,Narayanganj,Pathao Courier,SKU1043,Mustard Oil 1L (V2),Grocery,4,7.77,6035.16,203.13,2025-09-12,2025-09-16,Delivered Late,Customs/checkpoint delay
SHP101067,2026-01-16,Sylhet DC,Sylhet,Comilla,Steadfast Courier,SKU1001,Wireless Earbuds (V2),Electronics,4,3.18,8236.48,149.14,2026-01-22,2026-01-22,Delivered,
SHP101068,2026-08-12,Khulna DC,Khulna,Rajshahi,Sundarban Courier,SKU1012,Panjabi,Apparel,1,7.44,2950.81,231.53,2026-08-17,2026-08-13,Delivered,
SHP101069,2026-07-15,Chattogram DC,Chattogram,Barisal,Sundarban Courier,SKU1039,Perfume (V2),Beauty,2,1.25,6127.38,87.32,2026-07-19,2026-07-19,Delivered,
SHP101070,2026-04-06,Khulna DC,Khulna,Narayanganj,Pathao Courier,SKU1001,Wireless Earbuds (V2),Electronics,5,6.39,10295.6,199.55,2026-04-10,2026-04-10,Returned,
SHP101071,2026-04-07,Khulna DC,Khulna,Mymensingh,RedX,SKU1019,Denim Jacket (V2),Apparel,5,3.0,14488.7,138.69,2026-04-13,2026-04-13,Delivered,
SHP101072,2026-01-14,Chattogram DC,Chattogram,Barisal,Steadfast Courier,SKU1000,Wireless Earbuds,Electronics,1,8.24,3516.71,296.72,2026-01-19,2026-01-19,Delivered,
SHP101073,2025-11-01,Chattogram DC,Chattogram,Sylhet,Pathao Courier,SKU1036,Lipstick,Beauty,4,9.02,2860.64,270.19,2025-11-03,2025-11-03,Delivered,
SHP101074,2025-09-03,Khulna DC,Khulna,Narayanganj,Pathao Courier,SKU1008,Phone Case,Electronics,3,10.21,2121.87,338.21,2025-09-07,2025-09-09,Delivered Late,Warehouse backlog
SHP101075,2025-12-27,Khulna DC,Khulna,Narayanganj,Pathao Courier,SKU1016,Saree,Apparel,3,11.91,7687.32,356.66,2025-12-30,2025-12-30,Delivered,
SHP101076,2025-12-19,Dhaka Hub,Dhaka,Dhaka,RedX,SKU1008,Phone Case,Electronics,3,5.62,2121.87,184.23,2025-12-20,2025-12-20,Delivered,
SHP101077,2025-11-06,Chattogram DC,Chattogram,Dhaka,Steadfast Courier,SKU1010,Cotton T-Shirt,Apparel,5,8.11,8814.85,234.62,2025-11-09,2025-11-09,Delivered,
SHP101078,2025-11-29,Sylhet DC,Sylhet,Chattogram,Sundarban Courier,SKU1014,Sneakers,Apparel,3,0.42,6236.55,74.84,2025-12-03,2025-12-07,Delivered Late,Address issue
SHP101079,2025-09-09,Sylhet DC,Sylhet,Khulna,Sundarban Courier,SKU1023,Table Lamp (V2),Home & Living,3,10.88,12105.24,338.28,2025-09-14,2025-09-14,Delivered,
SHP101080,2026-03-30,Dhaka Hub,Dhaka,Chattogram,eCourier,SKU1037,Lipstick (V2),Beauty,4,7.47,8877.28,263.98,2026-04-05,,Cancelled,
SHP101081,2026-07-18,Rajshahi DC,Rajshahi,Comilla,eCourier,SKU1034,Hair Serum,Beauty,3,5.17,6577.71,151.24,2026-07-22,,In Transit,
SHP101082,2026-04-28,Chattogram DC,Chattogram,Narayanganj,Pathao Courier,SKU1029,Curtain Set (V2),Home & Living,5,5.32,15606.3,202.38,2026-05-02,2026-05-02,Delivered,
SHP101083,2026-02-03,Chattogram DC,Chattogram,Chattogram,Pathao Courier,SKU1030,Face Wash,Beauty,2,9.14,6779.44,198.71,2026-02-05,,Delayed,Warehouse backlog
SHP101084,2026-01-24,Dhaka Hub,Dhaka,Comilla,Sundarban Courier,SKU1048,Honey Jar,Grocery,5,10.03,15594.3,248.57,2026-01-27,,In Transit,
SHP101085,2025-12-16,Rajshahi DC,Rajshahi,Chattogram,eCourier,SKU1004,Smartwatch,Electronics,4,9.73,2238.68,365.81,2025-12-18,2025-12-18,Delivered,
SHP101086,2025-10-20,Chattogram DC,Chattogram,Mymensingh,RedX,SKU1043,Mustard Oil 1L (V2),Grocery,5,6.22,7543.95,233.69,2025-10-26,2025-10-28,Delivered Late,Weather disruption
SHP101087,2026-03-27,Rajshahi DC,Rajshahi,Khulna,RedX,SKU1049,Honey Jar (V2),Grocery,2,4.58,1515.84,166.06,2026-03-30,2026-03-30,Delivered,
SHP101088,2026-03-16,Sylhet DC,Sylhet,Dhaka,eCourier,SKU1013,Panjabi (V2),Apparel,3,11.36,11187.03,275.17,2026-03-21,2026-03-21,Delivered,
SHP101089,2025-09-03,Rajshahi DC,Rajshahi,Rajshahi,Pathao Courier,SKU1010,Cotton T-Shirt,Apparel,1,7.68,1762.97,246.73,2025-09-05,2025-09-05,Delivered,
SHP101090,2026-01-22,Dhaka Hub,Dhaka,Comilla,Sundarban Courier,SKU1008,Phone Case,Electronics,5,6.62,3536.45,271.3,2026-01-26,,In Transit,
SHP101091,2025-12-06,Dhaka Hub,Dhaka,Narayanganj,Pathao Courier,SKU1033,Sunscreen SPF50 (V2),Beauty,5,7.26,8807.5,228.53,2025-12-11,,Delayed,Failed delivery attempt
SHP101092,2025-10-29,Rajshahi DC,Rajshahi,Chattogram,Steadfast Courier,SKU1011,Cotton T-Shirt (V2),Apparel,2,7.63,8362.86,246.07,2025-11-04,2025-11-04,Delivered,
SHP101093,2026-05-02,Rajshahi DC,Rajshahi,Comilla,RedX,SKU1034,Hair Serum,Beauty,1,8.61,2192.57,263.84,2026-05-05,2026-05-05,Delivered,
SHP101094,2026-03-01,Sylhet DC,Sylhet,Sylhet,Sundarban Courier,SKU1034,Hair Serum,Beauty,4,6.73,8770.28,150.68,2026-03-03,2026-03-03,Delivered,
SHP101095,2026-04-08,Dhaka Hub,Dhaka,Rajshahi,Pathao Courier,SKU1000,Wireless Earbuds,Electronics,4,10.53,14066.84,322.89,2026-04-11,,In Transit,
SHP101096,2026-05-05,Rajshahi DC,Rajshahi,Chattogram,eCourier,SKU1039,Perfume (V2),Beauty,3,10.34,9191.07,245.28,2026-05-10,2026-05-10,Delivered,
SHP101097,2026-08-06,Chattogram DC,Chattogram,Narayanganj,eCourier,SKU1021,Bedsheet Set (V2),Home & Living,1,5.42,1692.19,177.89,2026-08-08,2026-08-08,Delivered,
SHP101098,2026-06-05,Rajshahi DC,Rajshahi,Mymensingh,RedX,SKU1028,Curtain Set,Home & Living,5,2.19,4105.8,134.44,2026-06-09,2026-06-09,Delivered,
SHP101099,2026-04-03,Rajshahi DC,Rajshahi,Rangpur,Pathao Courier,SKU1007,Bluetooth Speaker (V2),Electronics,3,7.0,10708.14,226.02,2026-04-08,2026-04-08,Delivered,
SHP101100,2026-07-02,Rajshahi DC,Rajshahi,Mymensingh,Steadfast Courier,SKU1010,Cotton T-Shirt,Apparel,4,7.52,7051.88,258.87,2026-07-07,2026-07-07,Delivered,
SHP101101,2026-02-13,Khulna DC,Khulna,Comilla,eCourier,SKU1040,Basmati Rice 5kg,Grocery,5,6.38,10258.05,180.38,2026-02-18,2026-02-18,Delivered,
SHP101102,2026-08-07,Khulna DC,Khulna,Chattogram,RedX,SKU1036,Lipstick,Beauty,3,10.71,2145.48,315.74,2026-08-10,2026-08-10,Delivered,
SHP101103,2026-05-22,Sylhet DC,Sylhet,Sylhet,RedX,SKU1013,Panjabi (V2),Apparel,1,1.3,3729.01,75.25,2026-05-23,,In Transit,
SHP101104,2026-04-14,Dhaka Hub,Dhaka,Dhaka,Steadfast Courier,SKU1029,Curtain Set (V2),Home & Living,5,3.59,15606.3,116.47,2026-04-16,2026-04-16,Delivered,
SHP101105,2026-07-10,Chattogram DC,Chattogram,Rajshahi,Steadfast Courier,SKU1034,Hair Serum,Beauty,4,10.42,8770.28,303.63,2026-07-13,2026-07-13,Delivered,
SHP101106,2026-02-26,Khulna DC,Khulna,Rajshahi,RedX,SKU1020,Bedsheet Set,Home & Living,5,11.29,17238.4,327.66,2026-02-28,2026-03-01,Delivered Late,Courier capacity shortage
SHP101107,2026-05-08,Rajshahi DC,Rajshahi,Dhaka,Sundarban Courier,SKU1036,Lipstick,Beauty,4,5.23,2860.64,210.38,2026-05-11,2026-05-11,Delivered,
SHP101108,2025-12-08,Sylhet DC,Sylhet,Rangpur,Sundarban Courier,SKU1004,Smartwatch,Electronics,5,2.47,2798.35,133.76,2025-12-10,2025-12-12,Delivered Late,Vehicle breakdown
SHP101109,2026-07-31,Khulna DC,Khulna,Dhaka,eCourier,SKU1018,Denim Jacket,Apparel,5,5.16,18751.0,143.57,2026-08-05,,In Transit,
SHP101110,2026-04-04,Dhaka Hub,Dhaka,Mymensingh,RedX,SKU1013,Panjabi (V2),Apparel,2,5.58,7458.02,183.23,2026-04-07,2026-04-07,Delivered,
SHP101111,2026-05-29,Sylhet DC,Sylhet,Mymensingh,Pathao Courier,SKU1025,Non-stick Pan (V2),Home & Living,1,6.33,996.68,211.99,2026-06-02,2026-06-02,Delivered,
SHP101112,2026-02-07,Sylhet DC,Sylhet,Comilla,Pathao Courier,SKU1003,Power Bank (V2),Electronics,1,3.44,3183.55,162.99,2026-02-10,2026-02-10,Delivered,
SHP101113,2026-06-27,Rajshahi DC,Rajshahi,Chattogram,Steadfast Courier,SKU1024,Non-stick Pan,Home & Living,4,3.89,14143.88,144.92,2026-07-02,2026-07-02,Delivered,
SHP101114,2025-09-26,Chattogram DC,Chattogram,Comilla,Steadfast Courier,SKU1044,Green Tea Pack,Grocery,2,7.94,7540.66,234.49,2025-09-29,2025-09-29,Delivered,
SHP101115,2025-10-10,Chattogram DC,Chattogram,Barisal,Steadfast Courier,SKU1041,Basmati Rice 5kg (V2),Grocery,3,7.54,11316.45,253.32,2025-10-13,2025-10-13,Delivered,
SHP101116,2026-02-23,Chattogram DC,Chattogram,Comilla,Sundarban Courier,SKU1024,Non-stick Pan,Home & Living,4,8.01,14143.88,227.98,2026-02-28,2026-02-28,Delivered,
SHP101117,2026-05-12,Dhaka Hub,Dhaka,Rangpur,eCourier,SKU1017,Saree (V2),Apparel,3,4.65,1282.83,180.97,2026-05-18,2026-05-18,Delivered,
SHP101118,2026-06-07,Sylhet DC,Sylhet,Rangpur,eCourier,SKU1039,Perfume (V2),Beauty,1,4.17,3063.69,155.38,2026-06-13,2026-06-13,Delivered,
SHP101119,2026-01-31,Khulna DC,Khulna,Dhaka,Sundarban Courier,SKU1007,Bluetooth Speaker (V2),Electronics,2,4.35,7138.76,180.07,2026-02-03,2026-02-03,Delivered,
SHP101120,2026-04-13,Rajshahi DC,Rajshahi,Rangpur,Pathao Courier,SKU1038,Perfume,Beauty,1,11.42,1137.06,362.35,2026-04-19,2026-04-19,Delivered,
SHP101121,2026-03-11,Rajshahi DC,Rajshahi,Rajshahi,Steadfast Courier,SKU1039,Perfume (V2),Beauty,2,4.86,6127.38,173.29,2026-03-13,2026-03-13,Delivered,
SHP101122,2026-07-30,Dhaka Hub,Dhaka,Comilla,Pathao Courier,SKU1013,Panjabi (V2),Apparel,4,7.35,14916.04,245.31,2026-08-05,2026-08-06,Delivered Late,Failed delivery attempt
SHP101123,2026-04-15,Chattogram DC,Chattogram,Rangpur,RedX,SKU1031,Face Wash (V2),Beauty,3,6.37,13076.01,186.23,2026-04-17,,Delayed,Customs/checkpoint delay
SHP101124,2026-01-23,Chattogram DC,Chattogram,Dhaka,RedX,SKU1037,Lipstick (V2),Beauty,4,10.54,8877.28,326.96,2026-01-25,2026-01-27,Delivered Late,Courier capacity shortage
SHP101125,2026-08-02,Chattogram DC,Chattogram,Comilla,RedX,SKU1032,Sunscreen SPF50,Beauty,1,4.56,1567.34,179.49,2026-08-04,2026-08-04,Delivered,
SHP101126,2025-10-08,Rajshahi DC,Rajshahi,Dhaka,Pathao Courier,SKU1022,Table Lamp,Home & Living,4,5.32,17490.16,175.17,2025-10-13,2025-10-13,Delivered,
SHP101127,2026-08-07,Dhaka Hub,Dhaka,Sylhet,eCourier,SKU1014,Sneakers,Apparel,3,10.14,6236.55,279.99,2026-08-10,2026-08-10,Delivered,
SHP101128,2025-10-24,Dhaka Hub,Dhaka,Sylhet,Pathao Courier,SKU1032,Sunscreen SPF50,Beauty,2,2.1,3134.68,132.75,2025-10-27,2025-10-27,Delivered,
SHP101129,2025-12-09,Rajshahi DC,Rajshahi,Narayanganj,eCourier,SKU1024,Non-stick Pan,Home & Living,4,7.21,14143.88,239.39,2025-12-13,,Cancelled,
SHP101130,2026-06-12,Rajshahi DC,Rajshahi,Chattogram,Pathao Courier,SKU1016,Saree,Apparel,1,4.92,2562.44,191.49,2026-06-18,2026-06-18,Delivered,
SHP101131,2026-05-12,Chattogram DC,Chattogram,Comilla,RedX,SKU1032,Sunscreen SPF50,Beauty,3,11.83,4702.02,259.64,2026-05-16,2026-05-16,Delivered,
SHP101132,2026-08-02,Chattogram DC,Chattogram,Sylhet,eCourier,SKU1046,Spice Combo,Grocery,3,8.71,5506.59,267.66,2026-08-07,2026-08-07,Delivered,
SHP101133,2026-05-18,Sylhet DC,Sylhet,Rangpur,Pathao Courier,SKU1001,Wireless Earbuds (V2),Electronics,1,0.32,2059.12,84.97,2026-05-21,,Delayed,Warehouse backlog
SHP101134,2026-04-09,Sylhet DC,Sylhet,Dhaka,Pathao Courier,SKU1013,Panjabi (V2),Apparel,5,10.11,18645.05,222.73,2026-04-15,2026-04-15,Delivered,
SHP101135,2025-12-29,Rajshahi DC,Rajshahi,Khulna,eCourier,SKU1039,Perfume (V2),Beauty,2,8.5,6127.38,269.94,2025-12-31,,In Transit,
SHP101136,2025-09-02,Sylhet DC,Sylhet,Rangpur,Pathao Courier,SKU1039,Perfume (V2),Beauty,1,6.82,3063.69,251.1,2025-09-05,2025-09-08,Delivered Late,Failed delivery attempt
SHP101137,2025-10-13,Dhaka Hub,Dhaka,Mymensingh,Pathao Courier,SKU1038,Perfume,Beauty,3,2.99,3411.18,174.16,2025-10-17,,Cancelled,
SHP101138,2025-12-13,Sylhet DC,Sylhet,Comilla,Sundarban Courier,SKU1005,Smartwatch (V2),Electronics,5,1.96,21969.8,121.77,2025-12-16,2025-12-16,Delivered,
SHP101139,2025-09-15,Sylhet DC,Sylhet,Comilla,Steadfast Courier,SKU1005,Smartwatch (V2),Electronics,4,7.62,17575.84,220.95,2025-09-20,,Delayed,Weather disruption
SHP101140,2026-02-23,Sylhet DC,Sylhet,Barisal,RedX,SKU1002,Power Bank,Electronics,4,5.39,15539.6,176.9,2026-02-28,,In Transit,
SHP101141,2026-05-27,Sylhet DC,Sylhet,Khulna,Sundarban Courier,SKU1006,Bluetooth Speaker,Electronics,5,10.37,17304.8,271.17,2026-05-30,,In Transit,
SHP101142,2026-07-31,Rajshahi DC,Rajshahi,Sylhet,Steadfast Courier,SKU1007,Bluetooth Speaker (V2),Electronics,1,3.3,3569.38,158.42,2026-08-02,,Delayed,Failed delivery attempt
SHP101143,2026-02-17,Rajshahi DC,Rajshahi,Narayanganj,Sundarban Courier,SKU1041,Basmati Rice 5kg (V2),Grocery,3,7.72,11316.45,253.74,2026-02-19,2026-02-19,Delivered,
SHP101144,2026-06-30,Chattogram DC,Chattogram,Rangpur,Sundarban Courier,SKU1014,Sneakers,Apparel,2,3.14,4157.7,163.75,2026-07-02,2026-07-05,Delivered Late,Address issue
SHP101145,2026-08-07,Chattogram DC,Chattogram,Narayanganj,Sundarban Courier,SKU1046,Spice Combo,Grocery,4,7.71,7342.12,255.75,2026-08-13,2026-08-13,Delivered,
SHP101146,2026-06-25,Khulna DC,Khulna,Rajshahi,Sundarban Courier,SKU1028,Curtain Set,Home & Living,5,0.77,4105.8,107.37,2026-06-29,2026-07-02,Delivered Late,Courier capacity shortage
SHP101147,2026-02-08,Sylhet DC,Sylhet,Rajshahi,Sundarban Courier,SKU1032,Sunscreen SPF50,Beauty,1,4.82,1567.34,204.06,2026-02-11,2026-02-13,Delivered Late,Failed delivery attempt
SHP101148,2025-12-22,Sylhet DC,Sylhet,Comilla,RedX,SKU1029,Curtain Set (V2),Home & Living,1,2.24,3121.26,120.68,2025-12-24,2025-12-28,Delivered Late,Courier capacity shortage
SHP101149,2026-08-05,Dhaka Hub,Dhaka,Mymensingh,Pathao Courier,SKU1038,Perfume,Beauty,5,7.35,5685.3,216.92,2026-08-10,2026-08-10,Delivered,
SHP101150,2025-11-23,Chattogram DC,Chattogram,Sylhet,RedX,SKU1026,Storage Box,Home & Living,3,3.94,6540.72,189.56,2025-11-28,,In Transit,
SHP101151,2026-01-21,Khulna DC,Khulna,Barisal,Pathao Courier,SKU1035,Hair Serum (V2),Beauty,2,9.3,1948.4,288.57,2026-01-27,,In Transit,
SHP101152,2025-09-26,Rajshahi DC,Rajshahi,Sylhet,Sundarban Courier,SKU1028,Curtain Set,Home & Living,1,1.55,821.16,91.53,2025-09-29,2025-09-29,Delivered,
SHP101153,2026-06-02,Khulna DC,Khulna,Mymensingh,Pathao Courier,SKU1037,Lipstick (V2),Beauty,2,6.76,4438.64,210.43,2026-06-06,2026-06-06,Delivered,
SHP101154,2026-04-13,Chattogram DC,Chattogram,Dhaka,RedX,SKU1032,Sunscreen SPF50,Beauty,1,7.21,1567.34,255.11,2026-04-15,,In Transit,
SHP101155,2025-09-30,Dhaka Hub,Dhaka,Comilla,eCourier,SKU1036,Lipstick,Beauty,2,0.46,1430.32,104.38,2025-10-05,2025-10-08,Delivered Late,Warehouse backlog
SHP101156,2025-11-16,Dhaka Hub,Dhaka,Narayanganj,Sundarban Courier,SKU1026,Storage Box,Home & Living,1,0.62,2180.24,102.66,2025-11-20,2025-11-20,Delivered,
SHP101157,2026-03-12,Chattogram DC,Chattogram,Dhaka,Pathao Courier,SKU1032,Sunscreen SPF50,Beauty,1,3.84,1567.34,137.25,2026-03-17,2026-03-17,Delivered,
SHP101158,2026-03-06,Sylhet DC,Sylhet,Rangpur,Pathao Courier,SKU1003,Power Bank (V2),Electronics,5,7.39,15917.75,229.55,2026-03-08,2026-03-08,Delivered,
SHP101159,2026-06-05,Rajshahi DC,Rajshahi,Dhaka,eCourier,SKU1021,Bedsheet Set (V2),Home & Living,4,11.56,6768.76,300.32,2026-06-10,2026-06-10,Delivered,
SHP101160,2025-12-02,Rajshahi DC,Rajshahi,Khulna,Pathao Courier,SKU1001,Wireless Earbuds (V2),Electronics,5,1.27,10295.6,106.78,2025-12-05,2025-12-05,Delivered,
SHP101161,2026-07-17,Dhaka Hub,Dhaka,Khulna,eCourier,SKU1009,Phone Case (V2),Electronics,2,8.5,4218.36,313.46,2026-07-22,2026-07-22,Delivered,
SHP101162,2026-02-01,Khulna DC,Khulna,Barisal,Sundarban Courier,SKU1004,Smartwatch,Electronics,2,8.37,1119.34,245.12,2026-02-04,,In Transit,
SHP101163,2026-06-12,Chattogram DC,Chattogram,Narayanganj,Pathao Courier,SKU1009,Phone Case (V2),Electronics,2,8.1,4218.36,220.99,2026-06-17,,Delayed,Courier capacity shortage
SHP101164,2025-11-22,Dhaka Hub,Dhaka,Rajshahi,eCourier,SKU1032,Sunscreen SPF50,Beauty,3,6.29,4702.02,190.94,2025-11-25,2025-11-25,Delivered,
SHP101165,2025-09-13,Sylhet DC,Sylhet,Khulna,Sundarban Courier,SKU1037,Lipstick (V2),Beauty,1,11.61,2219.32,271.82,2025-09-18,,Delayed,Customs/checkpoint delay
SHP101166,2025-09-20,Dhaka Hub,Dhaka,Dhaka,Pathao Courier,SKU1012,Panjabi,Apparel,2,6.12,5901.62,168.32,2025-09-22,2025-09-22,Delivered,
SHP101167,2026-01-07,Chattogram DC,Chattogram,Comilla,Steadfast Courier,SKU1030,Face Wash,Beauty,5,10.09,16948.6,245.48,2026-01-11,2026-01-11,Delivered,
SHP101168,2026-07-27,Sylhet DC,Sylhet,Khulna,Pathao Courier,SKU1046,Spice Combo,Grocery,2,3.3,3671.06,147.5,2026-07-30,2026-08-04,Delivered Late,Vehicle breakdown
SHP101169,2025-09-17,Chattogram DC,Chattogram,Rajshahi,Sundarban Courier,SKU1035,Hair Serum (V2),Beauty,4,9.71,3896.8,327.3,2025-09-20,2025-09-20,Delivered,
SHP101170,2026-01-06,Sylhet DC,Sylhet,Dhaka,Sundarban Courier,SKU1044,Green Tea Pack,Grocery,2,11.96,7540.66,385.59,2026-01-09,2026-01-09,Delivered,
SHP101171,2025-10-08,Sylhet DC,Sylhet,Sylhet,Sundarban Courier,SKU1023,Table Lamp (V2),Home & Living,5,10.94,20175.4,235.59,2025-10-10,,Delayed,Address issue
SHP101172,2026-07-20,Khulna DC,Khulna,Barisal,eCourier,SKU1014,Sneakers,Apparel,4,3.79,8315.4,182.42,2026-07-22,2026-07-22,Delivered,
SHP101173,2026-04-22,Dhaka Hub,Dhaka,Narayanganj,Pathao Courier,SKU1028,Curtain Set,Home & Living,5,10.18,4105.8,359.64,2026-04-24,2026-04-24,Delivered,
SHP101174,2026-05-22,Dhaka Hub,Dhaka,Khulna,Steadfast Courier,SKU1007,Bluetooth Speaker (V2),Electronics,3,1.32,10708.14,98.98,2026-05-25,2026-05-25,Delivered,
SHP101175,2026-05-05,Sylhet DC,Sylhet,Barisal,RedX,SKU1004,Smartwatch,Electronics,5,8.2,2798.35,272.63,2026-05-08,2026-05-08,Delivered,
SHP101176,2026-04-16,Chattogram DC,Chattogram,Comilla,Steadfast Courier,SKU1028,Curtain Set,Home & Living,2,4.24,1642.32,173.59,2026-04-19,2026-04-19,Delivered,
SHP101177,2026-05-26,Khulna DC,Khulna,Khulna,eCourier,SKU1046,Spice Combo,Grocery,3,7.97,5506.59,167.3,2026-05-27,2026-05-27,Delivered,
SHP101178,2025-09-03,Dhaka Hub,Dhaka,Sylhet,Steadfast Courier,SKU1003,Power Bank (V2),Electronics,1,5.06,3183.55,199.18,2025-09-05,2025-09-05,Delivered,
SHP101179,2026-06-27,Sylhet DC,Sylhet,Dhaka,RedX,SKU1011,Cotton T-Shirt (V2),Apparel,1,0.31,4181.43,78.83,2026-07-03,2026-07-03,Delivered,
SHP101180,2026-05-14,Rajshahi DC,Rajshahi,Narayanganj,Sundarban Courier,SKU1044,Green Tea Pack,Grocery,4,2.93,15081.32,128.41,2026-05-19,2026-05-19,Delivered,
SHP101181,2026-05-14,Dhaka Hub,Dhaka,Chattogram,Sundarban Courier,SKU1001,Wireless Earbuds (V2),Electronics,2,0.7,4118.24,109.93,2026-05-18,,Delayed,Failed delivery attempt
SHP101182,2026-01-15,Chattogram DC,Chattogram,Sylhet,RedX,SKU1026,Storage Box,Home & Living,1,5.24,2180.24,166.33,2026-01-20,2026-01-20,Delivered,
SHP101183,2026-06-05,Rajshahi DC,Rajshahi,Chattogram,Sundarban Courier,SKU1030,Face Wash,Beauty,2,10.11,6779.44,293.31,2026-06-09,,In Transit,
SHP101184,2026-01-11,Sylhet DC,Sylhet,Mymensingh,eCourier,SKU1035,Hair Serum (V2),Beauty,2,8.91,1948.4,340.09,2026-01-15,2026-01-15,Returned,
SHP101185,2025-09-17,Dhaka Hub,Dhaka,Khulna,Pathao Courier,SKU1035,Hair Serum (V2),Beauty,4,9.51,3896.8,222.41,2025-09-20,2025-09-20,Delivered,
SHP101186,2026-07-12,Chattogram DC,Chattogram,Mymensingh,eCourier,SKU1025,Non-stick Pan (V2),Home & Living,1,9.72,996.68,321.4,2026-07-17,2026-07-17,Delivered,
SHP101187,2025-11-21,Khulna DC,Khulna,Rangpur,Pathao Courier,SKU1042,Mustard Oil 1L,Grocery,1,4.59,3196.15,216.37,2025-11-24,2025-11-24,Delivered,
SHP101188,2025-10-06,Rajshahi DC,Rajshahi,Dhaka,Steadfast Courier,SKU1026,Storage Box,Home & Living,4,6.17,8720.96,210.6,2025-10-10,,Delayed,Weather disruption
SHP101189,2026-04-04,Chattogram DC,Chattogram,Khulna,Pathao Courier,SKU1004,Smartwatch,Electronics,1,6.2,559.67,223.33,2026-04-06,2026-04-06,Delivered,
SHP101190,2025-11-20,Sylhet DC,Sylhet,Dhaka,Pathao Courier,SKU1019,Denim Jacket (V2),Apparel,3,1.54,8693.22,124.85,2025-11-24,2025-11-24,Delivered,
SHP101191,2026-06-24,Khulna DC,Khulna,Dhaka,eCourier,SKU1010,Cotton T-Shirt,Apparel,4,7.26,7051.88,188.03,2026-06-28,2026-06-28,Delivered,
SHP101192,2026-02-01,Dhaka Hub,Dhaka,Rajshahi,eCourier,SKU1009,Phone Case (V2),Electronics,3,8.7,6327.54,262.27,2026-02-04,,In Transit,
SHP101193,2025-09-02,Chattogram DC,Chattogram,Sylhet,eCourier,SKU1039,Perfume (V2),Beauty,1,7.41,3063.69,188.0,2025-09-05,2025-09-05,Delivered,
SHP101194,2026-07-27,Khulna DC,Khulna,Dhaka,Steadfast Courier,SKU1037,Lipstick (V2),Beauty,4,9.0,8877.28,285.36,2026-08-01,2026-08-01,Delivered,
SHP101195,2026-02-26,Dhaka Hub,Dhaka,Rajshahi,Pathao Courier,SKU1005,Smartwatch (V2),Electronics,1,1.6,4393.96,95.91,2026-03-01,2026-03-01,Delivered,
SHP101196,2025-11-30,Khulna DC,Khulna,Rajshahi,eCourier,SKU1007,Bluetooth Speaker (V2),Electronics,2,9.18,7138.76,327.5,2025-12-02,,Cancelled,
SHP101197,2026-04-23,Sylhet DC,Sylhet,Narayanganj,Sundarban Courier,SKU1022,Table Lamp,Home & Living,1,2.66,4372.54,120.25,2026-04-26,2026-04-26,Delivered,
SHP101198,2026-03-03,Rajshahi DC,Rajshahi,Rangpur,RedX,SKU1046,Spice Combo,Grocery,3,10.55,5506.59,363.47,2026-03-09,2026-03-09,Delivered,
SHP101199,2025-09-11,Dhaka Hub,Dhaka,Khulna,Sundarban Courier,SKU1025,Non-stick Pan (V2),Home & Living,4,3.09,3986.72,150.55,2025-09-16,,In Transit,
SHP101200,2026-05-21,Rajshahi DC,Rajshahi,Rajshahi,Pathao Courier,SKU1045,Green Tea Pack (V2),Grocery,4,6.01,14602.88,186.78,2026-05-23,2026-05-23,Delivered,
SHP101201,2026-01-17,Chattogram DC,Chattogram,Dhaka,RedX,SKU1042,Mustard Oil 1L,Grocery,1,5.95,3196.15,206.56,2026-01-22,,Delayed,Weather disruption
SHP101202,2026-05-01,Dhaka Hub,Dhaka,Khulna,eCourier,SKU1011,Cotton T-Shirt (V2),Apparel,2,3.37,8362.86,162.75,2026-05-06,2026-05-06,Delivered,
SHP101203,2026-07-07,Khulna DC,Khulna,Barisal,Pathao Courier,SKU1025,Non-stick Pan (V2),Home & Living,1,4.47,996.68,196.91,2026-07-12,2026-07-12,Delivered,
SHP101204,2026-03-31,Sylhet DC,Sylhet,Dhaka,Steadfast Courier,SKU1012,Panjabi,Apparel,2,2.39,5901.62,145.85,2026-04-05,2026-04-05,Delivered,
SHP101205,2026-04-21,Rajshahi DC,Rajshahi,Narayanganj,RedX,SKU1039,Perfume (V2),Beauty,2,6.93,6127.38,258.46,2026-04-26,2026-04-26,Delivered,
SHP101206,2025-11-28,Dhaka Hub,Dhaka,Barisal,Pathao Courier,SKU1017,Saree (V2),Apparel,4,10.97,1710.44,241.09,2025-12-02,,In Transit,
SHP101207,2025-11-22,Dhaka Hub,Dhaka,Mymensingh,RedX,SKU1024,Non-stick Pan,Home & Living,4,3.94,14143.88,138.01,2025-11-25,2025-11-25,Delivered,
SHP101208,2026-01-22,Sylhet DC,Sylhet,Sylhet,Pathao Courier,SKU1032,Sunscreen SPF50,Beauty,5,6.2,7836.7,138.44,2026-01-24,2026-01-24,Delivered,
SHP101209,2026-06-23,Rajshahi DC,Rajshahi,Comilla,Pathao Courier,SKU1046,Spice Combo,Grocery,2,10.37,3671.06,229.33,2026-06-25,2026-06-26,Delivered Late,Customs/checkpoint delay
SHP101210,2026-03-01,Sylhet DC,Sylhet,Khulna,RedX,SKU1039,Perfume (V2),Beauty,1,5.54,3063.69,236.15,2026-03-05,2026-03-05,Delivered,
SHP101211,2025-12-30,Khulna DC,Khulna,Narayanganj,Pathao Courier,SKU1042,Mustard Oil 1L,Grocery,1,10.01,3196.15,311.74,2026-01-05,2026-01-05,Delivered,
SHP101212,2026-05-28,Rajshahi DC,Rajshahi,Barisal,Pathao Courier,SKU1011,Cotton T-Shirt (V2),Apparel,5,5.47,20907.15,196.07,2026-06-02,2026-06-02,Delivered,
SHP101213,2026-06-23,Rajshahi DC,Rajshahi,Rangpur,eCourier,SKU1043,Mustard Oil 1L (V2),Grocery,5,5.39,7543.95,148.41,2026-06-28,2026-06-28,Returned,
SHP101214,2026-07-10,Sylhet DC,Sylhet,Sylhet,Pathao Courier,SKU1035,Hair Serum (V2),Beauty,2,2.06,1948.4,91.64,2026-07-12,2026-07-12,Delivered,
SHP101215,2025-12-13,Khulna DC,Khulna,Narayanganj,eCourier,SKU1047,Spice Combo (V2),Grocery,5,1.67,7021.15,125.01,2025-12-19,,In Transit,
SHP101216,2026-05-04,Sylhet DC,Sylhet,Chattogram,eCourier,SKU1003,Power Bank (V2),Electronics,3,7.42,9550.65,229.77,2026-05-09,2026-05-11,Delivered Late,Vehicle breakdown
SHP101217,2026-03-24,Khulna DC,Khulna,Dhaka,Pathao Courier,SKU1004,Smartwatch,Electronics,1,9.96,559.67,344.0,2026-03-27,2026-03-27,Delivered,
SHP101218,2026-02-03,Sylhet DC,Sylhet,Rajshahi,RedX,SKU1036,Lipstick,Beauty,2,1.8,1430.32,129.12,2026-02-07,2026-02-07,Delivered,
SHP101219,2026-01-16,Sylhet DC,Sylhet,Comilla,Pathao Courier,SKU1007,Bluetooth Speaker (V2),Electronics,2,10.94,7138.76,242.11,2026-01-20,2026-01-20,Delivered,
SHP101220,2025-10-10,Sylhet DC,Sylhet,Narayanganj,RedX,SKU1041,Basmati Rice 5kg (V2),Grocery,4,4.43,15088.6,134.13,2025-10-13,2025-10-13,Delivered,
SHP101221,2025-12-05,Khulna DC,Khulna,Comilla,Pathao Courier,SKU1048,Honey Jar,Grocery,1,5.22,3118.86,176.49,2025-12-08,,Cancelled,
SHP101222,2026-03-10,Khulna DC,Khulna,Barisal,Steadfast Courier,SKU1027,Storage Box (V2),Home & Living,1,10.75,340.55,328.12,2026-03-13,2026-03-13,Delivered,
SHP101223,2026-07-04,Rajshahi DC,Rajshahi,Narayanganj,Pathao Courier,SKU1030,Face Wash,Beauty,4,10.78,13558.88,292.81,2026-07-07,2026-07-07,Delivered,
SHP101224,2026-06-27,Khulna DC,Khulna,Rajshahi,RedX,SKU1008,Phone Case,Electronics,2,6.39,1414.58,239.3,2026-06-30,2026-06-30,Delivered,
SHP101225,2025-11-04,Dhaka Hub,Dhaka,Rajshahi,Pathao Courier,SKU1028,Curtain Set,Home & Living,2,3.47,1642.32,140.51,2025-11-10,2025-11-10,Delivered,
SHP101226,2026-04-24,Sylhet DC,Sylhet,Chattogram,Pathao Courier,SKU1013,Panjabi (V2),Apparel,5,2.23,18645.05,125.16,2026-04-27,2026-04-27,Delivered,
SHP101227,2025-09-30,Chattogram DC,Chattogram,Mymensingh,Sundarban Courier,SKU1039,Perfume (V2),Beauty,5,3.4,15318.45,155.48,2025-10-05,2025-10-10,Delivered Late,Warehouse backlog
SHP101228,2026-04-22,Dhaka Hub,Dhaka,Khulna,RedX,SKU1040,Basmati Rice 5kg,Grocery,3,9.41,6154.83,325.5,2026-04-24,2026-04-28,Delivered Late,Customs/checkpoint delay
SHP101229,2025-12-28,Dhaka Hub,Dhaka,Chattogram,Steadfast Courier,SKU1021,Bedsheet Set (V2),Home & Living,5,4.03,8460.95,163.07,2026-01-03,,Delayed,Courier capacity shortage
SHP101230,2026-02-03,Sylhet DC,Sylhet,Khulna,Pathao Courier,SKU1010,Cotton T-Shirt,Apparel,5,8.4,8814.85,226.62,2026-02-08,2026-02-08,Delivered,
SHP101231,2026-05-07,Rajshahi DC,Rajshahi,Rangpur,Pathao Courier,SKU1022,Table Lamp,Home & Living,3,2.5,13117.62,136.8,2026-05-13,2026-05-13,Delivered,
SHP101232,2026-01-26,Sylhet DC,Sylhet,Sylhet,Sundarban Courier,SKU1000,Wireless Earbuds,Electronics,5,5.85,17583.55,140.33,2026-01-28,,In Transit,
SHP101233,2026-06-07,Sylhet DC,Sylhet,Khulna,Sundarban Courier,SKU1045,Green Tea Pack (V2),Grocery,1,4.35,3650.72,169.92,2026-06-12,2026-06-12,Delivered,
SHP101234,2026-03-04,Dhaka Hub,Dhaka,Khulna,Steadfast Courier,SKU1036,Lipstick,Beauty,1,6.14,715.16,192.54,2026-03-07,2026-03-07,Delivered,
SHP101235,2026-08-12,Khulna DC,Khulna,Barisal,Steadfast Courier,SKU1020,Bedsheet Set,Home & Living,5,6.93,17238.4,265.98,2026-08-16,2026-08-13,Delivered,
SHP101236,2026-04-09,Dhaka Hub,Dhaka,Mymensingh,Steadfast Courier,SKU1025,Non-stick Pan (V2),Home & Living,1,11.89,996.68,376.27,2026-04-14,2026-04-15,Delivered Late,Failed delivery attempt
SHP101237,2025-12-12,Rajshahi DC,Rajshahi,Rangpur,Pathao Courier,SKU1045,Green Tea Pack (V2),Grocery,4,10.82,14602.88,335.69,2025-12-14,2025-12-14,Delivered,
SHP101238,2026-05-27,Rajshahi DC,Rajshahi,Chattogram,Sundarban Courier,SKU1035,Hair Serum (V2),Beauty,3,8.41,2922.6,228.15,2026-05-29,2026-05-29,Delivered,
SHP101239,2026-01-20,Rajshahi DC,Rajshahi,Khulna,eCourier,SKU1022,Table Lamp,Home & Living,4,2.01,17490.16,113.04,2026-01-25,2026-01-25,Delivered,
SHP101240,2026-03-04,Chattogram DC,Chattogram,Rangpur,Sundarban Courier,SKU1000,Wireless Earbuds,Electronics,4,11.04,14066.84,327.74,2026-03-06,2026-03-06,Delivered,
SHP101241,2025-10-18,Dhaka Hub,Dhaka,Sylhet,RedX,SKU1039,Perfume (V2),Beauty,1,10.73,3063.69,342.88,2025-10-23,2025-10-23,Delivered,
SHP101242,2025-10-12,Chattogram DC,Chattogram,Dhaka,Pathao Courier,SKU1014,Sneakers,Apparel,2,10.66,4157.7,239.64,2025-10-15,2025-10-15,Delivered,
SHP101243,2026-03-18,Khulna DC,Khulna,Khulna,Sundarban Courier,SKU1020,Bedsheet Set,Home & Living,4,5.85,13790.72,194.27,2026-03-19,,In Transit,
SHP101244,2025-11-04,Chattogram DC,Chattogram,Rangpur,Steadfast Courier,SKU1046,Spice Combo,Grocery,5,2.21,9177.65,116.63,2025-11-07,,Cancelled,
SHP101245,2026-08-12,Rajshahi DC,Rajshahi,Rangpur,Pathao Courier,SKU1008,Phone Case,Electronics,5,9.1,3536.45,261.95,2026-08-16,2026-08-13,Delivered Late,Warehouse backlog
SHP101246,2026-06-24,Dhaka Hub,Dhaka,Chattogram,Steadfast Courier,SKU1008,Phone Case,Electronics,5,4.78,3536.45,163.35,2026-06-29,,In Transit,
SHP101247,2026-05-01,Dhaka Hub,Dhaka,Rangpur,Sundarban Courier,SKU1009,Phone Case (V2),Electronics,5,4.27,10545.9,139.14,2026-05-07,2026-05-07,Returned,
SHP101248,2026-05-13,Chattogram DC,Chattogram,Chattogram,Pathao Courier,SKU1025,Non-stick Pan (V2),Home & Living,5,4.81,4983.4,174.32,2026-05-15,2026-05-17,Delivered Late,Courier capacity shortage
SHP101249,2026-03-25,Khulna DC,Khulna,Mymensingh,Pathao Courier,SKU1040,Basmati Rice 5kg,Grocery,3,6.8,6154.83,240.2,2026-03-28,2026-03-28,Delivered,
SHP101250,2025-09-21,Khulna DC,Khulna,Barisal,Pathao Courier,SKU1034,Hair Serum,Beauty,2,4.14,4385.14,170.45,2025-09-26,,In Transit,
SHP101251,2026-01-14,Chattogram DC,Chattogram,Chattogram,RedX,SKU1024,Non-stick Pan,Home & Living,3,8.34,10607.91,268.21,2026-01-16,2026-01-16,Delivered,
SHP101252,2026-02-19,Khulna DC,Khulna,Khulna,Pathao Courier,SKU1025,Non-stick Pan (V2),Home & Living,4,7.84,3986.72,216.84,2026-02-20,2026-02-20,Delivered,
SHP101253,2026-07-14,Khulna DC,Khulna,Comilla,RedX,SKU1010,Cotton T-Shirt,Apparel,3,6.2,5288.91,239.43,2026-07-18,2026-07-18,Delivered,
SHP101254,2025-11-15,Sylhet DC,Sylhet,Rajshahi,Steadfast Courier,SKU1037,Lipstick (V2),Beauty,5,0.84,11096.6,109.32,2025-11-20,2025-11-20,Delivered,
SHP101255,2026-02-19,Sylhet DC,Sylhet,Rangpur,Sundarban Courier,SKU1001,Wireless Earbuds (V2),Electronics,4,11.25,8236.48,252.74,2026-02-22,,In Transit,
SHP101256,2025-12-29,Dhaka Hub,Dhaka,Mymensingh,Pathao Courier,SKU1006,Bluetooth Speaker,Electronics,2,5.06,6921.92,160.51,2025-12-31,2025-12-31,Delivered,
SHP101257,2025-10-17,Chattogram DC,Chattogram,Dhaka,Sundarban Courier,SKU1017,Saree (V2),Apparel,5,5.5,2138.05,189.74,2025-10-23,2025-10-23,Delivered,
SHP101258,2025-10-06,Sylhet DC,Sylhet,Narayanganj,eCourier,SKU1026,Storage Box,Home & Living,5,5.58,10901.2,195.76,2025-10-12,2025-10-12,Delivered,
SHP101259,2026-01-05,Dhaka Hub,Dhaka,Khulna,RedX,SKU1033,Sunscreen SPF50 (V2),Beauty,3,4.51,5284.5,177.36,2026-01-10,,In Transit,
SHP101260,2025-09-29,Sylhet DC,Sylhet,Mymensingh,Pathao Courier,SKU1026,Storage Box,Home & Living,1,8.16,2180.24,232.0,2025-10-04,2025-10-05,Delivered Late,Weather disruption
SHP101261,2025-09-24,Dhaka Hub,Dhaka,Rajshahi,RedX,SKU1016,Saree,Apparel,2,0.36,5124.88,86.41,2025-09-30,2025-09-30,Delivered,
SHP101262,2025-12-31,Khulna DC,Khulna,Barisal,Sundarban Courier,SKU1042,Mustard Oil 1L,Grocery,5,10.51,15980.75,341.05,2026-01-05,2026-01-05,Delivered,
SHP101263,2025-11-09,Dhaka Hub,Dhaka,Khulna,Sundarban Courier,SKU1043,Mustard Oil 1L (V2),Grocery,1,1.41,1508.79,111.77,2025-11-14,2025-11-14,Delivered,
SHP101264,2026-03-11,Dhaka Hub,Dhaka,Comilla,Pathao Courier,SKU1023,Table Lamp (V2),Home & Living,3,12.0,12105.24,383.37,2026-03-15,,Delayed,Customs/checkpoint delay
SHP101265,2025-09-07,Khulna DC,Khulna,Chattogram,Steadfast Courier,SKU1024,Non-stick Pan,Home & Living,4,7.61,14143.88,276.73,2025-09-10,2025-09-10,Delivered,
SHP101266,2025-12-14,Chattogram DC,Chattogram,Comilla,Pathao Courier,SKU1006,Bluetooth Speaker,Electronics,2,0.98,6921.92,97.88,2025-12-19,,In Transit,
SHP101267,2026-02-04,Chattogram DC,Chattogram,Sylhet,Pathao Courier,SKU1005,Smartwatch (V2),Electronics,5,6.84,21969.8,209.47,2026-02-09,2026-02-09,Delivered,
SHP101268,2026-07-31,Chattogram DC,Chattogram,Comilla,Pathao Courier,SKU1023,Table Lamp (V2),Home & Living,3,4.11,12105.24,161.88,2026-08-03,2026-08-03,Returned,
SHP101269,2026-04-08,Chattogram DC,Chattogram,Dhaka,RedX,SKU1032,Sunscreen SPF50,Beauty,1,11.45,1567.34,302.61,2026-04-12,2026-04-12,Delivered,
SHP101270,2026-07-02,Khulna DC,Khulna,Dhaka,Sundarban Courier,SKU1048,Honey Jar,Grocery,2,9.11,6237.72,220.4,2026-07-07,2026-07-09,Delivered Late,Failed delivery attempt
SHP101271,2025-12-28,Khulna DC,Khulna,Dhaka,Pathao Courier,SKU1028,Curtain Set,Home & Living,2,6.18,1642.32,249.46,2025-12-31,2026-01-01,Delivered Late,Weather disruption
SHP101272,2026-02-03,Chattogram DC,Chattogram,Barisal,Sundarban Courier,SKU1042,Mustard Oil 1L,Grocery,2,5.27,6392.3,166.82,2026-02-08,2026-02-10,Delivered Late,Failed delivery attempt
SHP101273,2026-01-24,Khulna DC,Khulna,Sylhet,RedX,SKU1021,Bedsheet Set (V2),Home & Living,5,11.95,8460.95,278.78,2026-01-26,2026-01-30,Delivered Late,Address issue
SHP101274,2026-07-05,Khulna DC,Khulna,Barisal,Sundarban Courier,SKU1025,Non-stick Pan (V2),Home & Living,2,8.08,1993.36,302.44,2026-07-09,2026-07-09,Delivered,
SHP101275,2026-07-29,Sylhet DC,Sylhet,Comilla,Steadfast Courier,SKU1027,Storage Box (V2),Home & Living,3,6.26,1021.65,216.34,2026-08-04,2026-08-04,Delivered,
SHP101276,2026-07-30,Sylhet DC,Sylhet,Dhaka,Sundarban Courier,SKU1049,Honey Jar (V2),Grocery,3,4.9,2273.76,196.73,2026-08-04,2026-08-04,Delivered,
SHP101277,2026-05-19,Rajshahi DC,Rajshahi,Barisal,Pathao Courier,SKU1020,Bedsheet Set,Home & Living,2,4.03,6895.36,173.38,2026-05-25,2026-05-25,Delivered,
SHP101278,2026-02-22,Sylhet DC,Sylhet,Mymensingh,Steadfast Courier,SKU1048,Honey Jar,Grocery,3,8.52,9356.58,220.25,2026-02-27,2026-02-27,Delivered,
SHP101279,2026-03-07,Chattogram DC,Chattogram,Rajshahi,eCourier,SKU1006,Bluetooth Speaker,Electronics,2,7.14,6921.92,182.83,2026-03-11,2026-03-11,Delivered,
SHP101280,2026-08-06,Sylhet DC,Sylhet,Narayanganj,Sundarban Courier,SKU1016,Saree,Apparel,1,10.21,2562.44,373.58,2026-08-11,,In Transit,
SHP101281,2025-12-08,Rajshahi DC,Rajshahi,Rangpur,eCourier,SKU1019,Denim Jacket (V2),Apparel,3,6.73,8693.22,197.65,2025-12-11,2025-12-11,Delivered,
SHP101282,2025-12-29,Khulna DC,Khulna,Dhaka,RedX,SKU1040,Basmati Rice 5kg,Grocery,3,7.07,6154.83,208.78,2026-01-02,2026-01-02,Delivered,
SHP101283,2026-07-08,Dhaka Hub,Dhaka,Barisal,Sundarban Courier,SKU1048,Honey Jar,Grocery,1,5.83,3118.86,205.13,2026-07-12,2026-07-12,Delivered,
SHP101284,2026-01-12,Sylhet DC,Sylhet,Khulna,eCourier,SKU1019,Denim Jacket (V2),Apparel,4,9.2,11590.96,328.82,2026-01-16,2026-01-18,Delivered Late,Customs/checkpoint delay
SHP101285,2025-11-21,Khulna DC,Khulna,Chattogram,eCourier,SKU1021,Bedsheet Set (V2),Home & Living,4,5.1,6768.76,194.22,2025-11-25,2025-11-25,Delivered,
SHP101286,2026-03-13,Chattogram DC,Chattogram,Narayanganj,Sundarban Courier,SKU1027,Storage Box (V2),Home & Living,2,10.25,681.1,261.0,2026-03-16,,Delayed,Failed delivery attempt
SHP101287,2025-12-22,Rajshahi DC,Rajshahi,Sylhet,RedX,SKU1039,Perfume (V2),Beauty,3,4.06,9191.07,138.83,2025-12-25,2025-12-25,Delivered,
SHP101288,2026-07-06,Rajshahi DC,Rajshahi,Dhaka,Sundarban Courier,SKU1048,Honey Jar,Grocery,2,8.37,6237.72,320.09,2026-07-09,2026-07-09,Delivered,
SHP101289,2026-07-12,Rajshahi DC,Rajshahi,Sylhet,Pathao Courier,SKU1006,Bluetooth Speaker,Electronics,4,10.74,13843.84,339.87,2026-07-16,2026-07-16,Delivered,
SHP101290,2025-12-15,Dhaka Hub,Dhaka,Comilla,Steadfast Courier,SKU1000,Wireless Earbuds,Electronics,1,9.28,3516.71,330.75,2025-12-17,2025-12-19,Delivered Late,Address issue
SHP101291,2026-03-03,Sylhet DC,Sylhet,Barisal,RedX,SKU1031,Face Wash (V2),Beauty,4,4.24,17434.68,152.86,2026-03-09,,In Transit,
SHP101292,2026-08-07,Sylhet DC,Sylhet,Comilla,RedX,SKU1012,Panjabi,Apparel,1,8.53,2950.81,313.95,2026-08-09,2026-08-09,Delivered,
SHP101293,2026-05-15,Khulna DC,Khulna,Rajshahi,RedX,SKU1029,Curtain Set (V2),Home & Living,1,2.64,3121.26,147.2,2026-05-20,2026-05-20,Delivered,
SHP101294,2025-11-14,Rajshahi DC,Rajshahi,Chattogram,RedX,SKU1022,Table Lamp,Home & Living,2,0.89,8745.08,115.53,2025-11-17,2025-11-17,Delivered,
SHP101295,2026-03-24,Chattogram DC,Chattogram,Khulna,Sundarban Courier,SKU1018,Denim Jacket,Apparel,1,9.54,3750.2,269.91,2026-03-29,2026-03-29,Delivered,
SHP101296,2026-04-03,Sylhet DC,Sylhet,Chattogram,Steadfast Courier,SKU1031,Face Wash (V2),Beauty,3,9.73,13076.01,215.74,2026-04-08,2026-04-08,Delivered,
SHP101297,2026-04-15,Khulna DC,Khulna,Barisal,RedX,SKU1029,Curtain Set (V2),Home & Living,1,0.47,3121.26,102.83,2026-04-21,2026-04-26,Delivered Late,Courier capacity shortage
SHP101298,2025-09-09,Khulna DC,Khulna,Sylhet,RedX,SKU1028,Curtain Set,Home & Living,2,11.38,1642.32,288.73,2025-09-14,2025-09-14,Delivered,
SHP101299,2025-12-13,Khulna DC,Khulna,Narayanganj,Sundarban Courier,SKU1048,Honey Jar,Grocery,1,5.46,3118.86,167.47,2025-12-18,,In Transit,
SHP101300,2026-06-23,Chattogram DC,Chattogram,Khulna,Sundarban Courier,SKU1044,Green Tea Pack,Grocery,5,10.88,18851.65,320.08,2026-06-26,2026-06-26,Delivered,
SHP101301,2025-11-23,Rajshahi DC,Rajshahi,Khulna,Pathao Courier,SKU1028,Curtain Set,Home & Living,4,9.5,3284.64,331.87,2025-11-27,2025-11-27,Delivered,
SHP101302,2025-12-13,Dhaka Hub,Dhaka,Narayanganj,Sundarban Courier,SKU1029,Curtain Set (V2),Home & Living,2,10.83,6242.52,319.76,2025-12-16,,Delayed,Courier capacity shortage
SHP101303,2025-12-21,Sylhet DC,Sylhet,Barisal,Pathao Courier,SKU1015,Sneakers (V2),Apparel,1,10.03,1138.49,356.65,2025-12-27,2025-12-27,Delivered,
SHP101304,2025-11-01,Khulna DC,Khulna,Chattogram,RedX,SKU1039,Perfume (V2),Beauty,5,11.69,15318.45,267.41,2025-11-06,2025-11-06,Delivered,
SHP101305,2025-10-24,Dhaka Hub,Dhaka,Rajshahi,Steadfast Courier,SKU1018,Denim Jacket,Apparel,4,7.62,15000.8,240.15,2025-10-27,2025-10-27,Delivered,
SHP101306,2025-12-30,Sylhet DC,Sylhet,Sylhet,Sundarban Courier,SKU1017,Saree (V2),Apparel,5,2.88,2138.05,106.31,2026-01-01,2026-01-01,Delivered,
SHP101307,2026-06-30,Sylhet DC,Sylhet,Mymensingh,Sundarban Courier,SKU1000,Wireless Earbuds,Electronics,1,4.8,3516.71,194.82,2026-07-03,2026-07-05,Delivered Late,Failed delivery attempt
SHP101308,2025-09-01,Khulna DC,Khulna,Barisal,RedX,SKU1013,Panjabi (V2),Apparel,2,9.07,7458.02,289.51,2025-09-06,,In Transit,
SHP101309,2025-12-08,Dhaka Hub,Dhaka,Mymensingh,Pathao Courier,SKU1046,Spice Combo,Grocery,1,2.05,1835.53,122.77,2025-12-12,2025-12-17,Delivered Late,Vehicle breakdown
SHP101310,2025-09-21,Chattogram DC,Chattogram,Narayanganj,Steadfast Courier,SKU1049,Honey Jar (V2),Grocery,3,11.17,2273.76,374.57,2025-09-25,,Cancelled,
SHP101311,2026-03-14,Chattogram DC,Chattogram,Mymensingh,Sundarban Courier,SKU1001,Wireless Earbuds (V2),Electronics,1,2.62,2059.12,165.57,2026-03-20,2026-03-20,Delivered,
SHP101312,2025-11-26,Khulna DC,Khulna,Khulna,Pathao Courier,SKU1027,Storage Box (V2),Home & Living,1,10.54,340.55,332.03,2025-11-28,2025-11-28,Delivered,
SHP101313,2026-06-02,Chattogram DC,Chattogram,Sylhet,Pathao Courier,SKU1048,Honey Jar,Grocery,3,5.91,9356.58,237.42,2026-06-07,2026-06-07,Delivered,
SHP101314,2026-03-22,Sylhet DC,Sylhet,Barisal,Steadfast Courier,SKU1049,Honey Jar (V2),Grocery,5,10.12,3789.6,301.66,2026-03-27,2026-03-27,Delivered,
SHP101315,2026-05-30,Khulna DC,Khulna,Rajshahi,Pathao Courier,SKU1029,Curtain Set (V2),Home & Living,4,11.51,12485.04,348.12,2026-06-02,2026-06-02,Delivered,
SHP101316,2026-04-08,Khulna DC,Khulna,Khulna,RedX,SKU1037,Lipstick (V2),Beauty,4,5.18,8877.28,144.8,2026-04-10,2026-04-10,Delivered,
SHP101317,2026-01-30,Dhaka Hub,Dhaka,Comilla,Pathao Courier,SKU1003,Power Bank (V2),Electronics,5,8.42,15917.75,259.75,2026-02-01,,Cancelled,
SHP101318,2026-06-25,Rajshahi DC,Rajshahi,Narayanganj,Pathao Courier,SKU1000,Wireless Earbuds,Electronics,5,2.88,17583.55,105.13,2026-06-29,2026-06-29,Delivered,
SHP101319,2026-02-12,Dhaka Hub,Dhaka,Khulna,Steadfast Courier,SKU1007,Bluetooth Speaker (V2),Electronics,1,9.65,3569.38,282.32,2026-02-18,2026-02-18,Delivered,
SHP101320,2026-07-26,Dhaka Hub,Dhaka,Rangpur,Pathao Courier,SKU1028,Curtain Set,Home & Living,2,9.88,1642.32,339.23,2026-07-28,2026-07-28,Delivered,
SHP101321,2026-08-11,Dhaka Hub,Dhaka,Narayanganj,Pathao Courier,SKU1038,Perfume,Beauty,4,3.68,4548.24,175.79,2026-08-14,2026-08-13,Delivered,
SHP101322,2026-03-23,Chattogram DC,Chattogram,Dhaka,RedX,SKU1002,Power Bank,Electronics,5,0.48,19424.5,70.62,2026-03-27,2026-03-27,Delivered,
SHP101323,2026-04-22,Rajshahi DC,Rajshahi,Khulna,Steadfast Courier,SKU1031,Face Wash (V2),Beauty,4,5.29,17434.68,202.12,2026-04-25,2026-04-25,Delivered,
SHP101324,2025-11-28,Chattogram DC,Chattogram,Mymensingh,Sundarban Courier,SKU1009,Phone Case (V2),Electronics,4,2.21,8436.72,129.8,2025-12-01,2025-12-01,Delivered,
SHP101325,2026-06-09,Khulna DC,Khulna,Rajshahi,Pathao Courier,SKU1009,Phone Case (V2),Electronics,2,9.86,4218.36,344.43,2026-06-14,,In Transit,
SHP101326,2026-04-21,Sylhet DC,Sylhet,Mymensingh,Steadfast Courier,SKU1018,Denim Jacket,Apparel,2,3.28,7500.4,122.28,2026-04-25,2026-04-25,Delivered,
SHP101327,2026-07-10,Dhaka Hub,Dhaka,Rajshahi,RedX,SKU1045,Green Tea Pack (V2),Grocery,1,11.34,3650.72,341.2,2026-07-15,2026-07-19,Delivered Late,Vehicle breakdown
SHP101328,2025-12-02,Sylhet DC,Sylhet,Dhaka,eCourier,SKU1033,Sunscreen SPF50 (V2),Beauty,2,11.67,3523.0,379.13,2025-12-06,2025-12-10,Delivered Late,Warehouse backlog
SHP101329,2026-05-31,Dhaka Hub,Dhaka,Rajshahi,eCourier,SKU1032,Sunscreen SPF50,Beauty,1,10.92,1567.34,317.13,2026-06-04,2026-06-05,Delivered Late,Courier capacity shortage
SHP101330,2026-02-10,Sylhet DC,Sylhet,Rajshahi,RedX,SKU1022,Table Lamp,Home & Living,5,7.28,21862.7,200.17,2026-02-14,,Delayed,Address issue
SHP101331,2025-11-04,Sylhet DC,Sylhet,Comilla,Sundarban Courier,SKU1027,Storage Box (V2),Home & Living,1,3.36,340.55,158.84,2025-11-07,2025-11-07,Delivered,
SHP101332,2025-10-30,Sylhet DC,Sylhet,Chattogram,Sundarban Courier,SKU1031,Face Wash (V2),Beauty,2,9.73,8717.34,344.95,2025-11-03,2025-11-03,Delivered,
SHP101333,2026-03-14,Chattogram DC,Chattogram,Chattogram,eCourier,SKU1049,Honey Jar (V2),Grocery,5,8.48,3789.6,206.99,2026-03-16,2026-03-16,Delivered,
SHP101334,2025-12-20,Khulna DC,Khulna,Chattogram,eCourier,SKU1006,Bluetooth Speaker,Electronics,5,11.73,17304.8,281.39,2025-12-26,2025-12-26,Delivered,
SHP101335,2025-10-06,Sylhet DC,Sylhet,Barisal,Steadfast Courier,SKU1028,Curtain Set,Home & Living,2,4.65,1642.32,209.79,2025-10-08,,In Transit,
SHP101336,2026-01-26,Chattogram DC,Chattogram,Narayanganj,RedX,SKU1007,Bluetooth Speaker (V2),Electronics,3,0.89,10708.14,93.33,2026-01-30,2026-01-30,Delivered,
SHP101337,2026-04-14,Sylhet DC,Sylhet,Rangpur,Sundarban Courier,SKU1000,Wireless Earbuds,Electronics,3,11.98,10550.13,299.45,2026-04-19,2026-04-19,Delivered,
SHP101338,2025-12-20,Dhaka Hub,Dhaka,Comilla,Sundarban Courier,SKU1002,Power Bank,Electronics,5,10.09,19424.5,292.79,2025-12-22,2025-12-22,Delivered,
SHP101339,2026-07-28,Rajshahi DC,Rajshahi,Comilla,RedX,SKU1023,Table Lamp (V2),Home & Living,4,2.81,16140.32,119.44,2026-08-02,,In Transit,
SHP101340,2026-05-28,Khulna DC,Khulna,Rangpur,Sundarban Courier,SKU1022,Table Lamp,Home & Living,3,8.76,13117.62,302.9,2026-05-31,2026-05-31,Delivered,
SHP101341,2026-02-25,Chattogram DC,Chattogram,Rangpur,eCourier,SKU1007,Bluetooth Speaker (V2),Electronics,2,0.21,7138.76,67.2,2026-03-02,2026-03-02,Delivered,
SHP101342,2026-07-21,Khulna DC,Khulna,Sylhet,RedX,SKU1046,Spice Combo,Grocery,2,6.78,3671.06,247.2,2026-07-25,,In Transit,
SHP101343,2026-01-28,Khulna DC,Khulna,Narayanganj,Pathao Courier,SKU1036,Lipstick,Beauty,4,4.48,2860.64,157.33,2026-01-31,2026-02-01,Delivered Late,Vehicle breakdown
SHP101344,2025-10-19,Khulna DC,Khulna,Mymensingh,RedX,SKU1002,Power Bank,Electronics,5,4.7,19424.5,151.28,2025-10-24,2025-10-24,Delivered,
SHP101345,2025-09-13,Dhaka Hub,Dhaka,Comilla,RedX,SKU1032,Sunscreen SPF50,Beauty,1,3.09,1567.34,134.47,2025-09-16,2025-09-16,Delivered,
SHP101346,2026-07-22,Rajshahi DC,Rajshahi,Narayanganj,Steadfast Courier,SKU1027,Storage Box (V2),Home & Living,4,3.44,1362.2,179.06,2026-07-27,2026-07-27,Delivered,
SHP101347,2026-07-30,Rajshahi DC,Rajshahi,Khulna,Sundarban Courier,SKU1046,Spice Combo,Grocery,3,5.57,5506.59,202.78,2026-08-04,2026-08-04,Delivered,
SHP101348,2026-05-14,Rajshahi DC,Rajshahi,Chattogram,RedX,SKU1007,Bluetooth Speaker (V2),Electronics,1,3.13,3569.38,185.11,2026-05-18,2026-05-18,Returned,
SHP101349,2025-10-06,Rajshahi DC,Rajshahi,Comilla,Sundarban Courier,SKU1033,Sunscreen SPF50 (V2),Beauty,1,5.7,1761.5,217.21,2025-10-09,2025-10-13,Delivered Late,Failed delivery attempt
SHP101350,2025-12-11,Rajshahi DC,Rajshahi,Rajshahi,RedX,SKU1034,Hair Serum,Beauty,2,7.01,4385.14,154.76,2025-12-13,2025-12-13,Delivered,
SHP101351,2025-09-15,Khulna DC,Khulna,Narayanganj,Pathao Courier,SKU1031,Face Wash (V2),Beauty,2,8.59,8717.34,278.77,2025-09-19,2025-09-19,Delivered,
SHP101352,2025-09-18,Dhaka Hub,Dhaka,Rangpur,Steadfast Courier,SKU1023,Table Lamp (V2),Home & Living,1,8.19,4035.08,255.13,2025-09-23,2025-09-23,Returned,
SHP101353,2025-11-25,Sylhet DC,Sylhet,Sylhet,Steadfast Courier,SKU1013,Panjabi (V2),Apparel,2,3.06,7458.02,92.98,2025-11-26,2025-11-26,Delivered,
SHP101354,2026-03-17,Chattogram DC,Chattogram,Khulna,RedX,SKU1031,Face Wash (V2),Beauty,5,0.66,21793.35,103.49,2026-03-21,2026-03-21,Delivered,
SHP101355,2025-09-23,Chattogram DC,Chattogram,Rangpur,RedX,SKU1045,Green Tea Pack (V2),Grocery,4,10.03,14602.88,251.94,2025-09-28,2025-10-02,Delivered Late,Address issue
SHP101356,2026-08-07,Rajshahi DC,Rajshahi,Khulna,Pathao Courier,SKU1042,Mustard Oil 1L,Grocery,2,10.49,6392.3,280.97,2026-08-12,2026-08-12,Delivered,
SHP101357,2026-02-05,Rajshahi DC,Rajshahi,Sylhet,RedX,SKU1015,Sneakers (V2),Apparel,4,11.75,4553.96,319.55,2026-02-10,2026-02-10,Delivered,
SHP101358,2025-12-01,Sylhet DC,Sylhet,Sylhet,Sundarban Courier,SKU1003,Power Bank (V2),Electronics,3,11.52,9550.65,334.11,2025-12-02,2025-12-02,Delivered,
SHP101359,2026-02-26,Khulna DC,Khulna,Rangpur,eCourier,SKU1036,Lipstick,Beauty,4,7.68,2860.64,299.01,2026-03-02,2026-03-02,Delivered,
SHP101360,2026-06-01,Dhaka Hub,Dhaka,Dhaka,Pathao Courier,SKU1020,Bedsheet Set,Home & Living,2,10.75,6895.36,237.63,2026-06-02,2026-06-02,Delivered,
SHP101361,2025-12-18,Chattogram DC,Chattogram,Dhaka,eCourier,SKU1013,Panjabi (V2),Apparel,1,5.49,3729.01,196.44,2025-12-23,2025-12-26,Delivered Late,Customs/checkpoint delay
SHP101362,2025-09-17,Rajshahi DC,Rajshahi,Dhaka,Sundarban Courier,SKU1030,Face Wash,Beauty,2,9.49,6779.44,333.96,2025-09-22,2025-09-22,Delivered,
SHP101363,2025-09-18,Sylhet DC,Sylhet,Mymensingh,RedX,SKU1047,Spice Combo (V2),Grocery,5,11.47,7021.15,416.61,2025-09-23,2025-09-23,Delivered,
SHP101364,2026-06-22,Sylhet DC,Sylhet,Dhaka,RedX,SKU1017,Saree (V2),Apparel,3,9.6,1282.83,327.99,2026-06-25,2026-06-25,Delivered,
SHP101365,2025-10-09,Sylhet DC,Sylhet,Rajshahi,Pathao Courier,SKU1006,Bluetooth Speaker,Electronics,1,5.11,3460.96,193.6,2025-10-14,2025-10-14,Delivered,
SHP101366,2026-04-08,Chattogram DC,Chattogram,Chattogram,Sundarban Courier,SKU1009,Phone Case (V2),Electronics,5,4.66,10545.9,162.61,2026-04-10,2026-04-10,Delivered,
SHP101367,2026-01-12,Rajshahi DC,Rajshahi,Barisal,eCourier,SKU1006,Bluetooth Speaker,Electronics,5,3.64,17304.8,150.65,2026-01-15,2026-01-15,Returned,
SHP101368,2026-05-28,Khulna DC,Khulna,Dhaka,RedX,SKU1032,Sunscreen SPF50,Beauty,3,4.53,4702.02,135.49,2026-05-30,2026-06-02,Delivered Late,Customs/checkpoint delay
SHP101369,2025-09-21,Khulna DC,Khulna,Dhaka,Pathao Courier,SKU1022,Table Lamp,Home & Living,4,9.88,17490.16,238.07,2025-09-23,2025-09-23,Delivered,
SHP101370,2026-07-08,Chattogram DC,Chattogram,Rajshahi,Sundarban Courier,SKU1020,Bedsheet Set,Home & Living,1,8.48,3447.68,312.24,2026-07-12,2026-07-12,Delivered,
SHP101371,2026-04-30,Khulna DC,Khulna,Rangpur,Sundarban Courier,SKU1018,Denim Jacket,Apparel,3,3.15,11250.6,148.56,2026-05-04,2026-05-04,Returned,
SHP101372,2026-02-03,Rajshahi DC,Rajshahi,Chattogram,RedX,SKU1047,Spice Combo (V2),Grocery,5,8.6,7021.15,247.49,2026-02-06,,In Transit,
SHP101373,2025-11-11,Khulna DC,Khulna,Rajshahi,RedX,SKU1018,Denim Jacket,Apparel,3,4.68,11250.6,181.12,2025-11-15,,In Transit,
SHP101374,2026-08-05,Sylhet DC,Sylhet,Comilla,Pathao Courier,SKU1035,Hair Serum (V2),Beauty,1,6.78,974.2,224.22,2026-08-10,2026-08-10,Delivered,
SHP101375,2025-12-14,Chattogram DC,Chattogram,Rangpur,RedX,SKU1028,Curtain Set,Home & Living,4,4.57,3284.64,174.19,2025-12-19,2025-12-19,Delivered,
SHP101376,2026-02-17,Sylhet DC,Sylhet,Mymensingh,eCourier,SKU1017,Saree (V2),Apparel,4,6.36,1710.44,211.88,2026-02-22,2026-02-22,Delivered,
SHP101377,2026-01-15,Chattogram DC,Chattogram,Khulna,eCourier,SKU1001,Wireless Earbuds (V2),Electronics,4,8.81,8236.48,263.62,2026-01-21,2026-01-21,Delivered,
SHP101378,2025-11-19,Khulna DC,Khulna,Narayanganj,Pathao Courier,SKU1000,Wireless Earbuds,Electronics,4,8.83,14066.84,277.83,2025-11-23,2025-11-23,Delivered,
SHP101379,2026-01-23,Dhaka Hub,Dhaka,Chattogram,Sundarban Courier,SKU1046,Spice Combo,Grocery,1,9.09,1835.53,277.91,2026-01-28,,In Transit,
SHP101380,2025-10-23,Dhaka Hub,Dhaka,Rangpur,Sundarban Courier,SKU1004,Smartwatch,Electronics,1,4.81,559.67,201.72,2025-10-27,2025-10-27,Delivered,
SHP101381,2025-09-01,Khulna DC,Khulna,Rajshahi,Pathao Courier,SKU1019,Denim Jacket (V2),Apparel,4,8.35,11590.96,286.17,2025-09-06,2025-09-06,Delivered,
SHP101382,2025-12-10,Chattogram DC,Chattogram,Dhaka,Sundarban Courier,SKU1010,Cotton T-Shirt,Apparel,5,3.02,8814.85,119.25,2025-12-16,,In Transit,
SHP101383,2025-10-09,Sylhet DC,Sylhet,Narayanganj,Pathao Courier,SKU1041,Basmati Rice 5kg (V2),Grocery,1,5.83,3772.15,199.37,2025-10-14,,Cancelled,
SHP101384,2026-01-22,Sylhet DC,Sylhet,Mymensingh,Pathao Courier,SKU1001,Wireless Earbuds (V2),Electronics,3,7.08,6177.36,205.62,2026-01-26,2026-01-26,Delivered,
SHP101385,2026-06-26,Sylhet DC,Sylhet,Sylhet,RedX,SKU1002,Power Bank,Electronics,3,8.3,11654.7,165.75,2026-06-28,2026-06-28,Delivered,
SHP101386,2025-10-27,Khulna DC,Khulna,Dhaka,Pathao Courier,SKU1022,Table Lamp,Home & Living,2,10.96,8745.08,307.0,2025-10-30,,In Transit,
SHP101387,2025-09-01,Chattogram DC,Chattogram,Rangpur,eCourier,SKU1011,Cotton T-Shirt (V2),Apparel,4,3.8,16725.72,158.23,2025-09-04,,Cancelled,
SHP101388,2025-10-09,Khulna DC,Khulna,Barisal,Pathao Courier,SKU1019,Denim Jacket (V2),Apparel,5,10.17,14488.7,242.41,2025-10-11,2025-10-11,Delivered,
SHP101389,2026-02-23,Chattogram DC,Chattogram,Dhaka,RedX,SKU1004,Smartwatch,Electronics,5,3.87,2798.35,182.15,2026-02-27,2026-02-27,Delivered,
SHP101390,2025-12-05,Chattogram DC,Chattogram,Narayanganj,Sundarban Courier,SKU1036,Lipstick,Beauty,1,6.71,715.16,228.41,2025-12-07,2025-12-07,Delivered,
SHP101391,2026-02-17,Sylhet DC,Sylhet,Mymensingh,eCourier,SKU1037,Lipstick (V2),Beauty,3,9.97,6657.96,251.78,2026-02-23,2026-02-24,Delivered Late,Warehouse backlog
SHP101392,2025-09-11,Rajshahi DC,Rajshahi,Rajshahi,eCourier,SKU1029,Curtain Set (V2),Home & Living,5,8.73,15606.3,251.0,2025-09-12,2025-09-12,Delivered,
SHP101393,2025-12-25,Chattogram DC,Chattogram,Sylhet,Sundarban Courier,SKU1008,Phone Case,Electronics,2,10.38,1414.58,283.09,2025-12-30,2025-12-30,Delivered,
SHP101394,2026-01-20,Sylhet DC,Sylhet,Sylhet,RedX,SKU1033,Sunscreen SPF50 (V2),Beauty,5,9.82,8807.5,268.09,2026-01-21,,In Transit,
SHP101395,2026-01-28,Dhaka Hub,Dhaka,Rajshahi,Pathao Courier,SKU1043,Mustard Oil 1L (V2),Grocery,3,3.46,4526.37,154.91,2026-01-31,2026-02-01,Delivered Late,Address issue
SHP101396,2026-03-10,Dhaka Hub,Dhaka,Dhaka,RedX,SKU1034,Hair Serum,Beauty,3,11.92,6577.71,240.32,2026-03-12,2026-03-12,Delivered,
SHP101397,2026-05-29,Khulna DC,Khulna,Khulna,Pathao Courier,SKU1021,Bedsheet Set (V2),Home & Living,2,11.26,3384.38,276.25,2026-05-31,2026-06-02,Delivered Late,Address issue
SHP101398,2026-02-09,Khulna DC,Khulna,Sylhet,Sundarban Courier,SKU1043,Mustard Oil 1L (V2),Grocery,5,5.28,7543.95,221.72,2026-02-11,2026-02-11,Delivered,
SHP101399,2026-06-19,Chattogram DC,Chattogram,Chattogram,Pathao Courier,SKU1023,Table Lamp (V2),Home & Living,3,0.76,12105.24,58.79,2026-06-20,2026-06-20,Delivered,
SHP101400,2026-03-03,Khulna DC,Khulna,Chattogram,Steadfast Courier,SKU1016,Saree,Apparel,3,3.78,7687.32,153.44,2026-03-06,2026-03-06,Delivered,
SHP101401,2025-11-30,Chattogram DC,Chattogram,Khulna,Sundarban Courier,SKU1009,Phone Case (V2),Electronics,3,10.07,6327.54,361.25,2025-12-03,2025-12-03,Delivered,
SHP101402,2025-11-19,Chattogram DC,Chattogram,Khulna,RedX,SKU1029,Curtain Set (V2),Home & Living,1,11.42,3121.26,370.04,2025-11-21,2025-11-21,Returned,
SHP101403,2025-12-21,Sylhet DC,Sylhet,Khulna,Sundarban Courier,SKU1045,Green Tea Pack (V2),Grocery,4,10.01,14602.88,343.99,2025-12-25,2025-12-25,Delivered,
SHP101404,2026-03-26,Chattogram DC,Chattogram,Rangpur,Sundarban Courier,SKU1022,Table Lamp,Home & Living,2,4.88,8745.08,143.88,2026-03-29,,In Transit,
SHP101405,2025-11-23,Rajshahi DC,Rajshahi,Barisal,Pathao Courier,SKU1031,Face Wash (V2),Beauty,2,0.87,8717.34,101.53,2025-11-28,2025-11-28,Delivered,
SHP101406,2026-07-14,Sylhet DC,Sylhet,Chattogram,Steadfast Courier,SKU1016,Saree,Apparel,4,6.31,10249.76,231.49,2026-07-16,,In Transit,
SHP101407,2026-02-14,Chattogram DC,Chattogram,Narayanganj,eCourier,SKU1049,Honey Jar (V2),Grocery,1,4.64,757.92,219.25,2026-02-17,2026-02-17,Returned,
SHP101408,2026-06-26,Sylhet DC,Sylhet,Mymensingh,Pathao Courier,SKU1016,Saree,Apparel,4,1.65,10249.76,99.5,2026-06-28,,Cancelled,
SHP101409,2026-04-25,Khulna DC,Khulna,Rajshahi,eCourier,SKU1013,Panjabi (V2),Apparel,3,1.45,11187.03,111.8,2026-05-01,,In Transit,
SHP101410,2025-12-25,Chattogram DC,Chattogram,Dhaka,Sundarban Courier,SKU1008,Phone Case,Electronics,4,2.01,2829.16,137.3,2025-12-30,2025-12-30,Delivered,
SHP101411,2025-11-18,Rajshahi DC,Rajshahi,Narayanganj,Pathao Courier,SKU1039,Perfume (V2),Beauty,1,2.63,3063.69,118.21,2025-11-23,2025-11-23,Delivered,
SHP101412,2026-05-16,Sylhet DC,Sylhet,Mymensingh,RedX,SKU1001,Wireless Earbuds (V2),Electronics,4,9.09,8236.48,307.18,2026-05-20,2026-05-20,Delivered,
SHP101413,2025-12-24,Khulna DC,Khulna,Rajshahi,Pathao Courier,SKU1044,Green Tea Pack,Grocery,2,4.7,7540.66,213.36,2025-12-29,2025-12-29,Delivered,
SHP101414,2025-11-25,Rajshahi DC,Rajshahi,Chattogram,Pathao Courier,SKU1024,Non-stick Pan,Home & Living,5,5.36,17679.85,216.36,2025-11-28,2025-11-28,Delivered,
SHP101415,2026-07-19,Sylhet DC,Sylhet,Chattogram,RedX,SKU1038,Perfume,Beauty,2,7.26,2274.12,254.17,2026-07-24,2026-07-24,Delivered,
SHP101416,2026-02-14,Dhaka Hub,Dhaka,Sylhet,Pathao Courier,SKU1008,Phone Case,Electronics,1,11.53,707.29,310.51,2026-02-19,2026-02-19,Delivered,
SHP101417,2025-09-17,Khulna DC,Khulna,Sylhet,Steadfast Courier,SKU1021,Bedsheet Set (V2),Home & Living,3,9.13,5076.57,284.94,2025-09-19,2025-09-22,Delivered Late,Weather disruption
SHP101418,2026-02-19,Dhaka Hub,Dhaka,Sylhet,RedX,SKU1042,Mustard Oil 1L,Grocery,1,7.82,3196.15,241.51,2026-02-22,2026-02-22,Delivered,
SHP101419,2026-02-07,Sylhet DC,Sylhet,Rajshahi,eCourier,SKU1045,Green Tea Pack (V2),Grocery,2,8.98,7301.44,285.78,2026-02-11,2026-02-11,Delivered,
SHP101420,2026-06-26,Rajshahi DC,Rajshahi,Dhaka,RedX,SKU1003,Power Bank (V2),Electronics,4,8.69,12734.2,287.58,2026-06-28,2026-06-28,Delivered,
SHP101421,2026-05-05,Sylhet DC,Sylhet,Khulna,Steadfast Courier,SKU1025,Non-stick Pan (V2),Home & Living,3,8.34,2990.04,203.53,2026-05-08,2026-05-08,Delivered,
SHP101422,2025-11-06,Khulna DC,Khulna,Comilla,Sundarban Courier,SKU1028,Curtain Set,Home & Living,4,6.06,3284.64,166.27,2025-11-10,,In Transit,
SHP101423,2025-10-23,Sylhet DC,Sylhet,Comilla,RedX,SKU1044,Green Tea Pack,Grocery,5,6.89,18851.65,192.51,2025-10-26,2025-10-26,Delivered,
SHP101424,2026-03-28,Chattogram DC,Chattogram,Dhaka,RedX,SKU1033,Sunscreen SPF50 (V2),Beauty,3,5.65,5284.5,214.83,2026-04-02,2026-04-06,Delivered Late,Failed delivery attempt
SHP101425,2025-09-17,Chattogram DC,Chattogram,Rangpur,Steadfast Courier,SKU1022,Table Lamp,Home & Living,3,4.86,13117.62,181.97,2025-09-21,2025-09-21,Delivered,
SHP101426,2025-12-20,Sylhet DC,Sylhet,Narayanganj,Pathao Courier,SKU1036,Lipstick,Beauty,1,3.4,715.16,138.23,2025-12-25,2025-12-25,Delivered,
SHP101427,2025-10-18,Dhaka Hub,Dhaka,Barisal,RedX,SKU1010,Cotton T-Shirt,Apparel,2,4.39,3525.94,168.6,2025-10-22,2025-10-25,Delivered Late,Courier capacity shortage
SHP101428,2025-09-08,Sylhet DC,Sylhet,Khulna,eCourier,SKU1005,Smartwatch (V2),Electronics,4,5.26,17575.84,171.45,2025-09-12,2025-09-12,Delivered,
SHP101429,2026-07-15,Sylhet DC,Sylhet,Rajshahi,Sundarban Courier,SKU1017,Saree (V2),Apparel,1,7.04,427.61,244.33,2026-07-19,,In Transit,
SHP101430,2025-10-02,Rajshahi DC,Rajshahi,Sylhet,Steadfast Courier,SKU1020,Bedsheet Set,Home & Living,2,6.1,6895.36,242.4,2025-10-08,,Delayed,Vehicle breakdown
SHP101431,2025-09-04,Dhaka Hub,Dhaka,Khulna,Sundarban Courier,SKU1041,Basmati Rice 5kg (V2),Grocery,1,1.47,3772.15,113.86,2025-09-08,2025-09-08,Delivered,
SHP101432,2026-07-20,Rajshahi DC,Rajshahi,Narayanganj,Pathao Courier,SKU1035,Hair Serum (V2),Beauty,5,4.21,4871.0,156.67,2026-07-25,2026-07-26,Delivered Late,Courier capacity shortage
SHP101433,2025-11-05,Sylhet DC,Sylhet,Rangpur,RedX,SKU1040,Basmati Rice 5kg,Grocery,3,4.64,6154.83,182.54,2025-11-10,2025-11-10,Delivered,
SHP101434,2026-06-10,Khulna DC,Khulna,Rajshahi,Sundarban Courier,SKU1037,Lipstick (V2),Beauty,4,8.54,8877.28,258.03,2026-06-14,2026-06-14,Delivered,
SHP101435,2025-09-11,Sylhet DC,Sylhet,Chattogram,Pathao Courier,SKU1033,Sunscreen SPF50 (V2),Beauty,4,4.13,7046.0,201.47,2025-09-14,2025-09-14,Delivered,
SHP101436,2025-10-24,Chattogram DC,Chattogram,Narayanganj,Pathao Courier,SKU1016,Saree,Apparel,2,0.29,5124.88,87.41,2025-10-26,2025-10-26,Delivered,
SHP101437,2025-10-09,Rajshahi DC,Rajshahi,Chattogram,Pathao Courier,SKU1036,Lipstick,Beauty,1,1.2,715.16,93.72,2025-10-13,2025-10-13,Returned,
SHP101438,2026-05-03,Chattogram DC,Chattogram,Mymensingh,eCourier,SKU1024,Non-stick Pan,Home & Living,2,6.06,7071.94,264.97,2026-05-08,2026-05-08,Delivered,
SHP101439,2026-04-03,Dhaka Hub,Dhaka,Khulna,Steadfast Courier,SKU1037,Lipstick (V2),Beauty,1,2.42,2219.32,138.07,2026-04-08,2026-04-12,Delivered Late,Courier capacity shortage
SHP101440,2026-02-12,Khulna DC,Khulna,Sylhet,RedX,SKU1011,Cotton T-Shirt (V2),Apparel,2,6.04,8362.86,249.22,2026-02-17,2026-02-17,Delivered,
SHP101441,2025-11-23,Khulna DC,Khulna,Chattogram,Pathao Courier,SKU1022,Table Lamp,Home & Living,2,6.98,8745.08,176.72,2025-11-25,2025-11-25,Delivered,
SHP101442,2025-10-01,Rajshahi DC,Rajshahi,Khulna,RedX,SKU1041,Basmati Rice 5kg (V2),Grocery,4,11.21,15088.6,339.55,2025-10-06,2025-10-06,Delivered,
SHP101443,2026-03-16,Sylhet DC,Sylhet,Rangpur,eCourier,SKU1021,Bedsheet Set (V2),Home & Living,2,7.94,3384.38,242.92,2026-03-20,2026-03-21,Delivered Late,Warehouse backlog
SHP101444,2025-11-19,Dhaka Hub,Dhaka,Rajshahi,eCourier,SKU1020,Bedsheet Set,Home & Living,1,0.57,3447.68,87.9,2025-11-25,2025-11-29,Delivered Late,Failed delivery attempt
SHP101445,2026-03-24,Dhaka Hub,Dhaka,Dhaka,Sundarban Courier,SKU1026,Storage Box,Home & Living,5,4.69,10901.2,153.43,2026-03-26,,Delayed,Vehicle breakdown
SHP101446,2026-04-26,Sylhet DC,Sylhet,Sylhet,Pathao Courier,SKU1030,Face Wash,Beauty,1,9.56,3389.72,276.22,2026-04-27,2026-04-27,Delivered,
SHP101447,2026-06-21,Chattogram DC,Chattogram,Chattogram,Steadfast Courier,SKU1005,Smartwatch (V2),Electronics,2,3.27,8787.92,131.2,2026-06-22,2026-06-22,Delivered,
SHP101448,2026-02-18,Rajshahi DC,Rajshahi,Rajshahi,eCourier,SKU1026,Storage Box,Home & Living,2,11.11,4360.48,344.96,2026-02-20,2026-02-20,Delivered,
SHP101449,2025-09-02,Dhaka Hub,Dhaka,Narayanganj,Pathao Courier,SKU1039,Perfume (V2),Beauty,1,6.44,3063.69,202.2,2025-09-05,,In Transit,
SHP101450,2025-12-07,Rajshahi DC,Rajshahi,Narayanganj,eCourier,SKU1033,Sunscreen SPF50 (V2),Beauty,5,1.29,8807.5,100.28,2025-12-11,2025-12-11,Delivered,
SHP101451,2026-06-23,Chattogram DC,Chattogram,Narayanganj,Pathao Courier,SKU1011,Cotton T-Shirt (V2),Apparel,2,3.05,8362.86,178.72,2026-06-26,2026-06-26,Delivered,
SHP101452,2026-03-04,Dhaka Hub,Dhaka,Chattogram,Pathao Courier,SKU1044,Green Tea Pack,Grocery,4,10.89,15081.32,353.99,2026-03-06,2026-03-11,Delivered Late,Failed delivery attempt
SHP101453,2026-04-03,Chattogram DC,Chattogram,Rajshahi,eCourier,SKU1006,Bluetooth Speaker,Electronics,1,11.9,3460.96,292.81,2026-04-08,2026-04-08,Delivered,
SHP101454,2026-02-06,Dhaka Hub,Dhaka,Dhaka,RedX,SKU1009,Phone Case (V2),Electronics,3,10.38,6327.54,221.1,2026-02-08,2026-02-08,Delivered,
SHP101455,2025-10-27,Sylhet DC,Sylhet,Rajshahi,Sundarban Courier,SKU1044,Green Tea Pack,Grocery,1,3.98,3770.33,176.16,2025-11-01,2025-11-01,Returned,
SHP101456,2026-07-08,Chattogram DC,Chattogram,Barisal,Steadfast Courier,SKU1016,Saree,Apparel,2,9.27,5124.88,222.8,2026-07-12,2026-07-12,Delivered,
SHP101457,2026-05-26,Sylhet DC,Sylhet,Mymensingh,eCourier,SKU1025,Non-stick Pan (V2),Home & Living,3,2.82,2990.04,152.19,2026-05-31,2026-05-31,Delivered,
SHP101458,2026-08-11,Sylhet DC,Sylhet,Khulna,Pathao Courier,SKU1020,Bedsheet Set,Home & Living,5,4.74,17238.4,138.11,2026-08-16,,Cancelled,
SHP101459,2026-06-24,Dhaka Hub,Dhaka,Dhaka,RedX,SKU1027,Storage Box (V2),Home & Living,2,8.43,681.1,223.93,2026-06-25,2026-06-27,Delivered Late,Warehouse backlog
SHP101460,2025-12-10,Dhaka Hub,Dhaka,Rajshahi,eCourier,SKU1045,Green Tea Pack (V2),Grocery,4,11.63,14602.88,348.4,2025-12-14,2025-12-14,Delivered,
SHP101461,2025-11-27,Dhaka Hub,Dhaka,Rajshahi,RedX,SKU1001,Wireless Earbuds (V2),Electronics,1,5.38,2059.12,153.92,2025-12-03,,In Transit,
SHP101462,2025-11-25,Dhaka Hub,Dhaka,Rangpur,Steadfast Courier,SKU1042,Mustard Oil 1L,Grocery,2,6.05,6392.3,233.73,2025-11-29,2025-11-29,Delivered,
SHP101463,2026-07-15,Dhaka Hub,Dhaka,Dhaka,RedX,SKU1000,Wireless Earbuds,Electronics,4,2.8,14066.84,85.52,2026-07-16,2026-07-17,Delivered Late,Weather disruption
SHP101464,2026-03-12,Chattogram DC,Chattogram,Rangpur,Pathao Courier,SKU1035,Hair Serum (V2),Beauty,3,4.96,2922.6,170.39,2026-03-16,2026-03-16,Delivered,
SHP101465,2026-02-05,Sylhet DC,Sylhet,Rajshahi,Pathao Courier,SKU1025,Non-stick Pan (V2),Home & Living,3,0.94,2990.04,86.81,2026-02-08,2026-02-08,Delivered,
SHP101466,2026-08-02,Chattogram DC,Chattogram,Mymensingh,eCourier,SKU1028,Curtain Set,Home & Living,4,10.33,3284.64,303.86,2026-08-07,,In Transit,
SHP101467,2026-03-28,Chattogram DC,Chattogram,Narayanganj,Steadfast Courier,SKU1020,Bedsheet Set,Home & Living,1,0.48,3447.68,72.49,2026-04-01,2026-04-01,Delivered,
SHP101468,2026-07-12,Sylhet DC,Sylhet,Sylhet,Pathao Courier,SKU1010,Cotton T-Shirt,Apparel,4,8.27,7051.88,240.71,2026-07-13,,In Transit,
SHP101469,2026-08-07,Sylhet DC,Sylhet,Mymensingh,Pathao Courier,SKU1039,Perfume (V2),Beauty,5,3.42,15318.45,128.92,2026-08-11,,In Transit,
SHP101470,2025-09-28,Chattogram DC,Chattogram,Chattogram,eCourier,SKU1010,Cotton T-Shirt,Apparel,4,5.82,7051.88,146.42,2025-09-30,,Cancelled,
SHP101471,2026-01-04,Chattogram DC,Chattogram,Narayanganj,Pathao Courier,SKU1035,Hair Serum (V2),Beauty,2,3.52,1948.4,139.98,2026-01-10,2026-01-10,Delivered,
SHP101472,2026-05-13,Sylhet DC,Sylhet,Rajshahi,Pathao Courier,SKU1048,Honey Jar,Grocery,2,4.92,6237.72,141.11,2026-05-18,2026-05-18,Delivered,
SHP101473,2026-06-09,Dhaka Hub,Dhaka,Mymensingh,Steadfast Courier,SKU1038,Perfume,Beauty,5,6.65,5685.3,281.57,2026-06-12,2026-06-12,Delivered,
SHP101474,2025-10-22,Sylhet DC,Sylhet,Mymensingh,eCourier,SKU1039,Perfume (V2),Beauty,4,7.76,12254.76,262.24,2025-10-27,2025-10-27,Delivered,
SHP101475,2025-12-20,Rajshahi DC,Rajshahi,Rangpur,Steadfast Courier,SKU1034,Hair Serum,Beauty,5,11.3,10962.85,261.34,2025-12-24,2025-12-24,Delivered,
SHP101476,2026-03-09,Chattogram DC,Chattogram,Khulna,RedX,SKU1033,Sunscreen SPF50 (V2),Beauty,5,4.12,8807.5,199.59,2026-03-14,2026-03-14,Delivered,
SHP101477,2026-06-04,Dhaka Hub,Dhaka,Mymensingh,Sundarban Courier,SKU1046,Spice Combo,Grocery,3,7.1,5506.59,267.86,2026-06-08,2026-06-08,Delivered,
SHP101478,2025-10-10,Khulna DC,Khulna,Rajshahi,Steadfast Courier,SKU1023,Table Lamp (V2),Home & Living,1,10.84,4035.08,312.91,2025-10-12,,Cancelled,
SHP101479,2026-03-27,Dhaka Hub,Dhaka,Rangpur,Sundarban Courier,SKU1021,Bedsheet Set (V2),Home & Living,2,3.62,3384.38,184.28,2026-03-30,2026-03-30,Delivered,
SHP101480,2025-12-12,Dhaka Hub,Dhaka,Rangpur,Pathao Courier,SKU1004,Smartwatch,Electronics,2,10.41,1119.34,307.29,2025-12-17,2025-12-17,Delivered,
SHP101481,2025-11-14,Dhaka Hub,Dhaka,Rajshahi,Steadfast Courier,SKU1032,Sunscreen SPF50,Beauty,5,11.5,7836.7,303.06,2025-11-19,2025-11-22,Delivered Late,Vehicle breakdown
SHP101482,2026-02-26,Rajshahi DC,Rajshahi,Chattogram,RedX,SKU1035,Hair Serum (V2),Beauty,2,10.2,1948.4,336.53,2026-03-03,2026-03-03,Delivered,
SHP101483,2026-01-22,Rajshahi DC,Rajshahi,Sylhet,Steadfast Courier,SKU1046,Spice Combo,Grocery,2,6.92,3671.06,279.69,2026-01-24,2026-01-28,Delivered Late,Courier capacity shortage
SHP101484,2026-04-08,Sylhet DC,Sylhet,Narayanganj,Pathao Courier,SKU1019,Denim Jacket (V2),Apparel,5,8.72,14488.7,225.04,2026-04-13,2026-04-18,Delivered Late,Courier capacity shortage
SHP101485,2025-12-19,Khulna DC,Khulna,Barisal,Steadfast Courier,SKU1018,Denim Jacket,Apparel,1,5.88,3750.2,176.75,2025-12-23,2025-12-26,Delivered Late,Address issue
SHP101486,2026-06-12,Khulna DC,Khulna,Rangpur,RedX,SKU1034,Hair Serum,Beauty,4,7.25,8770.28,265.76,2026-06-17,2026-06-17,Delivered,
SHP101487,2025-09-28,Khulna DC,Khulna,Sylhet,RedX,SKU1042,Mustard Oil 1L,Grocery,3,11.7,9588.45,347.35,2025-10-01,,In Transit,
SHP101488,2026-06-26,Sylhet DC,Sylhet,Mymensingh,Steadfast Courier,SKU1016,Saree,Apparel,5,3.16,12812.2,128.43,2026-07-01,2026-07-01,Returned,
SHP101489,2025-09-11,Rajshahi DC,Rajshahi,Rajshahi,Sundarban Courier,SKU1044,Green Tea Pack,Grocery,3,9.55,11310.99,302.89,2025-09-12,2025-09-12,Delivered,
SHP101490,2026-05-13,Khulna DC,Khulna,Sylhet,eCourier,SKU1042,Mustard Oil 1L,Grocery,3,6.17,9588.45,195.35,2026-05-16,2026-05-16,Delivered,
SHP101491,2025-12-29,Dhaka Hub,Dhaka,Chattogram,RedX,SKU1033,Sunscreen SPF50 (V2),Beauty,5,2.29,8807.5,147.57,2026-01-03,,In Transit,
SHP101492,2026-01-11,Chattogram DC,Chattogram,Khulna,eCourier,SKU1008,Phone Case,Electronics,5,7.79,3536.45,304.89,2026-01-15,2026-01-15,Delivered,
SHP101493,2025-09-07,Rajshahi DC,Rajshahi,Barisal,Steadfast Courier,SKU1025,Non-stick Pan (V2),Home & Living,4,9.55,3986.72,228.3,2025-09-10,2025-09-10,Delivered,
SHP101494,2026-05-01,Sylhet DC,Sylhet,Sylhet,RedX,SKU1001,Wireless Earbuds (V2),Electronics,4,6.91,8236.48,188.69,2026-05-03,2026-05-03,Delivered,
SHP101495,2025-10-28,Chattogram DC,Chattogram,Sylhet,Pathao Courier,SKU1008,Phone Case,Electronics,5,10.08,3536.45,240.52,2025-11-02,2025-11-02,Delivered,
SHP101496,2026-04-17,Rajshahi DC,Rajshahi,Sylhet,Pathao Courier,SKU1008,Phone Case,Electronics,5,4.52,3536.45,173.75,2026-04-20,2026-04-20,Delivered,
SHP101497,2026-05-09,Khulna DC,Khulna,Sylhet,Steadfast Courier,SKU1039,Perfume (V2),Beauty,4,10.98,12254.76,311.22,2026-05-11,2026-05-13,Delivered Late,Customs/checkpoint delay
SHP101498,2026-06-20,Sylhet DC,Sylhet,Mymensingh,Steadfast Courier,SKU1016,Saree,Apparel,2,7.85,5124.88,283.18,2026-06-25,2026-06-25,Delivered,
SHP101499,2026-05-03,Sylhet DC,Sylhet,Rajshahi,Steadfast Courier,SKU1000,Wireless Earbuds,Electronics,4,9.68,14066.84,294.46,2026-05-07,2026-05-07,Delivered,
SHP101500,2025-12-14,Dhaka Hub,Dhaka,Rajshahi,Pathao Courier,SKU1024,Non-stick Pan,Home & Living,2,3.42,7071.94,151.04,2025-12-19,,In Transit,
SHP101501,2026-05-14,Chattogram DC,Chattogram,Chattogram,Sundarban Courier,SKU1042,Mustard Oil 1L,Grocery,3,5.46,9588.45,131.6,2026-05-16,,In Transit,
SHP101502,2026-06-13,Sylhet DC,Sylhet,Barisal,eCourier,SKU1039,Perfume (V2),Beauty,3,10.93,9191.07,258.7,2026-06-17,2026-06-17,Delivered,
SHP101503,2025-12-19,Rajshahi DC,Rajshahi,Narayanganj,eCourier,SKU1041,Basmati Rice 5kg (V2),Grocery,5,0.8,18860.75,90.38,2025-12-24,2025-12-24,Delivered,
SHP101504,2025-10-13,Chattogram DC,Chattogram,Mymensingh,Pathao Courier,SKU1024,Non-stick Pan,Home & Living,3,4.97,10607.91,203.35,2025-10-15,2025-10-15,Delivered,
SHP101505,2026-07-05,Dhaka Hub,Dhaka,Rajshahi,RedX,SKU1038,Perfume,Beauty,5,9.41,5685.3,318.67,2026-07-08,,In Transit,
SHP101506,2025-10-22,Sylhet DC,Sylhet,Khulna,Pathao Courier,SKU1034,Hair Serum,Beauty,5,8.98,10962.85,265.28,2025-10-27,2025-10-27,Delivered,
SHP101507,2026-03-25,Rajshahi DC,Rajshahi,Khulna,Sundarban Courier,SKU1002,Power Bank,Electronics,5,10.25,19424.5,377.32,2026-03-31,,Delayed,Failed delivery attempt
SHP101508,2025-11-21,Sylhet DC,Sylhet,Dhaka,Pathao Courier,SKU1049,Honey Jar (V2),Grocery,1,8.92,757.92,231.78,2025-11-25,2025-11-28,Delivered Late,Address issue
SHP101509,2025-10-14,Chattogram DC,Chattogram,Dhaka,Pathao Courier,SKU1036,Lipstick,Beauty,4,11.38,2860.64,408.85,2025-10-20,2025-10-20,Delivered,
SHP101510,2026-05-27,Khulna DC,Khulna,Mymensingh,Pathao Courier,SKU1043,Mustard Oil 1L (V2),Grocery,2,6.08,3017.58,206.1,2026-06-01,2026-06-01,Delivered,
SHP101511,2025-10-20,Khulna DC,Khulna,Comilla,Steadfast Courier,SKU1043,Mustard Oil 1L (V2),Grocery,3,7.57,4526.37,207.13,2025-10-24,,Delayed,Vehicle breakdown
SHP101512,2026-04-20,Chattogram DC,Chattogram,Narayanganj,eCourier,SKU1029,Curtain Set (V2),Home & Living,3,10.2,9363.78,348.52,2026-04-24,,In Transit,
SHP101513,2026-04-28,Rajshahi DC,Rajshahi,Rangpur,Steadfast Courier,SKU1037,Lipstick (V2),Beauty,2,8.48,4438.64,275.3,2026-05-01,2026-05-01,Delivered,
SHP101514,2025-09-21,Sylhet DC,Sylhet,Narayanganj,Sundarban Courier,SKU1033,Sunscreen SPF50 (V2),Beauty,5,1.4,8807.5,109.24,2025-09-25,2025-09-25,Delivered,
SHP101515,2025-10-30,Dhaka Hub,Dhaka,Rajshahi,Sundarban Courier,SKU1011,Cotton T-Shirt (V2),Apparel,5,4.53,20907.15,200.91,2025-11-01,2025-11-01,Delivered,
SHP101516,2026-06-02,Sylhet DC,Sylhet,Sylhet,Sundarban Courier,SKU1018,Denim Jacket,Apparel,3,6.72,11250.6,154.49,2026-06-04,2026-06-04,Delivered,
SHP101517,2026-02-23,Rajshahi DC,Rajshahi,Sylhet,RedX,SKU1036,Lipstick,Beauty,1,9.11,715.16,227.65,2026-02-26,2026-02-26,Delivered,
SHP101518,2025-10-12,Chattogram DC,Chattogram,Sylhet,Sundarban Courier,SKU1043,Mustard Oil 1L (V2),Grocery,1,6.61,1508.79,232.11,2025-10-18,2025-10-18,Delivered,
SHP101519,2026-08-10,Sylhet DC,Sylhet,Mymensingh,eCourier,SKU1048,Honey Jar,Grocery,2,9.38,6237.72,275.44,2026-08-13,,Delayed,Warehouse backlog
SHP101520,2025-12-01,Khulna DC,Khulna,Dhaka,eCourier,SKU1016,Saree,Apparel,5,10.08,12812.2,268.07,2025-12-05,2025-12-05,Delivered,
SHP101521,2025-09-02,Khulna DC,Khulna,Narayanganj,Steadfast Courier,SKU1009,Phone Case (V2),Electronics,3,3.33,6327.54,127.41,2025-09-06,2025-09-06,Delivered,
SHP101522,2026-07-17,Rajshahi DC,Rajshahi,Mymensingh,Pathao Courier,SKU1048,Honey Jar,Grocery,1,7.47,3118.86,228.23,2026-07-20,2026-07-20,Delivered,
SHP101523,2025-09-06,Dhaka Hub,Dhaka,Khulna,RedX,SKU1046,Spice Combo,Grocery,3,6.77,5506.59,220.17,2025-09-09,2025-09-09,Delivered,
SHP101524,2026-03-11,Sylhet DC,Sylhet,Mymensingh,Pathao Courier,SKU1011,Cotton T-Shirt (V2),Apparel,5,2.88,20907.15,131.09,2026-03-16,2026-03-16,Delivered,
SHP101525,2026-08-10,Sylhet DC,Sylhet,Chattogram,Pathao Courier,SKU1015,Sneakers (V2),Apparel,3,5.98,3415.47,193.06,2026-08-14,2026-08-13,Delivered,
SHP101526,2026-03-19,Dhaka Hub,Dhaka,Rajshahi,eCourier,SKU1023,Table Lamp (V2),Home & Living,3,6.67,12105.24,182.57,2026-03-23,2026-03-23,Delivered,
SHP101527,2026-03-22,Khulna DC,Khulna,Chattogram,RedX,SKU1018,Denim Jacket,Apparel,1,9.84,3750.2,340.21,2026-03-27,2026-03-27,Delivered,
SHP101528,2026-01-13,Dhaka Hub,Dhaka,Chattogram,eCourier,SKU1007,Bluetooth Speaker (V2),Electronics,5,5.64,17846.9,199.88,2026-01-15,2026-01-15,Delivered,
SHP101529,2025-10-14,Sylhet DC,Sylhet,Dhaka,Pathao Courier,SKU1030,Face Wash,Beauty,1,1.15,3389.72,95.14,2025-10-19,2025-10-19,Delivered,
SHP101530,2026-03-18,Chattogram DC,Chattogram,Mymensingh,Steadfast Courier,SKU1020,Bedsheet Set,Home & Living,5,5.95,17238.4,219.17,2026-03-20,2026-03-20,Delivered,
SHP101531,2026-07-08,Dhaka Hub,Dhaka,Mymensingh,Steadfast Courier,SKU1016,Saree,Apparel,2,10.09,5124.88,279.99,2026-07-13,2026-07-13,Delivered,
SHP101532,2025-10-02,Rajshahi DC,Rajshahi,Comilla,Sundarban Courier,SKU1022,Table Lamp,Home & Living,1,6.94,4372.54,227.44,2025-10-08,2025-10-08,Delivered,
SHP101533,2026-07-02,Chattogram DC,Chattogram,Narayanganj,Steadfast Courier,SKU1036,Lipstick,Beauty,2,3.96,1430.32,155.13,2026-07-07,2026-07-08,Delivered Late,Address issue
SHP101534,2026-01-22,Chattogram DC,Chattogram,Narayanganj,Pathao Courier,SKU1015,Sneakers (V2),Apparel,1,11.07,1138.49,286.32,2026-01-24,2026-01-24,Delivered,
SHP101535,2026-03-05,Rajshahi DC,Rajshahi,Narayanganj,eCourier,SKU1005,Smartwatch (V2),Electronics,1,2.04,4393.96,128.2,2026-03-09,2026-03-09,Delivered,
SHP101536,2025-10-28,Rajshahi DC,Rajshahi,Dhaka,Steadfast Courier,SKU1007,Bluetooth Speaker (V2),Electronics,1,4.06,3569.38,147.18,2025-11-02,2025-11-02,Delivered,
SHP101537,2026-04-04,Dhaka Hub,Dhaka,Mymensingh,eCourier,SKU1024,Non-stick Pan,Home & Living,4,5.36,14143.88,221.16,2026-04-08,2026-04-08,Delivered,
SHP101538,2025-11-03,Chattogram DC,Chattogram,Mymensingh,eCourier,SKU1017,Saree (V2),Apparel,5,8.91,2138.05,243.19,2025-11-06,2025-11-06,Delivered,
SHP101539,2025-12-04,Khulna DC,Khulna,Chattogram,Sundarban Courier,SKU1024,Non-stick Pan,Home & Living,2,10.06,7071.94,306.76,2025-12-08,2025-12-08,Delivered,
SHP101540,2026-05-08,Khulna DC,Khulna,Chattogram,eCourier,SKU1011,Cotton T-Shirt (V2),Apparel,4,0.89,16725.72,100.49,2026-05-10,2026-05-10,Delivered,
SHP101541,2025-09-18,Rajshahi DC,Rajshahi,Narayanganj,RedX,SKU1014,Sneakers,Apparel,2,9.55,4157.7,250.5,2025-09-22,,In Transit,
SHP101542,2026-02-02,Sylhet DC,Sylhet,Comilla,Pathao Courier,SKU1025,Non-stick Pan (V2),Home & Living,3,8.7,2990.04,203.23,2026-02-04,2026-02-04,Delivered,
SHP101543,2026-03-25,Dhaka Hub,Dhaka,Khulna,Pathao Courier,SKU1040,Basmati Rice 5kg,Grocery,2,10.76,4103.22,311.69,2026-03-30,2026-03-30,Delivered,
SHP101544,2025-10-16,Rajshahi DC,Rajshahi,Dhaka,eCourier,SKU1044,Green Tea Pack,Grocery,5,10.83,18851.65,294.2,2025-10-20,2025-10-20,Delivered,
SHP101545,2025-12-11,Dhaka Hub,Dhaka,Khulna,RedX,SKU1025,Non-stick Pan (V2),Home & Living,3,9.37,2990.04,341.87,2025-12-14,,Cancelled,
SHP101546,2025-12-28,Dhaka Hub,Dhaka,Dhaka,RedX,SKU1046,Spice Combo,Grocery,3,2.44,5506.59,98.74,2025-12-29,2025-12-29,Delivered,
SHP101547,2026-04-18,Khulna DC,Khulna,Rangpur,Steadfast Courier,SKU1031,Face Wash (V2),Beauty,5,3.9,21793.35,192.46,2026-04-24,2026-04-24,Delivered,
SHP101548,2026-08-04,Khulna DC,Khulna,Khulna,RedX,SKU1009,Phone Case (V2),Electronics,4,11.25,8436.72,344.51,2026-08-06,2026-08-06,Delivered,
SHP101549,2026-06-17,Dhaka Hub,Dhaka,Dhaka,Sundarban Courier,SKU1015,Sneakers (V2),Apparel,1,7.26,1138.49,150.7,2026-06-18,2026-06-18,Returned,
SHP101550,2025-11-05,Dhaka Hub,Dhaka,Narayanganj,Sundarban Courier,SKU1006,Bluetooth Speaker,Electronics,1,6.56,3460.96,263.2,2025-11-10,,Delayed,Weather disruption
SHP101551,2025-09-07,Sylhet DC,Sylhet,Comilla,RedX,SKU1016,Saree,Apparel,2,11.01,5124.88,363.53,2025-09-12,2025-09-12,Delivered,
SHP101552,2025-09-18,Chattogram DC,Chattogram,Narayanganj,eCourier,SKU1022,Table Lamp,Home & Living,1,10.52,4372.54,286.49,2025-09-22,2025-09-22,Delivered,
SHP101553,2026-03-26,Khulna DC,Khulna,Narayanganj,RedX,SKU1025,Non-stick Pan (V2),Home & Living,4,8.78,3986.72,291.5,2026-03-31,2026-04-03,Delivered Late,Weather disruption
SHP101554,2025-10-25,Sylhet DC,Sylhet,Dhaka,RedX,SKU1020,Bedsheet Set,Home & Living,3,10.61,10343.04,279.47,2025-10-28,2025-10-28,Delivered,
SHP101555,2025-11-20,Sylhet DC,Sylhet,Mymensingh,eCourier,SKU1021,Bedsheet Set (V2),Home & Living,1,1.54,1692.19,87.56,2025-11-24,2025-11-24,Delivered,
SHP101556,2026-06-21,Sylhet DC,Sylhet,Mymensingh,eCourier,SKU1006,Bluetooth Speaker,Electronics,3,9.14,10382.88,263.88,2026-06-24,2026-06-24,Delivered,
SHP101557,2026-06-30,Chattogram DC,Chattogram,Mymensingh,eCourier,SKU1013,Panjabi (V2),Apparel,5,11.59,18645.05,284.07,2026-07-06,2026-07-06,Delivered,
SHP101558,2026-06-18,Chattogram DC,Chattogram,Sylhet,Pathao Courier,SKU1014,Sneakers,Apparel,5,0.78,10394.25,91.57,2026-06-22,2026-06-22,Delivered,
SHP101559,2025-11-27,Khulna DC,Khulna,Khulna,eCourier,SKU1006,Bluetooth Speaker,Electronics,5,2.83,17304.8,106.5,2025-11-29,2025-11-29,Delivered,
SHP101560,2026-04-03,Sylhet DC,Sylhet,Narayanganj,RedX,SKU1008,Phone Case,Electronics,5,9.57,3536.45,238.46,2026-04-08,2026-04-13,Delivered Late,Failed delivery attempt
SHP101561,2026-03-31,Sylhet DC,Sylhet,Dhaka,Pathao Courier,SKU1047,Spice Combo (V2),Grocery,4,6.34,5616.92,196.2,2026-04-02,2026-04-02,Delivered,
SHP101562,2025-11-04,Sylhet DC,Sylhet,Rangpur,RedX,SKU1007,Bluetooth Speaker (V2),Electronics,5,1.22,17846.9,109.36,2025-11-08,2025-11-08,Delivered,
SHP101563,2026-03-11,Chattogram DC,Chattogram,Mymensingh,eCourier,SKU1049,Honey Jar (V2),Grocery,5,3.36,3789.6,190.03,2026-03-16,2026-03-16,Delivered,
SHP101564,2026-03-01,Rajshahi DC,Rajshahi,Mymensingh,RedX,SKU1022,Table Lamp,Home & Living,4,4.02,17490.16,191.36,2026-03-06,,In Transit,
SHP101565,2026-01-16,Sylhet DC,Sylhet,Barisal,eCourier,SKU1028,Curtain Set,Home & Living,3,3.99,2463.48,134.96,2026-01-21,2026-01-21,Delivered,
SHP101566,2026-05-19,Khulna DC,Khulna,Mymensingh,Sundarban Courier,SKU1017,Saree (V2),Apparel,5,10.56,2138.05,337.87,2026-05-23,2026-05-23,Delivered,
SHP101567,2026-04-23,Rajshahi DC,Rajshahi,Narayanganj,Pathao Courier,SKU1030,Face Wash,Beauty,3,8.01,10169.16,283.56,2026-04-27,2026-04-27,Delivered,
SHP101568,2026-03-04,Rajshahi DC,Rajshahi,Mymensingh,Sundarban Courier,SKU1029,Curtain Set (V2),Home & Living,1,8.87,3121.26,293.37,2026-03-06,2026-03-06,Delivered,
SHP101569,2026-05-10,Khulna DC,Khulna,Chattogram,Sundarban Courier,SKU1038,Perfume,Beauty,1,0.36,1137.06,70.37,2026-05-14,2026-05-14,Delivered,
SHP101570,2026-05-23,Khulna DC,Khulna,Sylhet,RedX,SKU1034,Hair Serum,Beauty,3,5.24,6577.71,188.75,2026-05-27,2026-05-27,Delivered,
SHP101571,2026-03-16,Sylhet DC,Sylhet,Khulna,eCourier,SKU1017,Saree (V2),Apparel,1,3.95,427.61,144.71,2026-03-18,2026-03-18,Delivered,
SHP101572,2025-12-02,Khulna DC,Khulna,Khulna,eCourier,SKU1041,Basmati Rice 5kg (V2),Grocery,1,10.25,3772.15,309.74,2025-12-04,2025-12-04,Delivered,
SHP101573,2026-05-21,Chattogram DC,Chattogram,Khulna,Pathao Courier,SKU1038,Perfume,Beauty,2,11.46,2274.12,391.1,2026-05-23,2026-05-27,Delivered Late,Courier capacity shortage
SHP101574,2026-05-07,Khulna DC,Khulna,Sylhet,Sundarban Courier,SKU1016,Saree,Apparel,3,5.2,7687.32,161.49,2026-05-10,2026-05-10,Delivered,
SHP101575,2026-08-07,Dhaka Hub,Dhaka,Rangpur,Pathao Courier,SKU1013,Panjabi (V2),Apparel,3,11.68,11187.03,348.59,2026-08-09,2026-08-09,Delivered,
SHP101576,2025-10-22,Rajshahi DC,Rajshahi,Chattogram,RedX,SKU1030,Face Wash,Beauty,3,0.37,10169.16,91.0,2025-10-26,,In Transit,
SHP101577,2026-01-24,Chattogram DC,Chattogram,Mymensingh,Pathao Courier,SKU1023,Table Lamp (V2),Home & Living,3,4.04,12105.24,185.36,2026-01-28,,Delayed,Courier capacity shortage
SHP101578,2026-07-17,Khulna DC,Khulna,Rangpur,RedX,SKU1034,Hair Serum,Beauty,5,9.34,10962.85,284.15,2026-07-21,2026-07-21,Delivered,
SHP101579,2026-02-26,Dhaka Hub,Dhaka,Narayanganj,eCourier,SKU1043,Mustard Oil 1L (V2),Grocery,2,4.45,3017.58,141.03,2026-03-01,2026-03-01,Delivered,
SHP101580,2026-07-24,Dhaka Hub,Dhaka,Dhaka,RedX,SKU1044,Green Tea Pack,Grocery,3,11.07,11310.99,271.48,2026-07-26,2026-07-26,Delivered,
SHP101581,2025-09-05,Rajshahi DC,Rajshahi,Sylhet,Sundarban Courier,SKU1033,Sunscreen SPF50 (V2),Beauty,4,2.78,7046.0,134.14,2025-09-10,2025-09-10,Delivered,
SHP101582,2025-09-13,Rajshahi DC,Rajshahi,Comilla,Sundarban Courier,SKU1002,Power Bank,Electronics,2,9.59,7769.8,236.62,2025-09-16,2025-09-16,Delivered,
SHP101583,2026-06-03,Chattogram DC,Chattogram,Rajshahi,RedX,SKU1036,Lipstick,Beauty,1,2.58,715.16,123.04,2026-06-06,2026-06-06,Delivered,
SHP101584,2026-01-03,Dhaka Hub,Dhaka,Barisal,RedX,SKU1042,Mustard Oil 1L,Grocery,1,2.53,3196.15,121.97,2026-01-07,2026-01-07,Delivered,
SHP101585,2026-02-27,Rajshahi DC,Rajshahi,Dhaka,Pathao Courier,SKU1039,Perfume (V2),Beauty,2,5.46,6127.38,172.71,2026-03-02,2026-03-02,Delivered,
SHP101586,2026-01-27,Rajshahi DC,Rajshahi,Mymensingh,Steadfast Courier,SKU1025,Non-stick Pan (V2),Home & Living,2,11.35,1993.36,275.54,2026-01-30,2026-01-30,Delivered,
SHP101587,2026-01-20,Dhaka Hub,Dhaka,Sylhet,RedX,SKU1022,Table Lamp,Home & Living,1,7.11,4372.54,226.4,2026-01-24,,In Transit,
SHP101588,2026-07-23,Khulna DC,Khulna,Narayanganj,Sundarban Courier,SKU1043,Mustard Oil 1L (V2),Grocery,2,7.69,3017.58,211.8,2026-07-27,2026-07-27,Delivered,
SHP101589,2025-10-03,Chattogram DC,Chattogram,Khulna,Pathao Courier,SKU1038,Perfume,Beauty,4,0.31,4548.24,88.85,2025-10-08,2025-10-08,Delivered,
SHP101590,2026-05-26,Khulna DC,Khulna,Chattogram,Sundarban Courier,SKU1014,Sneakers,Apparel,5,0.87,10394.25,91.94,2026-05-31,2026-05-31,Delivered,
SHP101591,2026-07-05,Sylhet DC,Sylhet,Barisal,Sundarban Courier,SKU1048,Honey Jar,Grocery,3,0.99,9356.58,85.2,2026-07-09,2026-07-09,Delivered,
SHP101592,2026-04-16,Dhaka Hub,Dhaka,Rajshahi,Pathao Courier,SKU1003,Power Bank (V2),Electronics,1,9.87,3183.55,285.24,2026-04-20,,In Transit,
SHP101593,2026-01-15,Chattogram DC,Chattogram,Rajshahi,RedX,SKU1028,Curtain Set,Home & Living,4,2.99,3284.64,163.02,2026-01-21,,In Transit,
SHP101594,2025-10-26,Sylhet DC,Sylhet,Narayanganj,Sundarban Courier,SKU1021,Bedsheet Set (V2),Home & Living,1,4.08,1692.19,162.18,2025-10-30,2025-10-30,Delivered,
SHP101595,2026-04-25,Khulna DC,Khulna,Khulna,Steadfast Courier,SKU1024,Non-stick Pan,Home & Living,1,7.4,3535.97,162.84,2026-04-26,2026-04-26,Delivered,
SHP101596,2026-02-10,Dhaka Hub,Dhaka,Khulna,Steadfast Courier,SKU1012,Panjabi,Apparel,3,7.09,8852.43,218.9,2026-02-15,2026-02-15,Delivered,
SHP101597,2025-10-22,Rajshahi DC,Rajshahi,Rangpur,Pathao Courier,SKU1017,Saree (V2),Apparel,3,5.04,1282.83,227.17,2025-10-25,,Cancelled,
SHP101598,2026-01-03,Khulna DC,Khulna,Chattogram,Pathao Courier,SKU1032,Sunscreen SPF50,Beauty,2,0.25,3134.68,66.99,2026-01-06,2026-01-06,Delivered,
SHP101599,2026-07-30,Rajshahi DC,Rajshahi,Comilla,eCourier,SKU1015,Sneakers (V2),Apparel,5,5.51,5692.45,205.78,2026-08-02,2026-08-02,Delivered,
SHP101600,2025-12-01,Rajshahi DC,Rajshahi,Sylhet,Steadfast Courier,SKU1044,Green Tea Pack,Grocery,1,8.92,3770.33,333.05,2025-12-06,2025-12-06,Delivered,
SHP101601,2025-11-01,Dhaka Hub,Dhaka,Sylhet,Steadfast Courier,SKU1041,Basmati Rice 5kg (V2),Grocery,1,2.98,3772.15,135.77,2025-11-04,2025-11-04,Delivered,
SHP101602,2026-04-24,Dhaka Hub,Dhaka,Dhaka,Pathao Courier,SKU1043,Mustard Oil 1L (V2),Grocery,3,8.56,4526.37,270.16,2026-04-26,2026-04-26,Delivered,
SHP101603,2025-11-09,Khulna DC,Khulna,Khulna,Pathao Courier,SKU1001,Wireless Earbuds (V2),Electronics,3,0.38,6177.36,48.97,2025-11-11,,Delayed,Weather disruption
SHP101604,2026-07-16,Dhaka Hub,Dhaka,Barisal,Pathao Courier,SKU1034,Hair Serum,Beauty,5,10.91,10962.85,332.12,2026-07-21,2026-07-21,Delivered,
SHP101605,2026-06-25,Dhaka Hub,Dhaka,Mymensingh,eCourier,SKU1041,Basmati Rice 5kg (V2),Grocery,1,11.41,3772.15,328.98,2026-06-30,2026-06-30,Delivered,
SHP101606,2026-08-07,Sylhet DC,Sylhet,Comilla,RedX,SKU1033,Sunscreen SPF50 (V2),Beauty,3,0.23,5284.5,65.55,2026-08-09,2026-08-09,Delivered,
SHP101607,2026-07-13,Rajshahi DC,Rajshahi,Mymensingh,RedX,SKU1029,Curtain Set (V2),Home & Living,1,5.6,3121.26,185.7,2026-07-16,2026-07-16,Delivered,
SHP101608,2025-11-24,Khulna DC,Khulna,Khulna,RedX,SKU1012,Panjabi,Apparel,1,5.08,2950.81,119.81,2025-11-26,,Cancelled,
SHP101609,2025-11-13,Sylhet DC,Sylhet,Comilla,Pathao Courier,SKU1012,Panjabi,Apparel,3,10.13,8852.43,255.9,2025-11-18,2025-11-22,Delivered Late,Vehicle breakdown
SHP101610,2025-12-28,Dhaka Hub,Dhaka,Chattogram,RedX,SKU1017,Saree (V2),Apparel,4,6.58,1710.44,184.51,2026-01-02,,Delayed,Customs/checkpoint delay
SHP101611,2026-02-10,Chattogram DC,Chattogram,Sylhet,Pathao Courier,SKU1031,Face Wash (V2),Beauty,1,7.41,4358.67,193.51,2026-02-14,,In Transit,
SHP101612,2026-07-02,Khulna DC,Khulna,Khulna,RedX,SKU1031,Face Wash (V2),Beauty,5,2.59,21793.35,79.67,2026-07-03,2026-07-03,Delivered,
SHP101613,2026-05-12,Dhaka Hub,Dhaka,Barisal,eCourier,SKU1034,Hair Serum,Beauty,3,1.11,6577.71,91.88,2026-05-16,2026-05-16,Delivered,
SHP101614,2026-04-11,Sylhet DC,Sylhet,Sylhet,RedX,SKU1038,Perfume,Beauty,3,8.37,3411.18,188.63,2026-04-13,2026-04-13,Delivered,
SHP101615,2026-07-01,Dhaka Hub,Dhaka,Narayanganj,Sundarban Courier,SKU1045,Green Tea Pack (V2),Grocery,5,7.52,18253.6,304.92,2026-07-06,2026-07-06,Delivered,
SHP101616,2026-04-12,Chattogram DC,Chattogram,Sylhet,eCourier,SKU1028,Curtain Set,Home & Living,2,10.02,1642.32,304.78,2026-04-16,2026-04-21,Delivered Late,Weather disruption
SHP101617,2026-01-10,Chattogram DC,Chattogram,Khulna,eCourier,SKU1048,Honey Jar,Grocery,2,10.17,6237.72,250.99,2026-01-15,2026-01-15,Delivered,
SHP101618,2026-01-21,Khulna DC,Khulna,Rangpur,Pathao Courier,SKU1028,Curtain Set,Home & Living,4,7.65,3284.64,192.72,2026-01-25,2026-01-25,Delivered,
SHP101619,2026-02-26,Rajshahi DC,Rajshahi,Rajshahi,Pathao Courier,SKU1043,Mustard Oil 1L (V2),Grocery,1,6.55,1508.79,155.35,2026-02-27,2026-02-27,Delivered,
SHP101620,2025-10-01,Dhaka Hub,Dhaka,Rajshahi,RedX,SKU1015,Sneakers (V2),Apparel,5,10.99,5692.45,305.56,2025-10-04,2025-10-04,Delivered,
SHP101621,2026-05-15,Khulna DC,Khulna,Narayanganj,Sundarban Courier,SKU1043,Mustard Oil 1L (V2),Grocery,5,9.65,7543.95,230.56,2026-05-19,2026-05-19,Delivered,
SHP101622,2026-04-14,Khulna DC,Khulna,Rajshahi,Pathao Courier,SKU1046,Spice Combo,Grocery,5,10.61,9177.65,373.1,2026-04-17,2026-04-17,Delivered,
SHP101623,2026-05-11,Rajshahi DC,Rajshahi,Chattogram,Pathao Courier,SKU1009,Phone Case (V2),Electronics,3,11.95,6327.54,306.89,2026-05-16,2026-05-16,Delivered,
SHP101624,2026-03-04,Rajshahi DC,Rajshahi,Mymensingh,Pathao Courier,SKU1029,Curtain Set (V2),Home & Living,4,4.96,12485.04,178.87,2026-03-07,2026-03-07,Delivered,
SHP101625,2026-05-29,Dhaka Hub,Dhaka,Mymensingh,Sundarban Courier,SKU1024,Non-stick Pan,Home & Living,5,8.66,17679.85,258.37,2026-06-01,2026-06-03,Delivered Late,Warehouse backlog
SHP101626,2026-07-26,Khulna DC,Khulna,Sylhet,RedX,SKU1038,Perfume,Beauty,1,8.32,1137.06,294.6,2026-07-29,2026-08-01,Delivered Late,Customs/checkpoint delay
SHP101627,2026-03-17,Sylhet DC,Sylhet,Comilla,Pathao Courier,SKU1019,Denim Jacket (V2),Apparel,2,2.25,5795.48,156.57,2026-03-21,2026-03-21,Delivered,
SHP101628,2026-02-01,Dhaka Hub,Dhaka,Khulna,eCourier,SKU1004,Smartwatch,Electronics,3,7.71,1679.01,245.6,2026-02-05,2026-02-05,Delivered,
SHP101629,2025-10-07,Chattogram DC,Chattogram,Chattogram,Sundarban Courier,SKU1000,Wireless Earbuds,Electronics,4,5.25,14066.84,140.77,2025-10-08,2025-10-08,Delivered,
SHP101630,2026-05-28,Rajshahi DC,Rajshahi,Chattogram,Sundarban Courier,SKU1029,Curtain Set (V2),Home & Living,4,5.52,12485.04,225.78,2026-06-02,2026-06-02,Delivered,
SHP101631,2026-07-10,Sylhet DC,Sylhet,Mymensingh,Pathao Courier,SKU1048,Honey Jar,Grocery,5,2.33,15594.3,138.57,2026-07-14,2026-07-14,Delivered,
SHP101632,2026-05-01,Chattogram DC,Chattogram,Sylhet,eCourier,SKU1002,Power Bank,Electronics,3,8.99,11654.7,299.14,2026-05-05,2026-05-09,Delivered Late,Vehicle breakdown
SHP101633,2026-06-27,Chattogram DC,Chattogram,Rajshahi,Steadfast Courier,SKU1044,Green Tea Pack,Grocery,1,8.44,3770.33,308.62,2026-06-30,,In Transit,
SHP101634,2026-06-25,Rajshahi DC,Rajshahi,Mymensingh,Sundarban Courier,SKU1013,Panjabi (V2),Apparel,1,6.48,3729.01,218.77,2026-06-29,2026-06-29,Delivered,
SHP101635,2026-06-04,Chattogram DC,Chattogram,Comilla,Pathao Courier,SKU1029,Curtain Set (V2),Home & Living,5,2.05,15606.3,121.38,2026-06-10,,In Transit,
SHP101636,2026-02-21,Dhaka Hub,Dhaka,Rajshahi,Pathao Courier,SKU1049,Honey Jar (V2),Grocery,3,6.77,2273.76,232.25,2026-02-25,2026-02-25,Delivered,
SHP101637,2025-10-05,Sylhet DC,Sylhet,Narayanganj,Pathao Courier,SKU1003,Power Bank (V2),Electronics,4,1.38,12734.2,98.9,2025-10-11,,In Transit,
SHP101638,2025-09-02,Rajshahi DC,Rajshahi,Khulna,eCourier,SKU1017,Saree (V2),Apparel,3,4.2,1282.83,171.15,2025-09-05,2025-09-05,Delivered,
SHP101639,2025-11-10,Dhaka Hub,Dhaka,Comilla,Pathao Courier,SKU1036,Lipstick,Beauty,5,4.59,3575.8,165.9,2025-11-15,2025-11-18,Delivered Late,Customs/checkpoint delay
SHP101640,2026-01-28,Chattogram DC,Chattogram,Sylhet,Steadfast Courier,SKU1024,Non-stick Pan,Home & Living,2,10.62,7071.94,332.46,2026-02-02,2026-02-02,Delivered,
SHP101641,2026-05-16,Sylhet DC,Sylhet,Dhaka,RedX,SKU1047,Spice Combo (V2),Grocery,1,5.1,1404.23,188.84,2026-05-21,2026-05-21,Delivered,
SHP101642,2026-02-05,Dhaka Hub,Dhaka,Mymensingh,RedX,SKU1000,Wireless Earbuds,Electronics,4,7.26,14066.84,191.85,2026-02-10,2026-02-10,Delivered,
SHP101643,2025-09-09,Khulna DC,Khulna,Mymensingh,eCourier,SKU1045,Green Tea Pack (V2),Grocery,3,10.52,10952.16,314.93,2025-09-11,2025-09-11,Delivered,
SHP101644,2025-11-12,Chattogram DC,Chattogram,Narayanganj,Pathao Courier,SKU1014,Sneakers,Apparel,5,5.22,10394.25,230.44,2025-11-17,,Delayed,Vehicle breakdown
SHP101645,2026-08-05,Dhaka Hub,Dhaka,Narayanganj,eCourier,SKU1008,Phone Case,Electronics,1,10.63,707.29,240.39,2026-08-09,2026-08-09,Delivered,
SHP101646,2026-08-08,Chattogram DC,Chattogram,Chattogram,Pathao Courier,SKU1014,Sneakers,Apparel,2,1.81,4157.7,73.12,2026-08-09,2026-08-11,Delivered Late,Vehicle breakdown
SHP101647,2026-01-09,Rajshahi DC,Rajshahi,Rangpur,eCourier,SKU1048,Honey Jar,Grocery,5,4.51,15594.3,163.69,2026-01-11,2026-01-11,Delivered,
SHP101648,2026-06-06,Rajshahi DC,Rajshahi,Mymensingh,RedX,SKU1023,Table Lamp (V2),Home & Living,5,1.32,20175.4,106.73,2026-06-09,2026-06-11,Delivered Late,Weather disruption
SHP101649,2026-05-07,Sylhet DC,Sylhet,Rangpur,Pathao Courier,SKU1003,Power Bank (V2),Electronics,1,6.82,3183.55,208.24,2026-05-13,,In Transit,
SHP101650,2026-07-20,Sylhet DC,Sylhet,Dhaka,eCourier,SKU1011,Cotton T-Shirt (V2),Apparel,5,11.5,20907.15,343.19,2026-07-23,2026-07-23,Delivered,
SHP101651,2026-07-05,Rajshahi DC,Rajshahi,Dhaka,Pathao Courier,SKU1036,Lipstick,Beauty,1,7.95,715.16,229.19,2026-07-09,2026-07-09,Delivered,
SHP101652,2026-04-06,Dhaka Hub,Dhaka,Rangpur,Pathao Courier,SKU1036,Lipstick,Beauty,1,7.59,715.16,266.97,2026-04-09,2026-04-09,Delivered,
SHP101653,2026-01-15,Khulna DC,Khulna,Comilla,eCourier,SKU1042,Mustard Oil 1L,Grocery,5,3.48,15980.75,152.94,2026-01-20,2026-01-20,Delivered,
SHP101654,2026-04-05,Khulna DC,Khulna,Chattogram,Sundarban Courier,SKU1005,Smartwatch (V2),Electronics,1,11.19,4393.96,356.33,2026-04-10,2026-04-10,Delivered,
SHP101655,2025-12-20,Khulna DC,Khulna,Dhaka,Steadfast Courier,SKU1038,Perfume,Beauty,2,5.76,2274.12,188.72,2025-12-26,2025-12-29,Delivered Late,Customs/checkpoint delay
SHP101656,2025-12-30,Chattogram DC,Chattogram,Rajshahi,RedX,SKU1045,Green Tea Pack (V2),Grocery,1,3.35,3650.72,146.64,2026-01-03,,In Transit,
SHP101657,2026-03-30,Khulna DC,Khulna,Khulna,RedX,SKU1023,Table Lamp (V2),Home & Living,3,11.85,12105.24,237.77,2026-03-31,2026-03-31,Delivered,
SHP101658,2026-03-17,Khulna DC,Khulna,Narayanganj,Sundarban Courier,SKU1010,Cotton T-Shirt,Apparel,1,5.19,1762.97,207.62,2026-03-19,,Delayed,Vehicle breakdown
SHP101659,2026-03-21,Rajshahi DC,Rajshahi,Narayanganj,Pathao Courier,SKU1012,Panjabi,Apparel,2,4.58,5901.62,199.23,2026-03-24,,In Transit,
SHP101660,2026-01-12,Dhaka Hub,Dhaka,Barisal,Steadfast Courier,SKU1033,Sunscreen SPF50 (V2),Beauty,2,0.61,3523.0,92.39,2026-01-16,2026-01-16,Delivered,
SHP101661,2026-01-20,Khulna DC,Khulna,Narayanganj,Pathao Courier,SKU1024,Non-stick Pan,Home & Living,4,2.3,14143.88,108.62,2026-01-26,,Cancelled,
SHP101662,2025-09-04,Rajshahi DC,Rajshahi,Sylhet,RedX,SKU1006,Bluetooth Speaker,Electronics,3,9.75,10382.88,337.72,2025-09-06,,In Transit,
SHP101663,2026-03-28,Chattogram DC,Chattogram,Narayanganj,Pathao Courier,SKU1003,Power Bank (V2),Electronics,1,5.9,3183.55,216.4,2026-04-01,2026-04-01,Delivered,
SHP101664,2026-03-19,Khulna DC,Khulna,Rajshahi,Pathao Courier,SKU1007,Bluetooth Speaker (V2),Electronics,3,11.47,10708.14,262.92,2026-03-24,,Cancelled,
SHP101665,2026-07-21,Dhaka Hub,Dhaka,Rajshahi,RedX,SKU1019,Denim Jacket (V2),Apparel,3,1.19,8693.22,121.23,2026-07-25,2026-07-25,Delivered,
SHP101666,2026-02-22,Khulna DC,Khulna,Dhaka,eCourier,SKU1028,Curtain Set,Home & Living,2,7.47,1642.32,206.49,2026-02-27,2026-02-27,Delivered,
SHP101667,2026-02-09,Khulna DC,Khulna,Chattogram,eCourier,SKU1044,Green Tea Pack,Grocery,3,8.7,11310.99,303.7,2026-02-13,2026-02-13,Delivered,
SHP101668,2025-09-24,Dhaka Hub,Dhaka,Chattogram,Steadfast Courier,SKU1045,Green Tea Pack (V2),Grocery,2,7.53,7301.44,225.82,2025-09-27,2025-09-27,Delivered,
SHP101669,2025-11-08,Dhaka Hub,Dhaka,Rajshahi,Sundarban Courier,SKU1009,Phone Case (V2),Electronics,2,6.45,4218.36,255.14,2025-11-12,2025-11-12,Returned,
SHP101670,2025-12-26,Khulna DC,Khulna,Chattogram,Sundarban Courier,SKU1042,Mustard Oil 1L,Grocery,4,7.02,12784.6,231.96,2025-12-30,2025-12-30,Delivered,
SHP101671,2026-01-09,Chattogram DC,Chattogram,Chattogram,Pathao Courier,SKU1033,Sunscreen SPF50 (V2),Beauty,2,8.34,3523.0,223.32,2026-01-10,2026-01-10,Delivered,
SHP101672,2026-01-04,Sylhet DC,Sylhet,Rangpur,eCourier,SKU1025,Non-stick Pan (V2),Home & Living,2,10.39,1993.36,345.76,2026-01-07,2026-01-07,Delivered,
SHP101673,2026-01-15,Dhaka Hub,Dhaka,Comilla,Sundarban Courier,SKU1040,Basmati Rice 5kg,Grocery,1,4.17,2051.61,160.62,2026-01-19,,In Transit,
SHP101674,2026-05-25,Rajshahi DC,Rajshahi,Dhaka,RedX,SKU1048,Honey Jar,Grocery,4,5.62,12475.44,203.73,2026-05-31,2026-05-31,Delivered,
SHP101675,2025-10-16,Sylhet DC,Sylhet,Barisal,Pathao Courier,SKU1002,Power Bank,Electronics,4,7.7,15539.6,252.92,2025-10-20,2025-10-20,Delivered,
SHP101676,2025-12-24,Rajshahi DC,Rajshahi,Narayanganj,eCourier,SKU1005,Smartwatch (V2),Electronics,4,3.91,17575.84,171.16,2025-12-27,2025-12-27,Delivered,
SHP101677,2025-10-27,Dhaka Hub,Dhaka,Rajshahi,eCourier,SKU1004,Smartwatch,Electronics,1,2.31,559.67,152.26,2025-11-02,2025-11-02,Delivered,
SHP101678,2025-12-16,Chattogram DC,Chattogram,Chattogram,Steadfast Courier,SKU1004,Smartwatch,Electronics,3,11.6,1679.01,259.24,2025-12-18,,Delayed,Warehouse backlog
SHP101679,2026-04-25,Khulna DC,Khulna,Dhaka,Pathao Courier,SKU1046,Spice Combo,Grocery,2,2.5,3671.06,121.73,2026-04-30,,Cancelled,
SHP101680,2025-09-17,Khulna DC,Khulna,Narayanganj,Steadfast Courier,SKU1022,Table Lamp,Home & Living,4,2.95,17490.16,135.06,2025-09-19,2025-09-19,Delivered,
SHP101681,2025-12-27,Khulna DC,Khulna,Rajshahi,Pathao Courier,SKU1048,Honey Jar,Grocery,2,7.5,6237.72,263.94,2026-01-01,2026-01-02,Delivered Late,Address issue
SHP101682,2025-09-09,Rajshahi DC,Rajshahi,Chattogram,Sundarban Courier,SKU1008,Phone Case,Electronics,3,1.11,2121.87,101.47,2025-09-12,,In Transit,
SHP101683,2026-07-28,Rajshahi DC,Rajshahi,Comilla,Pathao Courier,SKU1034,Hair Serum,Beauty,3,0.6,6577.71,81.71,2026-08-01,2026-08-01,Delivered,
SHP101684,2026-05-10,Dhaka Hub,Dhaka,Comilla,Pathao Courier,SKU1019,Denim Jacket (V2),Apparel,4,0.96,11590.96,118.54,2026-05-16,2026-05-16,Delivered,
SHP101685,2025-11-24,Chattogram DC,Chattogram,Mymensingh,RedX,SKU1048,Honey Jar,Grocery,4,1.65,12475.44,132.11,2025-11-28,2025-11-28,Delivered,
SHP101686,2025-11-08,Rajshahi DC,Rajshahi,Dhaka,Pathao Courier,SKU1041,Basmati Rice 5kg (V2),Grocery,5,5.26,18860.75,202.41,2025-11-11,2025-11-11,Delivered,
SHP101687,2025-10-05,Sylhet DC,Sylhet,Dhaka,Sundarban Courier,SKU1034,Hair Serum,Beauty,3,9.99,6577.71,275.21,2025-10-07,2025-10-07,Delivered,
SHP101688,2026-02-11,Rajshahi DC,Rajshahi,Sylhet,RedX,SKU1049,Honey Jar (V2),Grocery,5,4.24,3789.6,155.75,2026-02-13,2026-02-13,Delivered,
SHP101689,2026-05-19,Sylhet DC,Sylhet,Chattogram,eCourier,SKU1017,Saree (V2),Apparel,5,5.24,2138.05,192.63,2026-05-22,2026-05-25,Delivered Late,Courier capacity shortage
SHP101690,2026-03-22,Dhaka Hub,Dhaka,Barisal,RedX,SKU1016,Saree,Apparel,3,7.28,7687.32,282.64,2026-03-26,2026-03-26,Delivered,
SHP101691,2026-07-02,Sylhet DC,Sylhet,Khulna,RedX,SKU1023,Table Lamp (V2),Home & Living,4,3.77,16140.32,129.9,2026-07-06,2026-07-06,Delivered,
SHP101692,2025-12-28,Rajshahi DC,Rajshahi,Mymensingh,Pathao Courier,SKU1002,Power Bank,Electronics,5,5.3,19424.5,218.19,2026-01-03,2026-01-03,Delivered,
SHP101693,2025-12-06,Khulna DC,Khulna,Chattogram,eCourier,SKU1031,Face Wash (V2),Beauty,5,4.76,21793.35,187.97,2025-12-11,2025-12-11,Delivered,
SHP101694,2026-02-13,Dhaka Hub,Dhaka,Mymensingh,Pathao Courier,SKU1034,Hair Serum,Beauty,2,4.23,4385.14,142.96,2026-02-19,2026-02-22,Delivered Late,Vehicle breakdown
SHP101695,2025-11-09,Chattogram DC,Chattogram,Narayanganj,Pathao Courier,SKU1037,Lipstick (V2),Beauty,4,4.78,8877.28,137.24,2025-11-13,,In Transit,
SHP101696,2026-08-04,Rajshahi DC,Rajshahi,Chattogram,Pathao Courier,SKU1012,Panjabi,Apparel,3,0.33,8852.43,81.55,2026-08-08,2026-08-08,Delivered,
SHP101697,2025-11-04,Rajshahi DC,Rajshahi,Rangpur,RedX,SKU1046,Spice Combo,Grocery,1,10.66,1835.53,266.53,2025-11-08,2025-11-08,Delivered,
SHP101698,2026-02-13,Khulna DC,Khulna,Barisal,Sundarban Courier,SKU1024,Non-stick Pan,Home & Living,2,11.73,7071.94,291.98,2026-02-16,2026-02-16,Delivered,
SHP101699,2026-02-28,Dhaka Hub,Dhaka,Dhaka,RedX,SKU1008,Phone Case,Electronics,5,10.38,3536.45,268.91,2026-03-02,2026-03-02,Delivered,
SHP101700,2025-09-20,Khulna DC,Khulna,Sylhet,Sundarban Courier,SKU1003,Power Bank (V2),Electronics,5,0.27,15917.75,84.96,2025-09-25,,Delayed,Courier capacity shortage
SHP101701,2026-02-10,Rajshahi DC,Rajshahi,Mymensingh,Sundarban Courier,SKU1013,Panjabi (V2),Apparel,4,9.06,14916.04,298.58,2026-02-15,2026-02-15,Delivered,
SHP101702,2026-02-05,Khulna DC,Khulna,Comilla,Sundarban Courier,SKU1036,Lipstick,Beauty,5,6.96,3575.8,250.99,2026-02-08,2026-02-09,Delivered Late,Warehouse backlog
SHP101703,2025-11-29,Sylhet DC,Sylhet,Khulna,Pathao Courier,SKU1033,Sunscreen SPF50 (V2),Beauty,3,1.31,5284.5,114.05,2025-12-03,2025-12-03,Delivered,
SHP101704,2025-10-15,Sylhet DC,Sylhet,Chattogram,Sundarban Courier,SKU1010,Cotton T-Shirt,Apparel,4,11.21,7051.88,343.18,2025-10-18,2025-10-18,Delivered,
SHP101705,2025-09-16,Chattogram DC,Chattogram,Sylhet,RedX,SKU1040,Basmati Rice 5kg,Grocery,1,9.36,2051.61,305.44,2025-09-20,2025-09-20,Delivered,
SHP101706,2025-09-03,Chattogram DC,Chattogram,Comilla,RedX,SKU1002,Power Bank,Electronics,2,1.91,7769.8,108.48,2025-09-06,2025-09-09,Delivered Late,Failed delivery attempt
SHP101707,2026-02-14,Khulna DC,Khulna,Barisal,Pathao Courier,SKU1027,Storage Box (V2),Home & Living,1,11.58,340.55,332.19,2026-02-20,2026-02-20,Delivered,
SHP101708,2025-10-02,Dhaka Hub,Dhaka,Rajshahi,RedX,SKU1028,Curtain Set,Home & Living,5,1.69,4105.8,119.2,2025-10-06,,In Transit,
SHP101709,2026-07-29,Dhaka Hub,Dhaka,Dhaka,Sundarban Courier,SKU1008,Phone Case,Electronics,4,5.57,2829.16,124.89,2026-07-31,,In Transit,
SHP101710,2025-11-24,Chattogram DC,Chattogram,Mymensingh,Pathao Courier,SKU1002,Power Bank,Electronics,5,2.08,19424.5,108.69,2025-11-29,2025-11-29,Delivered,
SHP101711,2026-04-14,Khulna DC,Khulna,Rajshahi,Pathao Courier,SKU1024,Non-stick Pan,Home & Living,3,1.97,10607.91,105.6,2026-04-20,2026-04-20,Delivered,
SHP101712,2026-04-22,Khulna DC,Khulna,Barisal,Sundarban Courier,SKU1033,Sunscreen SPF50 (V2),Beauty,3,11.62,5284.5,284.57,2026-04-27,2026-04-27,Delivered,
SHP101713,2026-02-19,Sylhet DC,Sylhet,Comilla,Sundarban Courier,SKU1011,Cotton T-Shirt (V2),Apparel,4,6.95,16725.72,246.55,2026-02-23,2026-02-23,Delivered,
SHP101714,2026-07-03,Sylhet DC,Sylhet,Barisal,RedX,SKU1041,Basmati Rice 5kg (V2),Grocery,3,3.26,11316.45,157.83,2026-07-06,2026-07-06,Delivered,
SHP101715,2025-10-09,Dhaka Hub,Dhaka,Narayanganj,Pathao Courier,SKU1008,Phone Case,Electronics,2,9.36,1414.58,253.34,2025-10-14,2025-10-14,Delivered,
SHP101716,2025-11-20,Chattogram DC,Chattogram,Barisal,eCourier,SKU1014,Sneakers,Apparel,2,10.53,4157.7,362.23,2025-11-25,2025-11-25,Delivered,
SHP101717,2025-11-27,Dhaka Hub,Dhaka,Khulna,Sundarban Courier,SKU1039,Perfume (V2),Beauty,3,11.03,9191.07,355.82,2025-12-03,2025-12-03,Delivered,
SHP101718,2025-10-17,Khulna DC,Khulna,Narayanganj,RedX,SKU1024,Non-stick Pan,Home & Living,1,11.21,3535.97,349.25,2025-10-21,2025-10-21,Delivered,
SHP101719,2025-12-11,Khulna DC,Khulna,Rangpur,eCourier,SKU1004,Smartwatch,Electronics,1,10.89,559.67,265.86,2025-12-16,2025-12-16,Delivered,
SHP101720,2025-12-18,Chattogram DC,Chattogram,Mymensingh,Sundarban Courier,SKU1010,Cotton T-Shirt,Apparel,1,7.74,1762.97,274.36,2025-12-21,,In Transit,
SHP101721,2026-05-23,Chattogram DC,Chattogram,Sylhet,Pathao Courier,SKU1033,Sunscreen SPF50 (V2),Beauty,1,4.24,1761.5,202.8,2026-05-25,2026-05-26,Delivered Late,Address issue
SHP101722,2025-12-14,Chattogram DC,Chattogram,Rangpur,RedX,SKU1023,Table Lamp (V2),Home & Living,1,11.12,4035.08,290.35,2025-12-17,2025-12-17,Returned,
SHP101723,2026-07-01,Rajshahi DC,Rajshahi,Barisal,Steadfast Courier,SKU1014,Sneakers,Apparel,1,1.65,2078.85,118.86,2026-07-03,2026-07-03,Delivered,
SHP101724,2026-05-26,Sylhet DC,Sylhet,Chattogram,Steadfast Courier,SKU1037,Lipstick (V2),Beauty,1,2.19,2219.32,140.43,2026-05-30,2026-05-30,Delivered,
SHP101725,2026-07-09,Khulna DC,Khulna,Sylhet,Pathao Courier,SKU1007,Bluetooth Speaker (V2),Electronics,5,5.32,17846.9,172.96,2026-07-12,2026-07-12,Delivered,
SHP101726,2025-10-07,Sylhet DC,Sylhet,Narayanganj,eCourier,SKU1004,Smartwatch,Electronics,1,3.55,559.67,139.6,2025-10-12,,In Transit,
SHP101727,2026-08-07,Khulna DC,Khulna,Barisal,Sundarban Courier,SKU1047,Spice Combo (V2),Grocery,3,7.47,4212.69,219.97,2026-08-11,2026-08-11,Delivered,
SHP101728,2026-04-01,Sylhet DC,Sylhet,Mymensingh,Pathao Courier,SKU1025,Non-stick Pan (V2),Home & Living,1,10.88,996.68,318.07,2026-04-04,2026-04-04,Delivered,
SHP101729,2026-08-06,Chattogram DC,Chattogram,Chattogram,RedX,SKU1017,Saree (V2),Apparel,5,5.99,2138.05,170.92,2026-08-07,2026-08-07,Delivered,
SHP101730,2026-01-01,Rajshahi DC,Rajshahi,Sylhet,RedX,SKU1005,Smartwatch (V2),Electronics,2,6.74,8787.92,223.66,2026-01-04,2026-01-04,Delivered,
SHP101731,2026-07-27,Khulna DC,Khulna,Narayanganj,RedX,SKU1036,Lipstick,Beauty,4,5.19,2860.64,212.93,2026-07-29,2026-07-29,Delivered,
SHP101732,2026-03-23,Khulna DC,Khulna,Rajshahi,eCourier,SKU1047,Spice Combo (V2),Grocery,4,8.55,5616.92,229.55,2026-03-29,2026-03-29,Delivered,
SHP101733,2025-09-25,Rajshahi DC,Rajshahi,Comilla,Sundarban Courier,SKU1012,Panjabi,Apparel,4,1.39,11803.24,124.42,2025-09-27,2025-09-27,Delivered,
SHP101734,2026-01-20,Chattogram DC,Chattogram,Comilla,RedX,SKU1027,Storage Box (V2),Home & Living,4,0.77,1362.2,99.61,2026-01-23,,In Transit,
SHP101735,2025-10-18,Dhaka Hub,Dhaka,Khulna,Sundarban Courier,SKU1004,Smartwatch,Electronics,3,7.77,1679.01,256.02,2025-10-23,2025-10-23,Delivered,
SHP101736,2026-07-23,Sylhet DC,Sylhet,Narayanganj,Pathao Courier,SKU1012,Panjabi,Apparel,4,6.51,11803.24,224.36,2026-07-26,2026-07-26,Delivered,
SHP101737,2025-12-15,Chattogram DC,Chattogram,Mymensingh,Sundarban Courier,SKU1016,Saree,Apparel,5,5.01,12812.2,192.81,2025-12-19,2025-12-22,Delivered Late,Failed delivery attempt
SHP101738,2025-11-16,Sylhet DC,Sylhet,Chattogram,Steadfast Courier,SKU1049,Honey Jar (V2),Grocery,2,4.14,1515.84,161.1,2025-11-21,,In Transit,
SHP101739,2026-03-11,Chattogram DC,Chattogram,Dhaka,Sundarban Courier,SKU1039,Perfume (V2),Beauty,5,0.81,15318.45,85.09,2026-03-15,2026-03-15,Delivered,
SHP101740,2026-01-26,Chattogram DC,Chattogram,Chattogram,Pathao Courier,SKU1044,Green Tea Pack,Grocery,5,8.23,18851.65,243.44,2026-01-27,2026-01-27,Delivered,
SHP101741,2025-10-04,Chattogram DC,Chattogram,Mymensingh,RedX,SKU1031,Face Wash (V2),Beauty,4,5.17,17434.68,158.16,2025-10-10,2025-10-10,Delivered,
SHP101742,2026-06-10,Chattogram DC,Chattogram,Chattogram,Steadfast Courier,SKU1028,Curtain Set,Home & Living,5,5.45,4105.8,147.32,2026-06-11,2026-06-11,Delivered,
SHP101743,2026-06-20,Khulna DC,Khulna,Sylhet,Steadfast Courier,SKU1002,Power Bank,Electronics,1,10.74,3884.9,367.95,2026-06-24,,In Transit,
SHP101744,2026-05-16,Sylhet DC,Sylhet,Rajshahi,RedX,SKU1039,Perfume (V2),Beauty,3,8.9,9191.07,280.86,2026-05-19,2026-05-19,Delivered,
SHP101745,2026-04-02,Sylhet DC,Sylhet,Chattogram,Sundarban Courier,SKU1033,Sunscreen SPF50 (V2),Beauty,4,2.79,7046.0,127.12,2026-04-04,,Delayed,Courier capacity shortage
SHP101746,2026-01-18,Dhaka Hub,Dhaka,Khulna,RedX,SKU1039,Perfume (V2),Beauty,5,7.95,15318.45,318.11,2026-01-24,2026-01-24,Delivered,
SHP101747,2026-03-07,Sylhet DC,Sylhet,Rangpur,eCourier,SKU1026,Storage Box,Home & Living,1,1.76,2180.24,128.28,2026-03-12,2026-03-15,Delivered Late,Weather disruption
SHP101748,2026-02-28,Dhaka Hub,Dhaka,Narayanganj,Steadfast Courier,SKU1012,Panjabi,Apparel,5,2.49,14754.05,148.73,2026-03-03,2026-03-03,Delivered,
SHP101749,2025-10-28,Chattogram DC,Chattogram,Rajshahi,eCourier,SKU1044,Green Tea Pack,Grocery,1,8.63,3770.33,256.84,2025-11-01,,Delayed,Warehouse backlog
SHP101750,2025-09-29,Sylhet DC,Sylhet,Mymensingh,Sundarban Courier,SKU1032,Sunscreen SPF50,Beauty,2,1.69,3134.68,102.36,2025-10-02,2025-10-02,Delivered,
SHP101751,2025-11-27,Dhaka Hub,Dhaka,Barisal,Pathao Courier,SKU1005,Smartwatch (V2),Electronics,4,3.51,17575.84,149.34,2025-12-02,2025-12-02,Delivered,
SHP101752,2026-02-05,Chattogram DC,Chattogram,Rajshahi,RedX,SKU1023,Table Lamp (V2),Home & Living,2,10.8,8070.16,397.63,2026-02-08,2026-02-08,Delivered,
SHP101753,2025-10-26,Chattogram DC,Chattogram,Barisal,Pathao Courier,SKU1018,Denim Jacket,Apparel,5,8.91,18751.0,259.44,2025-11-01,2025-11-01,Delivered,
SHP101754,2025-10-07,Rajshahi DC,Rajshahi,Narayanganj,Pathao Courier,SKU1015,Sneakers (V2),Apparel,5,11.17,5692.45,289.73,2025-10-10,2025-10-10,Delivered,
SHP101755,2026-06-22,Rajshahi DC,Rajshahi,Dhaka,Sundarban Courier,SKU1039,Perfume (V2),Beauty,1,10.61,3063.69,376.72,2026-06-25,2026-06-25,Delivered,
SHP101756,2026-01-08,Dhaka Hub,Dhaka,Barisal,RedX,SKU1027,Storage Box (V2),Home & Living,2,3.89,681.1,147.12,2026-01-14,2026-01-14,Delivered,
SHP101757,2026-03-22,Khulna DC,Khulna,Dhaka,eCourier,SKU1032,Sunscreen SPF50,Beauty,1,7.66,1567.34,295.45,2026-03-28,2026-03-28,Delivered,
SHP101758,2026-03-01,Khulna DC,Khulna,Comilla,eCourier,SKU1047,Spice Combo (V2),Grocery,4,4.67,5616.92,157.75,2026-03-04,2026-03-04,Delivered,
SHP101759,2026-05-13,Chattogram DC,Chattogram,Rangpur,eCourier,SKU1040,Basmati Rice 5kg,Grocery,5,8.43,10258.05,209.97,2026-05-17,2026-05-18,Delivered Late,Customs/checkpoint delay
SHP101760,2026-05-14,Sylhet DC,Sylhet,Dhaka,eCourier,SKU1012,Panjabi,Apparel,4,4.31,11803.24,186.98,2026-05-20,2026-05-20,Delivered,
SHP101761,2025-12-12,Khulna DC,Khulna,Rangpur,eCourier,SKU1042,Mustard Oil 1L,Grocery,1,0.22,3196.15,87.41,2025-12-17,2025-12-17,Delivered,
SHP101762,2026-06-21,Chattogram DC,Chattogram,Rajshahi,Pathao Courier,SKU1044,Green Tea Pack,Grocery,1,1.31,3770.33,108.62,2026-06-26,2026-06-26,Delivered,
SHP101763,2026-01-07,Dhaka Hub,Dhaka,Dhaka,RedX,SKU1024,Non-stick Pan,Home & Living,1,9.3,3535.97,185.23,2026-01-09,2026-01-09,Delivered,
SHP101764,2026-06-16,Chattogram DC,Chattogram,Narayanganj,Pathao Courier,SKU1041,Basmati Rice 5kg (V2),Grocery,3,1.19,11316.45,95.87,2026-06-22,2026-06-25,Delivered Late,Warehouse backlog
SHP101765,2026-01-19,Chattogram DC,Chattogram,Khulna,Pathao Courier,SKU1035,Hair Serum (V2),Beauty,4,7.27,3896.8,210.11,2026-01-23,2026-01-23,Delivered,
SHP101766,2025-10-09,Chattogram DC,Chattogram,Dhaka,Pathao Courier,SKU1026,Storage Box,Home & Living,1,10.32,2180.24,334.82,2025-10-12,,Delayed,Address issue
SHP101767,2026-05-21,Chattogram DC,Chattogram,Rangpur,eCourier,SKU1037,Lipstick (V2),Beauty,5,8.94,11096.6,312.2,2026-05-25,,In Transit,
SHP101768,2025-09-11,Dhaka Hub,Dhaka,Khulna,eCourier,SKU1006,Bluetooth Speaker,Electronics,2,5.08,6921.92,159.2,2025-09-16,,In Transit,
SHP101769,2026-05-26,Rajshahi DC,Rajshahi,Rangpur,Steadfast Courier,SKU1004,Smartwatch,Electronics,3,2.66,1679.01,118.16,2026-05-30,2026-05-30,Delivered,
SHP101770,2025-09-15,Dhaka Hub,Dhaka,Chattogram,Steadfast Courier,SKU1042,Mustard Oil 1L,Grocery,4,11.09,12784.6,346.64,2025-09-18,2025-09-18,Delivered,
SHP101771,2025-11-11,Khulna DC,Khulna,Comilla,Steadfast Courier,SKU1044,Green Tea Pack,Grocery,3,6.88,11310.99,265.25,2025-11-16,,Delayed,Courier capacity shortage
SHP101772,2026-03-28,Khulna DC,Khulna,Rajshahi,Pathao Courier,SKU1030,Face Wash,Beauty,3,4.98,10169.16,179.92,2026-04-01,,Delayed,Vehicle breakdown
SHP101773,2026-07-23,Khulna DC,Khulna,Rajshahi,Steadfast Courier,SKU1022,Table Lamp,Home & Living,2,11.32,8745.08,395.57,2026-07-29,,In Transit,
SHP101774,2026-01-20,Rajshahi DC,Rajshahi,Comilla,eCourier,SKU1041,Basmati Rice 5kg (V2),Grocery,3,2.74,11316.45,138.51,2026-01-23,,In Transit,
SHP101775,2025-10-12,Dhaka Hub,Dhaka,Barisal,Steadfast Courier,SKU1009,Phone Case (V2),Electronics,2,5.42,4218.36,203.14,2025-10-17,,Delayed,Weather disruption
SHP101776,2025-11-20,Chattogram DC,Chattogram,Dhaka,Pathao Courier,SKU1031,Face Wash (V2),Beauty,2,1.48,8717.34,111.82,2025-11-24,2025-11-26,Delivered Late,Address issue
SHP101777,2026-07-08,Dhaka Hub,Dhaka,Barisal,Pathao Courier,SKU1042,Mustard Oil 1L,Grocery,4,1.67,12784.6,130.06,2026-07-10,2026-07-10,Delivered,
SHP101778,2026-05-10,Sylhet DC,Sylhet,Rangpur,Steadfast Courier,SKU1029,Curtain Set (V2),Home & Living,5,4.9,15606.3,181.75,2026-05-14,2026-05-14,Delivered,
SHP101779,2025-10-05,Khulna DC,Khulna,Khulna,Pathao Courier,SKU1038,Perfume,Beauty,5,8.46,5685.3,242.32,2025-10-07,2025-10-07,Delivered,
SHP101780,2026-01-12,Rajshahi DC,Rajshahi,Chattogram,Sundarban Courier,SKU1030,Face Wash,Beauty,2,4.2,6779.44,170.62,2026-01-17,2026-01-22,Delivered Late,Address issue
SHP101781,2025-12-01,Chattogram DC,Chattogram,Dhaka,Sundarban Courier,SKU1017,Saree (V2),Apparel,2,8.34,855.22,259.11,2025-12-06,2025-12-06,Delivered,
SHP101782,2025-11-01,Chattogram DC,Chattogram,Comilla,Pathao Courier,SKU1035,Hair Serum (V2),Beauty,1,9.7,974.2,321.07,2025-11-03,2025-11-03,Delivered,
SHP101783,2026-06-20,Rajshahi DC,Rajshahi,Dhaka,Pathao Courier,SKU1001,Wireless Earbuds (V2),Electronics,2,10.56,4118.24,292.8,2026-06-24,2026-06-24,Returned,
SHP101784,2026-04-02,Khulna DC,Khulna,Barisal,Steadfast Courier,SKU1013,Panjabi (V2),Apparel,3,0.73,11187.03,115.15,2026-04-08,2026-04-08,Delivered,
SHP101785,2025-11-02,Khulna DC,Khulna,Comilla,Steadfast Courier,SKU1012,Panjabi,Apparel,2,9.33,5901.62,260.11,2025-11-05,2025-11-05,Delivered,
SHP101786,2026-04-14,Sylhet DC,Sylhet,Khulna,Steadfast Courier,SKU1028,Curtain Set,Home & Living,4,1.94,3284.64,99.57,2026-04-20,2026-04-23,Delivered Late,Weather disruption
SHP101787,2026-01-22,Sylhet DC,Sylhet,Sylhet,Sundarban Courier,SKU1011,Cotton T-Shirt (V2),Apparel,1,8.44,4181.43,173.84,2026-01-24,2026-01-24,Delivered,
SHP101788,2025-09-22,Chattogram DC,Chattogram,Mymensingh,Pathao Courier,SKU1038,Perfume,Beauty,3,4.59,3411.18,163.51,2025-09-24,2025-09-24,Delivered,
SHP101789,2026-02-03,Khulna DC,Khulna,Rangpur,Sundarban Courier,SKU1001,Wireless Earbuds (V2),Electronics,2,8.55,4118.24,265.22,2026-02-07,2026-02-07,Delivered,
SHP101790,2025-11-04,Chattogram DC,Chattogram,Dhaka,Sundarban Courier,SKU1031,Face Wash (V2),Beauty,3,2.72,13076.01,166.82,2025-11-07,,Cancelled,
SHP101791,2025-11-24,Rajshahi DC,Rajshahi,Barisal,Pathao Courier,SKU1012,Panjabi,Apparel,1,7.81,2950.81,203.49,2025-11-30,2025-11-30,Delivered,
SHP101792,2026-07-02,Dhaka Hub,Dhaka,Dhaka,eCourier,SKU1045,Green Tea Pack (V2),Grocery,3,1.68,10952.16,72.16,2026-07-04,2026-07-04,Delivered,
SHP101793,2026-05-04,Sylhet DC,Sylhet,Khulna,Steadfast Courier,SKU1026,Storage Box,Home & Living,4,2.2,8720.96,152.05,2026-05-09,2026-05-09,Delivered,
SHP101794,2025-10-17,Chattogram DC,Chattogram,Khulna,RedX,SKU1048,Honey Jar,Grocery,5,7.45,15594.3,190.85,2025-10-22,2025-10-22,Delivered,
SHP101795,2026-06-22,Khulna DC,Khulna,Comilla,Sundarban Courier,SKU1040,Basmati Rice 5kg,Grocery,2,4.17,4103.22,181.52,2026-06-27,2026-06-27,Delivered,
SHP101796,2026-03-18,Khulna DC,Khulna,Narayanganj,Sundarban Courier,SKU1016,Saree,Apparel,3,8.5,7687.32,267.82,2026-03-23,2026-03-23,Delivered,
SHP101797,2026-06-30,Rajshahi DC,Rajshahi,Rangpur,Pathao Courier,SKU1039,Perfume (V2),Beauty,4,8.28,12254.76,313.89,2026-07-05,2026-07-07,Delivered Late,Vehicle breakdown
SHP101798,2026-05-17,Khulna DC,Khulna,Mymensingh,Pathao Courier,SKU1030,Face Wash,Beauty,3,7.54,10169.16,259.96,2026-05-22,2026-05-22,Returned,
SHP101799,2025-12-27,Chattogram DC,Chattogram,Dhaka,RedX,SKU1033,Sunscreen SPF50 (V2),Beauty,3,8.82,5284.5,322.38,2025-12-31,2025-12-31,Delivered,
SHP101800,2026-03-05,Chattogram DC,Chattogram,Dhaka,Sundarban Courier,SKU1023,Table Lamp (V2),Home & Living,2,9.57,8070.16,287.13,2026-03-08,2026-03-08,Delivered,
SHP101801,2026-03-03,Rajshahi DC,Rajshahi,Mymensingh,RedX,SKU1044,Green Tea Pack,Grocery,5,10.95,18851.65,262.58,2026-03-07,,In Transit,
SHP101802,2026-05-08,Sylhet DC,Sylhet,Rajshahi,eCourier,SKU1034,Hair Serum,Beauty,4,1.15,8770.28,105.5,2026-05-12,2026-05-12,Delivered,
SHP101803,2025-11-25,Dhaka Hub,Dhaka,Barisal,Pathao Courier,SKU1047,Spice Combo (V2),Grocery,5,6.94,7021.15,190.51,2025-11-28,,In Transit,
SHP101804,2025-12-25,Rajshahi DC,Rajshahi,Rangpur,Pathao Courier,SKU1005,Smartwatch (V2),Electronics,4,9.04,17575.84,293.64,2025-12-29,2025-12-29,Delivered,
SHP101805,2025-11-24,Khulna DC,Khulna,Khulna,Pathao Courier,SKU1018,Denim Jacket,Apparel,2,2.76,7500.4,94.78,2025-11-26,2025-11-26,Delivered,
SHP101806,2025-12-12,Dhaka Hub,Dhaka,Rangpur,Pathao Courier,SKU1029,Curtain Set (V2),Home & Living,2,3.31,6242.52,181.06,2025-12-14,2025-12-14,Delivered,
SHP101807,2025-10-26,Khulna DC,Khulna,Mymensingh,RedX,SKU1006,Bluetooth Speaker,Electronics,1,3.35,3460.96,161.95,2025-10-31,2025-10-31,Delivered,
SHP101808,2025-09-13,Khulna DC,Khulna,Sylhet,eCourier,SKU1009,Phone Case (V2),Electronics,4,6.95,8436.72,253.78,2025-09-18,,In Transit,
SHP101809,2026-07-23,Khulna DC,Khulna,Rangpur,Steadfast Courier,SKU1040,Basmati Rice 5kg,Grocery,4,4.52,8206.44,161.66,2026-07-26,2026-07-26,Delivered,
SHP101810,2025-09-26,Rajshahi DC,Rajshahi,Chattogram,RedX,SKU1031,Face Wash (V2),Beauty,2,8.06,8717.34,289.59,2025-10-02,,In Transit,
SHP101811,2026-07-05,Sylhet DC,Sylhet,Khulna,Sundarban Courier,SKU1033,Sunscreen SPF50 (V2),Beauty,1,7.4,1761.5,286.23,2026-07-11,2026-07-13,Delivered Late,Address issue
SHP101812,2025-09-02,Sylhet DC,Sylhet,Mymensingh,Pathao Courier,SKU1027,Storage Box (V2),Home & Living,5,7.95,1702.75,246.07,2025-09-07,2025-09-07,Delivered,
SHP101813,2026-05-27,Khulna DC,Khulna,Narayanganj,Sundarban Courier,SKU1014,Sneakers,Apparel,2,3.18,4157.7,124.44,2026-05-29,,Delayed,Warehouse backlog
SHP101814,2025-12-23,Dhaka Hub,Dhaka,Dhaka,Sundarban Courier,SKU1029,Curtain Set (V2),Home & Living,3,9.25,9363.78,220.77,2025-12-24,,In Transit,
SHP101815,2026-02-27,Dhaka Hub,Dhaka,Rangpur,Steadfast Courier,SKU1036,Lipstick,Beauty,1,8.04,715.16,201.5,2026-03-03,2026-03-03,Delivered,
SHP101816,2025-12-07,Rajshahi DC,Rajshahi,Barisal,Sundarban Courier,SKU1028,Curtain Set,Home & Living,1,1.74,821.16,130.08,2025-12-12,2025-12-15,Delivered Late,Courier capacity shortage
SHP101817,2026-02-17,Chattogram DC,Chattogram,Rangpur,Pathao Courier,SKU1021,Bedsheet Set (V2),Home & Living,5,2.56,8460.95,118.23,2026-02-22,,In Transit,
SHP101818,2026-02-04,Sylhet DC,Sylhet,Mymensingh,Sundarban Courier,SKU1003,Power Bank (V2),Electronics,4,3.75,12734.2,171.79,2026-02-09,2026-02-09,Delivered,
SHP101819,2026-03-03,Chattogram DC,Chattogram,Dhaka,Pathao Courier,SKU1019,Denim Jacket (V2),Apparel,1,11.25,2897.74,365.97,2026-03-08,2026-03-08,Delivered,
SHP101820,2026-01-15,Chattogram DC,Chattogram,Mymensingh,Steadfast Courier,SKU1031,Face Wash (V2),Beauty,1,4.05,4358.67,157.41,2026-01-21,2026-01-21,Delivered,
SHP101821,2026-03-05,Sylhet DC,Sylhet,Sylhet,Pathao Courier,SKU1035,Hair Serum (V2),Beauty,3,0.43,2922.6,51.38,2026-03-07,2026-03-07,Returned,
SHP101822,2026-06-13,Rajshahi DC,Rajshahi,Chattogram,Pathao Courier,SKU1049,Honey Jar (V2),Grocery,4,1.87,3031.68,103.43,2026-06-19,2026-06-24,Delivered Late,Warehouse backlog
SHP101823,2026-01-29,Sylhet DC,Sylhet,Rajshahi,Pathao Courier,SKU1003,Power Bank (V2),Electronics,3,0.58,9550.65,104.66,2026-02-03,2026-02-05,Delivered Late,Warehouse backlog
SHP101824,2026-01-04,Dhaka Hub,Dhaka,Dhaka,eCourier,SKU1026,Storage Box,Home & Living,5,4.95,10901.2,173.01,2026-01-06,,Delayed,Failed delivery attempt
SHP101825,2025-10-16,Chattogram DC,Chattogram,Rangpur,RedX,SKU1016,Saree,Apparel,4,9.61,10249.76,287.63,2025-10-21,2025-10-21,Delivered,
SHP101826,2026-01-03,Dhaka Hub,Dhaka,Barisal,RedX,SKU1011,Cotton T-Shirt (V2),Apparel,4,5.52,16725.72,212.2,2026-01-05,,Cancelled,
SHP101827,2025-10-14,Rajshahi DC,Rajshahi,Barisal,Sundarban Courier,SKU1021,Bedsheet Set (V2),Home & Living,2,10.1,3384.38,344.89,2025-10-17,2025-10-17,Delivered,
SHP101828,2025-11-03,Chattogram DC,Chattogram,Dhaka,Pathao Courier,SKU1016,Saree,Apparel,4,0.76,10249.76,81.11,2025-11-09,2025-11-13,Delivered Late,Weather disruption
SHP101829,2026-07-27,Chattogram DC,Chattogram,Mymensingh,eCourier,SKU1009,Phone Case (V2),Electronics,5,5.74,10545.9,235.38,2026-07-31,2026-07-31,Delivered,
SHP101830,2025-10-01,Dhaka Hub,Dhaka,Dhaka,Pathao Courier,SKU1000,Wireless Earbuds,Electronics,1,9.49,3516.71,298.37,2025-10-03,2025-10-03,Delivered,
SHP101831,2026-02-14,Sylhet DC,Sylhet,Sylhet,Pathao Courier,SKU1021,Bedsheet Set (V2),Home & Living,4,8.16,6768.76,189.57,2026-02-16,2026-02-16,Delivered,
SHP101832,2026-06-16,Rajshahi DC,Rajshahi,Khulna,RedX,SKU1025,Non-stick Pan (V2),Home & Living,5,10.26,4983.4,340.52,2026-06-19,2026-06-19,Delivered,
SHP101833,2026-07-27,Sylhet DC,Sylhet,Mymensingh,Pathao Courier,SKU1017,Saree (V2),Apparel,3,3.43,1282.83,162.13,2026-07-30,2026-07-30,Delivered,
SHP101834,2025-10-21,Khulna DC,Khulna,Rajshahi,Pathao Courier,SKU1049,Honey Jar (V2),Grocery,4,6.11,3031.68,251.53,2025-10-23,2025-10-23,Delivered,
SHP101835,2025-10-27,Dhaka Hub,Dhaka,Comilla,eCourier,SKU1013,Panjabi (V2),Apparel,2,8.19,7458.02,256.97,2025-10-31,2025-10-31,Delivered,
SHP101836,2026-01-07,Dhaka Hub,Dhaka,Narayanganj,Sundarban Courier,SKU1046,Spice Combo,Grocery,1,2.19,1835.53,121.64,2026-01-10,,Delayed,Customs/checkpoint delay
SHP101837,2026-03-11,Khulna DC,Khulna,Mymensingh,Pathao Courier,SKU1028,Curtain Set,Home & Living,5,9.83,4105.8,258.97,2026-03-13,2026-03-13,Delivered,
SHP101838,2026-07-30,Dhaka Hub,Dhaka,Dhaka,Sundarban Courier,SKU1011,Cotton T-Shirt (V2),Apparel,2,3.88,8362.86,128.79,2026-08-01,2026-08-01,Delivered,
SHP101839,2025-11-11,Sylhet DC,Sylhet,Mymensingh,eCourier,SKU1035,Hair Serum (V2),Beauty,4,1.3,3896.8,111.38,2025-11-14,2025-11-14,Delivered,
SHP101840,2025-10-27,Chattogram DC,Chattogram,Sylhet,Pathao Courier,SKU1034,Hair Serum,Beauty,2,9.24,4385.14,333.52,2025-10-31,2025-10-31,Delivered,
SHP101841,2025-11-27,Dhaka Hub,Dhaka,Comilla,Pathao Courier,SKU1011,Cotton T-Shirt (V2),Apparel,2,8.52,8362.86,254.76,2025-11-29,2025-11-29,Delivered,
SHP101842,2026-06-30,Sylhet DC,Sylhet,Narayanganj,RedX,SKU1006,Bluetooth Speaker,Electronics,4,10.63,13843.84,267.07,2026-07-04,,Cancelled,
SHP101843,2025-09-11,Rajshahi DC,Rajshahi,Dhaka,RedX,SKU1028,Curtain Set,Home & Living,2,10.73,1642.32,359.73,2025-09-16,2025-09-16,Delivered,
SHP101844,2026-01-10,Dhaka Hub,Dhaka,Dhaka,Steadfast Courier,SKU1010,Cotton T-Shirt,Apparel,5,3.49,8814.85,119.69,2026-01-11,2026-01-11,Delivered,
SHP101845,2025-10-12,Rajshahi DC,Rajshahi,Rangpur,Sundarban Courier,SKU1032,Sunscreen SPF50,Beauty,1,7.77,1567.34,188.21,2025-10-15,,Delayed,Address issue
SHP101846,2025-10-25,Sylhet DC,Sylhet,Chattogram,Pathao Courier,SKU1005,Smartwatch (V2),Electronics,1,11.99,4393.96,349.79,2025-10-28,2025-10-28,Delivered,
SHP101847,2026-07-15,Khulna DC,Khulna,Narayanganj,RedX,SKU1046,Spice Combo,Grocery,1,3.08,1835.53,150.61,2026-07-17,2026-07-17,Delivered,
SHP101848,2025-09-01,Dhaka Hub,Dhaka,Barisal,RedX,SKU1014,Sneakers,Apparel,2,5.78,4157.7,226.48,2025-09-03,,Delayed,Warehouse backlog
SHP101849,2025-12-21,Rajshahi DC,Rajshahi,Barisal,Pathao Courier,SKU1031,Face Wash (V2),Beauty,1,10.94,4358.67,307.99,2025-12-25,2025-12-25,Delivered,
SHP101850,2026-07-14,Dhaka Hub,Dhaka,Comilla,RedX,SKU1010,Cotton T-Shirt,Apparel,2,1.42,3525.94,118.07,2026-07-17,2026-07-17,Delivered,
SHP101851,2026-03-30,Rajshahi DC,Rajshahi,Sylhet,Pathao Courier,SKU1022,Table Lamp,Home & Living,1,11.15,4372.54,307.72,2026-04-02,2026-04-02,Delivered,
SHP101852,2025-09-25,Khulna DC,Khulna,Barisal,eCourier,SKU1025,Non-stick Pan (V2),Home & Living,4,5.96,3986.72,215.88,2025-09-28,,In Transit,
SHP101853,2026-02-08,Chattogram DC,Chattogram,Narayanganj,eCourier,SKU1033,Sunscreen SPF50 (V2),Beauty,1,10.74,1761.5,338.55,2026-02-13,,In Transit,
SHP101854,2026-08-02,Dhaka Hub,Dhaka,Dhaka,Sundarban Courier,SKU1045,Green Tea Pack (V2),Grocery,5,7.53,18253.6,179.38,2026-08-03,2026-08-03,Delivered,
SHP101855,2026-01-17,Khulna DC,Khulna,Chattogram,Steadfast Courier,SKU1033,Sunscreen SPF50 (V2),Beauty,5,8.12,8807.5,242.6,2026-01-21,2026-01-21,Delivered,
SHP101856,2026-03-02,Dhaka Hub,Dhaka,Chattogram,Steadfast Courier,SKU1028,Curtain Set,Home & Living,4,9.32,3284.64,257.96,2026-03-06,2026-03-06,Delivered,
SHP101857,2026-03-04,Khulna DC,Khulna,Khulna,Pathao Courier,SKU1003,Power Bank (V2),Electronics,4,0.99,12734.2,56.69,2026-03-05,2026-03-05,Delivered,
SHP101858,2026-04-17,Khulna DC,Khulna,Chattogram,Sundarban Courier,SKU1016,Saree,Apparel,4,7.61,10249.76,230.62,2026-04-20,,In Transit,
SHP101859,2025-11-04,Chattogram DC,Chattogram,Chattogram,RedX,SKU1034,Hair Serum,Beauty,5,11.1,10962.85,344.92,2025-11-06,2025-11-06,Delivered,
SHP101860,2026-06-18,Chattogram DC,Chattogram,Comilla,Pathao Courier,SKU1012,Panjabi,Apparel,3,11.48,8852.43,315.89,2026-06-22,,In Transit,
SHP101861,2026-08-09,Chattogram DC,Chattogram,Rajshahi,Sundarban Courier,SKU1040,Basmati Rice 5kg,Grocery,4,11.63,8206.44,352.73,2026-08-12,2026-08-13,Delivered Late,Customs/checkpoint delay
SHP101862,2025-10-20,Chattogram DC,Chattogram,Khulna,Pathao Courier,SKU1038,Perfume,Beauty,3,7.82,3411.18,209.6,2025-10-23,2025-10-23,Delivered,
SHP101863,2026-06-11,Dhaka Hub,Dhaka,Rajshahi,Steadfast Courier,SKU1014,Sneakers,Apparel,4,7.67,8315.4,267.65,2026-06-17,2026-06-20,Delivered Late,Warehouse backlog
SHP101864,2026-06-10,Chattogram DC,Chattogram,Narayanganj,Sundarban Courier,SKU1028,Curtain Set,Home & Living,2,6.72,1642.32,244.36,2026-06-15,2026-06-18,Delivered Late,Address issue
SHP101865,2026-05-15,Khulna DC,Khulna,Rajshahi,eCourier,SKU1028,Curtain Set,Home & Living,1,7.37,821.16,294.02,2026-05-17,2026-05-17,Delivered,
SHP101866,2026-01-07,Chattogram DC,Chattogram,Rajshahi,Sundarban Courier,SKU1010,Cotton T-Shirt,Apparel,5,7.42,8814.85,218.56,2026-01-13,2026-01-13,Delivered,
SHP101867,2026-02-10,Khulna DC,Khulna,Narayanganj,Pathao Courier,SKU1031,Face Wash (V2),Beauty,4,0.7,17434.68,88.57,2026-02-13,,In Transit,
SHP101868,2026-06-18,Rajshahi DC,Rajshahi,Dhaka,Steadfast Courier,SKU1001,Wireless Earbuds (V2),Electronics,4,1.25,8236.48,106.16,2026-06-20,2026-06-20,Delivered,
SHP101869,2025-10-23,Khulna DC,Khulna,Rajshahi,Pathao Courier,SKU1046,Spice Combo,Grocery,2,7.51,3671.06,186.79,2025-10-26,2025-10-28,Delivered Late,Warehouse backlog
SHP101870,2026-06-14,Sylhet DC,Sylhet,Mymensingh,Pathao Courier,SKU1013,Panjabi (V2),Apparel,4,3.91,14916.04,171.18,2026-06-20,2026-06-20,Delivered,
SHP101871,2026-07-16,Chattogram DC,Chattogram,Barisal,Sundarban Courier,SKU1019,Denim Jacket (V2),Apparel,3,3.76,8693.22,174.43,2026-07-19,2026-07-23,Delivered Late,Warehouse backlog
SHP101872,2026-04-24,Rajshahi DC,Rajshahi,Comilla,RedX,SKU1021,Bedsheet Set (V2),Home & Living,1,2.48,1692.19,121.32,2026-04-29,2026-05-02,Delivered Late,Courier capacity shortage
SHP101873,2025-12-28,Chattogram DC,Chattogram,Comilla,Sundarban Courier,SKU1010,Cotton T-Shirt,Apparel,5,9.65,8814.85,292.99,2026-01-02,2026-01-02,Delivered,
SHP101874,2026-03-13,Sylhet DC,Sylhet,Khulna,Pathao Courier,SKU1026,Storage Box,Home & Living,5,11.58,10901.2,372.51,2026-03-17,2026-03-17,Delivered,
SHP101875,2025-09-18,Sylhet DC,Sylhet,Comilla,Sundarban Courier,SKU1002,Power Bank,Electronics,5,7.61,19424.5,228.82,2025-09-21,2025-09-21,Delivered,
SHP101876,2026-07-20,Khulna DC,Khulna,Sylhet,Pathao Courier,SKU1016,Saree,Apparel,3,11.36,7687.32,348.18,2026-07-22,2026-07-26,Delivered Late,Failed delivery attempt
SHP101877,2025-12-28,Sylhet DC,Sylhet,Sylhet,Pathao Courier,SKU1043,Mustard Oil 1L (V2),Grocery,2,10.63,3017.58,281.52,2025-12-29,2025-12-29,Delivered,
SHP101878,2025-09-20,Khulna DC,Khulna,Narayanganj,RedX,SKU1027,Storage Box (V2),Home & Living,1,2.77,340.55,166.78,2025-09-24,,In Transit,
SHP101879,2026-06-02,Rajshahi DC,Rajshahi,Dhaka,Pathao Courier,SKU1028,Curtain Set,Home & Living,4,2.01,3284.64,140.71,2026-06-06,2026-06-06,Delivered,
SHP101880,2026-04-16,Chattogram DC,Chattogram,Khulna,Sundarban Courier,SKU1020,Bedsheet Set,Home & Living,5,2.7,17238.4,152.09,2026-04-18,,In Transit,
SHP101881,2026-04-04,Rajshahi DC,Rajshahi,Rangpur,RedX,SKU1046,Spice Combo,Grocery,1,1.34,1835.53,108.36,2026-04-09,2026-04-09,Delivered,
SHP101882,2025-09-19,Dhaka Hub,Dhaka,Rajshahi,eCourier,SKU1015,Sneakers (V2),Apparel,4,7.08,4553.96,259.05,2025-09-24,2025-09-28,Delivered Late,Courier capacity shortage
SHP101883,2026-05-18,Rajshahi DC,Rajshahi,Comilla,Pathao Courier,SKU1036,Lipstick,Beauty,1,3.54,715.16,159.76,2026-05-22,2026-05-22,Delivered,
SHP101884,2026-04-09,Dhaka Hub,Dhaka,Sylhet,Sundarban Courier,SKU1019,Denim Jacket (V2),Apparel,4,10.97,11590.96,258.98,2026-04-13,2026-04-13,Delivered,
SHP101885,2026-06-02,Rajshahi DC,Rajshahi,Barisal,Pathao Courier,SKU1005,Smartwatch (V2),Electronics,1,7.44,4393.96,236.6,2026-06-05,,Cancelled,
SHP101886,2026-06-14,Chattogram DC,Chattogram,Chattogram,Steadfast Courier,SKU1018,Denim Jacket,Apparel,5,4.44,18751.0,156.37,2026-06-15,2026-06-15,Delivered,
SHP101887,2025-11-13,Rajshahi DC,Rajshahi,Sylhet,Pathao Courier,SKU1004,Smartwatch,Electronics,1,11.82,559.67,324.61,2025-11-15,2025-11-15,Delivered,
SHP101888,2025-11-12,Dhaka Hub,Dhaka,Chattogram,Pathao Courier,SKU1002,Power Bank,Electronics,3,11.45,11654.7,346.91,2025-11-17,2025-11-17,Delivered,
SHP101889,2026-07-17,Sylhet DC,Sylhet,Mymensingh,Sundarban Courier,SKU1000,Wireless Earbuds,Electronics,4,9.39,14066.84,312.41,2026-07-19,2026-07-19,Delivered,
SHP101890,2026-03-03,Rajshahi DC,Rajshahi,Sylhet,Pathao Courier,SKU1037,Lipstick (V2),Beauty,5,9.54,11096.6,332.26,2026-03-05,,In Transit,
SHP101891,2026-01-30,Dhaka Hub,Dhaka,Rangpur,Pathao Courier,SKU1014,Sneakers,Apparel,2,11.73,4157.7,304.8,2026-02-01,2026-02-01,Delivered,
SHP101892,2025-12-09,Chattogram DC,Chattogram,Khulna,Pathao Courier,SKU1033,Sunscreen SPF50 (V2),Beauty,5,7.29,8807.5,217.56,2025-12-12,2025-12-14,Delivered Late,Warehouse backlog
SHP101893,2026-04-10,Dhaka Hub,Dhaka,Barisal,RedX,SKU1034,Hair Serum,Beauty,1,10.58,2192.57,291.11,2026-04-14,2026-04-14,Delivered,
SHP101894,2026-05-19,Chattogram DC,Chattogram,Comilla,RedX,SKU1048,Honey Jar,Grocery,3,0.96,9356.58,105.15,2026-05-24,,Delayed,Address issue
SHP101895,2025-09-01,Chattogram DC,Chattogram,Comilla,RedX,SKU1024,Non-stick Pan,Home & Living,5,6.74,17679.85,191.69,2025-09-05,2025-09-05,Delivered,
SHP101896,2026-03-11,Khulna DC,Khulna,Dhaka,eCourier,SKU1023,Table Lamp (V2),Home & Living,2,6.13,8070.16,247.02,2026-03-15,2026-03-15,Returned,
SHP101897,2026-08-10,Chattogram DC,Chattogram,Mymensingh,Sundarban Courier,SKU1011,Cotton T-Shirt (V2),Apparel,3,0.65,12544.29,99.59,2026-08-14,2026-08-13,Delivered,
SHP101898,2025-12-07,Dhaka Hub,Dhaka,Narayanganj,Steadfast Courier,SKU1017,Saree (V2),Apparel,3,1.23,1282.83,130.57,2025-12-11,2025-12-11,Returned,
SHP101899,2025-12-07,Dhaka Hub,Dhaka,Rangpur,eCourier,SKU1014,Sneakers,Apparel,2,0.46,4157.7,78.56,2025-12-12,2025-12-12,Delivered,
SHP101900,2026-07-01,Rajshahi DC,Rajshahi,Chattogram,eCourier,SKU1043,Mustard Oil 1L (V2),Grocery,4,3.67,6035.16,194.65,2026-07-06,2026-07-06,Delivered,
SHP101901,2025-09-22,Rajshahi DC,Rajshahi,Rangpur,eCourier,SKU1015,Sneakers (V2),Apparel,3,0.83,3415.47,81.88,2025-09-27,,In Transit,
SHP101902,2026-01-16,Chattogram DC,Chattogram,Rangpur,Sundarban Courier,SKU1026,Storage Box,Home & Living,4,5.19,8720.96,166.59,2026-01-21,2026-01-21,Delivered,
SHP101903,2026-02-06,Dhaka Hub,Dhaka,Rangpur,Sundarban Courier,SKU1007,Bluetooth Speaker (V2),Electronics,3,9.79,10708.14,221.77,2026-02-12,2026-02-12,Delivered,
SHP101904,2026-06-04,Dhaka Hub,Dhaka,Rajshahi,Sundarban Courier,SKU1045,Green Tea Pack (V2),Grocery,5,7.44,18253.6,260.39,2026-06-08,2026-06-08,Delivered,
SHP101905,2025-10-15,Rajshahi DC,Rajshahi,Barisal,Pathao Courier,SKU1024,Non-stick Pan,Home & Living,3,8.15,10607.91,296.91,2025-10-19,,In Transit,
SHP101906,2026-01-29,Khulna DC,Khulna,Rangpur,Sundarban Courier,SKU1016,Saree,Apparel,4,0.57,10249.76,74.58,2026-02-03,2026-02-07,Delivered Late,Vehicle breakdown
SHP101907,2025-10-23,Khulna DC,Khulna,Rajshahi,Pathao Courier,SKU1028,Curtain Set,Home & Living,4,10.11,3284.64,305.99,2025-10-26,2025-10-26,Delivered,
SHP101908,2026-05-31,Chattogram DC,Chattogram,Mymensingh,Pathao Courier,SKU1007,Bluetooth Speaker (V2),Electronics,5,1.93,17846.9,121.85,2026-06-03,,In Transit,
SHP101909,2026-04-07,Khulna DC,Khulna,Mymensingh,Steadfast Courier,SKU1014,Sneakers,Apparel,5,3.77,10394.25,139.77,2026-04-13,2026-04-13,Delivered,
SHP101910,2026-02-19,Dhaka Hub,Dhaka,Khulna,RedX,SKU1026,Storage Box,Home & Living,2,6.3,4360.48,244.19,2026-02-23,2026-02-23,Delivered,
SHP101911,2026-01-14,Khulna DC,Khulna,Rangpur,RedX,SKU1045,Green Tea Pack (V2),Grocery,2,11.17,7301.44,319.32,2026-01-16,2026-01-16,Delivered,
SHP101912,2025-10-23,Sylhet DC,Sylhet,Mymensingh,Sundarban Courier,SKU1049,Honey Jar (V2),Grocery,2,11.98,1515.84,334.17,2025-10-27,2025-10-27,Delivered,
SHP101913,2026-07-16,Chattogram DC,Chattogram,Rajshahi,RedX,SKU1006,Bluetooth Speaker,Electronics,3,9.44,10382.88,339.46,2026-07-19,2026-07-19,Delivered,
SHP101914,2026-04-13,Khulna DC,Khulna,Mymensingh,Steadfast Courier,SKU1002,Power Bank,Electronics,3,8.81,11654.7,253.39,2026-04-16,2026-04-16,Delivered,
SHP101915,2025-12-20,Khulna DC,Khulna,Chattogram,RedX,SKU1028,Curtain Set,Home & Living,1,6.43,821.16,223.17,2025-12-24,2025-12-24,Delivered,
SHP101916,2026-01-22,Sylhet DC,Sylhet,Khulna,RedX,SKU1043,Mustard Oil 1L (V2),Grocery,5,8.05,7543.95,276.4,2026-01-26,2026-01-26,Delivered,
SHP101917,2026-05-10,Dhaka Hub,Dhaka,Mymensingh,Sundarban Courier,SKU1023,Table Lamp (V2),Home & Living,5,1.9,20175.4,106.35,2026-05-14,,In Transit,
SHP101918,2026-05-07,Dhaka Hub,Dhaka,Comilla,Sundarban Courier,SKU1002,Power Bank,Electronics,4,3.38,15539.6,141.82,2026-05-09,2026-05-09,Delivered,
SHP101919,2026-02-07,Rajshahi DC,Rajshahi,Rangpur,RedX,SKU1019,Denim Jacket (V2),Apparel,2,11.82,5795.48,336.27,2026-02-11,2026-02-11,Delivered,
SHP101920,2025-12-14,Chattogram DC,Chattogram,Rangpur,Steadfast Courier,SKU1045,Green Tea Pack (V2),Grocery,5,11.76,18253.6,317.17,2025-12-16,2025-12-18,Delivered Late,Weather disruption
SHP101921,2026-04-17,Chattogram DC,Chattogram,Khulna,Sundarban Courier,SKU1014,Sneakers,Apparel,2,4.01,4157.7,130.17,2026-04-21,2026-04-21,Delivered,
SHP101922,2026-04-16,Khulna DC,Khulna,Mymensingh,Sundarban Courier,SKU1024,Non-stick Pan,Home & Living,2,3.04,7071.94,159.09,2026-04-21,,In Transit,
SHP101923,2026-03-27,Chattogram DC,Chattogram,Khulna,Sundarban Courier,SKU1029,Curtain Set (V2),Home & Living,5,2.91,15606.3,121.83,2026-03-30,2026-03-30,Delivered,
SHP101924,2025-09-26,Chattogram DC,Chattogram,Dhaka,Sundarban Courier,SKU1013,Panjabi (V2),Apparel,5,5.92,18645.05,246.82,2025-10-02,2025-10-02,Delivered,
SHP101925,2026-02-11,Khulna DC,Khulna,Sylhet,Steadfast Courier,SKU1006,Bluetooth Speaker,Electronics,3,2.84,10382.88,137.24,2026-02-16,2026-02-16,Delivered,
SHP101926,2026-04-01,Sylhet DC,Sylhet,Rangpur,eCourier,SKU1016,Saree,Apparel,1,7.85,2562.44,299.23,2026-04-04,2026-04-04,Delivered,
SHP101927,2026-07-26,Khulna DC,Khulna,Narayanganj,Sundarban Courier,SKU1043,Mustard Oil 1L (V2),Grocery,1,1.08,1508.79,128.35,2026-07-30,2026-07-30,Delivered,
SHP101928,2026-03-01,Dhaka Hub,Dhaka,Rajshahi,Sundarban Courier,SKU1019,Denim Jacket (V2),Apparel,5,1.42,14488.7,101.76,2026-03-03,2026-03-06,Delivered Late,Weather disruption
SHP101929,2025-12-28,Sylhet DC,Sylhet,Comilla,Sundarban Courier,SKU1035,Hair Serum (V2),Beauty,2,3.47,1948.4,166.9,2025-12-30,2025-12-30,Delivered,
SHP101930,2026-03-12,Sylhet DC,Sylhet,Mymensingh,Pathao Courier,SKU1008,Phone Case,Electronics,4,9.37,2829.16,331.83,2026-03-18,2026-03-18,Delivered,
SHP101931,2025-11-01,Khulna DC,Khulna,Barisal,RedX,SKU1037,Lipstick (V2),Beauty,2,4.01,4438.64,180.13,2025-11-06,2025-11-06,Delivered,
SHP101932,2025-10-02,Dhaka Hub,Dhaka,Comilla,eCourier,SKU1047,Spice Combo (V2),Grocery,3,5.76,4212.69,250.87,2025-10-07,2025-10-09,Delivered Late,Weather disruption
SHP101933,2026-04-23,Dhaka Hub,Dhaka,Rajshahi,RedX,SKU1021,Bedsheet Set (V2),Home & Living,5,7.95,8460.95,202.76,2026-04-27,,Delayed,Vehicle breakdown
SHP101934,2026-08-08,Khulna DC,Khulna,Rajshahi,Pathao Courier,SKU1001,Wireless Earbuds (V2),Electronics,3,9.5,6177.36,325.07,2026-08-14,2026-08-13,Delivered,
SHP101935,2026-06-20,Khulna DC,Khulna,Mymensingh,eCourier,SKU1023,Table Lamp (V2),Home & Living,3,3.82,12105.24,150.6,2026-06-26,,In Transit,
SHP101936,2026-03-21,Rajshahi DC,Rajshahi,Rangpur,eCourier,SKU1007,Bluetooth Speaker (V2),Electronics,3,8.83,10708.14,266.08,2026-03-23,2026-03-27,Delivered Late,Weather disruption
SHP101937,2025-09-14,Chattogram DC,Chattogram,Barisal,Pathao Courier,SKU1010,Cotton T-Shirt,Apparel,2,3.58,3525.94,140.26,2025-09-17,2025-09-17,Delivered,
SHP101938,2026-08-08,Rajshahi DC,Rajshahi,Rajshahi,RedX,SKU1012,Panjabi,Apparel,3,7.8,8852.43,191.41,2026-08-10,2026-08-10,Delivered,
SHP101939,2026-02-03,Chattogram DC,Chattogram,Narayanganj,RedX,SKU1016,Saree,Apparel,3,5.52,7687.32,194.05,2026-02-06,2026-02-06,Delivered,
SHP101940,2025-12-10,Khulna DC,Khulna,Dhaka,eCourier,SKU1007,Bluetooth Speaker (V2),Electronics,1,11.13,3569.38,277.24,2025-12-14,2025-12-14,Delivered,
SHP101941,2026-07-06,Dhaka Hub,Dhaka,Dhaka,Pathao Courier,SKU1020,Bedsheet Set,Home & Living,3,11.79,10343.04,346.31,2026-07-08,2026-07-12,Delivered Late,Warehouse backlog
SHP101942,2026-05-17,Rajshahi DC,Rajshahi,Rajshahi,Pathao Courier,SKU1017,Saree (V2),Apparel,4,9.33,1710.44,227.21,2026-05-19,2026-05-22,Delivered Late,Courier capacity shortage
SHP101943,2026-05-18,Chattogram DC,Chattogram,Dhaka,Sundarban Courier,SKU1029,Curtain Set (V2),Home & Living,1,11.0,3121.26,297.63,2026-05-20,2026-05-20,Delivered,
SHP101944,2025-12-06,Rajshahi DC,Rajshahi,Khulna,Pathao Courier,SKU1017,Saree (V2),Apparel,5,1.81,2138.05,133.23,2025-12-11,2025-12-11,Delivered,
SHP101945,2026-08-10,Chattogram DC,Chattogram,Barisal,Sundarban Courier,SKU1045,Green Tea Pack (V2),Grocery,5,7.92,18253.6,310.45,2026-08-14,,Delayed,Vehicle breakdown
SHP101946,2026-02-04,Khulna DC,Khulna,Rajshahi,eCourier,SKU1046,Spice Combo,Grocery,4,2.54,7342.12,125.14,2026-02-06,2026-02-06,Delivered,
SHP101947,2026-03-03,Sylhet DC,Sylhet,Sylhet,Pathao Courier,SKU1030,Face Wash,Beauty,1,3.47,3389.72,93.4,2026-03-04,2026-03-04,Delivered,
SHP101948,2026-05-18,Dhaka Hub,Dhaka,Sylhet,Sundarban Courier,SKU1037,Lipstick (V2),Beauty,3,6.37,6657.96,265.58,2026-05-22,,Cancelled,
SHP101949,2026-04-17,Dhaka Hub,Dhaka,Rangpur,Steadfast Courier,SKU1031,Face Wash (V2),Beauty,5,8.96,21793.35,219.17,2026-04-22,2026-04-22,Delivered,
SHP101950,2025-10-30,Khulna DC,Khulna,Narayanganj,RedX,SKU1010,Cotton T-Shirt,Apparel,1,8.71,1762.97,240.68,2025-11-05,2025-11-05,Delivered,
SHP101951,2025-12-14,Dhaka Hub,Dhaka,Mymensingh,Sundarban Courier,SKU1044,Green Tea Pack,Grocery,4,10.46,15081.32,374.8,2025-12-16,2025-12-17,Delivered Late,Warehouse backlog
SHP101952,2026-01-03,Chattogram DC,Chattogram,Barisal,RedX,SKU1024,Non-stick Pan,Home & Living,5,6.8,17679.85,201.13,2026-01-06,2026-01-06,Delivered,
SHP101953,2026-07-25,Sylhet DC,Sylhet,Chattogram,Pathao Courier,SKU1032,Sunscreen SPF50,Beauty,1,11.13,1567.34,256.36,2026-07-27,2026-07-27,Delivered,
SHP101954,2026-05-06,Chattogram DC,Chattogram,Sylhet,Pathao Courier,SKU1037,Lipstick (V2),Beauty,2,10.68,4438.64,338.84,2026-05-08,,In Transit,
SHP101955,2026-01-05,Dhaka Hub,Dhaka,Rajshahi,RedX,SKU1040,Basmati Rice 5kg,Grocery,4,10.22,8206.44,303.94,2026-01-11,2026-01-11,Delivered,
SHP101956,2026-05-13,Khulna DC,Khulna,Sylhet,Sundarban Courier,SKU1007,Bluetooth Speaker (V2),Electronics,5,2.91,17846.9,123.16,2026-05-18,2026-05-18,Delivered,
SHP101957,2026-05-14,Khulna DC,Khulna,Rangpur,Sundarban Courier,SKU1010,Cotton T-Shirt,Apparel,4,6.47,7051.88,243.57,2026-05-17,2026-05-17,Delivered,
SHP101958,2026-01-15,Khulna DC,Khulna,Khulna,Pathao Courier,SKU1021,Bedsheet Set (V2),Home & Living,3,8.89,5076.57,276.75,2026-01-17,,In Transit,
SHP101959,2026-01-18,Rajshahi DC,Rajshahi,Comilla,eCourier,SKU1023,Table Lamp (V2),Home & Living,4,11.72,16140.32,413.56,2026-01-24,2026-01-24,Delivered,
SHP101960,2026-07-07,Dhaka Hub,Dhaka,Sylhet,Pathao Courier,SKU1040,Basmati Rice 5kg,Grocery,3,0.34,6154.83,89.08,2026-07-10,2026-07-10,Delivered,
SHP101961,2026-03-14,Sylhet DC,Sylhet,Rajshahi,eCourier,SKU1016,Saree,Apparel,3,4.06,7687.32,173.27,2026-03-16,2026-03-16,Delivered,
SHP101962,2025-10-22,Chattogram DC,Chattogram,Mymensingh,Sundarban Courier,SKU1011,Cotton T-Shirt (V2),Apparel,4,4.24,16725.72,181.55,2025-10-27,2025-10-27,Delivered,
SHP101963,2026-05-08,Rajshahi DC,Rajshahi,Sylhet,RedX,SKU1045,Green Tea Pack (V2),Grocery,1,3.6,3650.72,149.8,2026-05-13,2026-05-14,Delivered Late,Vehicle breakdown
SHP101964,2026-03-23,Sylhet DC,Sylhet,Mymensingh,Pathao Courier,SKU1031,Face Wash (V2),Beauty,2,9.85,8717.34,275.37,2026-03-26,,In Transit,
SHP101965,2026-02-24,Dhaka Hub,Dhaka,Barisal,Pathao Courier,SKU1014,Sneakers,Apparel,1,0.73,2078.85,103.41,2026-02-28,2026-02-28,Delivered,
SHP101966,2026-05-09,Khulna DC,Khulna,Rangpur,RedX,SKU1015,Sneakers (V2),Apparel,4,4.44,4553.96,142.75,2026-05-12,2026-05-17,Delivered Late,Failed delivery attempt
SHP101967,2026-07-11,Dhaka Hub,Dhaka,Rajshahi,RedX,SKU1021,Bedsheet Set (V2),Home & Living,4,8.6,6768.76,207.86,2026-07-15,2026-07-18,Delivered Late,Warehouse backlog
SHP101968,2025-12-24,Chattogram DC,Chattogram,Narayanganj,Pathao Courier,SKU1027,Storage Box (V2),Home & Living,1,5.0,340.55,183.87,2025-12-29,2026-01-02,Delivered Late,Courier capacity shortage
SHP101969,2026-01-24,Khulna DC,Khulna,Mymensingh,Sundarban Courier,SKU1019,Denim Jacket (V2),Apparel,1,1.9,2897.74,136.47,2026-01-27,2026-01-27,Delivered,
SHP101970,2025-11-05,Sylhet DC,Sylhet,Chattogram,Sundarban Courier,SKU1032,Sunscreen SPF50,Beauty,2,7.41,3134.68,193.59,2025-11-10,2025-11-10,Delivered,
SHP101971,2026-04-12,Khulna DC,Khulna,Barisal,Pathao Courier,SKU1009,Phone Case (V2),Electronics,2,6.37,4218.36,220.83,2026-04-16,2026-04-16,Delivered,
SHP101972,2026-01-18,Sylhet DC,Sylhet,Narayanganj,RedX,SKU1039,Perfume (V2),Beauty,3,11.79,9191.07,268.14,2026-01-23,2026-01-23,Delivered,
SHP101973,2025-12-28,Rajshahi DC,Rajshahi,Sylhet,Pathao Courier,SKU1031,Face Wash (V2),Beauty,3,9.03,13076.01,242.68,2026-01-02,2026-01-02,Delivered,
SHP101974,2026-04-29,Sylhet DC,Sylhet,Barisal,RedX,SKU1049,Honey Jar (V2),Grocery,2,11.84,1515.84,411.57,2026-05-03,2026-05-03,Delivered,
SHP101975,2026-01-20,Dhaka Hub,Dhaka,Mymensingh,Pathao Courier,SKU1032,Sunscreen SPF50,Beauty,1,2.4,1567.34,123.71,2026-01-23,2026-01-23,Delivered,
SHP101976,2026-02-08,Dhaka Hub,Dhaka,Sylhet,Sundarban Courier,SKU1001,Wireless Earbuds (V2),Electronics,4,9.19,8236.48,298.68,2026-02-11,2026-02-11,Delivered,
SHP101977,2026-01-31,Khulna DC,Khulna,Barisal,Sundarban Courier,SKU1032,Sunscreen SPF50,Beauty,4,6.71,6269.36,222.83,2026-02-05,2026-02-05,Delivered,
SHP101978,2025-11-29,Dhaka Hub,Dhaka,Barisal,Sundarban Courier,SKU1032,Sunscreen SPF50,Beauty,4,8.61,6269.36,220.77,2025-12-04,2025-12-04,Delivered,
SHP101979,2025-10-14,Chattogram DC,Chattogram,Chattogram,Sundarban Courier,SKU1040,Basmati Rice 5kg,Grocery,5,5.72,10258.05,191.85,2025-10-15,2025-10-15,Delivered,
SHP101980,2026-06-14,Dhaka Hub,Dhaka,Chattogram,Steadfast Courier,SKU1012,Panjabi,Apparel,5,2.71,14754.05,112.75,2026-06-20,2026-06-20,Delivered,
SHP101981,2025-10-02,Chattogram DC,Chattogram,Barisal,Sundarban Courier,SKU1029,Curtain Set (V2),Home & Living,5,0.74,15606.3,108.95,2025-10-07,2025-10-07,Delivered,
SHP101982,2025-12-22,Sylhet DC,Sylhet,Chattogram,eCourier,SKU1032,Sunscreen SPF50,Beauty,4,10.09,6269.36,340.87,2025-12-25,2025-12-25,Returned,
SHP101983,2026-04-19,Dhaka Hub,Dhaka,Narayanganj,Pathao Courier,SKU1012,Panjabi,Apparel,1,9.81,2950.81,300.53,2026-04-22,2026-04-22,Delivered,
SHP101984,2025-10-16,Sylhet DC,Sylhet,Barisal,Sundarban Courier,SKU1025,Non-stick Pan (V2),Home & Living,2,2.12,1993.36,118.18,2025-10-20,2025-10-20,Delivered,
SHP101985,2026-04-15,Rajshahi DC,Rajshahi,Mymensingh,Pathao Courier,SKU1021,Bedsheet Set (V2),Home & Living,3,7.81,5076.57,278.51,2026-04-17,2026-04-20,Delivered Late,Address issue
SHP101986,2026-05-12,Dhaka Hub,Dhaka,Khulna,Sundarban Courier,SKU1038,Perfume,Beauty,4,8.91,4548.24,222.73,2026-05-18,2026-05-18,Delivered,
SHP101987,2026-04-18,Dhaka Hub,Dhaka,Sylhet,RedX,SKU1001,Wireless Earbuds (V2),Electronics,5,6.78,10295.6,201.34,2026-04-23,2026-04-23,Delivered,
SHP101988,2025-12-15,Chattogram DC,Chattogram,Rajshahi,eCourier,SKU1037,Lipstick (V2),Beauty,4,3.94,8877.28,169.15,2025-12-17,2025-12-17,Delivered,
SHP101989,2025-09-07,Rajshahi DC,Rajshahi,Mymensingh,RedX,SKU1038,Perfume,Beauty,2,10.6,2274.12,261.97,2025-09-11,2025-09-11,Delivered,
SHP101990,2026-07-05,Sylhet DC,Sylhet,Khulna,RedX,SKU1025,Non-stick Pan (V2),Home & Living,4,7.78,3986.72,241.84,2026-07-08,2026-07-08,Delivered,
SHP101991,2025-12-22,Khulna DC,Khulna,Sylhet,Pathao Courier,SKU1045,Green Tea Pack (V2),Grocery,4,8.7,14602.88,241.06,2025-12-26,2025-12-26,Delivered,
SHP101992,2026-06-06,Dhaka Hub,Dhaka,Chattogram,Pathao Courier,SKU1049,Honey Jar (V2),Grocery,4,7.89,3031.68,308.41,2026-06-09,2026-06-09,Delivered,
SHP101993,2025-11-08,Khulna DC,Khulna,Barisal,eCourier,SKU1014,Sneakers,Apparel,3,8.71,6236.55,305.83,2025-11-13,2025-11-13,Delivered,
SHP101994,2025-10-27,Dhaka Hub,Dhaka,Rangpur,Pathao Courier,SKU1033,Sunscreen SPF50 (V2),Beauty,4,1.91,7046.0,132.94,2025-11-01,2025-11-01,Delivered,
SHP101995,2026-05-28,Khulna DC,Khulna,Barisal,Pathao Courier,SKU1041,Basmati Rice 5kg (V2),Grocery,2,11.09,7544.3,263.0,2026-06-03,2026-06-03,Delivered,
SHP101996,2026-07-23,Dhaka Hub,Dhaka,Sylhet,Steadfast Courier,SKU1043,Mustard Oil 1L (V2),Grocery,2,3.57,3017.58,162.35,2026-07-26,2026-07-26,Delivered,
SHP101997,2026-06-25,Rajshahi DC,Rajshahi,Sylhet,Steadfast Courier,SKU1048,Honey Jar,Grocery,2,10.07,6237.72,254.47,2026-06-29,2026-06-29,Delivered,
SHP101998,2026-05-18,Chattogram DC,Chattogram,Khulna,RedX,SKU1039,Perfume (V2),Beauty,2,10.74,6127.38,284.74,2026-05-23,2026-05-23,Delivered,
SHP101999,2025-11-25,Dhaka Hub,Dhaka,Khulna,Sundarban Courier,SKU1010,Cotton T-Shirt,Apparel,4,7.88,7051.88,237.62,2025-11-28,2025-11-28,Delivered,
SHP102000,2026-07-13,Chattogram DC,Chattogram,Sylhet,eCourier,SKU1002,Power Bank,Electronics,2,7.26,7769.8,213.21,2026-07-17,2026-07-17,Delivered,
SHP102001,2026-04-20,Dhaka Hub,Dhaka,Narayanganj,Pathao Courier,SKU1005,Smartwatch (V2),Electronics,1,1.49,4393.96,89.03,2026-04-26,,In Transit,
SHP102002,2025-10-30,Dhaka Hub,Dhaka,Khulna,Sundarban Courier,SKU1008,Phone Case,Electronics,1,5.35,707.29,181.08,2025-11-04,2025-11-04,Delivered,
SHP102003,2025-10-15,Sylhet DC,Sylhet,Sylhet,Sundarban Courier,SKU1005,Smartwatch (V2),Electronics,5,7.42,21969.8,153.42,2025-10-17,2025-10-17,Returned,
SHP102004,2026-06-29,Chattogram DC,Chattogram,Rangpur,Steadfast Courier,SKU1008,Phone Case,Electronics,3,1.17,2121.87,101.64,2026-07-03,2026-07-03,Delivered,
SHP102005,2025-12-05,Chattogram DC,Chattogram,Comilla,Steadfast Courier,SKU1038,Perfume,Beauty,3,1.52,3411.18,124.73,2025-12-09,2025-12-14,Delivered Late,Courier capacity shortage
SHP102006,2026-05-23,Rajshahi DC,Rajshahi,Rajshahi,RedX,SKU1030,Face Wash,Beauty,5,11.92,16948.6,345.52,2026-05-25,2026-05-25,Delivered,
SHP102007,2025-10-18,Dhaka Hub,Dhaka,Rangpur,Pathao Courier,SKU1031,Face Wash (V2),Beauty,1,4.12,4358.67,187.79,2025-10-22,2025-10-22,Delivered,
SHP102008,2025-12-07,Chattogram DC,Chattogram,Dhaka,Sundarban Courier,SKU1040,Basmati Rice 5kg,Grocery,5,4.33,10258.05,173.62,2025-12-10,2025-12-11,Delivered Late,Address issue
SHP102009,2025-12-08,Dhaka Hub,Dhaka,Barisal,Pathao Courier,SKU1049,Honey Jar (V2),Grocery,4,3.17,3031.68,154.34,2025-12-13,,Cancelled,
SHP102010,2025-12-07,Sylhet DC,Sylhet,Dhaka,Steadfast Courier,SKU1011,Cotton T-Shirt (V2),Apparel,4,7.82,16725.72,222.62,2025-12-11,2025-12-14,Delivered Late,Vehicle breakdown
SHP102011,2026-04-22,Chattogram DC,Chattogram,Chattogram,Pathao Courier,SKU1007,Bluetooth Speaker (V2),Electronics,3,5.78,10708.14,140.1,2026-04-23,2026-04-23,Delivered,
SHP102012,2026-07-14,Dhaka Hub,Dhaka,Barisal,Pathao Courier,SKU1007,Bluetooth Speaker (V2),Electronics,4,9.53,14277.52,291.66,2026-07-19,2026-07-19,Delivered,
SHP102013,2026-07-12,Dhaka Hub,Dhaka,Sylhet,eCourier,SKU1049,Honey Jar (V2),Grocery,2,6.25,1515.84,185.14,2026-07-17,2026-07-17,Delivered,
SHP102014,2026-05-15,Rajshahi DC,Rajshahi,Dhaka,Sundarban Courier,SKU1027,Storage Box (V2),Home & Living,2,0.38,681.1,74.22,2026-05-18,2026-05-18,Delivered,
SHP102015,2025-11-10,Dhaka Hub,Dhaka,Chattogram,eCourier,SKU1019,Denim Jacket (V2),Apparel,5,5.9,14488.7,232.59,2025-11-14,2025-11-14,Delivered,
SHP102016,2026-07-30,Khulna DC,Khulna,Mymensingh,Pathao Courier,SKU1046,Spice Combo,Grocery,2,0.85,3671.06,87.9,2026-08-03,2026-08-03,Delivered,
SHP102017,2026-03-07,Rajshahi DC,Rajshahi,Barisal,eCourier,SKU1006,Bluetooth Speaker,Electronics,4,9.96,13843.84,277.88,2026-03-10,2026-03-10,Delivered,
SHP102018,2026-03-08,Sylhet DC,Sylhet,Khulna,Pathao Courier,SKU1010,Cotton T-Shirt,Apparel,5,1.54,8814.85,128.23,2026-03-10,,Delayed,Warehouse backlog
SHP102019,2026-05-01,Chattogram DC,Chattogram,Narayanganj,Pathao Courier,SKU1019,Denim Jacket (V2),Apparel,3,2.76,8693.22,150.4,2026-05-06,2026-05-06,Delivered,
SHP102020,2026-05-25,Khulna DC,Khulna,Khulna,Sundarban Courier,SKU1015,Sneakers (V2),Apparel,2,5.63,2276.98,130.61,2026-05-26,2026-05-26,Delivered,
SHP102021,2026-07-27,Rajshahi DC,Rajshahi,Comilla,Pathao Courier,SKU1003,Power Bank (V2),Electronics,5,2.5,15917.75,140.69,2026-08-02,2026-08-02,Delivered,
SHP102022,2026-03-21,Dhaka Hub,Dhaka,Khulna,RedX,SKU1005,Smartwatch (V2),Electronics,5,6.56,21969.8,231.45,2026-03-24,2026-03-24,Delivered,
SHP102023,2026-03-31,Rajshahi DC,Rajshahi,Dhaka,Pathao Courier,SKU1021,Bedsheet Set (V2),Home & Living,3,5.64,5076.57,180.32,2026-04-04,2026-04-04,Delivered,
SHP102024,2026-05-16,Rajshahi DC,Rajshahi,Chattogram,Pathao Courier,SKU1025,Non-stick Pan (V2),Home & Living,1,11.44,996.68,283.04,2026-05-19,2026-05-20,Delivered Late,Courier capacity shortage
SHP102025,2025-11-28,Dhaka Hub,Dhaka,Sylhet,eCourier,SKU1002,Power Bank,Electronics,3,1.24,11654.7,89.79,2025-12-04,2025-12-04,Delivered,
SHP102026,2025-12-16,Dhaka Hub,Dhaka,Chattogram,Pathao Courier,SKU1040,Basmati Rice 5kg,Grocery,3,7.01,6154.83,249.46,2025-12-21,2025-12-21,Delivered,
SHP102027,2026-04-05,Khulna DC,Khulna,Chattogram,RedX,SKU1041,Basmati Rice 5kg (V2),Grocery,1,8.7,3772.15,259.6,2026-04-11,2026-04-11,Delivered,
SHP102028,2025-09-23,Dhaka Hub,Dhaka,Khulna,eCourier,SKU1013,Panjabi (V2),Apparel,3,1.71,11187.03,126.82,2025-09-27,2025-09-27,Delivered,
SHP102029,2025-12-20,Khulna DC,Khulna,Narayanganj,Pathao Courier,SKU1010,Cotton T-Shirt,Apparel,1,7.71,1762.97,268.7,2025-12-23,2025-12-23,Delivered,
SHP102030,2026-05-07,Dhaka Hub,Dhaka,Sylhet,eCourier,SKU1017,Saree (V2),Apparel,4,10.4,1710.44,303.5,2026-05-11,2026-05-11,Delivered,
SHP102031,2026-08-04,Khulna DC,Khulna,Sylhet,Pathao Courier,SKU1011,Cotton T-Shirt (V2),Apparel,3,9.49,12544.29,231.22,2026-08-07,2026-08-07,Delivered,
SHP102032,2026-02-27,Chattogram DC,Chattogram,Narayanganj,Sundarban Courier,SKU1022,Table Lamp,Home & Living,4,11.24,17490.16,336.3,2026-03-02,2026-03-02,Delivered,
SHP102033,2026-01-17,Dhaka Hub,Dhaka,Sylhet,Pathao Courier,SKU1011,Cotton T-Shirt (V2),Apparel,3,8.7,12544.29,305.78,2026-01-19,2026-01-19,Delivered,
SHP102034,2026-01-31,Dhaka Hub,Dhaka,Comilla,eCourier,SKU1012,Panjabi,Apparel,4,4.85,11803.24,172.15,2026-02-02,2026-02-02,Delivered,
SHP102035,2026-04-26,Dhaka Hub,Dhaka,Rangpur,RedX,SKU1024,Non-stick Pan,Home & Living,4,11.06,14143.88,355.59,2026-04-30,2026-04-30,Delivered,
SHP102036,2026-03-08,Sylhet DC,Sylhet,Narayanganj,RedX,SKU1044,Green Tea Pack,Grocery,1,2.86,3770.33,130.08,2026-03-14,2026-03-14,Delivered,
SHP102037,2025-09-09,Dhaka Hub,Dhaka,Barisal,Steadfast Courier,SKU1018,Denim Jacket,Apparel,3,7.09,11250.6,214.86,2025-09-14,2025-09-14,Delivered,
SHP102038,2026-03-06,Rajshahi DC,Rajshahi,Barisal,Sundarban Courier,SKU1045,Green Tea Pack (V2),Grocery,4,9.23,14602.88,310.25,2026-03-11,,In Transit,
SHP102039,2026-01-17,Khulna DC,Khulna,Sylhet,Steadfast Courier,SKU1035,Hair Serum (V2),Beauty,3,10.49,2922.6,238.9,2026-01-20,2026-01-20,Delivered,
SHP102040,2026-05-01,Chattogram DC,Chattogram,Barisal,eCourier,SKU1044,Green Tea Pack,Grocery,2,11.02,7540.66,331.56,2026-05-06,2026-05-06,Delivered,
SHP102041,2026-06-30,Rajshahi DC,Rajshahi,Rangpur,Steadfast Courier,SKU1007,Bluetooth Speaker (V2),Electronics,5,1.2,17846.9,115.95,2026-07-04,2026-07-04,Delivered,
SHP102042,2026-07-31,Khulna DC,Khulna,Narayanganj,Steadfast Courier,SKU1028,Curtain Set,Home & Living,1,8.77,821.16,210.53,2026-08-02,2026-08-02,Delivered,
SHP102043,2026-03-31,Khulna DC,Khulna,Dhaka,Steadfast Courier,SKU1031,Face Wash (V2),Beauty,5,2.61,21793.35,143.46,2026-04-04,2026-04-04,Delivered,
SHP102044,2026-01-04,Dhaka Hub,Dhaka,Chattogram,Pathao Courier,SKU1043,Mustard Oil 1L (V2),Grocery,4,9.39,6035.16,309.21,2026-01-07,2026-01-07,Delivered,
SHP102045,2026-02-01,Khulna DC,Khulna,Dhaka,eCourier,SKU1017,Saree (V2),Apparel,2,8.47,855.22,276.45,2026-02-06,2026-02-06,Delivered,
SHP102046,2025-11-01,Sylhet DC,Sylhet,Mymensingh,eCourier,SKU1005,Smartwatch (V2),Electronics,1,2.34,4393.96,145.26,2025-11-06,2025-11-06,Delivered,
SHP102047,2026-07-21,Rajshahi DC,Rajshahi,Dhaka,RedX,SKU1017,Saree (V2),Apparel,5,10.03,2138.05,347.83,2026-07-24,2026-07-24,Delivered,
SHP102048,2026-06-21,Sylhet DC,Sylhet,Narayanganj,Pathao Courier,SKU1018,Denim Jacket,Apparel,3,5.65,11250.6,163.63,2026-06-25,2026-06-25,Delivered,
SHP102049,2026-06-23,Khulna DC,Khulna,Khulna,Steadfast Courier,SKU1021,Bedsheet Set (V2),Home & Living,5,6.62,8460.95,199.54,2026-06-25,2026-06-29,Delivered Late,Address issue
SHP102050,2025-12-23,Chattogram DC,Chattogram,Sylhet,Pathao Courier,SKU1036,Lipstick,Beauty,5,11.66,3575.8,292.9,2025-12-26,2025-12-26,Delivered,
SHP102051,2025-12-21,Dhaka Hub,Dhaka,Narayanganj,Sundarban Courier,SKU1031,Face Wash (V2),Beauty,1,7.95,4358.67,301.57,2025-12-26,2025-12-26,Delivered,
SHP102052,2026-06-24,Dhaka Hub,Dhaka,Mymensingh,RedX,SKU1040,Basmati Rice 5kg,Grocery,4,7.15,8206.44,237.33,2026-06-29,2026-06-29,Delivered,
SHP102053,2026-03-08,Rajshahi DC,Rajshahi,Barisal,Pathao Courier,SKU1002,Power Bank,Electronics,2,0.4,7769.8,98.66,2026-03-13,2026-03-13,Delivered,
SHP102054,2026-05-02,Khulna DC,Khulna,Comilla,eCourier,SKU1027,Storage Box (V2),Home & Living,5,2.55,1702.75,107.11,2026-05-05,2026-05-05,Delivered,
SHP102055,2026-02-17,Chattogram DC,Chattogram,Mymensingh,Pathao Courier,SKU1009,Phone Case (V2),Electronics,2,0.51,4218.36,98.89,2026-02-21,2026-02-21,Delivered,
SHP102056,2026-02-01,Khulna DC,Khulna,Rangpur,RedX,SKU1034,Hair Serum,Beauty,1,4.13,2192.57,195.81,2026-02-03,2026-02-03,Delivered,
SHP102057,2026-04-07,Dhaka Hub,Dhaka,Khulna,eCourier,SKU1028,Curtain Set,Home & Living,4,4.27,3284.64,153.0,2026-04-09,2026-04-09,Delivered,
SHP102058,2026-06-09,Dhaka Hub,Dhaka,Narayanganj,Sundarban Courier,SKU1014,Sneakers,Apparel,3,6.46,6236.55,206.73,2026-06-11,2026-06-11,Delivered,
SHP102059,2025-12-25,Sylhet DC,Sylhet,Mymensingh,eCourier,SKU1032,Sunscreen SPF50,Beauty,3,8.34,4702.02,293.71,2025-12-27,2025-12-27,Delivered,
SHP102060,2026-06-07,Khulna DC,Khulna,Narayanganj,Pathao Courier,SKU1006,Bluetooth Speaker,Electronics,2,2.32,6921.92,116.56,2026-06-10,2026-06-10,Delivered,
SHP102061,2025-11-24,Rajshahi DC,Rajshahi,Narayanganj,eCourier,SKU1011,Cotton T-Shirt (V2),Apparel,3,7.3,12544.29,224.12,2025-11-27,2025-11-27,Delivered,
SHP102062,2026-01-18,Khulna DC,Khulna,Barisal,Steadfast Courier,SKU1048,Honey Jar,Grocery,5,11.02,15594.3,272.31,2026-01-23,,In Transit,
SHP102063,2026-07-13,Chattogram DC,Chattogram,Khulna,Pathao Courier,SKU1029,Curtain Set (V2),Home & Living,4,2.38,12485.04,131.41,2026-07-16,,Delayed,Weather disruption
SHP102064,2026-07-28,Rajshahi DC,Rajshahi,Narayanganj,RedX,SKU1020,Bedsheet Set,Home & Living,5,7.98,17238.4,223.81,2026-07-31,,Cancelled,
SHP102065,2026-07-17,Sylhet DC,Sylhet,Narayanganj,RedX,SKU1030,Face Wash,Beauty,2,0.74,6779.44,82.63,2026-07-23,2026-07-23,Delivered,
SHP102066,2025-12-19,Rajshahi DC,Rajshahi,Chattogram,RedX,SKU1023,Table Lamp (V2),Home & Living,5,6.47,20175.4,240.95,2025-12-25,2025-12-25,Delivered,
SHP102067,2026-06-19,Dhaka Hub,Dhaka,Rangpur,eCourier,SKU1019,Denim Jacket (V2),Apparel,2,8.95,5795.48,298.39,2026-06-21,,In Transit,
SHP102068,2026-07-21,Dhaka Hub,Dhaka,Rangpur,Sundarban Courier,SKU1036,Lipstick,Beauty,5,0.6,3575.8,107.53,2026-07-24,2026-07-24,Delivered,
SHP102069,2026-08-05,Dhaka Hub,Dhaka,Mymensingh,RedX,SKU1003,Power Bank (V2),Electronics,5,4.14,15917.75,165.5,2026-08-08,2026-08-08,Delivered,
SHP102070,2025-09-08,Rajshahi DC,Rajshahi,Narayanganj,Pathao Courier,SKU1027,Storage Box (V2),Home & Living,1,10.56,340.55,354.74,2025-09-14,,In Transit,
SHP102071,2026-05-16,Dhaka Hub,Dhaka,Sylhet,Sundarban Courier,SKU1043,Mustard Oil 1L (V2),Grocery,5,2.86,7543.95,161.19,2026-05-19,2026-05-19,Delivered,
SHP102072,2026-08-11,Rajshahi DC,Rajshahi,Narayanganj,Steadfast Courier,SKU1019,Denim Jacket (V2),Apparel,4,8.73,11590.96,310.73,2026-08-13,2026-08-13,Delivered Late,Courier capacity shortage
SHP102073,2026-05-23,Khulna DC,Khulna,Rangpur,Pathao Courier,SKU1023,Table Lamp (V2),Home & Living,4,7.42,16140.32,236.7,2026-05-28,,Cancelled,
SHP102074,2025-11-20,Dhaka Hub,Dhaka,Dhaka,RedX,SKU1049,Honey Jar (V2),Grocery,3,2.13,2273.76,92.1,2025-11-21,2025-11-21,Returned,
SHP102075,2026-05-22,Rajshahi DC,Rajshahi,Barisal,Pathao Courier,SKU1048,Honey Jar,Grocery,2,8.95,6237.72,290.77,2026-05-25,2026-05-25,Delivered,
SHP102076,2025-10-07,Dhaka Hub,Dhaka,Chattogram,eCourier,SKU1031,Face Wash (V2),Beauty,5,6.48,21793.35,261.76,2025-10-10,2025-10-10,Delivered,
SHP102077,2026-02-14,Dhaka Hub,Dhaka,Narayanganj,RedX,SKU1040,Basmati Rice 5kg,Grocery,1,1.52,2051.61,126.89,2026-02-18,2026-02-18,Delivered,
SHP102078,2026-04-05,Sylhet DC,Sylhet,Mymensingh,Sundarban Courier,SKU1035,Hair Serum (V2),Beauty,5,11.4,4871.0,290.59,2026-04-08,2026-04-08,Delivered,
SHP102079,2026-02-05,Chattogram DC,Chattogram,Narayanganj,Pathao Courier,SKU1033,Sunscreen SPF50 (V2),Beauty,2,6.01,3523.0,241.99,2026-02-08,2026-02-08,Delivered,
SHP102080,2026-05-01,Chattogram DC,Chattogram,Rangpur,Sundarban Courier,SKU1035,Hair Serum (V2),Beauty,4,8.99,3896.8,240.56,2026-05-06,2026-05-06,Delivered,
SHP102081,2025-11-23,Dhaka Hub,Dhaka,Khulna,Steadfast Courier,SKU1001,Wireless Earbuds (V2),Electronics,3,2.77,6177.36,138.71,2025-11-28,2025-11-28,Delivered,
SHP102082,2026-03-29,Khulna DC,Khulna,Rajshahi,RedX,SKU1014,Sneakers,Apparel,2,1.82,4157.7,109.01,2026-04-03,2026-04-03,Delivered,
SHP102083,2026-04-12,Dhaka Hub,Dhaka,Narayanganj,Sundarban Courier,SKU1033,Sunscreen SPF50 (V2),Beauty,2,8.95,3523.0,253.2,2026-04-17,,Delayed,Customs/checkpoint delay
SHP102084,2026-04-08,Chattogram DC,Chattogram,Chattogram,eCourier,SKU1035,Hair Serum (V2),Beauty,2,8.15,1948.4,216.05,2026-04-10,,In Transit,
SHP102085,2025-12-10,Sylhet DC,Sylhet,Comilla,Sundarban Courier,SKU1005,Smartwatch (V2),Electronics,5,3.43,21969.8,136.77,2025-12-13,2025-12-13,Delivered,
SHP102086,2025-12-15,Sylhet DC,Sylhet,Rajshahi,Sundarban Courier,SKU1038,Perfume,Beauty,4,9.01,4548.24,297.34,2025-12-20,2025-12-20,Delivered,
SHP102087,2025-11-29,Khulna DC,Khulna,Barisal,Sundarban Courier,SKU1041,Basmati Rice 5kg (V2),Grocery,4,6.16,15088.6,241.81,2025-12-01,2025-12-01,Delivered,
SHP102088,2026-02-07,Chattogram DC,Chattogram,Rangpur,Pathao Courier,SKU1011,Cotton T-Shirt (V2),Apparel,4,4.31,16725.72,162.87,2026-02-10,2026-02-10,Delivered,
SHP102089,2026-03-22,Khulna DC,Khulna,Dhaka,eCourier,SKU1002,Power Bank,Electronics,3,9.49,11654.7,228.63,2026-03-25,2026-03-25,Delivered,
SHP102090,2026-01-04,Khulna DC,Khulna,Chattogram,Steadfast Courier,SKU1044,Green Tea Pack,Grocery,5,7.48,18851.65,210.3,2026-01-09,2026-01-12,Delivered Late,Warehouse backlog
SHP102091,2026-01-20,Chattogram DC,Chattogram,Chattogram,Steadfast Courier,SKU1017,Saree (V2),Apparel,2,6.19,855.22,197.58,2026-01-21,2026-01-24,Delivered Late,Courier capacity shortage
SHP102092,2025-12-09,Chattogram DC,Chattogram,Mymensingh,Steadfast Courier,SKU1039,Perfume (V2),Beauty,5,9.32,15318.45,236.7,2025-12-13,2025-12-13,Delivered,
SHP102093,2025-11-15,Sylhet DC,Sylhet,Dhaka,Sundarban Courier,SKU1020,Bedsheet Set,Home & Living,2,6.63,6895.36,195.72,2025-11-19,,Delayed,Warehouse backlog
SHP102094,2026-04-16,Sylhet DC,Sylhet,Rangpur,Sundarban Courier,SKU1014,Sneakers,Apparel,2,11.27,4157.7,274.7,2026-04-21,2026-04-21,Returned,
SHP102095,2026-06-10,Dhaka Hub,Dhaka,Chattogram,RedX,SKU1032,Sunscreen SPF50,Beauty,3,9.85,4702.02,250.11,2026-06-12,,In Transit,
SHP102096,2025-12-10,Sylhet DC,Sylhet,Mymensingh,Steadfast Courier,SKU1034,Hair Serum,Beauty,4,4.43,8770.28,172.71,2025-12-14,,Delayed,Vehicle breakdown
SHP102097,2026-06-25,Dhaka Hub,Dhaka,Narayanganj,eCourier,SKU1025,Non-stick Pan (V2),Home & Living,4,5.69,3986.72,199.31,2026-06-30,2026-06-30,Delivered,
SHP102098,2026-03-17,Sylhet DC,Sylhet,Rajshahi,Sundarban Courier,SKU1007,Bluetooth Speaker (V2),Electronics,4,11.5,14277.52,295.68,2026-03-22,,Delayed,Address issue
SHP102099,2025-10-29,Rajshahi DC,Rajshahi,Sylhet,RedX,SKU1035,Hair Serum (V2),Beauty,1,10.76,974.2,302.42,2025-11-02,,Delayed,Address issue
SHP102100,2026-01-05,Sylhet DC,Sylhet,Rajshahi,eCourier,SKU1047,Spice Combo (V2),Grocery,1,2.46,1404.23,154.7,2026-01-08,2026-01-08,Delivered,
SHP102101,2025-09-03,Khulna DC,Khulna,Rangpur,Steadfast Courier,SKU1029,Curtain Set (V2),Home & Living,5,3.44,15606.3,185.43,2025-09-09,2025-09-09,Delivered,
SHP102102,2025-09-14,Chattogram DC,Chattogram,Mymensingh,eCourier,SKU1022,Table Lamp,Home & Living,5,4.5,21862.7,194.92,2025-09-18,2025-09-18,Delivered,
SHP102103,2025-12-26,Rajshahi DC,Rajshahi,Rangpur,Sundarban Courier,SKU1041,Basmati Rice 5kg (V2),Grocery,1,10.58,3772.15,337.55,2026-01-01,2026-01-01,Delivered,
SHP102104,2026-02-05,Rajshahi DC,Rajshahi,Barisal,Pathao Courier,SKU1043,Mustard Oil 1L (V2),Grocery,5,11.14,7543.95,404.75,2026-02-10,2026-02-13,Delivered Late,Failed delivery attempt
SHP102105,2026-06-03,Rajshahi DC,Rajshahi,Rangpur,Sundarban Courier,SKU1013,Panjabi (V2),Apparel,2,9.67,7458.02,260.7,2026-06-08,2026-06-08,Delivered,
SHP102106,2025-10-17,Khulna DC,Khulna,Sylhet,Sundarban Courier,SKU1013,Panjabi (V2),Apparel,5,3.45,18645.05,152.74,2025-10-19,,In Transit,
SHP102107,2026-06-18,Khulna DC,Khulna,Sylhet,Steadfast Courier,SKU1001,Wireless Earbuds (V2),Electronics,5,10.67,10295.6,361.49,2026-06-22,2026-06-24,Delivered Late,Vehicle breakdown
SHP102108,2025-11-21,Sylhet DC,Sylhet,Narayanganj,RedX,SKU1036,Lipstick,Beauty,4,0.59,2860.64,108.89,2025-11-24,2025-11-24,Delivered,
SHP102109,2025-10-18,Rajshahi DC,Rajshahi,Barisal,Sundarban Courier,SKU1004,Smartwatch,Electronics,1,5.19,559.67,178.76,2025-10-21,2025-10-21,Delivered,
SHP102110,2026-05-01,Rajshahi DC,Rajshahi,Comilla,Sundarban Courier,SKU1037,Lipstick (V2),Beauty,4,4.66,8877.28,180.13,2026-05-04,2026-05-07,Delivered Late,Address issue
SHP102111,2026-05-26,Sylhet DC,Sylhet,Rangpur,RedX,SKU1044,Green Tea Pack,Grocery,1,6.52,3770.33,230.28,2026-05-30,2026-05-30,Delivered,
SHP102112,2026-03-29,Dhaka Hub,Dhaka,Rajshahi,RedX,SKU1040,Basmati Rice 5kg,Grocery,2,6.82,4103.22,211.76,2026-04-02,,Delayed,Customs/checkpoint delay
SHP102113,2025-10-11,Dhaka Hub,Dhaka,Barisal,Pathao Courier,SKU1046,Spice Combo,Grocery,4,2.86,7342.12,137.56,2025-10-16,,In Transit,
SHP102114,2025-10-10,Chattogram DC,Chattogram,Rangpur,Steadfast Courier,SKU1013,Panjabi (V2),Apparel,1,2.61,3729.01,129.72,2025-10-13,2025-10-13,Delivered,
SHP102115,2026-01-13,Dhaka Hub,Dhaka,Chattogram,Sundarban Courier,SKU1038,Perfume,Beauty,2,9.68,2274.12,242.11,2026-01-16,2026-01-16,Delivered,
SHP102116,2026-02-03,Chattogram DC,Chattogram,Rajshahi,Sundarban Courier,SKU1024,Non-stick Pan,Home & Living,4,1.1,14143.88,95.68,2026-02-06,,In Transit,
SHP102117,2026-08-12,Dhaka Hub,Dhaka,Mymensingh,Pathao Courier,SKU1019,Denim Jacket (V2),Apparel,1,6.02,2897.74,168.27,2026-08-17,,In Transit,
SHP102118,2025-12-09,Rajshahi DC,Rajshahi,Dhaka,RedX,SKU1001,Wireless Earbuds (V2),Electronics,2,2.46,4118.24,152.64,2025-12-11,2025-12-11,Delivered,
SHP102119,2025-11-06,Dhaka Hub,Dhaka,Dhaka,eCourier,SKU1038,Perfume,Beauty,1,3.97,1137.06,122.65,2025-11-07,,Cancelled,
SHP102120,2026-07-25,Khulna DC,Khulna,Chattogram,Steadfast Courier,SKU1005,Smartwatch (V2),Electronics,4,3.47,17575.84,179.85,2026-07-28,2026-07-28,Delivered,
SHP102121,2025-10-24,Chattogram DC,Chattogram,Barisal,Pathao Courier,SKU1016,Saree,Apparel,1,8.56,2562.44,326.28,2025-10-28,2025-10-28,Delivered,
SHP102122,2025-09-10,Dhaka Hub,Dhaka,Sylhet,Steadfast Courier,SKU1024,Non-stick Pan,Home & Living,2,5.58,7071.94,211.49,2025-09-15,2025-09-15,Delivered,
SHP102123,2026-01-25,Khulna DC,Khulna,Rajshahi,eCourier,SKU1027,Storage Box (V2),Home & Living,3,3.73,1021.65,166.49,2026-01-29,2026-02-01,Delivered Late,Address issue
SHP102124,2026-01-17,Rajshahi DC,Rajshahi,Chattogram,Sundarban Courier,SKU1001,Wireless Earbuds (V2),Electronics,2,10.01,4118.24,346.68,2026-01-22,2026-01-22,Returned,
SHP102125,2026-04-03,Khulna DC,Khulna,Sylhet,Pathao Courier,SKU1034,Hair Serum,Beauty,2,1.21,4385.14,113.65,2026-04-09,2026-04-09,Delivered,
SHP102126,2026-07-01,Rajshahi DC,Rajshahi,Dhaka,Sundarban Courier,SKU1036,Lipstick,Beauty,5,9.24,3575.8,276.76,2026-07-03,2026-07-03,Delivered,
SHP102127,2026-07-20,Sylhet DC,Sylhet,Comilla,Steadfast Courier,SKU1004,Smartwatch,Electronics,4,3.13,2238.68,149.36,2026-07-23,2026-07-23,Delivered,
SHP102128,2025-12-10,Khulna DC,Khulna,Rajshahi,Sundarban Courier,SKU1000,Wireless Earbuds,Electronics,1,11.03,3516.71,335.93,2025-12-16,,In Transit,
SHP102129,2026-08-06,Dhaka Hub,Dhaka,Chattogram,Sundarban Courier,SKU1039,Perfume (V2),Beauty,5,0.27,15318.45,95.35,2026-08-11,2026-08-13,Delivered Late,Customs/checkpoint delay
SHP102130,2026-04-07,Rajshahi DC,Rajshahi,Barisal,eCourier,SKU1011,Cotton T-Shirt (V2),Apparel,3,6.77,12544.29,219.48,2026-04-11,2026-04-11,Delivered,
SHP102131,2025-09-25,Khulna DC,Khulna,Narayanganj,Steadfast Courier,SKU1035,Hair Serum (V2),Beauty,1,7.54,974.2,214.1,2025-09-28,,In Transit,
SHP102132,2026-07-22,Chattogram DC,Chattogram,Comilla,RedX,SKU1044,Green Tea Pack,Grocery,5,7.01,18851.65,235.82,2026-07-25,2026-07-25,Delivered,
SHP102133,2025-10-18,Chattogram DC,Chattogram,Comilla,eCourier,SKU1022,Table Lamp,Home & Living,2,9.82,8745.08,285.37,2025-10-23,,In Transit,
SHP102134,2026-03-23,Khulna DC,Khulna,Rajshahi,Pathao Courier,SKU1046,Spice Combo,Grocery,2,1.52,3671.06,108.35,2026-03-28,,In Transit,
SHP102135,2026-06-01,Dhaka Hub,Dhaka,Khulna,Steadfast Courier,SKU1030,Face Wash,Beauty,1,5.1,3389.72,228.61,2026-06-04,2026-06-04,Delivered,
SHP102136,2025-11-26,Rajshahi DC,Rajshahi,Khulna,Pathao Courier,SKU1010,Cotton T-Shirt,Apparel,5,10.39,8814.85,271.51,2025-11-29,,Cancelled,
SHP102137,2025-12-03,Chattogram DC,Chattogram,Khulna,Pathao Courier,SKU1009,Phone Case (V2),Electronics,2,10.69,4218.36,277.7,2025-12-08,2025-12-08,Delivered,
SHP102138,2026-02-12,Dhaka Hub,Dhaka,Narayanganj,Steadfast Courier,SKU1002,Power Bank,Electronics,3,6.08,11654.7,197.58,2026-02-16,2026-02-16,Returned,
SHP102139,2026-07-04,Chattogram DC,Chattogram,Chattogram,Pathao Courier,SKU1013,Panjabi (V2),Apparel,2,6.78,7458.02,203.16,2026-07-05,2026-07-05,Delivered,
SHP102140,2025-11-17,Rajshahi DC,Rajshahi,Comilla,Pathao Courier,SKU1015,Sneakers (V2),Apparel,5,9.21,5692.45,345.92,2025-11-21,,In Transit,
SHP102141,2026-04-18,Chattogram DC,Chattogram,Narayanganj,RedX,SKU1009,Phone Case (V2),Electronics,4,9.4,8436.72,249.02,2026-04-21,2026-04-21,Delivered,
SHP102142,2026-02-04,Sylhet DC,Sylhet,Comilla,Sundarban Courier,SKU1028,Curtain Set,Home & Living,3,10.68,2463.48,282.0,2026-02-07,2026-02-07,Delivered,
SHP102143,2025-10-09,Rajshahi DC,Rajshahi,Rangpur,Pathao Courier,SKU1009,Phone Case (V2),Electronics,2,10.16,4218.36,353.02,2025-10-13,2025-10-13,Returned,
SHP102144,2026-05-04,Dhaka Hub,Dhaka,Comilla,RedX,SKU1011,Cotton T-Shirt (V2),Apparel,4,5.09,16725.72,176.46,2026-05-07,2026-05-07,Delivered,
SHP102145,2026-06-16,Khulna DC,Khulna,Dhaka,eCourier,SKU1029,Curtain Set (V2),Home & Living,3,7.87,9363.78,271.89,2026-06-18,2026-06-18,Delivered,
SHP102146,2026-03-19,Chattogram DC,Chattogram,Comilla,eCourier,SKU1040,Basmati Rice 5kg,Grocery,5,5.9,10258.05,240.75,2026-03-22,,In Transit,
SHP102147,2025-11-01,Khulna DC,Khulna,Barisal,Pathao Courier,SKU1000,Wireless Earbuds,Electronics,4,1.59,14066.84,123.23,2025-11-04,2025-11-04,Delivered,
SHP102148,2025-10-24,Dhaka Hub,Dhaka,Narayanganj,RedX,SKU1004,Smartwatch,Electronics,1,9.9,559.67,284.11,2025-10-29,2025-10-29,Delivered,
SHP102149,2026-01-25,Dhaka Hub,Dhaka,Dhaka,eCourier,SKU1019,Denim Jacket (V2),Apparel,5,7.3,14488.7,211.52,2026-01-27,2026-01-27,Returned,
SHP102150,2026-02-23,Khulna DC,Khulna,Narayanganj,Pathao Courier,SKU1007,Bluetooth Speaker (V2),Electronics,1,0.88,3569.38,86.09,2026-02-27,2026-02-27,Delivered,
SHP102151,2026-03-11,Rajshahi DC,Rajshahi,Barisal,Pathao Courier,SKU1042,Mustard Oil 1L,Grocery,2,8.19,6392.3,206.68,2026-03-16,2026-03-16,Delivered,
SHP102152,2025-11-24,Rajshahi DC,Rajshahi,Chattogram,Pathao Courier,SKU1011,Cotton T-Shirt (V2),Apparel,3,3.54,12544.29,145.4,2025-11-27,2025-11-27,Delivered,
SHP102153,2026-02-21,Khulna DC,Khulna,Barisal,RedX,SKU1000,Wireless Earbuds,Electronics,2,1.02,7033.42,109.82,2026-02-25,2026-02-27,Delivered Late,Address issue
SHP102154,2025-12-12,Sylhet DC,Sylhet,Dhaka,Pathao Courier,SKU1019,Denim Jacket (V2),Apparel,5,7.36,14488.7,270.74,2025-12-17,2025-12-17,Delivered,
SHP102155,2026-04-26,Dhaka Hub,Dhaka,Dhaka,eCourier,SKU1027,Storage Box (V2),Home & Living,5,8.84,1702.75,247.88,2026-04-28,2026-04-28,Delivered,
SHP102156,2026-06-03,Chattogram DC,Chattogram,Barisal,Steadfast Courier,SKU1042,Mustard Oil 1L,Grocery,1,6.3,3196.15,190.32,2026-06-07,2026-06-07,Delivered,
SHP102157,2026-04-14,Khulna DC,Khulna,Comilla,Pathao Courier,SKU1036,Lipstick,Beauty,2,0.27,1430.32,73.31,2026-04-19,2026-04-19,Delivered,
SHP102158,2025-09-01,Chattogram DC,Chattogram,Chattogram,RedX,SKU1046,Spice Combo,Grocery,2,7.01,3671.06,201.57,2025-09-02,2025-09-02,Delivered,
SHP102159,2026-08-10,Sylhet DC,Sylhet,Sylhet,Pathao Courier,SKU1036,Lipstick,Beauty,4,0.28,2860.64,44.87,2026-08-12,,Delayed,Address issue
SHP102160,2025-09-09,Dhaka Hub,Dhaka,Khulna,Pathao Courier,SKU1011,Cotton T-Shirt (V2),Apparel,3,11.13,12544.29,298.45,2025-09-13,2025-09-13,Delivered,
SHP102161,2026-08-12,Sylhet DC,Sylhet,Barisal,eCourier,SKU1036,Lipstick,Beauty,4,3.35,2860.64,153.23,2026-08-16,2026-08-13,Delivered,
SHP102162,2025-09-11,Chattogram DC,Chattogram,Dhaka,Sundarban Courier,SKU1048,Honey Jar,Grocery,1,10.48,3118.86,360.18,2025-09-15,,Delayed,Vehicle breakdown
SHP102163,2026-02-26,Dhaka Hub,Dhaka,Rangpur,Steadfast Courier,SKU1048,Honey Jar,Grocery,3,0.34,9356.58,81.91,2026-03-01,2026-03-01,Delivered,
SHP102164,2025-10-07,Dhaka Hub,Dhaka,Rajshahi,RedX,SKU1043,Mustard Oil 1L (V2),Grocery,2,1.35,3017.58,103.73,2025-10-11,,Delayed,Weather disruption
SHP102165,2025-10-03,Sylhet DC,Sylhet,Narayanganj,Pathao Courier,SKU1027,Storage Box (V2),Home & Living,2,5.53,681.1,220.45,2025-10-08,,In Transit,
SHP102166,2026-04-25,Chattogram DC,Chattogram,Khulna,Sundarban Courier,SKU1046,Spice Combo,Grocery,4,9.15,7342.12,257.65,2026-04-28,2026-04-28,Delivered,
SHP102167,2026-05-10,Dhaka Hub,Dhaka,Rajshahi,Pathao Courier,SKU1014,Sneakers,Apparel,1,11.32,2078.85,287.02,2026-05-16,2026-05-16,Delivered,
SHP102168,2025-10-11,Sylhet DC,Sylhet,Dhaka,Steadfast Courier,SKU1005,Smartwatch (V2),Electronics,1,6.35,4393.96,232.2,2025-10-17,2025-10-17,Delivered,
SHP102169,2026-08-04,Dhaka Hub,Dhaka,Narayanganj,RedX,SKU1043,Mustard Oil 1L (V2),Grocery,3,4.39,4526.37,174.97,2026-08-07,2026-08-07,Delivered,
SHP102170,2025-12-20,Dhaka Hub,Dhaka,Comilla,Sundarban Courier,SKU1019,Denim Jacket (V2),Apparel,4,0.73,11590.96,95.51,2025-12-22,2025-12-22,Delivered,
SHP102171,2025-12-20,Dhaka Hub,Dhaka,Khulna,RedX,SKU1049,Honey Jar (V2),Grocery,3,7.09,2273.76,279.86,2025-12-26,2025-12-26,Delivered,
SHP102172,2025-12-12,Sylhet DC,Sylhet,Rajshahi,RedX,SKU1013,Panjabi (V2),Apparel,1,4.68,3729.01,159.35,2025-12-15,2025-12-15,Delivered,
SHP102173,2026-02-07,Rajshahi DC,Rajshahi,Comilla,eCourier,SKU1001,Wireless Earbuds (V2),Electronics,4,10.93,8236.48,258.92,2026-02-12,,In Transit,
SHP102174,2025-11-01,Chattogram DC,Chattogram,Sylhet,Pathao Courier,SKU1008,Phone Case,Electronics,2,5.86,1414.58,181.36,2025-11-03,2025-11-03,Delivered,
SHP102175,2026-01-25,Chattogram DC,Chattogram,Sylhet,Pathao Courier,SKU1036,Lipstick,Beauty,4,9.23,2860.64,245.8,2026-01-28,2026-01-28,Delivered,
SHP102176,2025-11-12,Chattogram DC,Chattogram,Sylhet,Pathao Courier,SKU1019,Denim Jacket (V2),Apparel,2,10.21,5795.48,364.8,2025-11-15,2025-11-15,Delivered,
SHP102177,2025-09-18,Chattogram DC,Chattogram,Mymensingh,Sundarban Courier,SKU1025,Non-stick Pan (V2),Home & Living,5,1.36,4983.4,93.29,2025-09-21,2025-09-21,Delivered,
SHP102178,2026-01-06,Khulna DC,Khulna,Sylhet,Sundarban Courier,SKU1028,Curtain Set,Home & Living,2,5.4,1642.32,182.74,2026-01-12,2026-01-13,Delivered Late,Vehicle breakdown
SHP102179,2026-04-21,Chattogram DC,Chattogram,Dhaka,Pathao Courier,SKU1000,Wireless Earbuds,Electronics,5,10.75,17583.55,348.94,2026-04-24,2026-04-28,Delivered Late,Vehicle breakdown
SHP102180,2026-05-23,Khulna DC,Khulna,Chattogram,Sundarban Courier,SKU1034,Hair Serum,Beauty,2,5.21,4385.14,186.51,2026-05-26,2026-05-26,Delivered,
SHP102181,2026-01-01,Rajshahi DC,Rajshahi,Narayanganj,Sundarban Courier,SKU1005,Smartwatch (V2),Electronics,4,6.87,17575.84,228.66,2026-01-06,2026-01-06,Delivered,
SHP102182,2025-12-22,Rajshahi DC,Rajshahi,Comilla,Pathao Courier,SKU1036,Lipstick,Beauty,3,10.5,2145.48,326.04,2025-12-28,2025-12-28,Delivered,
SHP102183,2026-05-31,Sylhet DC,Sylhet,Narayanganj,Steadfast Courier,SKU1004,Smartwatch,Electronics,1,2.94,559.67,175.23,2026-06-04,,In Transit,
SHP102184,2026-04-24,Khulna DC,Khulna,Sylhet,RedX,SKU1032,Sunscreen SPF50,Beauty,1,10.76,1567.34,345.65,2026-04-29,2026-04-29,Delivered,
SHP102185,2026-06-15,Rajshahi DC,Rajshahi,Rajshahi,Sundarban Courier,SKU1048,Honey Jar,Grocery,3,4.88,9356.58,118.28,2026-06-17,2026-06-20,Delivered Late,Failed delivery attempt
SHP102186,2026-07-11,Khulna DC,Khulna,Rajshahi,RedX,SKU1013,Panjabi (V2),Apparel,1,7.2,3729.01,215.59,2026-07-16,2026-07-16,Delivered,
SHP102187,2026-06-12,Chattogram DC,Chattogram,Barisal,Sundarban Courier,SKU1011,Cotton T-Shirt (V2),Apparel,4,4.07,16725.72,159.27,2026-06-17,2026-06-17,Delivered,
SHP102188,2026-07-22,Dhaka Hub,Dhaka,Dhaka,eCourier,SKU1041,Basmati Rice 5kg (V2),Grocery,1,6.42,3772.15,168.71,2026-07-24,2026-07-24,Delivered,
SHP102189,2026-01-23,Dhaka Hub,Dhaka,Barisal,RedX,SKU1019,Denim Jacket (V2),Apparel,3,0.78,8693.22,113.92,2026-01-28,2026-01-28,Delivered,
SHP102190,2026-01-15,Rajshahi DC,Rajshahi,Dhaka,Sundarban Courier,SKU1049,Honey Jar (V2),Grocery,2,0.97,1515.84,86.39,2026-01-21,2026-01-21,Delivered,
SHP102191,2025-12-21,Sylhet DC,Sylhet,Sylhet,Steadfast Courier,SKU1023,Table Lamp (V2),Home & Living,1,5.09,4035.08,136.34,2025-12-22,2025-12-22,Delivered,
SHP102192,2025-11-21,Chattogram DC,Chattogram,Sylhet,eCourier,SKU1042,Mustard Oil 1L,Grocery,2,4.15,6392.3,183.82,2025-11-26,2025-11-26,Delivered,
SHP102193,2026-05-18,Chattogram DC,Chattogram,Rangpur,eCourier,SKU1033,Sunscreen SPF50 (V2),Beauty,3,7.47,5284.5,202.53,2026-05-23,2026-05-23,Returned,
SHP102194,2026-05-06,Chattogram DC,Chattogram,Comilla,Pathao Courier,SKU1024,Non-stick Pan,Home & Living,2,0.65,7071.94,80.1,2026-05-09,2026-05-09,Delivered,
SHP102195,2026-06-05,Rajshahi DC,Rajshahi,Rangpur,Pathao Courier,SKU1049,Honey Jar (V2),Grocery,2,2.18,1515.84,96.73,2026-06-11,,In Transit,
SHP102196,2025-10-28,Khulna DC,Khulna,Rajshahi,RedX,SKU1028,Curtain Set,Home & Living,2,2.67,1642.32,156.06,2025-11-02,2025-11-02,Delivered,
SHP102197,2026-02-17,Rajshahi DC,Rajshahi,Barisal,Sundarban Courier,SKU1038,Perfume,Beauty,2,5.4,2274.12,168.95,2026-02-22,2026-02-22,Delivered,
SHP102198,2025-11-16,Chattogram DC,Chattogram,Barisal,RedX,SKU1030,Face Wash,Beauty,3,3.11,10169.16,129.36,2025-11-19,2025-11-19,Delivered,
SHP102199,2026-07-06,Sylhet DC,Sylhet,Chattogram,eCourier,SKU1046,Spice Combo,Grocery,5,1.82,9177.65,115.66,2026-07-11,2026-07-11,Delivered,
SHP102200,2025-12-02,Dhaka Hub,Dhaka,Narayanganj,Sundarban Courier,SKU1042,Mustard Oil 1L,Grocery,3,7.25,9588.45,220.85,2025-12-05,2025-12-07,Delivered Late,Customs/checkpoint delay
SHP102201,2025-10-20,Rajshahi DC,Rajshahi,Narayanganj,Sundarban Courier,SKU1049,Honey Jar (V2),Grocery,3,8.98,2273.76,257.77,2025-10-26,2025-10-26,Delivered,
SHP102202,2026-03-17,Sylhet DC,Sylhet,Sylhet,Sundarban Courier,SKU1022,Table Lamp,Home & Living,4,8.29,17490.16,219.37,2026-03-19,2026-03-19,Delivered,
SHP102203,2026-07-02,Sylhet DC,Sylhet,Chattogram,Pathao Courier,SKU1043,Mustard Oil 1L (V2),Grocery,3,3.46,4526.37,172.29,2026-07-06,2026-07-06,Delivered,
SHP102204,2026-07-14,Sylhet DC,Sylhet,Chattogram,RedX,SKU1037,Lipstick (V2),Beauty,5,10.28,11096.6,291.13,2026-07-16,2026-07-20,Delivered Late,Vehicle breakdown
SHP102205,2025-10-04,Chattogram DC,Chattogram,Rangpur,eCourier,SKU1019,Denim Jacket (V2),Apparel,3,7.42,8693.22,237.76,2025-10-09,,In Transit,
SHP102206,2025-12-22,Rajshahi DC,Rajshahi,Dhaka,Sundarban Courier,SKU1022,Table Lamp,Home & Living,2,7.45,8745.08,264.44,2025-12-25,2025-12-25,Delivered,
SHP102207,2025-10-24,Sylhet DC,Sylhet,Chattogram,eCourier,SKU1044,Green Tea Pack,Grocery,3,2.71,11310.99,118.77,2025-10-29,,In Transit,
SHP102208,2025-12-16,Khulna DC,Khulna,Rangpur,RedX,SKU1015,Sneakers (V2),Apparel,4,3.06,4553.96,155.9,2025-12-21,2025-12-21,Delivered,
SHP102209,2026-03-04,Dhaka Hub,Dhaka,Chattogram,eCourier,SKU1049,Honey Jar (V2),Grocery,2,5.8,1515.84,154.31,2026-03-07,2026-03-07,Delivered,
SHP102210,2025-12-07,Chattogram DC,Chattogram,Dhaka,Pathao Courier,SKU1041,Basmati Rice 5kg (V2),Grocery,2,3.01,7544.3,131.36,2025-12-12,2025-12-12,Delivered,
SHP102211,2025-09-24,Rajshahi DC,Rajshahi,Dhaka,eCourier,SKU1007,Bluetooth Speaker (V2),Electronics,3,8.32,10708.14,309.05,2025-09-29,2025-09-29,Delivered,
SHP102212,2026-02-24,Dhaka Hub,Dhaka,Mymensingh,eCourier,SKU1049,Honey Jar (V2),Grocery,5,3.84,3789.6,175.13,2026-02-28,2026-02-28,Delivered,
SHP102213,2025-09-19,Dhaka Hub,Dhaka,Khulna,Pathao Courier,SKU1020,Bedsheet Set,Home & Living,2,1.99,6895.36,126.68,2025-09-22,2025-09-24,Delivered Late,Weather disruption
SHP102214,2025-11-18,Rajshahi DC,Rajshahi,Sylhet,RedX,SKU1000,Wireless Earbuds,Electronics,3,1.99,10550.13,146.76,2025-11-21,,Cancelled,
SHP102215,2025-09-01,Chattogram DC,Chattogram,Rangpur,eCourier,SKU1007,Bluetooth Speaker (V2),Electronics,4,1.7,14277.52,125.97,2025-09-03,2025-09-03,Delivered,
SHP102216,2025-10-01,Chattogram DC,Chattogram,Chattogram,Pathao Courier,SKU1028,Curtain Set,Home & Living,4,5.39,3284.64,153.59,2025-10-03,2025-10-03,Delivered,
SHP102217,2026-01-29,Sylhet DC,Sylhet,Barisal,eCourier,SKU1031,Face Wash (V2),Beauty,1,0.24,4358.67,89.64,2026-02-02,2026-02-02,Delivered,
SHP102218,2026-06-22,Dhaka Hub,Dhaka,Rajshahi,Steadfast Courier,SKU1037,Lipstick (V2),Beauty,2,6.6,4438.64,194.47,2026-06-26,2026-06-26,Delivered,
SHP102219,2026-05-27,Dhaka Hub,Dhaka,Rangpur,Steadfast Courier,SKU1004,Smartwatch,Electronics,5,3.72,2798.35,142.9,2026-06-02,2026-06-02,Delivered,
SHP102220,2025-10-05,Dhaka Hub,Dhaka,Rangpur,Sundarban Courier,SKU1046,Spice Combo,Grocery,5,6.72,9177.65,241.87,2025-10-07,2025-10-07,Delivered,
SHP102221,2025-09-13,Dhaka Hub,Dhaka,Rangpur,RedX,SKU1021,Bedsheet Set (V2),Home & Living,4,11.24,6768.76,334.92,2025-09-18,2025-09-18,Delivered,
SHP102222,2025-12-26,Dhaka Hub,Dhaka,Sylhet,Steadfast Courier,SKU1046,Spice Combo,Grocery,1,10.45,1835.53,362.91,2025-12-31,2026-01-02,Delivered Late,Customs/checkpoint delay
SHP102223,2026-04-14,Khulna DC,Khulna,Chattogram,RedX,SKU1033,Sunscreen SPF50 (V2),Beauty,3,7.0,5284.5,212.66,2026-04-19,2026-04-19,Delivered,
SHP102224,2026-05-17,Chattogram DC,Chattogram,Barisal,Pathao Courier,SKU1000,Wireless Earbuds,Electronics,1,5.13,3516.71,172.47,2026-05-21,2026-05-21,Delivered,
SHP102225,2026-06-12,Dhaka Hub,Dhaka,Dhaka,Pathao Courier,SKU1025,Non-stick Pan (V2),Home & Living,2,8.44,1993.36,236.68,2026-06-13,2026-06-17,Delivered Late,Address issue
SHP102226,2025-12-28,Dhaka Hub,Dhaka,Rajshahi,eCourier,SKU1042,Mustard Oil 1L,Grocery,5,11.09,15980.75,250.05,2026-01-02,2026-01-02,Delivered,
SHP102227,2025-10-29,Sylhet DC,Sylhet,Rangpur,Sundarban Courier,SKU1009,Phone Case (V2),Electronics,2,5.98,4218.36,188.87,2025-11-03,2025-11-03,Delivered,
SHP102228,2025-09-10,Rajshahi DC,Rajshahi,Comilla,Pathao Courier,SKU1029,Curtain Set (V2),Home & Living,1,1.37,3121.26,102.75,2025-09-15,2025-09-15,Delivered,
SHP102229,2025-10-21,Chattogram DC,Chattogram,Rangpur,Sundarban Courier,SKU1049,Honey Jar (V2),Grocery,4,9.24,3031.68,239.91,2025-10-24,2025-10-24,Delivered,
SHP102230,2025-09-23,Dhaka Hub,Dhaka,Narayanganj,eCourier,SKU1017,Saree (V2),Apparel,4,0.32,1710.44,71.55,2025-09-27,,Delayed,Warehouse backlog
SHP102231,2026-06-25,Chattogram DC,Chattogram,Barisal,Sundarban Courier,SKU1016,Saree,Apparel,4,9.22,10249.76,293.12,2026-06-29,2026-06-29,Delivered,
SHP102232,2025-12-02,Sylhet DC,Sylhet,Rajshahi,Steadfast Courier,SKU1025,Non-stick Pan (V2),Home & Living,5,1.2,4983.4,115.46,2025-12-07,2025-12-07,Delivered,
SHP102233,2026-06-12,Dhaka Hub,Dhaka,Sylhet,eCourier,SKU1007,Bluetooth Speaker (V2),Electronics,4,1.46,14277.52,121.78,2026-06-17,2026-06-17,Delivered,
SHP102234,2026-03-11,Rajshahi DC,Rajshahi,Rangpur,Steadfast Courier,SKU1046,Spice Combo,Grocery,4,9.42,7342.12,251.17,2026-03-14,2026-03-14,Delivered,
SHP102235,2026-03-06,Khulna DC,Khulna,Comilla,Steadfast Courier,SKU1039,Perfume (V2),Beauty,5,8.34,15318.45,216.88,2026-03-09,,In Transit,
SHP102236,2026-02-05,Chattogram DC,Chattogram,Khulna,Pathao Courier,SKU1048,Honey Jar,Grocery,2,6.83,6237.72,282.53,2026-02-07,2026-02-12,Delivered Late,Vehicle breakdown
SHP102237,2026-06-11,Rajshahi DC,Rajshahi,Dhaka,RedX,SKU1011,Cotton T-Shirt (V2),Apparel,3,9.88,12544.29,337.04,2026-06-14,2026-06-14,Delivered,
SHP102238,2025-09-16,Chattogram DC,Chattogram,Dhaka,Pathao Courier,SKU1026,Storage Box,Home & Living,3,10.25,6540.72,230.62,2025-09-19,2025-09-19,Delivered,
SHP102239,2025-10-03,Dhaka Hub,Dhaka,Rangpur,Steadfast Courier,SKU1007,Bluetooth Speaker (V2),Electronics,4,5.6,14277.52,172.47,2025-10-05,,Delayed,Failed delivery attempt
SHP102240,2026-01-25,Rajshahi DC,Rajshahi,Rangpur,Pathao Courier,SKU1024,Non-stick Pan,Home & Living,3,11.96,10607.91,268.41,2026-01-28,,In Transit,
SHP102241,2026-01-15,Rajshahi DC,Rajshahi,Chattogram,RedX,SKU1045,Green Tea Pack (V2),Grocery,3,4.42,10952.16,158.27,2026-01-20,2026-01-20,Delivered,
SHP102242,2026-03-08,Chattogram DC,Chattogram,Dhaka,eCourier,SKU1003,Power Bank (V2),Electronics,1,2.22,3183.55,151.8,2026-03-13,2026-03-13,Delivered,
SHP102243,2026-05-14,Sylhet DC,Sylhet,Rangpur,Pathao Courier,SKU1032,Sunscreen SPF50,Beauty,4,10.18,6269.36,234.55,2026-05-17,2026-05-17,Delivered,
SHP102244,2026-03-23,Dhaka Hub,Dhaka,Khulna,eCourier,SKU1000,Wireless Earbuds,Electronics,1,5.1,3516.71,222.39,2026-03-25,2026-03-25,Delivered,
SHP102245,2025-11-29,Khulna DC,Khulna,Rajshahi,Pathao Courier,SKU1018,Denim Jacket,Apparel,3,10.52,11250.6,339.78,2025-12-04,2025-12-04,Delivered,
SHP102246,2025-12-23,Khulna DC,Khulna,Sylhet,Sundarban Courier,SKU1030,Face Wash,Beauty,3,0.92,10169.16,84.01,2025-12-27,2025-12-27,Delivered,
SHP102247,2026-05-19,Khulna DC,Khulna,Mymensingh,Sundarban Courier,SKU1015,Sneakers (V2),Apparel,4,1.51,4553.96,116.22,2026-05-22,2026-05-22,Delivered,
SHP102248,2025-11-09,Sylhet DC,Sylhet,Mymensingh,Sundarban Courier,SKU1013,Panjabi (V2),Apparel,3,0.68,11187.03,96.24,2025-11-13,2025-11-13,Delivered,
SHP102249,2026-02-22,Khulna DC,Khulna,Dhaka,RedX,SKU1047,Spice Combo (V2),Grocery,1,7.3,1404.23,259.69,2026-02-28,2026-02-28,Delivered,
SHP102250,2026-03-06,Sylhet DC,Sylhet,Dhaka,Steadfast Courier,SKU1004,Smartwatch,Electronics,3,10.02,1679.01,331.84,2026-03-09,2026-03-09,Delivered,
SHP102251,2026-05-18,Rajshahi DC,Rajshahi,Barisal,Sundarban Courier,SKU1040,Basmati Rice 5kg,Grocery,2,4.95,4103.22,182.21,2026-05-24,2026-05-24,Delivered,
SHP102252,2026-05-06,Dhaka Hub,Dhaka,Rangpur,RedX,SKU1025,Non-stick Pan (V2),Home & Living,2,1.27,1993.36,117.01,2026-05-09,2026-05-09,Delivered,
SHP102253,2026-02-08,Sylhet DC,Sylhet,Chattogram,Steadfast Courier,SKU1027,Storage Box (V2),Home & Living,2,4.61,681.1,175.37,2026-02-10,,In Transit,
SHP102254,2025-12-16,Sylhet DC,Sylhet,Chattogram,eCourier,SKU1001,Wireless Earbuds (V2),Electronics,1,4.31,2059.12,148.89,2025-12-19,2025-12-19,Delivered,
SHP102255,2026-01-06,Sylhet DC,Sylhet,Rangpur,Pathao Courier,SKU1049,Honey Jar (V2),Grocery,5,7.79,3789.6,233.6,2026-01-11,,Delayed,Vehicle breakdown
SHP102256,2026-01-21,Dhaka Hub,Dhaka,Rajshahi,Steadfast Courier,SKU1005,Smartwatch (V2),Electronics,2,7.9,8787.92,253.98,2026-01-25,2026-01-28,Delivered Late,Vehicle breakdown
SHP102257,2025-11-15,Chattogram DC,Chattogram,Chattogram,Pathao Courier,SKU1008,Phone Case,Electronics,3,1.42,2121.87,77.07,2025-11-17,2025-11-20,Delivered Late,Address issue
SHP102258,2026-04-05,Rajshahi DC,Rajshahi,Rangpur,RedX,SKU1032,Sunscreen SPF50,Beauty,5,5.16,7836.7,200.71,2026-04-11,2026-04-11,Delivered,
SHP102259,2025-11-12,Dhaka Hub,Dhaka,Dhaka,RedX,SKU1040,Basmati Rice 5kg,Grocery,2,7.78,4103.22,217.48,2025-11-13,2025-11-13,Delivered,
SHP102260,2026-04-13,Khulna DC,Khulna,Sylhet,eCourier,SKU1024,Non-stick Pan,Home & Living,5,3.25,17679.85,166.86,2026-04-15,,Delayed,Customs/checkpoint delay
SHP102261,2026-05-19,Khulna DC,Khulna,Mymensingh,Pathao Courier,SKU1047,Spice Combo (V2),Grocery,3,5.0,4212.69,214.7,2026-05-24,2026-05-24,Delivered,
SHP102262,2026-07-30,Sylhet DC,Sylhet,Sylhet,Pathao Courier,SKU1012,Panjabi,Apparel,5,7.44,14754.05,194.49,2026-08-01,,Delayed,Customs/checkpoint delay
SHP102263,2025-10-12,Dhaka Hub,Dhaka,Dhaka,eCourier,SKU1008,Phone Case,Electronics,3,4.95,2121.87,166.72,2025-10-13,2025-10-13,Delivered,
SHP102264,2026-05-21,Dhaka Hub,Dhaka,Narayanganj,Pathao Courier,SKU1012,Panjabi,Apparel,1,0.56,2950.81,101.32,2026-05-26,2026-05-26,Delivered,
SHP102265,2025-09-30,Chattogram DC,Chattogram,Sylhet,Sundarban Courier,SKU1030,Face Wash,Beauty,5,2.83,16948.6,169.5,2025-10-04,2025-10-04,Delivered,
SHP102266,2025-12-26,Dhaka Hub,Dhaka,Barisal,eCourier,SKU1040,Basmati Rice 5kg,Grocery,5,9.36,10258.05,254.2,2025-12-29,2025-12-29,Delivered,
SHP102267,2025-10-31,Dhaka Hub,Dhaka,Comilla,RedX,SKU1010,Cotton T-Shirt,Apparel,5,3.13,8814.85,144.99,2025-11-04,2025-11-04,Delivered,
SHP102268,2025-10-27,Dhaka Hub,Dhaka,Narayanganj,Pathao Courier,SKU1003,Power Bank (V2),Electronics,1,9.85,3183.55,296.96,2025-10-30,,Delayed,Address issue
SHP102269,2025-10-31,Dhaka Hub,Dhaka,Comilla,Sundarban Courier,SKU1033,Sunscreen SPF50 (V2),Beauty,5,5.71,8807.5,187.51,2025-11-03,,In Transit,
SHP102270,2025-09-16,Rajshahi DC,Rajshahi,Khulna,Steadfast Courier,SKU1037,Lipstick (V2),Beauty,2,5.78,4438.64,213.14,2025-09-20,2025-09-20,Delivered,
SHP102271,2026-06-12,Khulna DC,Khulna,Comilla,Sundarban Courier,SKU1045,Green Tea Pack (V2),Grocery,5,9.29,18253.6,227.88,2026-06-15,2026-06-15,Delivered,
SHP102272,2025-09-22,Dhaka Hub,Dhaka,Dhaka,Pathao Courier,SKU1003,Power Bank (V2),Electronics,5,4.72,15917.75,156.91,2025-09-24,2025-09-24,Delivered,
SHP102273,2026-01-16,Khulna DC,Khulna,Khulna,Pathao Courier,SKU1037,Lipstick (V2),Beauty,1,3.01,2219.32,98.94,2026-01-17,2026-01-17,Delivered,
SHP102274,2026-04-30,Dhaka Hub,Dhaka,Chattogram,Sundarban Courier,SKU1018,Denim Jacket,Apparel,2,1.44,7500.4,97.79,2026-05-04,2026-05-04,Returned,
SHP102275,2026-08-09,Sylhet DC,Sylhet,Barisal,Steadfast Courier,SKU1005,Smartwatch (V2),Electronics,2,8.13,8787.92,289.85,2026-08-13,2026-08-13,Delivered Late,Courier capacity shortage
SHP102276,2026-06-23,Dhaka Hub,Dhaka,Comilla,Sundarban Courier,SKU1033,Sunscreen SPF50 (V2),Beauty,2,5.75,3523.0,192.49,2026-06-29,2026-06-29,Delivered,
SHP102277,2025-10-18,Dhaka Hub,Dhaka,Mymensingh,Pathao Courier,SKU1017,Saree (V2),Apparel,3,9.75,1282.83,352.78,2025-10-20,,In Transit,
SHP102278,2026-08-08,Dhaka Hub,Dhaka,Narayanganj,RedX,SKU1012,Panjabi,Apparel,3,5.6,8852.43,177.84,2026-08-11,2026-08-11,Delivered,
SHP102279,2026-04-15,Sylhet DC,Sylhet,Chattogram,Pathao Courier,SKU1040,Basmati Rice 5kg,Grocery,4,5.09,8206.44,194.62,2026-04-21,,Cancelled,
SHP102280,2025-11-02,Sylhet DC,Sylhet,Mymensingh,Pathao Courier,SKU1022,Table Lamp,Home & Living,4,3.73,17490.16,133.95,2025-11-05,2025-11-05,Delivered,
SHP102281,2026-02-03,Chattogram DC,Chattogram,Mymensingh,Steadfast Courier,SKU1018,Denim Jacket,Apparel,2,2.55,7500.4,143.01,2026-02-09,2026-02-09,Delivered,
SHP102282,2026-07-15,Khulna DC,Khulna,Rajshahi,eCourier,SKU1044,Green Tea Pack,Grocery,1,10.0,3770.33,348.85,2026-07-20,2026-07-21,Delivered Late,Courier capacity shortage
SHP102283,2026-01-14,Khulna DC,Khulna,Dhaka,Pathao Courier,SKU1010,Cotton T-Shirt,Apparel,4,1.32,7051.88,121.79,2026-01-18,2026-01-18,Delivered,
SHP102284,2025-11-03,Khulna DC,Khulna,Chattogram,Sundarban Courier,SKU1000,Wireless Earbuds,Electronics,1,10.85,3516.71,305.76,2025-11-06,2025-11-06,Delivered,
SHP102285,2026-06-30,Sylhet DC,Sylhet,Narayanganj,Pathao Courier,SKU1023,Table Lamp (V2),Home & Living,1,0.52,4035.08,104.62,2026-07-03,2026-07-03,Delivered,
SHP102286,2026-07-27,Sylhet DC,Sylhet,Sylhet,Pathao Courier,SKU1006,Bluetooth Speaker,Electronics,4,6.36,13843.84,166.57,2026-07-29,2026-07-29,Delivered,
SHP102287,2026-08-04,Sylhet DC,Sylhet,Rangpur,RedX,SKU1024,Non-stick Pan,Home & Living,2,0.89,7071.94,90.19,2026-08-06,2026-08-06,Delivered,
SHP102288,2026-07-28,Chattogram DC,Chattogram,Narayanganj,RedX,SKU1020,Bedsheet Set,Home & Living,1,9.4,3447.68,232.59,2026-08-02,2026-08-02,Delivered,
SHP102289,2026-06-30,Sylhet DC,Sylhet,Rajshahi,eCourier,SKU1014,Sneakers,Apparel,2,2.7,4157.7,151.38,2026-07-05,2026-07-05,Delivered,
SHP102290,2026-02-05,Dhaka Hub,Dhaka,Sylhet,Steadfast Courier,SKU1000,Wireless Earbuds,Electronics,3,6.88,10550.13,266.08,2026-02-10,,In Transit,
SHP102291,2025-11-06,Rajshahi DC,Rajshahi,Rajshahi,Pathao Courier,SKU1011,Cotton T-Shirt (V2),Apparel,5,11.01,20907.15,251.76,2025-11-08,2025-11-08,Delivered,
SHP102292,2026-04-02,Chattogram DC,Chattogram,Sylhet,Steadfast Courier,SKU1006,Bluetooth Speaker,Electronics,5,7.86,17304.8,257.34,2026-04-07,2026-04-07,Delivered,
SHP102293,2025-11-16,Khulna DC,Khulna,Chattogram,RedX,SKU1014,Sneakers,Apparel,4,2.3,8315.4,122.75,2025-11-21,2025-11-21,Delivered,
SHP102294,2026-02-11,Rajshahi DC,Rajshahi,Comilla,Pathao Courier,SKU1020,Bedsheet Set,Home & Living,5,9.6,17238.4,220.51,2026-02-13,2026-02-13,Delivered,
SHP102295,2026-04-16,Sylhet DC,Sylhet,Khulna,eCourier,SKU1018,Denim Jacket,Apparel,3,5.41,11250.6,164.08,2026-04-22,2026-04-22,Returned,
SHP102296,2026-07-25,Rajshahi DC,Rajshahi,Rangpur,Pathao Courier,SKU1028,Curtain Set,Home & Living,3,0.36,2463.48,94.89,2026-07-28,2026-07-28,Delivered,
SHP102297,2025-12-10,Sylhet DC,Sylhet,Mymensingh,RedX,SKU1024,Non-stick Pan,Home & Living,5,5.94,17679.85,240.73,2025-12-16,2025-12-16,Delivered,
SHP102298,2025-11-27,Dhaka Hub,Dhaka,Barisal,eCourier,SKU1032,Sunscreen SPF50,Beauty,2,9.79,3134.68,297.6,2025-11-29,2025-11-29,Delivered,
SHP102299,2026-05-13,Dhaka Hub,Dhaka,Barisal,Pathao Courier,SKU1048,Honey Jar,Grocery,5,5.27,15594.3,183.73,2026-05-16,2026-05-16,Delivered,
SHP102300,2025-09-03,Dhaka Hub,Dhaka,Chattogram,Steadfast Courier,SKU1031,Face Wash (V2),Beauty,5,9.15,21793.35,212.62,2025-09-08,2025-09-08,Delivered,
SHP102301,2026-03-15,Rajshahi DC,Rajshahi,Barisal,Pathao Courier,SKU1048,Honey Jar,Grocery,2,8.53,6237.72,287.65,2026-03-18,2026-03-18,Delivered,
SHP102302,2026-05-17,Sylhet DC,Sylhet,Mymensingh,eCourier,SKU1034,Hair Serum,Beauty,4,5.59,8770.28,207.01,2026-05-20,2026-05-20,Delivered,
SHP102303,2026-03-10,Chattogram DC,Chattogram,Chattogram,Pathao Courier,SKU1043,Mustard Oil 1L (V2),Grocery,4,4.01,6035.16,133.88,2026-03-12,2026-03-12,Delivered,
SHP102304,2026-01-11,Sylhet DC,Sylhet,Sylhet,Pathao Courier,SKU1037,Lipstick (V2),Beauty,4,8.77,8877.28,196.83,2026-01-13,2026-01-13,Delivered,
SHP102305,2026-06-14,Chattogram DC,Chattogram,Rangpur,Sundarban Courier,SKU1025,Non-stick Pan (V2),Home & Living,2,4.55,1993.36,183.48,2026-06-16,2026-06-16,Delivered,
SHP102306,2026-01-07,Rajshahi DC,Rajshahi,Narayanganj,eCourier,SKU1010,Cotton T-Shirt,Apparel,5,2.21,8814.85,127.43,2026-01-12,2026-01-12,Delivered,
SHP102307,2026-05-04,Rajshahi DC,Rajshahi,Khulna,Pathao Courier,SKU1034,Hair Serum,Beauty,3,3.99,6577.71,160.63,2026-05-08,2026-05-08,Delivered,
SHP102308,2026-02-08,Dhaka Hub,Dhaka,Comilla,Steadfast Courier,SKU1007,Bluetooth Speaker (V2),Electronics,1,10.55,3569.38,307.53,2026-02-12,2026-02-12,Delivered,
SHP102309,2025-09-10,Khulna DC,Khulna,Chattogram,Pathao Courier,SKU1045,Green Tea Pack (V2),Grocery,1,3.54,3650.72,169.32,2025-09-14,2025-09-14,Delivered,
SHP102310,2026-03-03,Chattogram DC,Chattogram,Barisal,Sundarban Courier,SKU1013,Panjabi (V2),Apparel,4,2.97,14916.04,166.15,2026-03-06,2026-03-06,Delivered,
SHP102311,2025-09-18,Dhaka Hub,Dhaka,Narayanganj,Sundarban Courier,SKU1009,Phone Case (V2),Electronics,3,1.77,6327.54,142.95,2025-09-24,2025-09-24,Delivered,
SHP102312,2026-07-20,Rajshahi DC,Rajshahi,Rajshahi,Pathao Courier,SKU1001,Wireless Earbuds (V2),Electronics,1,0.85,2059.12,57.79,2026-07-21,2026-07-21,Delivered,
SHP102313,2026-03-28,Dhaka Hub,Dhaka,Barisal,Steadfast Courier,SKU1045,Green Tea Pack (V2),Grocery,3,11.72,10952.16,354.07,2026-04-03,2026-04-03,Delivered,
SHP102314,2026-01-07,Chattogram DC,Chattogram,Chattogram,Sundarban Courier,SKU1008,Phone Case,Electronics,3,6.53,2121.87,185.25,2026-01-09,2026-01-09,Delivered,
SHP102315,2026-02-16,Dhaka Hub,Dhaka,Barisal,RedX,SKU1002,Power Bank,Electronics,1,8.81,3884.9,290.81,2026-02-21,2026-02-21,Delivered,
SHP102316,2026-04-03,Sylhet DC,Sylhet,Barisal,RedX,SKU1020,Bedsheet Set,Home & Living,2,9.32,6895.36,228.98,2026-04-09,2026-04-09,Delivered,
SHP102317,2025-11-30,Sylhet DC,Sylhet,Narayanganj,RedX,SKU1025,Non-stick Pan (V2),Home & Living,3,4.36,2990.04,167.9,2025-12-04,2025-12-04,Delivered,
SHP102318,2025-12-09,Chattogram DC,Chattogram,Sylhet,RedX,SKU1007,Bluetooth Speaker (V2),Electronics,4,9.63,14277.52,362.27,2025-12-15,2025-12-15,Delivered,
SHP102319,2026-01-23,Dhaka Hub,Dhaka,Khulna,Steadfast Courier,SKU1047,Spice Combo (V2),Grocery,4,11.55,5616.92,289.13,2026-01-25,2026-01-25,Delivered,
SHP102320,2025-11-29,Dhaka Hub,Dhaka,Rangpur,RedX,SKU1001,Wireless Earbuds (V2),Electronics,1,8.95,2059.12,234.42,2025-12-01,,In Transit,
SHP102321,2026-05-21,Rajshahi DC,Rajshahi,Narayanganj,RedX,SKU1005,Smartwatch (V2),Electronics,4,8.6,17575.84,200.87,2026-05-25,2026-05-25,Delivered,
SHP102322,2025-10-06,Rajshahi DC,Rajshahi,Sylhet,RedX,SKU1027,Storage Box (V2),Home & Living,5,5.3,1702.75,174.66,2025-10-10,2025-10-10,Delivered,
SHP102323,2026-06-14,Rajshahi DC,Rajshahi,Rangpur,RedX,SKU1028,Curtain Set,Home & Living,1,10.13,821.16,301.26,2026-06-18,2026-06-18,Delivered,
SHP102324,2025-12-30,Sylhet DC,Sylhet,Comilla,Sundarban Courier,SKU1025,Non-stick Pan (V2),Home & Living,5,1.25,4983.4,96.67,2026-01-03,2026-01-03,Delivered,
SHP102325,2026-03-14,Sylhet DC,Sylhet,Rangpur,RedX,SKU1024,Non-stick Pan,Home & Living,1,9.05,3535.97,261.43,2026-03-18,,In Transit,
SHP102326,2025-10-25,Khulna DC,Khulna,Rajshahi,Sundarban Courier,SKU1011,Cotton T-Shirt (V2),Apparel,4,4.47,16725.72,205.7,2025-10-30,2025-10-30,Delivered,
SHP102327,2026-01-12,Khulna DC,Khulna,Sylhet,eCourier,SKU1004,Smartwatch,Electronics,2,6.88,1119.34,192.09,2026-01-15,2026-01-15,Delivered,
SHP102328,2026-05-20,Sylhet DC,Sylhet,Sylhet,Steadfast Courier,SKU1033,Sunscreen SPF50 (V2),Beauty,4,10.74,7046.0,306.93,2026-05-22,2026-05-22,Delivered,
SHP102329,2025-12-03,Chattogram DC,Chattogram,Dhaka,Steadfast Courier,SKU1047,Spice Combo (V2),Grocery,5,7.34,7021.15,263.33,2025-12-08,2025-12-12,Delivered Late,Weather disruption
SHP102330,2025-10-16,Sylhet DC,Sylhet,Chattogram,eCourier,SKU1036,Lipstick,Beauty,5,0.5,3575.8,88.18,2025-10-21,2025-10-21,Returned,
SHP102331,2026-02-28,Dhaka Hub,Dhaka,Rajshahi,RedX,SKU1014,Sneakers,Apparel,5,8.73,10394.25,264.48,2026-03-05,2026-03-05,Delivered,
SHP102332,2025-10-27,Dhaka Hub,Dhaka,Chattogram,eCourier,SKU1043,Mustard Oil 1L (V2),Grocery,5,11.16,7543.95,368.07,2025-10-30,2025-10-30,Delivered,
SHP102333,2025-12-18,Khulna DC,Khulna,Dhaka,Pathao Courier,SKU1035,Hair Serum (V2),Beauty,2,7.78,1948.4,218.1,2025-12-20,2025-12-20,Delivered,
SHP102334,2026-02-03,Rajshahi DC,Rajshahi,Rangpur,Sundarban Courier,SKU1014,Sneakers,Apparel,3,10.36,6236.55,239.47,2026-02-09,2026-02-09,Returned,
SHP102335,2026-03-15,Dhaka Hub,Dhaka,Dhaka,Pathao Courier,SKU1042,Mustard Oil 1L,Grocery,4,9.94,12784.6,206.69,2026-03-17,2026-03-17,Delivered,
SHP102336,2026-04-10,Dhaka Hub,Dhaka,Chattogram,Pathao Courier,SKU1047,Spice Combo (V2),Grocery,1,10.36,1404.23,355.8,2026-04-15,2026-04-15,Delivered,
SHP102337,2026-04-23,Dhaka Hub,Dhaka,Barisal,Steadfast Courier,SKU1022,Table Lamp,Home & Living,3,4.26,13117.62,170.4,2026-04-26,2026-04-26,Delivered,
SHP102338,2026-06-20,Khulna DC,Khulna,Narayanganj,Steadfast Courier,SKU1005,Smartwatch (V2),Electronics,3,5.8,13181.88,220.46,2026-06-24,2026-06-24,Delivered,
SHP102339,2025-09-23,Chattogram DC,Chattogram,Mymensingh,RedX,SKU1045,Green Tea Pack (V2),Grocery,5,10.21,18253.6,306.63,2025-09-28,2025-09-28,Delivered,
SHP102340,2026-01-04,Chattogram DC,Chattogram,Dhaka,Pathao Courier,SKU1049,Honey Jar (V2),Grocery,1,10.94,757.92,312.3,2026-01-08,2026-01-12,Delivered Late,Customs/checkpoint delay
SHP102341,2025-09-01,Dhaka Hub,Dhaka,Chattogram,RedX,SKU1043,Mustard Oil 1L (V2),Grocery,1,1.93,1508.79,127.49,2025-09-04,2025-09-04,Delivered,
SHP102342,2025-09-04,Rajshahi DC,Rajshahi,Mymensingh,Sundarban Courier,SKU1042,Mustard Oil 1L,Grocery,1,2.34,3196.15,143.72,2025-09-09,2025-09-09,Delivered,
SHP102343,2025-11-13,Sylhet DC,Sylhet,Mymensingh,eCourier,SKU1044,Green Tea Pack,Grocery,3,4.29,11310.99,172.48,2025-11-15,2025-11-15,Returned,
SHP102344,2026-03-26,Khulna DC,Khulna,Khulna,Steadfast Courier,SKU1020,Bedsheet Set,Home & Living,3,9.29,10343.04,180.45,2026-03-28,,Delayed,Failed delivery attempt
SHP102345,2026-07-07,Khulna DC,Khulna,Narayanganj,Sundarban Courier,SKU1022,Table Lamp,Home & Living,3,10.52,13117.62,263.04,2026-07-11,2026-07-11,Delivered,
SHP102346,2026-05-26,Dhaka Hub,Dhaka,Comilla,Pathao Courier,SKU1042,Mustard Oil 1L,Grocery,2,7.05,6392.3,215.77,2026-05-30,2026-05-30,Delivered,
SHP102347,2026-04-12,Rajshahi DC,Rajshahi,Mymensingh,Pathao Courier,SKU1015,Sneakers (V2),Apparel,2,1.54,2276.98,98.37,2026-04-16,,In Transit,
SHP102348,2026-05-28,Sylhet DC,Sylhet,Mymensingh,Pathao Courier,SKU1046,Spice Combo,Grocery,3,3.78,5506.59,146.45,2026-06-01,2026-06-01,Delivered,
SHP102349,2025-10-30,Khulna DC,Khulna,Mymensingh,Sundarban Courier,SKU1014,Sneakers,Apparel,1,10.31,2078.85,288.93,2025-11-03,,Cancelled,
SHP102350,2026-06-18,Chattogram DC,Chattogram,Chattogram,Pathao Courier,SKU1024,Non-stick Pan,Home & Living,4,4.3,14143.88,114.6,2026-06-20,2026-06-20,Delivered,
SHP102351,2026-07-06,Rajshahi DC,Rajshahi,Mymensingh,Pathao Courier,SKU1035,Hair Serum (V2),Beauty,1,1.41,974.2,104.44,2026-07-12,2026-07-16,Delivered Late,Warehouse backlog
SHP102352,2025-10-03,Rajshahi DC,Rajshahi,Narayanganj,Pathao Courier,SKU1010,Cotton T-Shirt,Apparel,4,3.76,7051.88,142.65,2025-10-05,2025-10-05,Delivered,
SHP102353,2026-02-10,Sylhet DC,Sylhet,Sylhet,Pathao Courier,SKU1014,Sneakers,Apparel,3,9.72,6236.55,241.4,2026-02-12,2026-02-12,Delivered,
SHP102354,2026-06-15,Dhaka Hub,Dhaka,Dhaka,eCourier,SKU1003,Power Bank (V2),Electronics,5,6.02,15917.75,193.53,2026-06-16,2026-06-19,Delivered Late,Warehouse backlog
SHP102355,2026-02-12,Rajshahi DC,Rajshahi,Khulna,Pathao Courier,SKU1020,Bedsheet Set,Home & Living,4,2.22,13790.72,106.14,2026-02-15,2026-02-15,Delivered,
SHP102356,2026-06-18,Rajshahi DC,Rajshahi,Sylhet,Steadfast Courier,SKU1012,Panjabi,Apparel,3,3.89,8852.43,187.48,2026-06-23,2026-06-23,Delivered,
SHP102357,2026-07-21,Sylhet DC,Sylhet,Narayanganj,Pathao Courier,SKU1021,Bedsheet Set (V2),Home & Living,4,11.45,6768.76,324.13,2026-07-25,2026-07-25,Delivered,
SHP102358,2026-02-12,Sylhet DC,Sylhet,Rajshahi,Pathao Courier,SKU1018,Denim Jacket,Apparel,1,5.3,3750.2,160.77,2026-02-16,2026-02-16,Delivered,
SHP102359,2025-09-21,Chattogram DC,Chattogram,Rangpur,Pathao Courier,SKU1033,Sunscreen SPF50 (V2),Beauty,1,5.41,1761.5,175.14,2025-09-27,2025-09-27,Delivered,
SHP102360,2025-12-27,Dhaka Hub,Dhaka,Narayanganj,eCourier,SKU1013,Panjabi (V2),Apparel,3,2.01,11187.03,115.51,2026-01-01,2026-01-01,Delivered,
SHP102361,2025-11-14,Rajshahi DC,Rajshahi,Mymensingh,Pathao Courier,SKU1003,Power Bank (V2),Electronics,5,3.79,15917.75,157.37,2025-11-18,2025-11-18,Delivered,
SHP102362,2026-02-12,Sylhet DC,Sylhet,Mymensingh,RedX,SKU1047,Spice Combo (V2),Grocery,5,9.81,7021.15,266.37,2026-02-17,2026-02-17,Delivered,
SHP102363,2026-03-22,Chattogram DC,Chattogram,Narayanganj,Pathao Courier,SKU1045,Green Tea Pack (V2),Grocery,2,9.48,7301.44,337.22,2026-03-26,2026-03-26,Delivered,
SHP102364,2026-02-08,Khulna DC,Khulna,Rangpur,Steadfast Courier,SKU1026,Storage Box,Home & Living,2,5.34,4360.48,214.64,2026-02-13,,In Transit,
SHP102365,2025-11-07,Dhaka Hub,Dhaka,Sylhet,Pathao Courier,SKU1028,Curtain Set,Home & Living,5,10.75,4105.8,302.99,2025-11-10,2025-11-10,Delivered,
SHP102366,2025-12-14,Dhaka Hub,Dhaka,Mymensingh,Sundarban Courier,SKU1046,Spice Combo,Grocery,3,4.69,5506.59,227.77,2025-12-16,2025-12-17,Delivered Late,Weather disruption
SHP102367,2026-04-24,Chattogram DC,Chattogram,Khulna,eCourier,SKU1027,Storage Box (V2),Home & Living,1,10.4,340.55,274.9,2026-04-28,2026-04-28,Delivered,
SHP102368,2025-09-10,Sylhet DC,Sylhet,Khulna,Pathao Courier,SKU1034,Hair Serum,Beauty,2,0.57,4385.14,75.58,2025-09-13,2025-09-13,Delivered,
SHP102369,2025-11-14,Chattogram DC,Chattogram,Rangpur,Pathao Courier,SKU1007,Bluetooth Speaker (V2),Electronics,5,4.3,17846.9,145.85,2025-11-19,2025-11-19,Delivered,
SHP102370,2026-07-06,Dhaka Hub,Dhaka,Khulna,eCourier,SKU1015,Sneakers (V2),Apparel,5,10.29,5692.45,304.86,2026-07-08,2026-07-08,Delivered,
SHP102371,2025-10-05,Chattogram DC,Chattogram,Dhaka,Pathao Courier,SKU1041,Basmati Rice 5kg (V2),Grocery,5,10.84,18860.75,233.99,2025-10-07,2025-10-07,Delivered,
SHP102372,2026-01-22,Chattogram DC,Chattogram,Narayanganj,Pathao Courier,SKU1035,Hair Serum (V2),Beauty,1,9.13,974.2,313.09,2026-01-27,2026-01-30,Delivered Late,Vehicle breakdown
SHP102373,2025-11-11,Sylhet DC,Sylhet,Barisal,Sundarban Courier,SKU1029,Curtain Set (V2),Home & Living,5,8.1,15606.3,259.15,2025-11-15,2025-11-15,Delivered,
SHP102374,2025-10-07,Sylhet DC,Sylhet,Rangpur,Pathao Courier,SKU1017,Saree (V2),Apparel,1,9.82,427.61,290.13,2025-10-13,2025-10-13,Delivered,
SHP102375,2026-01-25,Rajshahi DC,Rajshahi,Comilla,Steadfast Courier,SKU1001,Wireless Earbuds (V2),Electronics,5,8.55,10295.6,319.51,2026-01-28,,In Transit,
SHP102376,2026-02-28,Rajshahi DC,Rajshahi,Rangpur,RedX,SKU1048,Honey Jar,Grocery,5,3.2,15594.3,119.66,2026-03-02,2026-03-02,Delivered,
SHP102377,2025-10-31,Chattogram DC,Chattogram,Rangpur,RedX,SKU1012,Panjabi,Apparel,2,5.7,5901.62,218.6,2025-11-02,,In Transit,
SHP102378,2025-09-27,Rajshahi DC,Rajshahi,Mymensingh,Pathao Courier,SKU1003,Power Bank (V2),Electronics,1,8.0,3183.55,238.55,2025-10-01,2025-10-01,Delivered,
SHP102379,2025-10-17,Sylhet DC,Sylhet,Sylhet,RedX,SKU1025,Non-stick Pan (V2),Home & Living,4,7.14,3986.72,219.57,2025-10-18,2025-10-18,Delivered,
SHP102380,2026-04-14,Dhaka Hub,Dhaka,Comilla,RedX,SKU1024,Non-stick Pan,Home & Living,1,10.64,3535.97,296.99,2026-04-19,2026-04-19,Delivered,
SHP102381,2026-06-25,Chattogram DC,Chattogram,Mymensingh,Pathao Courier,SKU1029,Curtain Set (V2),Home & Living,3,5.79,9363.78,246.69,2026-06-27,2026-06-27,Delivered,
SHP102382,2025-11-02,Khulna DC,Khulna,Chattogram,Steadfast Courier,SKU1010,Cotton T-Shirt,Apparel,2,2.3,3525.94,145.66,2025-11-08,2025-11-08,Delivered,
SHP102383,2025-12-20,Rajshahi DC,Rajshahi,Chattogram,RedX,SKU1006,Bluetooth Speaker,Electronics,3,2.73,10382.88,119.42,2025-12-24,,Cancelled,
SHP102384,2025-12-28,Chattogram DC,Chattogram,Comilla,eCourier,SKU1030,Face Wash,Beauty,5,10.18,16948.6,311.14,2026-01-02,2026-01-02,Delivered,
SHP102385,2026-01-03,Dhaka Hub,Dhaka,Comilla,Pathao Courier,SKU1043,Mustard Oil 1L (V2),Grocery,5,0.3,7543.95,107.23,2026-01-06,,Delayed,Address issue
SHP102386,2025-11-24,Dhaka Hub,Dhaka,Narayanganj,Pathao Courier,SKU1009,Phone Case (V2),Electronics,3,10.46,6327.54,326.71,2025-11-26,2025-11-26,Delivered,
SHP102387,2025-09-20,Dhaka Hub,Dhaka,Chattogram,eCourier,SKU1038,Perfume,Beauty,2,0.86,2274.12,94.42,2025-09-23,2025-09-23,Delivered,
SHP102388,2026-03-01,Khulna DC,Khulna,Comilla,eCourier,SKU1012,Panjabi,Apparel,5,4.82,14754.05,212.12,2026-03-05,2026-03-05,Delivered,
SHP102389,2026-01-02,Sylhet DC,Sylhet,Comilla,Sundarban Courier,SKU1030,Face Wash,Beauty,3,9.64,10169.16,268.14,2026-01-06,,Cancelled,
SHP102390,2025-12-28,Sylhet DC,Sylhet,Mymensingh,Pathao Courier,SKU1006,Bluetooth Speaker,Electronics,1,5.01,3460.96,198.09,2025-12-31,2025-12-31,Delivered,
SHP102391,2025-12-01,Khulna DC,Khulna,Rajshahi,eCourier,SKU1048,Honey Jar,Grocery,5,9.9,15594.3,320.84,2025-12-04,,In Transit,
SHP102392,2026-07-19,Rajshahi DC,Rajshahi,Barisal,Pathao Courier,SKU1041,Basmati Rice 5kg (V2),Grocery,5,1.38,18860.75,96.15,2026-07-25,2026-07-25,Delivered,
SHP102393,2026-03-31,Khulna DC,Khulna,Rajshahi,Sundarban Courier,SKU1041,Basmati Rice 5kg (V2),Grocery,2,6.24,7544.3,190.85,2026-04-03,,In Transit,
SHP102394,2026-01-23,Dhaka Hub,Dhaka,Dhaka,RedX,SKU1035,Hair Serum (V2),Beauty,1,7.07,974.2,170.06,2026-01-25,,In Transit,
SHP102395,2025-11-11,Sylhet DC,Sylhet,Barisal,Pathao Courier,SKU1019,Denim Jacket (V2),Apparel,1,10.71,2897.74,359.38,2025-11-14,2025-11-14,Delivered,
SHP102396,2026-06-05,Rajshahi DC,Rajshahi,Sylhet,Pathao Courier,SKU1003,Power Bank (V2),Electronics,3,1.3,9550.65,116.79,2026-06-08,2026-06-08,Delivered,
SHP102397,2026-07-05,Khulna DC,Khulna,Sylhet,Pathao Courier,SKU1006,Bluetooth Speaker,Electronics,2,4.2,6921.92,168.32,2026-07-09,2026-07-09,Delivered,
SHP102398,2025-09-12,Chattogram DC,Chattogram,Dhaka,Steadfast Courier,SKU1000,Wireless Earbuds,Electronics,4,7.98,14066.84,209.04,2025-09-16,,Cancelled,
SHP102399,2026-07-19,Chattogram DC,Chattogram,Rajshahi,Sundarban Courier,SKU1043,Mustard Oil 1L (V2),Grocery,4,11.76,6035.16,261.91,2026-07-23,2026-07-23,Delivered,
SHP102400,2026-04-30,Rajshahi DC,Rajshahi,Dhaka,RedX,SKU1044,Green Tea Pack,Grocery,1,10.21,3770.33,289.12,2026-05-05,2026-05-05,Delivered,
SHP102401,2025-10-05,Dhaka Hub,Dhaka,Comilla,Steadfast Courier,SKU1041,Basmati Rice 5kg (V2),Grocery,5,10.19,18860.75,308.64,2025-10-08,,In Transit,
SHP102402,2026-05-19,Sylhet DC,Sylhet,Comilla,RedX,SKU1046,Spice Combo,Grocery,1,6.3,1835.53,236.82,2026-05-21,2026-05-21,Delivered,
SHP102403,2025-10-08,Dhaka Hub,Dhaka,Comilla,RedX,SKU1012,Panjabi,Apparel,1,6.86,2950.81,271.01,2025-10-13,2025-10-13,Delivered,
SHP102404,2025-09-18,Rajshahi DC,Rajshahi,Khulna,RedX,SKU1021,Bedsheet Set (V2),Home & Living,4,10.33,6768.76,251.83,2025-09-21,2025-09-21,Delivered,
SHP102405,2025-10-10,Dhaka Hub,Dhaka,Chattogram,Sundarban Courier,SKU1020,Bedsheet Set,Home & Living,4,10.46,13790.72,333.78,2025-10-13,2025-10-13,Delivered,
SHP102406,2026-02-07,Dhaka Hub,Dhaka,Barisal,RedX,SKU1021,Bedsheet Set (V2),Home & Living,5,9.67,8460.95,316.45,2026-02-11,2026-02-11,Delivered,
SHP102407,2026-04-03,Chattogram DC,Chattogram,Rangpur,Steadfast Courier,SKU1027,Storage Box (V2),Home & Living,3,9.86,1021.65,355.18,2026-04-08,2026-04-08,Delivered,
SHP102408,2026-01-19,Chattogram DC,Chattogram,Dhaka,eCourier,SKU1008,Phone Case,Electronics,3,10.58,2121.87,339.39,2026-01-22,,In Transit,
SHP102409,2025-10-13,Sylhet DC,Sylhet,Comilla,Sundarban Courier,SKU1025,Non-stick Pan (V2),Home & Living,4,1.54,3986.72,112.38,2025-10-19,2025-10-19,Delivered,
SHP102410,2025-11-08,Chattogram DC,Chattogram,Rajshahi,Sundarban Courier,SKU1008,Phone Case,Electronics,4,3.65,2829.16,174.01,2025-11-11,,In Transit,
SHP102411,2026-06-22,Chattogram DC,Chattogram,Comilla,Steadfast Courier,SKU1014,Sneakers,Apparel,4,11.72,8315.4,318.29,2026-06-28,2026-06-28,Delivered,
SHP102412,2026-07-31,Sylhet DC,Sylhet,Dhaka,Pathao Courier,SKU1009,Phone Case (V2),Electronics,2,6.63,4218.36,253.67,2026-08-03,2026-08-03,Returned,
SHP102413,2026-05-19,Sylhet DC,Sylhet,Rajshahi,eCourier,SKU1023,Table Lamp (V2),Home & Living,5,2.28,20175.4,141.05,2026-05-24,2026-05-24,Delivered,
SHP102414,2025-10-06,Rajshahi DC,Rajshahi,Rajshahi,Pathao Courier,SKU1041,Basmati Rice 5kg (V2),Grocery,2,6.14,7544.3,200.36,2025-10-07,2025-10-07,Delivered,
SHP102415,2026-06-11,Sylhet DC,Sylhet,Dhaka,eCourier,SKU1007,Bluetooth Speaker (V2),Electronics,2,7.82,7138.76,214.12,2026-06-16,,Cancelled,
SHP102416,2026-04-28,Sylhet DC,Sylhet,Mymensingh,eCourier,SKU1023,Table Lamp (V2),Home & Living,2,9.97,8070.16,337.35,2026-05-02,2026-05-02,Delivered,
SHP102417,2026-03-02,Khulna DC,Khulna,Narayanganj,Sundarban Courier,SKU1015,Sneakers (V2),Apparel,2,9.78,2276.98,255.66,2026-03-07,,Delayed,Vehicle breakdown
SHP102418,2025-10-20,Dhaka Hub,Dhaka,Barisal,Pathao Courier,SKU1048,Honey Jar,Grocery,2,0.78,6237.72,95.68,2025-10-25,2025-10-25,Delivered,
SHP102419,2026-08-11,Khulna DC,Khulna,Khulna,eCourier,SKU1025,Non-stick Pan (V2),Home & Living,3,5.55,2990.04,190.34,2026-08-12,2026-08-12,Delivered,
SHP102420,2026-02-01,Rajshahi DC,Rajshahi,Rangpur,Sundarban Courier,SKU1026,Storage Box,Home & Living,4,0.44,8720.96,73.22,2026-02-04,2026-02-04,Delivered,
SHP102421,2025-09-16,Chattogram DC,Chattogram,Khulna,Sundarban Courier,SKU1036,Lipstick,Beauty,3,10.68,2145.48,331.52,2025-09-19,,In Transit,
SHP102422,2025-11-12,Dhaka Hub,Dhaka,Khulna,RedX,SKU1003,Power Bank (V2),Electronics,5,2.25,15917.75,138.65,2025-11-18,2025-11-18,Delivered,
SHP102423,2026-01-17,Chattogram DC,Chattogram,Mymensingh,Sundarban Courier,SKU1049,Honey Jar (V2),Grocery,3,7.57,2273.76,288.02,2026-01-23,2026-01-24,Delivered Late,Weather disruption
SHP102424,2025-09-22,Chattogram DC,Chattogram,Barisal,RedX,SKU1023,Table Lamp (V2),Home & Living,3,6.93,12105.24,176.63,2025-09-25,2025-09-25,Delivered,
SHP102425,2025-12-22,Sylhet DC,Sylhet,Sylhet,Pathao Courier,SKU1018,Denim Jacket,Apparel,1,7.58,3750.2,243.32,2025-12-23,2025-12-23,Delivered,
SHP102426,2026-02-10,Rajshahi DC,Rajshahi,Rajshahi,Sundarban Courier,SKU1035,Hair Serum (V2),Beauty,5,6.85,4871.0,231.25,2026-02-11,,In Transit,
SHP102427,2026-07-26,Sylhet DC,Sylhet,Comilla,Steadfast Courier,SKU1038,Perfume,Beauty,1,8.64,1137.06,294.9,2026-07-29,,Delayed,Warehouse backlog
SHP102428,2025-09-30,Dhaka Hub,Dhaka,Barisal,Pathao Courier,SKU1009,Phone Case (V2),Electronics,1,7.59,2109.18,239.83,2025-10-03,2025-10-03,Delivered,
SHP102429,2026-03-19,Chattogram DC,Chattogram,Dhaka,Sundarban Courier,SKU1024,Non-stick Pan,Home & Living,5,1.27,17679.85,105.78,2026-03-24,2026-03-24,Delivered,
SHP102430,2026-07-14,Khulna DC,Khulna,Comilla,RedX,SKU1017,Saree (V2),Apparel,3,4.53,1282.83,168.11,2026-07-16,2026-07-16,Delivered,
SHP102431,2026-06-06,Chattogram DC,Chattogram,Mymensingh,Steadfast Courier,SKU1018,Denim Jacket,Apparel,1,6.65,3750.2,243.11,2026-06-12,2026-06-12,Delivered,
SHP102432,2026-07-18,Sylhet DC,Sylhet,Sylhet,RedX,SKU1035,Hair Serum (V2),Beauty,3,4.04,2922.6,104.27,2026-07-20,,In Transit,
SHP102433,2025-10-29,Khulna DC,Khulna,Narayanganj,eCourier,SKU1009,Phone Case (V2),Electronics,3,9.17,6327.54,256.83,2025-11-01,2025-11-01,Delivered,
SHP102434,2026-06-05,Chattogram DC,Chattogram,Narayanganj,Pathao Courier,SKU1032,Sunscreen SPF50,Beauty,1,3.95,1567.34,147.71,2026-06-09,2026-06-09,Delivered,
SHP102435,2026-08-05,Khulna DC,Khulna,Narayanganj,Sundarban Courier,SKU1049,Honey Jar (V2),Grocery,4,9.98,3031.68,333.67,2026-08-09,2026-08-13,Delivered Late,Customs/checkpoint delay
SHP102436,2025-12-22,Chattogram DC,Chattogram,Khulna,Steadfast Courier,SKU1004,Smartwatch,Electronics,4,1.93,2238.68,118.19,2025-12-25,,In Transit,
SHP102437,2026-02-20,Dhaka Hub,Dhaka,Narayanganj,Steadfast Courier,SKU1046,Spice Combo,Grocery,1,9.28,1835.53,286.51,2026-02-25,2026-02-25,Delivered,
SHP102438,2026-03-03,Chattogram DC,Chattogram,Comilla,RedX,SKU1048,Honey Jar,Grocery,4,2.36,12475.44,111.36,2026-03-07,,Delayed,Failed delivery attempt
SHP102439,2026-02-18,Sylhet DC,Sylhet,Comilla,Sundarban Courier,SKU1034,Hair Serum,Beauty,2,6.43,4385.14,211.52,2026-02-20,2026-02-20,Delivered,
SHP102440,2025-12-10,Dhaka Hub,Dhaka,Barisal,Sundarban Courier,SKU1043,Mustard Oil 1L (V2),Grocery,4,3.98,6035.16,162.51,2025-12-16,2025-12-16,Delivered,
SHP102441,2026-08-02,Rajshahi DC,Rajshahi,Sylhet,Pathao Courier,SKU1033,Sunscreen SPF50 (V2),Beauty,2,7.72,3523.0,270.14,2026-08-05,,In Transit,
SHP102442,2026-07-28,Sylhet DC,Sylhet,Sylhet,Steadfast Courier,SKU1032,Sunscreen SPF50,Beauty,2,2.71,3134.68,84.26,2026-07-30,2026-07-30,Delivered,
SHP102443,2026-01-10,Dhaka Hub,Dhaka,Narayanganj,eCourier,SKU1020,Bedsheet Set,Home & Living,3,9.59,10343.04,307.31,2026-01-16,2026-01-16,Returned,
SHP102444,2026-06-06,Rajshahi DC,Rajshahi,Barisal,Sundarban Courier,SKU1016,Saree,Apparel,3,6.97,7687.32,239.34,2026-06-08,2026-06-08,Delivered,
SHP102445,2026-01-16,Rajshahi DC,Rajshahi,Narayanganj,Pathao Courier,SKU1021,Bedsheet Set (V2),Home & Living,2,11.5,3384.38,380.48,2026-01-18,,Delayed,Warehouse backlog
SHP102446,2026-06-03,Dhaka Hub,Dhaka,Barisal,Sundarban Courier,SKU1047,Spice Combo (V2),Grocery,5,8.6,7021.15,256.73,2026-06-06,2026-06-06,Delivered,
SHP102447,2026-03-22,Dhaka Hub,Dhaka,Barisal,Pathao Courier,SKU1036,Lipstick,Beauty,4,7.37,2860.64,220.1,2026-03-25,2026-03-25,Delivered,
SHP102448,2026-02-10,Chattogram DC,Chattogram,Dhaka,eCourier,SKU1014,Sneakers,Apparel,3,9.98,6236.55,228.89,2026-02-14,,In Transit,
SHP102449,2025-10-15,Sylhet DC,Sylhet,Rajshahi,RedX,SKU1034,Hair Serum,Beauty,2,2.79,4385.14,134.02,2025-10-20,,In Transit,
SHP102450,2026-04-15,Khulna DC,Khulna,Barisal,Pathao Courier,SKU1027,Storage Box (V2),Home & Living,3,7.67,1021.65,213.78,2026-04-18,,In Transit,
SHP102451,2025-12-21,Sylhet DC,Sylhet,Chattogram,RedX,SKU1006,Bluetooth Speaker,Electronics,1,4.81,3460.96,183.81,2025-12-25,2025-12-25,Delivered,
SHP102452,2025-11-15,Khulna DC,Khulna,Chattogram,Steadfast Courier,SKU1031,Face Wash (V2),Beauty,5,8.98,21793.35,309.46,2025-11-17,2025-11-17,Delivered,
SHP102453,2025-11-06,Dhaka Hub,Dhaka,Barisal,Pathao Courier,SKU1010,Cotton T-Shirt,Apparel,1,0.49,1762.97,75.79,2025-11-10,2025-11-10,Delivered,
SHP102454,2026-08-06,Khulna DC,Khulna,Sylhet,Sundarban Courier,SKU1009,Phone Case (V2),Electronics,4,5.25,8436.72,232.54,2026-08-12,2026-08-12,Delivered,
SHP102455,2025-10-06,Rajshahi DC,Rajshahi,Mymensingh,Sundarban Courier,SKU1008,Phone Case,Electronics,2,7.89,1414.58,204.92,2025-10-11,2025-10-11,Delivered,
SHP102456,2026-06-04,Sylhet DC,Sylhet,Rajshahi,Pathao Courier,SKU1013,Panjabi (V2),Apparel,4,5.64,14916.04,207.99,2026-06-09,2026-06-10,Delivered Late,Customs/checkpoint delay
SHP102457,2026-06-27,Sylhet DC,Sylhet,Rajshahi,RedX,SKU1012,Panjabi,Apparel,2,3.01,5901.62,119.36,2026-06-30,2026-06-30,Delivered,
SHP102458,2025-09-11,Chattogram DC,Chattogram,Chattogram,RedX,SKU1024,Non-stick Pan,Home & Living,1,5.68,3535.97,152.99,2025-09-13,2025-09-13,Delivered,
SHP102459,2026-03-23,Rajshahi DC,Rajshahi,Rajshahi,Pathao Courier,SKU1001,Wireless Earbuds (V2),Electronics,5,10.23,10295.6,293.32,2026-03-25,,In Transit,
SHP102460,2026-03-19,Dhaka Hub,Dhaka,Barisal,Pathao Courier,SKU1034,Hair Serum,Beauty,4,2.64,8770.28,118.56,2026-03-25,,Cancelled,
SHP102461,2026-01-03,Chattogram DC,Chattogram,Barisal,eCourier,SKU1006,Bluetooth Speaker,Electronics,1,4.53,3460.96,144.58,2026-01-08,2026-01-08,Delivered,
SHP102462,2026-04-19,Dhaka Hub,Dhaka,Sylhet,Sundarban Courier,SKU1020,Bedsheet Set,Home & Living,1,11.89,3447.68,383.35,2026-04-23,,In Transit,
SHP102463,2026-01-20,Rajshahi DC,Rajshahi,Dhaka,RedX,SKU1017,Saree (V2),Apparel,3,10.97,1282.83,333.36,2026-01-22,,In Transit,
SHP102464,2026-01-31,Sylhet DC,Sylhet,Narayanganj,RedX,SKU1002,Power Bank,Electronics,5,0.6,19424.5,113.37,2026-02-02,2026-02-02,Delivered,
SHP102465,2026-01-28,Rajshahi DC,Rajshahi,Narayanganj,eCourier,SKU1041,Basmati Rice 5kg (V2),Grocery,3,6.46,11316.45,212.75,2026-01-30,2026-02-01,Delivered Late,Courier capacity shortage
SHP102466,2026-06-05,Khulna DC,Khulna,Narayanganj,eCourier,SKU1038,Perfume,Beauty,1,0.97,1137.06,81.72,2026-06-08,,Delayed,Address issue
SHP102467,2026-04-08,Sylhet DC,Sylhet,Sylhet,eCourier,SKU1040,Basmati Rice 5kg,Grocery,4,11.1,8206.44,298.65,2026-04-09,2026-04-14,Delivered Late,Vehicle breakdown
SHP102468,2026-01-10,Sylhet DC,Sylhet,Rangpur,RedX,SKU1048,Honey Jar,Grocery,3,5.41,9356.58,207.33,2026-01-14,2026-01-14,Delivered,
SHP102469,2026-07-18,Chattogram DC,Chattogram,Chattogram,Sundarban Courier,SKU1010,Cotton T-Shirt,Apparel,4,5.14,7051.88,122.69,2026-07-19,2026-07-19,Delivered,
SHP102470,2026-06-05,Sylhet DC,Sylhet,Narayanganj,Sundarban Courier,SKU1038,Perfume,Beauty,2,3.42,2274.12,153.99,2026-06-09,2026-06-12,Delivered Late,Weather disruption
SHP102471,2026-07-20,Khulna DC,Khulna,Dhaka,Sundarban Courier,SKU1023,Table Lamp (V2),Home & Living,1,6.91,4035.08,248.52,2026-07-24,2026-07-24,Delivered,
SHP102472,2026-05-11,Rajshahi DC,Rajshahi,Rajshahi,Sundarban Courier,SKU1045,Green Tea Pack (V2),Grocery,1,1.91,3650.72,88.3,2026-05-13,2026-05-13,Delivered,
SHP102473,2026-01-14,Sylhet DC,Sylhet,Comilla,Pathao Courier,SKU1018,Denim Jacket,Apparel,4,9.63,15000.8,280.68,2026-01-18,2026-01-18,Delivered,
SHP102474,2026-05-26,Rajshahi DC,Rajshahi,Mymensingh,Sundarban Courier,SKU1003,Power Bank (V2),Electronics,4,6.0,12734.2,213.7,2026-06-01,,In Transit,
SHP102475,2025-12-23,Rajshahi DC,Rajshahi,Comilla,Sundarban Courier,SKU1025,Non-stick Pan (V2),Home & Living,2,6.88,1993.36,181.3,2025-12-27,2025-12-27,Delivered,
SHP102476,2025-12-03,Sylhet DC,Sylhet,Rajshahi,Pathao Courier,SKU1037,Lipstick (V2),Beauty,1,10.12,2219.32,295.37,2025-12-08,,Cancelled,
SHP102477,2026-02-04,Sylhet DC,Sylhet,Dhaka,Pathao Courier,SKU1041,Basmati Rice 5kg (V2),Grocery,4,2.38,15088.6,158.14,2026-02-08,2026-02-08,Delivered,
SHP102478,2026-08-02,Dhaka Hub,Dhaka,Dhaka,eCourier,SKU1031,Face Wash (V2),Beauty,1,2.27,4358.67,79.92,2026-08-03,,In Transit,
SHP102479,2026-03-16,Chattogram DC,Chattogram,Chattogram,RedX,SKU1038,Perfume,Beauty,1,5.17,1137.06,141.0,2026-03-18,2026-03-18,Delivered,
SHP102480,2026-01-11,Rajshahi DC,Rajshahi,Dhaka,eCourier,SKU1044,Green Tea Pack,Grocery,3,9.48,11310.99,284.16,2026-01-16,,In Transit,
SHP102481,2026-02-07,Dhaka Hub,Dhaka,Rajshahi,RedX,SKU1045,Green Tea Pack (V2),Grocery,4,0.89,14602.88,108.54,2026-02-13,,In Transit,
SHP102482,2025-12-10,Chattogram DC,Chattogram,Dhaka,eCourier,SKU1035,Hair Serum (V2),Beauty,5,9.58,4871.0,339.89,2025-12-14,2025-12-14,Delivered,
SHP102483,2026-04-16,Khulna DC,Khulna,Chattogram,eCourier,SKU1039,Perfume (V2),Beauty,4,6.11,12254.76,265.0,2026-04-21,2026-04-21,Delivered,
SHP102484,2025-12-31,Chattogram DC,Chattogram,Rajshahi,Pathao Courier,SKU1036,Lipstick,Beauty,5,6.83,3575.8,247.86,2026-01-06,,Delayed,Weather disruption
SHP102485,2026-03-11,Rajshahi DC,Rajshahi,Mymensingh,Steadfast Courier,SKU1032,Sunscreen SPF50,Beauty,4,6.86,6269.36,236.82,2026-03-16,2026-03-19,Delivered Late,Address issue
SHP102486,2026-01-06,Khulna DC,Khulna,Rangpur,Pathao Courier,SKU1035,Hair Serum (V2),Beauty,5,0.86,4871.0,107.4,2026-01-08,2026-01-08,Delivered,
SHP102487,2025-12-20,Dhaka Hub,Dhaka,Dhaka,RedX,SKU1002,Power Bank,Electronics,1,3.15,3884.9,115.99,2025-12-22,2025-12-22,Delivered,
SHP102488,2026-08-02,Chattogram DC,Chattogram,Narayanganj,eCourier,SKU1008,Phone Case,Electronics,1,9.11,707.29,305.09,2026-08-08,,Delayed,Vehicle breakdown
SHP102489,2025-12-29,Khulna DC,Khulna,Barisal,Sundarban Courier,SKU1007,Bluetooth Speaker (V2),Electronics,4,5.06,14277.52,166.49,2026-01-03,2026-01-07,Delivered Late,Address issue
SHP102490,2025-09-25,Rajshahi DC,Rajshahi,Khulna,RedX,SKU1032,Sunscreen SPF50,Beauty,5,6.81,7836.7,271.06,2025-10-01,2025-10-01,Delivered,
SHP102491,2026-01-09,Rajshahi DC,Rajshahi,Khulna,Sundarban Courier,SKU1005,Smartwatch (V2),Electronics,4,11.35,17575.84,301.15,2026-01-12,2026-01-12,Delivered,
SHP102492,2026-03-04,Rajshahi DC,Rajshahi,Comilla,Pathao Courier,SKU1040,Basmati Rice 5kg,Grocery,2,0.75,4103.22,72.83,2026-03-09,2026-03-09,Delivered,
SHP102493,2025-10-03,Dhaka Hub,Dhaka,Rajshahi,Pathao Courier,SKU1038,Perfume,Beauty,3,5.51,3411.18,190.75,2025-10-08,,In Transit,
SHP102494,2025-12-15,Khulna DC,Khulna,Sylhet,Pathao Courier,SKU1003,Power Bank (V2),Electronics,1,4.46,3183.55,154.58,2025-12-20,,In Transit,
SHP102495,2025-10-28,Dhaka Hub,Dhaka,Rajshahi,Pathao Courier,SKU1012,Panjabi,Apparel,2,1.46,5901.62,110.8,2025-11-02,2025-11-02,Delivered,
SHP102496,2026-02-21,Dhaka Hub,Dhaka,Dhaka,RedX,SKU1048,Honey Jar,Grocery,4,11.42,12475.44,301.8,2026-02-23,2026-02-23,Delivered,
SHP102497,2026-05-09,Khulna DC,Khulna,Chattogram,RedX,SKU1001,Wireless Earbuds (V2),Electronics,1,11.55,2059.12,268.2,2026-05-14,2026-05-14,Delivered,
SHP102498,2026-08-02,Sylhet DC,Sylhet,Khulna,Sundarban Courier,SKU1004,Smartwatch,Electronics,3,3.88,1679.01,180.16,2026-08-06,2026-08-06,Delivered,
SHP102499,2026-01-13,Khulna DC,Khulna,Sylhet,RedX,SKU1043,Mustard Oil 1L (V2),Grocery,2,11.37,3017.58,405.4,2026-01-16,,Delayed,Failed delivery attempt
SHP102500,2026-06-26,Rajshahi DC,Rajshahi,Khulna,Pathao Courier,SKU1026,Storage Box,Home & Living,3,0.62,6540.72,79.08,2026-06-29,2026-07-01,Delivered Late,Courier capacity shortage
SHP102501,2025-11-14,Dhaka Hub,Dhaka,Dhaka,Pathao Courier,SKU1031,Face Wash (V2),Beauty,4,11.77,17434.68,260.57,2025-11-15,2025-11-15,Delivered,
SHP102502,2026-05-29,Sylhet DC,Sylhet,Rangpur,eCourier,SKU1020,Bedsheet Set,Home & Living,5,10.06,17238.4,316.81,2026-06-01,2026-06-01,Delivered,
SHP102503,2026-03-14,Rajshahi DC,Rajshahi,Chattogram,Steadfast Courier,SKU1007,Bluetooth Speaker (V2),Electronics,3,2.73,10708.14,112.96,2026-03-18,2026-03-18,Delivered,
SHP102504,2026-05-21,Sylhet DC,Sylhet,Sylhet,Sundarban Courier,SKU1037,Lipstick (V2),Beauty,5,7.27,11096.6,207.78,2026-05-23,2026-05-28,Delivered Late,Courier capacity shortage
SHP102505,2026-05-20,Sylhet DC,Sylhet,Narayanganj,Pathao Courier,SKU1007,Bluetooth Speaker (V2),Electronics,4,9.62,14277.52,264.23,2026-05-26,2026-05-26,Delivered,
SHP102506,2026-03-04,Sylhet DC,Sylhet,Dhaka,eCourier,SKU1049,Honey Jar (V2),Grocery,5,3.97,3789.6,150.06,2026-03-09,2026-03-09,Delivered,
SHP102507,2025-11-29,Rajshahi DC,Rajshahi,Sylhet,Steadfast Courier,SKU1002,Power Bank,Electronics,4,4.37,15539.6,155.24,2025-12-02,,Cancelled,
SHP102508,2026-03-02,Dhaka Hub,Dhaka,Barisal,Sundarban Courier,SKU1043,Mustard Oil 1L (V2),Grocery,3,7.62,4526.37,308.94,2026-03-04,2026-03-04,Delivered,
SHP102509,2026-06-14,Rajshahi DC,Rajshahi,Khulna,Pathao Courier,SKU1002,Power Bank,Electronics,4,1.94,15539.6,96.76,2026-06-17,,In Transit,
SHP102510,2026-08-02,Rajshahi DC,Rajshahi,Khulna,Pathao Courier,SKU1021,Bedsheet Set (V2),Home & Living,2,1.59,3384.38,128.83,2026-08-05,2026-08-05,Delivered,
SHP102511,2026-07-18,Rajshahi DC,Rajshahi,Chattogram,RedX,SKU1005,Smartwatch (V2),Electronics,4,3.15,17575.84,125.29,2026-07-23,2026-07-23,Delivered,
SHP102512,2025-11-02,Sylhet DC,Sylhet,Rajshahi,Steadfast Courier,SKU1001,Wireless Earbuds (V2),Electronics,4,8.95,8236.48,276.56,2025-11-06,,In Transit,
SHP102513,2026-03-26,Sylhet DC,Sylhet,Mymensingh,RedX,SKU1022,Table Lamp,Home & Living,4,4.53,17490.16,186.55,2026-03-28,,In Transit,
SHP102514,2025-10-07,Chattogram DC,Chattogram,Barisal,Sundarban Courier,SKU1043,Mustard Oil 1L (V2),Grocery,1,6.19,1508.79,194.39,2025-10-12,2025-10-16,Delivered Late,Weather disruption
SHP102515,2026-04-20,Chattogram DC,Chattogram,Narayanganj,RedX,SKU1001,Wireless Earbuds (V2),Electronics,3,2.51,6177.36,142.16,2026-04-22,2026-04-22,Delivered,
SHP102516,2026-08-10,Rajshahi DC,Rajshahi,Rangpur,eCourier,SKU1037,Lipstick (V2),Beauty,4,2.49,8877.28,111.83,2026-08-12,2026-08-12,Delivered,
SHP102517,2025-09-19,Sylhet DC,Sylhet,Mymensingh,Sundarban Courier,SKU1016,Saree,Apparel,1,7.88,2562.44,275.56,2025-09-23,2025-09-23,Delivered,
SHP102518,2026-04-16,Khulna DC,Khulna,Rajshahi,eCourier,SKU1034,Hair Serum,Beauty,4,1.48,8770.28,122.98,2026-04-18,2026-04-18,Delivered,
SHP102519,2026-07-25,Dhaka Hub,Dhaka,Rangpur,Sundarban Courier,SKU1033,Sunscreen SPF50 (V2),Beauty,5,8.08,8807.5,306.1,2026-07-28,2026-07-28,Delivered,
SHP102520,2026-06-21,Khulna DC,Khulna,Barisal,Sundarban Courier,SKU1022,Table Lamp,Home & Living,3,4.93,13117.62,214.4,2026-06-27,2026-06-27,Delivered,
SHP102521,2026-01-14,Khulna DC,Khulna,Comilla,RedX,SKU1029,Curtain Set (V2),Home & Living,5,8.12,15606.3,219.84,2026-01-19,2026-01-19,Delivered,
SHP102522,2025-10-06,Rajshahi DC,Rajshahi,Barisal,Sundarban Courier,SKU1007,Bluetooth Speaker (V2),Electronics,5,4.7,17846.9,223.88,2025-10-11,2025-10-11,Delivered,
SHP102523,2026-07-17,Dhaka Hub,Dhaka,Rajshahi,Steadfast Courier,SKU1021,Bedsheet Set (V2),Home & Living,3,10.18,5076.57,351.56,2026-07-22,2026-07-22,Delivered,
SHP102524,2026-07-16,Sylhet DC,Sylhet,Dhaka,RedX,SKU1043,Mustard Oil 1L (V2),Grocery,5,0.86,7543.95,114.03,2026-07-18,2026-07-18,Delivered,
SHP102525,2026-03-20,Sylhet DC,Sylhet,Comilla,Sundarban Courier,SKU1035,Hair Serum (V2),Beauty,5,10.74,4871.0,280.94,2026-03-25,,In Transit,
SHP102526,2026-08-05,Sylhet DC,Sylhet,Rajshahi,Sundarban Courier,SKU1004,Smartwatch,Electronics,1,3.37,559.67,149.97,2026-08-09,,Delayed,Weather disruption
SHP102527,2025-09-02,Dhaka Hub,Dhaka,Mymensingh,RedX,SKU1012,Panjabi,Apparel,5,0.7,14754.05,101.75,2025-09-04,2025-09-04,Delivered,
SHP102528,2026-04-02,Sylhet DC,Sylhet,Rangpur,Sundarban Courier,SKU1028,Curtain Set,Home & Living,1,6.84,821.16,204.1,2026-04-05,2026-04-05,Delivered,
SHP102529,2025-09-14,Chattogram DC,Chattogram,Dhaka,eCourier,SKU1030,Face Wash,Beauty,3,2.85,10169.16,120.43,2025-09-18,,In Transit,
SHP102530,2026-07-21,Khulna DC,Khulna,Rangpur,Sundarban Courier,SKU1046,Spice Combo,Grocery,5,5.62,9177.65,221.81,2026-07-23,2026-07-23,Delivered,
SHP102531,2026-04-24,Chattogram DC,Chattogram,Rajshahi,Sundarban Courier,SKU1015,Sneakers (V2),Apparel,4,9.67,4553.96,302.76,2026-04-27,2026-05-01,Delivered Late,Warehouse backlog
SHP102532,2026-07-14,Sylhet DC,Sylhet,Sylhet,RedX,SKU1041,Basmati Rice 5kg (V2),Grocery,2,9.54,7544.3,202.27,2026-07-15,2026-07-15,Delivered,
SHP102533,2026-03-14,Khulna DC,Khulna,Sylhet,Pathao Courier,SKU1029,Curtain Set (V2),Home & Living,4,7.28,12485.04,269.16,2026-03-18,2026-03-18,Delivered,
SHP102534,2025-09-29,Dhaka Hub,Dhaka,Rangpur,RedX,SKU1015,Sneakers (V2),Apparel,2,11.74,2276.98,271.63,2025-10-01,2025-10-01,Delivered,
SHP102535,2025-09-10,Khulna DC,Khulna,Dhaka,RedX,SKU1011,Cotton T-Shirt (V2),Apparel,2,5.67,8362.86,174.76,2025-09-14,2025-09-16,Delivered Late,Address issue
SHP102536,2025-12-26,Khulna DC,Khulna,Rangpur,Sundarban Courier,SKU1016,Saree,Apparel,5,0.66,12812.2,112.15,2025-12-29,2025-12-29,Delivered,
SHP102537,2026-05-16,Dhaka Hub,Dhaka,Comilla,eCourier,SKU1015,Sneakers (V2),Apparel,1,9.87,1138.49,312.87,2026-05-20,2026-05-20,Delivered,
SHP102538,2025-10-23,Dhaka Hub,Dhaka,Dhaka,eCourier,SKU1011,Cotton T-Shirt (V2),Apparel,5,2.81,20907.15,85.13,2025-10-24,2025-10-24,Delivered,
SHP102539,2026-06-22,Rajshahi DC,Rajshahi,Dhaka,eCourier,SKU1007,Bluetooth Speaker (V2),Electronics,3,2.28,10708.14,128.81,2026-06-26,2026-06-26,Delivered,
SHP102540,2025-11-22,Chattogram DC,Chattogram,Dhaka,Sundarban Courier,SKU1019,Denim Jacket (V2),Apparel,1,1.03,2897.74,92.51,2025-11-26,2025-11-26,Returned,
SHP102541,2026-02-19,Rajshahi DC,Rajshahi,Mymensingh,Sundarban Courier,SKU1002,Power Bank,Electronics,4,4.07,15539.6,161.56,2026-02-24,2026-02-24,Delivered,
SHP102542,2025-11-10,Sylhet DC,Sylhet,Comilla,eCourier,SKU1015,Sneakers (V2),Apparel,1,4.05,1138.49,151.37,2025-11-12,2025-11-12,Delivered,
SHP102543,2026-02-09,Chattogram DC,Chattogram,Narayanganj,RedX,SKU1029,Curtain Set (V2),Home & Living,2,3.77,6242.52,157.75,2026-02-13,2026-02-13,Delivered,
SHP102544,2026-02-04,Chattogram DC,Chattogram,Dhaka,RedX,SKU1044,Green Tea Pack,Grocery,2,7.2,7540.66,227.35,2026-02-09,2026-02-09,Delivered,
SHP102545,2025-09-02,Khulna DC,Khulna,Rajshahi,RedX,SKU1022,Table Lamp,Home & Living,4,9.07,17490.16,230.9,2025-09-05,,In Transit,
SHP102546,2026-03-16,Dhaka Hub,Dhaka,Dhaka,eCourier,SKU1027,Storage Box (V2),Home & Living,2,11.27,681.1,279.74,2026-03-17,,In Transit,
SHP102547,2026-05-31,Sylhet DC,Sylhet,Khulna,Pathao Courier,SKU1039,Perfume (V2),Beauty,4,1.31,12254.76,94.33,2026-06-04,2026-06-04,Delivered,
SHP102548,2026-07-21,Chattogram DC,Chattogram,Khulna,RedX,SKU1004,Smartwatch,Electronics,1,1.97,559.67,116.72,2026-07-26,2026-07-26,Delivered,
SHP102549,2025-12-24,Dhaka Hub,Dhaka,Rangpur,Pathao Courier,SKU1019,Denim Jacket (V2),Apparel,4,7.16,11590.96,234.03,2025-12-28,2025-12-28,Delivered,
SHP102550,2026-07-02,Chattogram DC,Chattogram,Narayanganj,Sundarban Courier,SKU1039,Perfume (V2),Beauty,4,1.36,12254.76,100.42,2026-07-08,2026-07-08,Delivered,
SHP102551,2026-07-02,Sylhet DC,Sylhet,Comilla,RedX,SKU1043,Mustard Oil 1L (V2),Grocery,2,4.58,3017.58,189.81,2026-07-07,2026-07-07,Delivered,
SHP102552,2026-08-08,Khulna DC,Khulna,Dhaka,Sundarban Courier,SKU1000,Wireless Earbuds,Electronics,5,7.57,17583.55,202.51,2026-08-12,2026-08-12,Delivered,
SHP102553,2026-01-08,Dhaka Hub,Dhaka,Sylhet,Sundarban Courier,SKU1029,Curtain Set (V2),Home & Living,3,9.41,9363.78,303.3,2026-01-11,2026-01-11,Delivered,
SHP102554,2026-06-22,Rajshahi DC,Rajshahi,Sylhet,Steadfast Courier,SKU1020,Bedsheet Set,Home & Living,4,2.77,13790.72,138.12,2026-06-26,2026-06-26,Delivered,
SHP102555,2026-03-15,Rajshahi DC,Rajshahi,Sylhet,eCourier,SKU1019,Denim Jacket (V2),Apparel,1,8.08,2897.74,296.47,2026-03-18,2026-03-18,Delivered,
SHP102556,2025-09-21,Khulna DC,Khulna,Khulna,RedX,SKU1005,Smartwatch (V2),Electronics,5,7.82,21969.8,207.45,2025-09-23,2025-09-28,Delivered Late,Weather disruption
SHP102557,2025-12-03,Rajshahi DC,Rajshahi,Rangpur,Steadfast Courier,SKU1021,Bedsheet Set (V2),Home & Living,2,10.34,3384.38,364.63,2025-12-06,2025-12-06,Delivered,
SHP102558,2026-04-21,Sylhet DC,Sylhet,Mymensingh,Sundarban Courier,SKU1017,Saree (V2),Apparel,4,3.9,1710.44,148.69,2026-04-26,2026-04-28,Delivered Late,Vehicle breakdown
SHP102559,2025-10-26,Rajshahi DC,Rajshahi,Narayanganj,eCourier,SKU1007,Bluetooth Speaker (V2),Electronics,1,9.05,3569.38,261.06,2025-10-31,2025-10-31,Delivered,
SHP102560,2026-01-29,Khulna DC,Khulna,Mymensingh,Pathao Courier,SKU1038,Perfume,Beauty,1,9.07,1137.06,239.58,2026-02-04,2026-02-04,Delivered,
SHP102561,2026-05-27,Sylhet DC,Sylhet,Sylhet,Sundarban Courier,SKU1031,Face Wash (V2),Beauty,1,3.02,4358.67,92.49,2026-05-28,2026-05-28,Delivered,
SHP102562,2025-10-22,Dhaka Hub,Dhaka,Chattogram,Sundarban Courier,SKU1032,Sunscreen SPF50,Beauty,5,7.53,7836.7,258.22,2025-10-28,2025-10-28,Delivered,
SHP102563,2026-02-19,Sylhet DC,Sylhet,Khulna,Pathao Courier,SKU1015,Sneakers (V2),Apparel,2,8.17,2276.98,277.35,2026-02-24,2026-02-24,Delivered,
SHP102564,2025-11-14,Rajshahi DC,Rajshahi,Mymensingh,RedX,SKU1011,Cotton T-Shirt (V2),Apparel,5,3.44,20907.15,151.36,2025-11-19,2025-11-19,Delivered,
SHP102565,2026-03-05,Rajshahi DC,Rajshahi,Narayanganj,Pathao Courier,SKU1037,Lipstick (V2),Beauty,3,5.53,6657.96,203.51,2026-03-10,2026-03-10,Delivered,
SHP102566,2025-11-23,Sylhet DC,Sylhet,Khulna,RedX,SKU1033,Sunscreen SPF50 (V2),Beauty,1,5.34,1761.5,172.83,2025-11-26,2025-11-26,Delivered,
SHP102567,2026-08-01,Chattogram DC,Chattogram,Chattogram,Pathao Courier,SKU1013,Panjabi (V2),Apparel,3,9.33,11187.03,235.17,2026-08-02,2026-08-02,Delivered,
SHP102568,2025-09-27,Khulna DC,Khulna,Dhaka,Pathao Courier,SKU1035,Hair Serum (V2),Beauty,3,0.21,2922.6,89.39,2025-10-01,2025-10-01,Delivered,
SHP102569,2026-07-31,Dhaka Hub,Dhaka,Dhaka,Steadfast Courier,SKU1032,Sunscreen SPF50,Beauty,2,6.11,3134.68,142.61,2026-08-02,2026-08-02,Delivered,
SHP102570,2026-06-01,Dhaka Hub,Dhaka,Rangpur,RedX,SKU1022,Table Lamp,Home & Living,4,2.38,17490.16,121.54,2026-06-04,2026-06-04,Delivered,
SHP102571,2026-06-24,Sylhet DC,Sylhet,Barisal,Steadfast Courier,SKU1049,Honey Jar (V2),Grocery,5,7.83,3789.6,253.89,2026-06-27,2026-06-27,Returned,
SHP102572,2026-06-22,Rajshahi DC,Rajshahi,Rangpur,Sundarban Courier,SKU1044,Green Tea Pack,Grocery,5,8.23,18851.65,247.52,2026-06-25,,In Transit,
SHP102573,2025-11-04,Chattogram DC,Chattogram,Dhaka,Pathao Courier,SKU1001,Wireless Earbuds (V2),Electronics,3,6.11,6177.36,173.66,2025-11-08,,Cancelled,
SHP102574,2026-07-20,Sylhet DC,Sylhet,Rajshahi,RedX,SKU1040,Basmati Rice 5kg,Grocery,5,6.6,10258.05,216.94,2026-07-24,,Cancelled,
SHP102575,2026-03-25,Chattogram DC,Chattogram,Chattogram,RedX,SKU1020,Bedsheet Set,Home & Living,5,3.92,17238.4,133.27,2026-03-26,2026-03-26,Delivered,
SHP102576,2026-07-30,Sylhet DC,Sylhet,Khulna,Pathao Courier,SKU1001,Wireless Earbuds (V2),Electronics,1,3.9,2059.12,174.88,2026-08-01,2026-08-01,Delivered,
SHP102577,2026-07-01,Dhaka Hub,Dhaka,Rangpur,Steadfast Courier,SKU1026,Storage Box,Home & Living,4,8.99,8720.96,327.14,2026-07-03,2026-07-03,Delivered,
SHP102578,2026-03-20,Sylhet DC,Sylhet,Sylhet,RedX,SKU1008,Phone Case,Electronics,4,1.75,2829.16,79.03,2026-03-21,2026-03-21,Delivered,
SHP102579,2026-01-08,Sylhet DC,Sylhet,Rangpur,eCourier,SKU1000,Wireless Earbuds,Electronics,1,9.3,3516.71,300.89,2026-01-11,,In Transit,
SHP102580,2025-10-11,Chattogram DC,Chattogram,Sylhet,Sundarban Courier,SKU1010,Cotton T-Shirt,Apparel,4,7.93,7051.88,275.19,2025-10-15,,In Transit,
SHP102581,2025-10-05,Chattogram DC,Chattogram,Barisal,RedX,SKU1002,Power Bank,Electronics,5,10.64,19424.5,323.65,2025-10-10,2025-10-10,Delivered,
SHP102582,2026-01-13,Khulna DC,Khulna,Rajshahi,Pathao Courier,SKU1022,Table Lamp,Home & Living,2,3.27,8745.08,145.39,2026-01-19,,In Transit,
SHP102583,2026-06-08,Dhaka Hub,Dhaka,Khulna,Steadfast Courier,SKU1025,Non-stick Pan (V2),Home & Living,5,6.17,4983.4,199.03,2026-06-11,2026-06-13,Delivered Late,Courier capacity shortage
SHP102584,2026-02-22,Dhaka Hub,Dhaka,Chattogram,Sundarban Courier,SKU1003,Power Bank (V2),Electronics,5,0.66,15917.75,98.79,2026-02-25,2026-02-25,Delivered,
SHP102585,2026-02-14,Dhaka Hub,Dhaka,Barisal,Pathao Courier,SKU1017,Saree (V2),Apparel,4,10.97,1710.44,379.52,2026-02-19,2026-02-19,Delivered,
SHP102586,2025-11-24,Rajshahi DC,Rajshahi,Narayanganj,Pathao Courier,SKU1005,Smartwatch (V2),Electronics,4,8.17,17575.84,257.7,2025-11-27,,Cancelled,
SHP102587,2026-03-15,Chattogram DC,Chattogram,Rangpur,RedX,SKU1034,Hair Serum,Beauty,3,7.55,6577.71,289.67,2026-03-20,2026-03-20,Delivered,
SHP102588,2026-04-09,Dhaka Hub,Dhaka,Mymensingh,Steadfast Courier,SKU1021,Bedsheet Set (V2),Home & Living,3,8.85,5076.57,252.11,2026-04-13,2026-04-13,Delivered,
SHP102589,2026-08-06,Rajshahi DC,Rajshahi,Comilla,Steadfast Courier,SKU1042,Mustard Oil 1L,Grocery,3,3.56,9588.45,136.4,2026-08-11,2026-08-11,Delivered,
SHP102590,2026-05-11,Dhaka Hub,Dhaka,Dhaka,eCourier,SKU1014,Sneakers,Apparel,3,7.33,6236.55,243.18,2026-05-12,,In Transit,
SHP102591,2026-03-30,Chattogram DC,Chattogram,Mymensingh,Steadfast Courier,SKU1021,Bedsheet Set (V2),Home & Living,3,9.65,5076.57,261.64,2026-04-05,,In Transit,
SHP102592,2026-07-12,Dhaka Hub,Dhaka,Sylhet,eCourier,SKU1036,Lipstick,Beauty,5,1.27,3575.8,102.95,2026-07-18,2026-07-18,Delivered,
SHP102593,2026-01-26,Khulna DC,Khulna,Rangpur,Sundarban Courier,SKU1041,Basmati Rice 5kg (V2),Grocery,4,11.51,15088.6,260.32,2026-01-28,2026-01-28,Returned,
SHP102594,2026-07-21,Khulna DC,Khulna,Narayanganj,RedX,SKU1011,Cotton T-Shirt (V2),Apparel,2,10.72,8362.86,368.87,2026-07-25,2026-07-25,Delivered,
SHP102595,2026-01-07,Khulna DC,Khulna,Comilla,Pathao Courier,SKU1046,Spice Combo,Grocery,3,11.56,5506.59,234.6,2026-01-11,,Delayed,Failed delivery attempt
SHP102596,2025-10-15,Chattogram DC,Chattogram,Rajshahi,Pathao Courier,SKU1048,Honey Jar,Grocery,2,9.74,6237.72,334.97,2025-10-18,2025-10-18,Delivered,
SHP102597,2026-01-23,Chattogram DC,Chattogram,Comilla,Sundarban Courier,SKU1041,Basmati Rice 5kg (V2),Grocery,1,3.67,3772.15,152.66,2026-01-29,2026-01-30,Delivered Late,Weather disruption
SHP102598,2025-10-15,Rajshahi DC,Rajshahi,Rangpur,Pathao Courier,SKU1037,Lipstick (V2),Beauty,2,7.06,4438.64,204.93,2025-10-18,,Delayed,Customs/checkpoint delay
SHP102599,2025-10-11,Rajshahi DC,Rajshahi,Chattogram,Steadfast Courier,SKU1017,Saree (V2),Apparel,1,1.62,427.61,114.09,2025-10-14,,In Transit,
SHP102600,2026-07-02,Dhaka Hub,Dhaka,Sylhet,Steadfast Courier,SKU1044,Green Tea Pack,Grocery,5,9.1,18851.65,268.46,2026-07-04,2026-07-04,Delivered,
SHP102601,2026-06-02,Khulna DC,Khulna,Narayanganj,Sundarban Courier,SKU1034,Hair Serum,Beauty,1,2.01,2192.57,132.89,2026-06-06,,In Transit,
SHP102602,2025-11-16,Rajshahi DC,Rajshahi,Narayanganj,eCourier,SKU1029,Curtain Set (V2),Home & Living,2,10.43,6242.52,317.53,2025-11-21,2025-11-21,Delivered,
SHP102603,2026-06-17,Sylhet DC,Sylhet,Comilla,Sundarban Courier,SKU1023,Table Lamp (V2),Home & Living,2,3.04,8070.16,145.22,2026-06-21,2026-06-21,Delivered,
SHP102604,2025-09-24,Khulna DC,Khulna,Khulna,Pathao Courier,SKU1041,Basmati Rice 5kg (V2),Grocery,2,2.09,7544.3,79.14,2025-09-26,2025-09-26,Delivered,
SHP102605,2025-12-08,Dhaka Hub,Dhaka,Khulna,Sundarban Courier,SKU1029,Curtain Set (V2),Home & Living,2,1.04,6242.52,95.14,2025-12-10,2025-12-10,Delivered,
SHP102606,2026-05-03,Dhaka Hub,Dhaka,Comilla,Pathao Courier,SKU1013,Panjabi (V2),Apparel,4,8.59,14916.04,260.74,2026-05-08,2026-05-08,Delivered,
SHP102607,2025-12-15,Dhaka Hub,Dhaka,Dhaka,Sundarban Courier,SKU1005,Smartwatch (V2),Electronics,5,2.4,21969.8,80.04,2025-12-17,2025-12-17,Delivered,
SHP102608,2026-05-11,Dhaka Hub,Dhaka,Comilla,Pathao Courier,SKU1002,Power Bank,Electronics,1,2.53,3884.9,134.23,2026-05-15,2026-05-15,Delivered,
SHP102609,2026-06-30,Rajshahi DC,Rajshahi,Rangpur,Pathao Courier,SKU1015,Sneakers (V2),Apparel,2,2.2,2276.98,152.38,2026-07-04,2026-07-04,Delivered,
SHP102610,2025-09-23,Khulna DC,Khulna,Rangpur,Pathao Courier,SKU1006,Bluetooth Speaker,Electronics,3,3.81,10382.88,147.64,2025-09-29,2025-10-02,Delivered Late,Customs/checkpoint delay
SHP102611,2025-09-09,Khulna DC,Khulna,Rajshahi,Steadfast Courier,SKU1013,Panjabi (V2),Apparel,2,11.31,7458.02,328.07,2025-09-14,2025-09-14,Delivered,
SHP102612,2026-07-23,Chattogram DC,Chattogram,Narayanganj,Pathao Courier,SKU1008,Phone Case,Electronics,4,5.94,2829.16,214.64,2026-07-28,2026-07-28,Delivered,
SHP102613,2026-02-28,Rajshahi DC,Rajshahi,Mymensingh,Sundarban Courier,SKU1014,Sneakers,Apparel,2,3.28,4157.7,147.29,2026-03-04,2026-03-04,Delivered,
SHP102614,2026-02-23,Dhaka Hub,Dhaka,Dhaka,RedX,SKU1020,Bedsheet Set,Home & Living,3,2.21,10343.04,85.19,2026-02-24,2026-02-24,Delivered,
SHP102615,2026-02-08,Rajshahi DC,Rajshahi,Barisal,Sundarban Courier,SKU1034,Hair Serum,Beauty,3,0.42,6577.71,84.9,2026-02-12,2026-02-12,Delivered,
SHP102616,2026-01-29,Dhaka Hub,Dhaka,Comilla,RedX,SKU1001,Wireless Earbuds (V2),Electronics,2,4.51,4118.24,167.39,2026-02-03,2026-02-03,Delivered,
SHP102617,2026-04-27,Dhaka Hub,Dhaka,Dhaka,Pathao Courier,SKU1026,Storage Box,Home & Living,4,1.5,8720.96,71.68,2026-04-29,,In Transit,
SHP102618,2026-03-20,Dhaka Hub,Dhaka,Mymensingh,RedX,SKU1001,Wireless Earbuds (V2),Electronics,4,0.52,8236.48,108.34,2026-03-24,,Delayed,Weather disruption
SHP102619,2025-10-27,Khulna DC,Khulna,Sylhet,RedX,SKU1034,Hair Serum,Beauty,3,1.42,6577.71,102.21,2025-10-30,2025-10-30,Delivered,
SHP102620,2026-04-05,Chattogram DC,Chattogram,Barisal,RedX,SKU1017,Saree (V2),Apparel,3,3.96,1282.83,170.44,2026-04-08,2026-04-08,Delivered,
SHP102621,2026-04-20,Sylhet DC,Sylhet,Comilla,RedX,SKU1013,Panjabi (V2),Apparel,5,9.06,18645.05,276.42,2026-04-22,2026-04-22,Delivered,
SHP102622,2025-10-10,Sylhet DC,Sylhet,Rajshahi,Sundarban Courier,SKU1019,Denim Jacket (V2),Apparel,5,0.99,14488.7,101.59,2025-10-15,2025-10-15,Delivered,
SHP102623,2026-01-09,Khulna DC,Khulna,Dhaka,Sundarban Courier,SKU1017,Saree (V2),Apparel,5,8.21,2138.05,193.87,2026-01-15,2026-01-15,Delivered,
SHP102624,2026-06-01,Chattogram DC,Chattogram,Dhaka,Pathao Courier,SKU1009,Phone Case (V2),Electronics,1,7.52,2109.18,216.37,2026-06-05,2026-06-05,Delivered,
SHP102625,2026-04-03,Dhaka Hub,Dhaka,Mymensingh,RedX,SKU1024,Non-stick Pan,Home & Living,5,10.61,17679.85,275.93,2026-04-08,2026-04-08,Delivered,
SHP102626,2025-10-18,Chattogram DC,Chattogram,Narayanganj,Pathao Courier,SKU1001,Wireless Earbuds (V2),Electronics,5,2.37,10295.6,135.13,2025-10-23,2025-10-23,Delivered,
SHP102627,2025-09-14,Chattogram DC,Chattogram,Sylhet,Sundarban Courier,SKU1024,Non-stick Pan,Home & Living,5,9.57,17679.85,295.65,2025-09-17,,In Transit,
SHP102628,2026-03-21,Khulna DC,Khulna,Narayanganj,RedX,SKU1032,Sunscreen SPF50,Beauty,4,10.41,6269.36,259.54,2026-03-24,2026-03-24,Delivered,
SHP102629,2026-02-07,Khulna DC,Khulna,Rajshahi,Pathao Courier,SKU1035,Hair Serum (V2),Beauty,2,11.72,1948.4,314.67,2026-02-10,2026-02-10,Delivered,
SHP102630,2026-07-30,Dhaka Hub,Dhaka,Dhaka,Pathao Courier,SKU1030,Face Wash,Beauty,4,9.74,13558.88,232.58,2026-08-01,,Delayed,Warehouse backlog
SHP102631,2026-02-28,Khulna DC,Khulna,Barisal,RedX,SKU1013,Panjabi (V2),Apparel,3,1.66,11187.03,120.0,2026-03-02,2026-03-02,Delivered,
SHP102632,2026-07-20,Dhaka Hub,Dhaka,Narayanganj,Sundarban Courier,SKU1000,Wireless Earbuds,Electronics,5,11.38,17583.55,284.2,2026-07-24,2026-07-24,Delivered,
SHP102633,2025-11-14,Khulna DC,Khulna,Sylhet,eCourier,SKU1045,Green Tea Pack (V2),Grocery,2,9.82,7301.44,325.8,2025-11-18,2025-11-18,Delivered,
SHP102634,2026-02-02,Chattogram DC,Chattogram,Narayanganj,Steadfast Courier,SKU1015,Sneakers (V2),Apparel,4,2.71,4553.96,129.01,2026-02-07,2026-02-11,Delivered Late,Warehouse backlog
SHP102635,2025-10-19,Chattogram DC,Chattogram,Rangpur,Steadfast Courier,SKU1045,Green Tea Pack (V2),Grocery,4,2.15,14602.88,123.1,2025-10-22,2025-10-22,Delivered,
SHP102636,2026-03-18,Sylhet DC,Sylhet,Khulna,Sundarban Courier,SKU1002,Power Bank,Electronics,5,11.25,19424.5,340.52,2026-03-24,2026-03-24,Delivered,
SHP102637,2025-11-05,Chattogram DC,Chattogram,Rangpur,Pathao Courier,SKU1034,Hair Serum,Beauty,1,2.04,2192.57,116.56,2025-11-08,2025-11-08,Delivered,
SHP102638,2026-02-18,Khulna DC,Khulna,Rajshahi,RedX,SKU1040,Basmati Rice 5kg,Grocery,5,9.37,10258.05,257.7,2026-02-24,2026-02-24,Delivered,
SHP102639,2025-12-29,Rajshahi DC,Rajshahi,Dhaka,RedX,SKU1005,Smartwatch (V2),Electronics,2,4.98,8787.92,153.96,2026-01-02,2026-01-02,Delivered,
SHP102640,2025-11-04,Rajshahi DC,Rajshahi,Comilla,RedX,SKU1024,Non-stick Pan,Home & Living,5,8.74,17679.85,225.95,2025-11-08,2025-11-08,Delivered,
SHP102641,2025-10-04,Sylhet DC,Sylhet,Khulna,Sundarban Courier,SKU1012,Panjabi,Apparel,1,1.28,2950.81,111.77,2025-10-09,2025-10-09,Delivered,
SHP102642,2026-02-25,Sylhet DC,Sylhet,Barisal,Pathao Courier,SKU1033,Sunscreen SPF50 (V2),Beauty,2,8.76,3523.0,286.14,2026-03-01,2026-03-01,Delivered,
SHP102643,2026-07-25,Sylhet DC,Sylhet,Mymensingh,Pathao Courier,SKU1007,Bluetooth Speaker (V2),Electronics,4,6.24,14277.52,224.25,2026-07-28,2026-07-30,Delivered Late,Address issue
SHP102644,2025-11-08,Khulna DC,Khulna,Dhaka,Pathao Courier,SKU1020,Bedsheet Set,Home & Living,3,10.82,10343.04,287.91,2025-11-13,2025-11-13,Delivered,
SHP102645,2026-01-19,Sylhet DC,Sylhet,Mymensingh,Pathao Courier,SKU1033,Sunscreen SPF50 (V2),Beauty,4,2.42,7046.0,110.84,2026-01-23,2026-01-23,Delivered,
SHP102646,2025-11-17,Sylhet DC,Sylhet,Khulna,Steadfast Courier,SKU1003,Power Bank (V2),Electronics,3,1.49,9550.65,133.94,2025-11-21,2025-11-21,Delivered,
SHP102647,2026-06-07,Sylhet DC,Sylhet,Barisal,Pathao Courier,SKU1024,Non-stick Pan,Home & Living,1,2.52,3535.97,144.0,2026-06-12,2026-06-12,Delivered,
SHP102648,2026-01-22,Chattogram DC,Chattogram,Rajshahi,RedX,SKU1014,Sneakers,Apparel,4,1.13,8315.4,111.43,2026-01-27,2026-01-27,Delivered,
SHP102649,2026-08-04,Sylhet DC,Sylhet,Mymensingh,Steadfast Courier,SKU1003,Power Bank (V2),Electronics,3,11.77,9550.65,361.46,2026-08-07,2026-08-07,Delivered,
SHP102650,2025-11-24,Khulna DC,Khulna,Chattogram,Sundarban Courier,SKU1044,Green Tea Pack,Grocery,3,1.65,11310.99,109.72,2025-11-27,2025-11-29,Delivered Late,Vehicle breakdown
SHP102651,2025-09-28,Sylhet DC,Sylhet,Chattogram,RedX,SKU1011,Cotton T-Shirt (V2),Apparel,2,2.57,8362.86,134.71,2025-10-01,2025-10-01,Delivered,
SHP102652,2026-03-21,Rajshahi DC,Rajshahi,Rajshahi,RedX,SKU1031,Face Wash (V2),Beauty,5,9.75,21793.35,247.9,2026-03-23,2026-03-23,Delivered,
SHP102653,2026-04-14,Rajshahi DC,Rajshahi,Chattogram,Sundarban Courier,SKU1031,Face Wash (V2),Beauty,4,3.11,17434.68,163.4,2026-04-17,,In Transit,
SHP102654,2026-08-09,Sylhet DC,Sylhet,Sylhet,Sundarban Courier,SKU1027,Storage Box (V2),Home & Living,1,2.82,340.55,95.39,2026-08-11,2026-08-11,Delivered,
SHP102655,2026-06-29,Rajshahi DC,Rajshahi,Rangpur,eCourier,SKU1012,Panjabi,Apparel,1,8.13,2950.81,304.49,2026-07-04,2026-07-04,Delivered,
SHP102656,2026-07-03,Dhaka Hub,Dhaka,Comilla,eCourier,SKU1030,Face Wash,Beauty,1,4.91,3389.72,162.33,2026-07-06,,In Transit,
SHP102657,2026-04-08,Rajshahi DC,Rajshahi,Rangpur,eCourier,SKU1013,Panjabi (V2),Apparel,1,10.06,3729.01,275.51,2026-04-11,2026-04-11,Delivered,
SHP102658,2026-01-03,Chattogram DC,Chattogram,Khulna,Steadfast Courier,SKU1019,Denim Jacket (V2),Apparel,4,7.73,11590.96,227.9,2026-01-08,2026-01-08,Delivered,
SHP102659,2026-01-27,Sylhet DC,Sylhet,Comilla,Sundarban Courier,SKU1017,Saree (V2),Apparel,4,3.6,1710.44,167.84,2026-02-01,2026-02-01,Delivered,
SHP102660,2025-10-17,Chattogram DC,Chattogram,Rajshahi,eCourier,SKU1028,Curtain Set,Home & Living,3,7.26,2463.48,274.36,2025-10-22,2025-10-22,Delivered,
SHP102661,2026-01-28,Sylhet DC,Sylhet,Chattogram,RedX,SKU1005,Smartwatch (V2),Electronics,3,10.42,13181.88,291.56,2026-01-31,2026-01-31,Delivered,
SHP102662,2026-01-05,Chattogram DC,Chattogram,Mymensingh,RedX,SKU1031,Face Wash (V2),Beauty,5,4.5,21793.35,157.27,2026-01-09,,In Transit,
SHP102663,2025-09-13,Khulna DC,Khulna,Barisal,eCourier,SKU1028,Curtain Set,Home & Living,5,8.89,4105.8,227.79,2025-09-19,2025-09-21,Delivered Late,Courier capacity shortage
SHP102664,2025-11-10,Dhaka Hub,Dhaka,Khulna,eCourier,SKU1042,Mustard Oil 1L,Grocery,3,5.11,9588.45,213.14,2025-11-13,2025-11-13,Delivered,
SHP102665,2026-03-04,Rajshahi DC,Rajshahi,Rangpur,Steadfast Courier,SKU1001,Wireless Earbuds (V2),Electronics,3,6.61,6177.36,229.81,2026-03-06,2026-03-11,Delivered Late,Failed delivery attempt
SHP102666,2026-01-06,Rajshahi DC,Rajshahi,Mymensingh,Sundarban Courier,SKU1022,Table Lamp,Home & Living,3,8.86,13117.62,290.7,2026-01-09,,In Transit,
SHP102667,2026-08-10,Sylhet DC,Sylhet,Sylhet,RedX,SKU1018,Denim Jacket,Apparel,5,0.91,18751.0,62.03,2026-08-11,2026-08-11,Delivered,
SHP102668,2026-02-13,Sylhet DC,Sylhet,Chattogram,Sundarban Courier,SKU1030,Face Wash,Beauty,4,5.57,13558.88,244.64,2026-02-16,2026-02-16,Delivered,
SHP102669,2026-07-29,Khulna DC,Khulna,Barisal,RedX,SKU1004,Smartwatch,Electronics,2,1.32,1119.34,89.8,2026-08-02,2026-08-02,Delivered,
SHP102670,2026-04-17,Dhaka Hub,Dhaka,Dhaka,eCourier,SKU1018,Denim Jacket,Apparel,5,8.76,18751.0,265.61,2026-04-18,2026-04-18,Delivered,
SHP102671,2025-09-14,Khulna DC,Khulna,Rangpur,eCourier,SKU1033,Sunscreen SPF50 (V2),Beauty,2,7.37,3523.0,227.29,2025-09-20,2025-09-22,Delivered Late,Courier capacity shortage
SHP102672,2025-11-10,Chattogram DC,Chattogram,Rajshahi,Sundarban Courier,SKU1009,Phone Case (V2),Electronics,4,4.06,8436.72,174.2,2025-11-13,,In Transit,
SHP102673,2026-05-03,Khulna DC,Khulna,Sylhet,RedX,SKU1024,Non-stick Pan,Home & Living,5,1.1,17679.85,95.07,2026-05-07,,In Transit,
SHP102674,2026-03-08,Chattogram DC,Chattogram,Barisal,Sundarban Courier,SKU1001,Wireless Earbuds (V2),Electronics,5,11.12,10295.6,363.12,2026-03-14,2026-03-14,Delivered,
SHP102675,2025-12-14,Khulna DC,Khulna,Khulna,Pathao Courier,SKU1010,Cotton T-Shirt,Apparel,1,3.92,1762.97,117.66,2025-12-16,2025-12-16,Delivered,
SHP102676,2026-02-28,Khulna DC,Khulna,Khulna,Pathao Courier,SKU1049,Honey Jar (V2),Grocery,2,3.45,1515.84,122.69,2026-03-01,2026-03-01,Delivered,
SHP102677,2026-07-10,Chattogram DC,Chattogram,Sylhet,Steadfast Courier,SKU1030,Face Wash,Beauty,4,1.39,13558.88,130.45,2026-07-12,2026-07-12,Delivered,
SHP102678,2026-01-13,Khulna DC,Khulna,Rangpur,Sundarban Courier,SKU1014,Sneakers,Apparel,1,7.01,2078.85,291.28,2026-01-16,2026-01-16,Delivered,
SHP102679,2025-09-16,Sylhet DC,Sylhet,Narayanganj,Steadfast Courier,SKU1008,Phone Case,Electronics,1,3.33,707.29,133.06,2025-09-18,2025-09-18,Delivered,
SHP102680,2025-12-17,Chattogram DC,Chattogram,Rangpur,Pathao Courier,SKU1022,Table Lamp,Home & Living,2,10.15,8745.08,306.7,2025-12-20,2025-12-20,Delivered,
SHP102681,2026-07-21,Sylhet DC,Sylhet,Sylhet,eCourier,SKU1018,Denim Jacket,Apparel,3,8.26,11250.6,188.86,2026-07-23,2026-07-23,Delivered,
SHP102682,2026-05-22,Rajshahi DC,Rajshahi,Comilla,RedX,SKU1008,Phone Case,Electronics,1,0.25,707.29,106.35,2026-05-27,2026-05-27,Delivered,
SHP102683,2026-06-17,Dhaka Hub,Dhaka,Chattogram,RedX,SKU1034,Hair Serum,Beauty,1,6.87,2192.57,258.21,2026-06-21,2026-06-21,Delivered,
SHP102684,2026-07-13,Rajshahi DC,Rajshahi,Sylhet,RedX,SKU1020,Bedsheet Set,Home & Living,2,2.94,6895.36,163.02,2026-07-17,2026-07-19,Delivered Late,Weather disruption
SHP102685,2025-10-11,Rajshahi DC,Rajshahi,Dhaka,eCourier,SKU1008,Phone Case,Electronics,3,0.38,2121.87,107.46,2025-10-16,2025-10-16,Delivered,
SHP102686,2025-12-07,Sylhet DC,Sylhet,Comilla,Steadfast Courier,SKU1027,Storage Box (V2),Home & Living,3,7.51,1021.65,248.12,2025-12-13,2025-12-13,Delivered,
SHP102687,2025-09-21,Khulna DC,Khulna,Dhaka,RedX,SKU1045,Green Tea Pack (V2),Grocery,4,2.62,14602.88,155.17,2025-09-24,2025-09-24,Delivered,
SHP102688,2025-09-02,Chattogram DC,Chattogram,Barisal,Pathao Courier,SKU1006,Bluetooth Speaker,Electronics,5,10.82,17304.8,294.49,2025-09-04,2025-09-04,Delivered,
SHP102689,2026-06-16,Dhaka Hub,Dhaka,Chattogram,Pathao Courier,SKU1015,Sneakers (V2),Apparel,1,6.97,1138.49,256.98,2026-06-18,2026-06-18,Delivered,
SHP102690,2026-07-22,Sylhet DC,Sylhet,Sylhet,eCourier,SKU1015,Sneakers (V2),Apparel,4,2.67,4553.96,97.84,2026-07-23,,In Transit,
SHP102691,2025-10-24,Rajshahi DC,Rajshahi,Rangpur,Sundarban Courier,SKU1032,Sunscreen SPF50,Beauty,1,11.75,1567.34,299.12,2025-10-29,2025-10-29,Delivered,
SHP102692,2026-05-08,Chattogram DC,Chattogram,Comilla,RedX,SKU1003,Power Bank (V2),Electronics,2,6.65,6367.1,232.93,2026-05-12,2026-05-12,Delivered,
SHP102693,2026-03-05,Khulna DC,Khulna,Dhaka,RedX,SKU1003,Power Bank (V2),Electronics,2,2.15,6367.1,99.17,2026-03-08,2026-03-08,Delivered,
SHP102694,2025-09-24,Khulna DC,Khulna,Chattogram,Sundarban Courier,SKU1038,Perfume,Beauty,4,6.3,4548.24,242.59,2025-09-28,2025-09-28,Delivered,
SHP102695,2026-07-14,Khulna DC,Khulna,Sylhet,eCourier,SKU1039,Perfume (V2),Beauty,2,11.52,6127.38,334.2,2026-07-19,,Delayed,Warehouse backlog
SHP102696,2026-06-29,Chattogram DC,Chattogram,Narayanganj,eCourier,SKU1016,Saree,Apparel,5,5.21,12812.2,189.39,2026-07-02,2026-07-02,Delivered,
SHP102697,2026-03-16,Chattogram DC,Chattogram,Dhaka,eCourier,SKU1036,Lipstick,Beauty,2,5.22,1430.32,163.84,2026-03-18,2026-03-18,Delivered,
SHP102698,2026-05-03,Sylhet DC,Sylhet,Chattogram,eCourier,SKU1038,Perfume,Beauty,5,5.64,5685.3,199.46,2026-05-06,2026-05-06,Delivered,
SHP102699,2026-01-16,Rajshahi DC,Rajshahi,Rajshahi,Steadfast Courier,SKU1028,Curtain Set,Home & Living,5,3.51,4105.8,125.65,2026-01-17,2026-01-17,Delivered,
SHP102700,2026-06-02,Rajshahi DC,Rajshahi,Khulna,RedX,SKU1035,Hair Serum (V2),Beauty,3,2.11,2922.6,135.99,2026-06-08,2026-06-08,Delivered,
SHP102701,2026-02-01,Sylhet DC,Sylhet,Dhaka,Steadfast Courier,SKU1037,Lipstick (V2),Beauty,1,7.03,2219.32,242.08,2026-02-04,2026-02-04,Delivered,
SHP102702,2026-08-09,Rajshahi DC,Rajshahi,Barisal,Pathao Courier,SKU1038,Perfume,Beauty,4,10.75,4548.24,311.81,2026-08-15,,In Transit,
SHP102703,2025-09-22,Sylhet DC,Sylhet,Rangpur,RedX,SKU1049,Honey Jar (V2),Grocery,3,8.88,2273.76,261.39,2025-09-26,2025-09-27,Delivered Late,Address issue
SHP102704,2025-10-30,Chattogram DC,Chattogram,Chattogram,eCourier,SKU1036,Lipstick,Beauty,2,1.34,1430.32,64.16,2025-10-31,2025-10-31,Delivered,
SHP102705,2026-08-02,Dhaka Hub,Dhaka,Rangpur,Sundarban Courier,SKU1034,Hair Serum,Beauty,3,4.93,6577.71,173.2,2026-08-07,2026-08-10,Delivered Late,Warehouse backlog
SHP102706,2025-12-09,Khulna DC,Khulna,Dhaka,Sundarban Courier,SKU1006,Bluetooth Speaker,Electronics,2,0.26,6921.92,85.81,2025-12-13,2025-12-13,Delivered,
SHP102707,2025-12-17,Khulna DC,Khulna,Mymensingh,RedX,SKU1026,Storage Box,Home & Living,2,3.83,4360.48,167.86,2025-12-19,2025-12-19,Delivered,
SHP102708,2026-06-01,Rajshahi DC,Rajshahi,Sylhet,Sundarban Courier,SKU1027,Storage Box (V2),Home & Living,5,8.1,1702.75,216.2,2026-06-04,2026-06-04,Delivered,
SHP102709,2025-11-05,Khulna DC,Khulna,Sylhet,Steadfast Courier,SKU1021,Bedsheet Set (V2),Home & Living,2,3.62,3384.38,153.41,2025-11-10,2025-11-10,Delivered,
SHP102710,2026-02-25,Dhaka Hub,Dhaka,Chattogram,Sundarban Courier,SKU1013,Panjabi (V2),Apparel,3,10.12,11187.03,324.76,2026-03-01,2026-03-01,Delivered,
SHP102711,2025-12-08,Sylhet DC,Sylhet,Comilla,Pathao Courier,SKU1006,Bluetooth Speaker,Electronics,4,5.83,13843.84,193.44,2025-12-11,,Delayed,Warehouse backlog
SHP102712,2025-11-08,Khulna DC,Khulna,Barisal,RedX,SKU1036,Lipstick,Beauty,2,8.1,1430.32,210.94,2025-11-12,2025-11-12,Delivered,
SHP102713,2026-07-31,Sylhet DC,Sylhet,Rangpur,Sundarban Courier,SKU1021,Bedsheet Set (V2),Home & Living,4,10.63,6768.76,289.62,2026-08-03,2026-08-03,Delivered,
SHP102714,2025-11-09,Sylhet DC,Sylhet,Sylhet,Pathao Courier,SKU1004,Smartwatch,Electronics,5,8.26,2798.35,206.08,2025-11-10,2025-11-10,Delivered,
SHP102715,2025-10-03,Rajshahi DC,Rajshahi,Dhaka,RedX,SKU1001,Wireless Earbuds (V2),Electronics,5,10.79,10295.6,266.27,2025-10-08,2025-10-08,Delivered,
SHP102716,2026-04-22,Khulna DC,Khulna,Dhaka,RedX,SKU1026,Storage Box,Home & Living,1,9.74,2180.24,318.26,2026-04-26,2026-04-26,Delivered,
SHP102717,2026-06-28,Khulna DC,Khulna,Rajshahi,Pathao Courier,SKU1020,Bedsheet Set,Home & Living,3,6.89,10343.04,260.43,2026-07-01,2026-07-01,Delivered,
SHP102718,2025-10-15,Sylhet DC,Sylhet,Khulna,RedX,SKU1037,Lipstick (V2),Beauty,1,3.71,2219.32,127.16,2025-10-19,2025-10-19,Delivered,
SHP102719,2026-05-03,Chattogram DC,Chattogram,Mymensingh,RedX,SKU1014,Sneakers,Apparel,4,3.72,8315.4,155.44,2026-05-09,2026-05-09,Delivered,
SHP102720,2026-03-07,Sylhet DC,Sylhet,Mymensingh,eCourier,SKU1020,Bedsheet Set,Home & Living,2,10.53,6895.36,327.82,2026-03-10,2026-03-10,Delivered,
SHP102721,2026-06-15,Rajshahi DC,Rajshahi,Khulna,Sundarban Courier,SKU1009,Phone Case (V2),Electronics,5,0.84,10545.9,100.77,2026-06-18,2026-06-18,Delivered,
SHP102722,2025-10-14,Khulna DC,Khulna,Rajshahi,Pathao Courier,SKU1022,Table Lamp,Home & Living,1,11.31,4372.54,389.67,2025-10-17,,Delayed,Weather disruption
SHP102723,2026-08-04,Khulna DC,Khulna,Khulna,Steadfast Courier,SKU1038,Perfume,Beauty,5,4.06,5685.3,150.06,2026-08-06,2026-08-06,Delivered,
SHP102724,2026-04-03,Dhaka Hub,Dhaka,Rangpur,RedX,SKU1004,Smartwatch,Electronics,2,8.92,1119.34,277.35,2026-04-05,2026-04-07,Delivered Late,Weather disruption
SHP102725,2026-06-19,Rajshahi DC,Rajshahi,Rangpur,Pathao Courier,SKU1000,Wireless Earbuds,Electronics,5,4.09,17583.55,203.99,2026-06-21,2026-06-21,Delivered,
SHP102726,2026-01-04,Chattogram DC,Chattogram,Rangpur,eCourier,SKU1012,Panjabi,Apparel,1,11.45,2950.81,293.31,2026-01-07,2026-01-07,Delivered,
SHP102727,2026-07-24,Rajshahi DC,Rajshahi,Dhaka,Pathao Courier,SKU1020,Bedsheet Set,Home & Living,2,0.63,6895.36,105.59,2026-07-29,2026-07-29,Delivered,
SHP102728,2026-04-05,Sylhet DC,Sylhet,Khulna,eCourier,SKU1025,Non-stick Pan (V2),Home & Living,2,4.37,1993.36,181.33,2026-04-08,2026-04-08,Delivered,
SHP102729,2025-10-14,Rajshahi DC,Rajshahi,Narayanganj,eCourier,SKU1049,Honey Jar (V2),Grocery,5,10.44,3789.6,310.63,2025-10-18,,Delayed,Weather disruption
SHP102730,2026-07-17,Rajshahi DC,Rajshahi,Khulna,Steadfast Courier,SKU1044,Green Tea Pack,Grocery,4,3.43,15081.32,168.35,2026-07-22,2026-07-22,Delivered,
SHP102731,2026-06-03,Khulna DC,Khulna,Chattogram,Steadfast Courier,SKU1020,Bedsheet Set,Home & Living,5,3.45,17238.4,171.32,2026-06-05,2026-06-05,Delivered,
SHP102732,2025-12-13,Rajshahi DC,Rajshahi,Chattogram,Pathao Courier,SKU1017,Saree (V2),Apparel,3,10.81,1282.83,344.04,2025-12-16,2025-12-16,Delivered,
SHP102733,2026-03-08,Khulna DC,Khulna,Dhaka,eCourier,SKU1036,Lipstick,Beauty,4,10.0,2860.64,265.31,2026-03-14,,Delayed,Weather disruption
SHP102734,2026-01-13,Rajshahi DC,Rajshahi,Mymensingh,Sundarban Courier,SKU1044,Green Tea Pack,Grocery,4,1.45,15081.32,124.63,2026-01-17,2026-01-17,Delivered,
SHP102735,2026-03-08,Dhaka Hub,Dhaka,Dhaka,RedX,SKU1031,Face Wash (V2),Beauty,4,7.05,17434.68,215.15,2026-03-10,,Cancelled,
SHP102736,2026-08-01,Dhaka Hub,Dhaka,Barisal,RedX,SKU1035,Hair Serum (V2),Beauty,5,2.84,4871.0,153.33,2026-08-05,2026-08-05,Delivered,
SHP102737,2026-07-09,Sylhet DC,Sylhet,Khulna,Pathao Courier,SKU1016,Saree,Apparel,5,2.74,12812.2,114.23,2026-07-15,2026-07-15,Delivered,
SHP102738,2025-11-14,Rajshahi DC,Rajshahi,Dhaka,Pathao Courier,SKU1034,Hair Serum,Beauty,3,7.46,6577.71,232.07,2025-11-17,,In Transit,
SHP102739,2026-08-03,Khulna DC,Khulna,Comilla,Pathao Courier,SKU1048,Honey Jar,Grocery,3,1.66,9356.58,120.02,2026-08-05,2026-08-07,Delivered Late,Failed delivery attempt
SHP102740,2026-01-30,Sylhet DC,Sylhet,Mymensingh,Pathao Courier,SKU1010,Cotton T-Shirt,Apparel,4,5.74,7051.88,218.27,2026-02-04,2026-02-04,Delivered,
SHP102741,2026-05-02,Sylhet DC,Sylhet,Comilla,Pathao Courier,SKU1020,Bedsheet Set,Home & Living,4,3.22,13790.72,143.15,2026-05-04,2026-05-09,Delivered Late,Warehouse backlog
SHP102742,2026-05-23,Khulna DC,Khulna,Narayanganj,Steadfast Courier,SKU1025,Non-stick Pan (V2),Home & Living,5,10.28,4983.4,344.44,2026-05-27,2026-05-27,Delivered,
SHP102743,2026-02-15,Rajshahi DC,Rajshahi,Narayanganj,RedX,SKU1003,Power Bank (V2),Electronics,4,6.74,12734.2,235.84,2026-02-17,,Delayed,Customs/checkpoint delay
SHP102744,2026-02-06,Rajshahi DC,Rajshahi,Mymensingh,eCourier,SKU1033,Sunscreen SPF50 (V2),Beauty,5,2.74,8807.5,119.1,2026-02-09,,In Transit,
SHP102745,2026-02-05,Dhaka Hub,Dhaka,Barisal,eCourier,SKU1047,Spice Combo (V2),Grocery,4,11.13,5616.92,316.84,2026-02-10,2026-02-10,Delivered,
SHP102746,2026-06-26,Sylhet DC,Sylhet,Rangpur,eCourier,SKU1017,Saree (V2),Apparel,5,9.91,2138.05,308.2,2026-06-30,2026-06-30,Delivered,
SHP102747,2026-01-12,Chattogram DC,Chattogram,Rajshahi,Sundarban Courier,SKU1039,Perfume (V2),Beauty,4,3.33,12254.76,181.3,2026-01-16,2026-01-16,Delivered,
SHP102748,2025-12-06,Khulna DC,Khulna,Chattogram,Steadfast Courier,SKU1034,Hair Serum,Beauty,5,11.54,10962.85,246.0,2025-12-09,2025-12-09,Delivered,
SHP102749,2026-01-04,Sylhet DC,Sylhet,Khulna,eCourier,SKU1040,Basmati Rice 5kg,Grocery,1,3.36,2051.61,184.07,2026-01-07,2026-01-07,Delivered,
SHP102750,2025-11-07,Rajshahi DC,Rajshahi,Rajshahi,eCourier,SKU1028,Curtain Set,Home & Living,5,3.65,4105.8,129.2,2025-11-08,2025-11-08,Delivered,
SHP102751,2026-01-14,Sylhet DC,Sylhet,Dhaka,Steadfast Courier,SKU1028,Curtain Set,Home & Living,2,4.75,1642.32,146.91,2026-01-16,,In Transit,
SHP102752,2025-10-10,Khulna DC,Khulna,Comilla,RedX,SKU1037,Lipstick (V2),Beauty,4,2.14,8877.28,116.25,2025-10-14,2025-10-14,Delivered,
SHP102753,2025-10-02,Dhaka Hub,Dhaka,Narayanganj,RedX,SKU1041,Basmati Rice 5kg (V2),Grocery,2,8.31,7544.3,210.36,2025-10-06,2025-10-06,Delivered,
SHP102754,2026-05-09,Rajshahi DC,Rajshahi,Rajshahi,Steadfast Courier,SKU1020,Bedsheet Set,Home & Living,3,6.78,10343.04,194.88,2026-05-10,,Cancelled,
SHP102755,2025-09-27,Dhaka Hub,Dhaka,Rajshahi,Sundarban Courier,SKU1041,Basmati Rice 5kg (V2),Grocery,4,10.75,15088.6,313.83,2025-09-30,,In Transit,
SHP102756,2026-03-16,Chattogram DC,Chattogram,Comilla,eCourier,SKU1012,Panjabi,Apparel,3,3.04,8852.43,144.36,2026-03-21,2026-03-21,Delivered,
SHP102757,2026-05-28,Rajshahi DC,Rajshahi,Rajshahi,Pathao Courier,SKU1048,Honey Jar,Grocery,4,2.21,12475.44,89.8,2026-05-30,2026-05-30,Delivered,
SHP102758,2026-05-09,Rajshahi DC,Rajshahi,Rangpur,Pathao Courier,SKU1040,Basmati Rice 5kg,Grocery,1,4.43,2051.61,198.99,2026-05-11,2026-05-11,Delivered,
SHP102759,2026-02-02,Sylhet DC,Sylhet,Barisal,RedX,SKU1016,Saree,Apparel,5,1.92,12812.2,116.17,2026-02-08,2026-02-08,Delivered,
SHP102760,2025-11-06,Sylhet DC,Sylhet,Sylhet,Pathao Courier,SKU1008,Phone Case,Electronics,3,11.36,2121.87,336.95,2025-11-07,2025-11-07,Delivered,
SHP102761,2026-07-20,Dhaka Hub,Dhaka,Mymensingh,Steadfast Courier,SKU1040,Basmati Rice 5kg,Grocery,4,8.67,8206.44,318.2,2026-07-25,2026-07-25,Delivered,
SHP102762,2026-06-16,Rajshahi DC,Rajshahi,Chattogram,Pathao Courier,SKU1000,Wireless Earbuds,Electronics,2,9.6,7033.42,314.97,2026-06-18,2026-06-18,Delivered,
SHP102763,2026-03-31,Dhaka Hub,Dhaka,Sylhet,eCourier,SKU1001,Wireless Earbuds (V2),Electronics,3,9.03,6177.36,234.45,2026-04-03,2026-04-03,Delivered,
SHP102764,2025-10-01,Dhaka Hub,Dhaka,Rangpur,Pathao Courier,SKU1047,Spice Combo (V2),Grocery,3,3.07,4212.69,150.74,2025-10-05,,Delayed,Address issue
SHP102765,2025-09-13,Sylhet DC,Sylhet,Mymensingh,Steadfast Courier,SKU1028,Curtain Set,Home & Living,1,1.86,821.16,142.3,2025-09-15,,In Transit,
SHP102766,2025-12-19,Dhaka Hub,Dhaka,Narayanganj,Sundarban Courier,SKU1032,Sunscreen SPF50,Beauty,3,5.27,4702.02,224.6,2025-12-24,2025-12-24,Delivered,
SHP102767,2025-10-25,Dhaka Hub,Dhaka,Mymensingh,Pathao Courier,SKU1009,Phone Case (V2),Electronics,4,9.98,8436.72,243.89,2025-10-28,2025-10-28,Delivered,
SHP102768,2026-06-25,Khulna DC,Khulna,Dhaka,Pathao Courier,SKU1049,Honey Jar (V2),Grocery,5,4.1,3789.6,196.16,2026-06-29,2026-06-29,Delivered,
SHP102769,2025-11-11,Khulna DC,Khulna,Comilla,RedX,SKU1039,Perfume (V2),Beauty,5,0.31,15318.45,101.65,2025-11-16,2025-11-16,Delivered,
SHP102770,2025-12-07,Chattogram DC,Chattogram,Rajshahi,Steadfast Courier,SKU1020,Bedsheet Set,Home & Living,2,7.99,6895.36,247.66,2025-12-11,,In Transit,
SHP102771,2026-08-04,Khulna DC,Khulna,Dhaka,Steadfast Courier,SKU1027,Storage Box (V2),Home & Living,4,2.56,1362.2,135.85,2026-08-08,2026-08-08,Delivered,
SHP102772,2026-06-11,Khulna DC,Khulna,Barisal,Sundarban Courier,SKU1010,Cotton T-Shirt,Apparel,1,6.61,1762.97,203.88,2026-06-14,2026-06-14,Delivered,
SHP102773,2025-11-15,Chattogram DC,Chattogram,Chattogram,Sundarban Courier,SKU1033,Sunscreen SPF50 (V2),Beauty,5,0.38,8807.5,46.9,2025-11-16,2025-11-16,Delivered,
SHP102774,2026-01-11,Khulna DC,Khulna,Rajshahi,Pathao Courier,SKU1007,Bluetooth Speaker (V2),Electronics,5,6.2,17846.9,212.63,2026-01-17,2026-01-17,Delivered,
SHP102775,2026-02-26,Sylhet DC,Sylhet,Rajshahi,RedX,SKU1021,Bedsheet Set (V2),Home & Living,5,4.84,8460.95,171.39,2026-03-02,2026-03-02,Delivered,
SHP102776,2026-04-18,Rajshahi DC,Rajshahi,Dhaka,RedX,SKU1007,Bluetooth Speaker (V2),Electronics,3,10.59,10708.14,308.14,2026-04-23,2026-04-23,Delivered,
SHP102777,2026-07-21,Dhaka Hub,Dhaka,Comilla,Pathao Courier,SKU1048,Honey Jar,Grocery,2,8.72,6237.72,227.38,2026-07-25,2026-07-25,Delivered,
SHP102778,2026-06-29,Chattogram DC,Chattogram,Barisal,RedX,SKU1014,Sneakers,Apparel,4,0.63,8315.4,87.33,2026-07-02,2026-07-02,Delivered,
SHP102779,2026-08-05,Chattogram DC,Chattogram,Narayanganj,Steadfast Courier,SKU1016,Saree,Apparel,4,9.52,10249.76,294.27,2026-08-07,,In Transit,
SHP102780,2025-09-15,Chattogram DC,Chattogram,Rajshahi,Pathao Courier,SKU1022,Table Lamp,Home & Living,2,9.54,8745.08,346.35,2025-09-18,2025-09-18,Delivered,
SHP102781,2025-11-21,Rajshahi DC,Rajshahi,Barisal,Pathao Courier,SKU1023,Table Lamp (V2),Home & Living,3,8.03,12105.24,244.59,2025-11-25,2025-11-25,Delivered,
SHP102782,2026-03-14,Khulna DC,Khulna,Comilla,Pathao Courier,SKU1044,Green Tea Pack,Grocery,4,11.17,15081.32,316.8,2026-03-17,2026-03-17,Delivered,
SHP102783,2025-09-17,Sylhet DC,Sylhet,Sylhet,Pathao Courier,SKU1018,Denim Jacket,Apparel,3,9.68,11250.6,309.68,2025-09-18,,Delayed,Address issue
SHP102784,2026-01-01,Sylhet DC,Sylhet,Narayanganj,Pathao Courier,SKU1004,Smartwatch,Electronics,2,2.78,1119.34,152.8,2026-01-05,2026-01-05,Delivered,
SHP102785,2025-10-24,Rajshahi DC,Rajshahi,Chattogram,RedX,SKU1031,Face Wash (V2),Beauty,2,4.7,8717.34,188.0,2025-10-28,2025-10-28,Delivered,
SHP102786,2026-07-20,Sylhet DC,Sylhet,Narayanganj,Pathao Courier,SKU1043,Mustard Oil 1L (V2),Grocery,3,4.33,4526.37,156.56,2026-07-24,2026-07-24,Delivered,
SHP102787,2025-09-22,Chattogram DC,Chattogram,Rangpur,eCourier,SKU1000,Wireless Earbuds,Electronics,2,6.16,7033.42,204.94,2025-09-27,2025-09-27,Delivered,
SHP102788,2025-10-22,Dhaka Hub,Dhaka,Barisal,Steadfast Courier,SKU1022,Table Lamp,Home & Living,2,11.45,8745.08,363.27,2025-10-26,,In Transit,
SHP102789,2025-11-07,Chattogram DC,Chattogram,Sylhet,Steadfast Courier,SKU1036,Lipstick,Beauty,1,7.46,715.16,258.02,2025-11-09,2025-11-10,Delivered Late,Weather disruption
SHP102790,2025-10-22,Khulna DC,Khulna,Barisal,RedX,SKU1007,Bluetooth Speaker (V2),Electronics,2,3.89,7138.76,179.57,2025-10-27,2025-10-27,Delivered,
SHP102791,2026-03-16,Sylhet DC,Sylhet,Barisal,Pathao Courier,SKU1012,Panjabi,Apparel,4,11.31,11803.24,288.66,2026-03-20,,In Transit,
SHP102792,2026-01-05,Sylhet DC,Sylhet,Narayanganj,Pathao Courier,SKU1007,Bluetooth Speaker (V2),Electronics,2,8.46,7138.76,245.39,2026-01-09,2026-01-09,Delivered,
SHP102793,2026-07-13,Sylhet DC,Sylhet,Comilla,Pathao Courier,SKU1022,Table Lamp,Home & Living,1,3.34,4372.54,161.0,2026-07-19,2026-07-19,Delivered,
SHP102794,2025-11-30,Rajshahi DC,Rajshahi,Rajshahi,Steadfast Courier,SKU1042,Mustard Oil 1L,Grocery,5,10.9,15980.75,325.5,2025-12-01,2025-12-01,Delivered,
SHP102795,2026-03-05,Rajshahi DC,Rajshahi,Khulna,Steadfast Courier,SKU1000,Wireless Earbuds,Electronics,3,4.26,10550.13,200.28,2026-03-09,2026-03-09,Delivered,
SHP102796,2026-04-17,Dhaka Hub,Dhaka,Khulna,Sundarban Courier,SKU1044,Green Tea Pack,Grocery,3,6.29,11310.99,171.62,2026-04-20,,In Transit,
SHP102797,2026-04-05,Dhaka Hub,Dhaka,Khulna,Sundarban Courier,SKU1023,Table Lamp (V2),Home & Living,3,5.85,12105.24,228.65,2026-04-07,2026-04-07,Delivered,
SHP102798,2026-06-03,Chattogram DC,Chattogram,Dhaka,RedX,SKU1034,Hair Serum,Beauty,3,11.1,6577.71,326.66,2026-06-07,2026-06-07,Delivered,
SHP102799,2025-11-09,Rajshahi DC,Rajshahi,Dhaka,Sundarban Courier,SKU1023,Table Lamp (V2),Home & Living,3,3.33,12105.24,129.83,2025-11-12,,Delayed,Weather disruption
SHP102800,2026-02-23,Sylhet DC,Sylhet,Mymensingh,Steadfast Courier,SKU1016,Saree,Apparel,4,4.13,10249.76,172.79,2026-02-25,2026-02-25,Delivered,
SHP102801,2026-06-05,Rajshahi DC,Rajshahi,Sylhet,Pathao Courier,SKU1004,Smartwatch,Electronics,5,7.99,2798.35,251.25,2026-06-09,2026-06-09,Delivered,
SHP102802,2026-06-26,Khulna DC,Khulna,Rajshahi,Sundarban Courier,SKU1019,Denim Jacket (V2),Apparel,5,10.66,14488.7,323.47,2026-06-29,2026-06-29,Delivered,
SHP102803,2026-04-02,Sylhet DC,Sylhet,Rangpur,Sundarban Courier,SKU1020,Bedsheet Set,Home & Living,3,1.56,10343.04,107.31,2026-04-06,2026-04-06,Delivered,
SHP102804,2026-04-14,Chattogram DC,Chattogram,Rangpur,Pathao Courier,SKU1039,Perfume (V2),Beauty,2,2.68,6127.38,142.1,2026-04-16,2026-04-20,Delivered Late,Weather disruption
SHP102805,2026-06-26,Chattogram DC,Chattogram,Khulna,Sundarban Courier,SKU1030,Face Wash,Beauty,1,11.39,3389.72,263.92,2026-06-30,2026-06-30,Delivered,
SHP102806,2026-04-05,Dhaka Hub,Dhaka,Mymensingh,eCourier,SKU1045,Green Tea Pack (V2),Grocery,3,9.37,10952.16,256.73,2026-04-09,2026-04-09,Delivered,
SHP102807,2026-07-26,Sylhet DC,Sylhet,Chattogram,Pathao Courier,SKU1035,Hair Serum (V2),Beauty,5,4.28,4871.0,189.41,2026-07-30,2026-07-30,Delivered,
SHP102808,2025-10-15,Chattogram DC,Chattogram,Rajshahi,RedX,SKU1010,Cotton T-Shirt,Apparel,2,4.42,3525.94,172.8,2025-10-20,2025-10-20,Delivered,
SHP102809,2025-12-30,Chattogram DC,Chattogram,Chattogram,Sundarban Courier,SKU1014,Sneakers,Apparel,5,5.74,10394.25,131.22,2025-12-31,2025-12-31,Delivered,
SHP102810,2025-10-09,Dhaka Hub,Dhaka,Barisal,Pathao Courier,SKU1018,Denim Jacket,Apparel,4,8.15,15000.8,284.93,2025-10-11,2025-10-11,Delivered,
SHP102811,2025-10-02,Khulna DC,Khulna,Dhaka,Pathao Courier,SKU1006,Bluetooth Speaker,Electronics,4,6.82,13843.84,215.11,2025-10-06,2025-10-06,Delivered,
SHP102812,2026-02-11,Rajshahi DC,Rajshahi,Narayanganj,Pathao Courier,SKU1027,Storage Box (V2),Home & Living,3,9.36,1021.65,272.95,2026-02-16,2026-02-16,Delivered,
SHP102813,2025-11-18,Sylhet DC,Sylhet,Rangpur,Pathao Courier,SKU1042,Mustard Oil 1L,Grocery,4,0.84,12784.6,100.46,2025-11-23,2025-11-23,Delivered,
SHP102814,2026-01-19,Sylhet DC,Sylhet,Sylhet,Sundarban Courier,SKU1004,Smartwatch,Electronics,1,9.86,559.67,307.64,2026-01-20,,Delayed,Customs/checkpoint delay
SHP102815,2026-01-30,Rajshahi DC,Rajshahi,Rangpur,eCourier,SKU1004,Smartwatch,Electronics,1,0.89,559.67,92.88,2026-02-04,,In Transit,
SHP102816,2026-04-03,Sylhet DC,Sylhet,Khulna,eCourier,SKU1029,Curtain Set (V2),Home & Living,1,10.6,3121.26,368.16,2026-04-08,2026-04-08,Delivered,
SHP102817,2026-07-25,Khulna DC,Khulna,Barisal,Steadfast Courier,SKU1031,Face Wash (V2),Beauty,4,0.71,17434.68,83.16,2026-07-27,,In Transit,
SHP102818,2026-06-21,Sylhet DC,Sylhet,Chattogram,Sundarban Courier,SKU1007,Bluetooth Speaker (V2),Electronics,3,1.71,10708.14,96.71,2026-06-24,2026-06-24,Delivered,
SHP102819,2026-01-09,Sylhet DC,Sylhet,Barisal,eCourier,SKU1009,Phone Case (V2),Electronics,2,2.33,4218.36,135.52,2026-01-13,2026-01-13,Returned,
SHP102820,2025-12-22,Sylhet DC,Sylhet,Chattogram,RedX,SKU1037,Lipstick (V2),Beauty,1,2.83,2219.32,156.17,2025-12-26,,Cancelled,
SHP102821,2026-05-25,Khulna DC,Khulna,Chattogram,Pathao Courier,SKU1046,Spice Combo,Grocery,3,4.94,5506.59,217.07,2026-05-30,2026-05-30,Delivered,
SHP102822,2025-10-13,Khulna DC,Khulna,Barisal,Sundarban Courier,SKU1031,Face Wash (V2),Beauty,2,7.93,8717.34,285.49,2025-10-19,2025-10-19,Delivered,
SHP102823,2026-03-07,Sylhet DC,Sylhet,Barisal,RedX,SKU1047,Spice Combo (V2),Grocery,1,10.73,1404.23,284.05,2026-03-10,2026-03-10,Delivered,
SHP102824,2026-01-25,Dhaka Hub,Dhaka,Sylhet,eCourier,SKU1027,Storage Box (V2),Home & Living,1,6.39,340.55,187.18,2026-01-29,2026-01-29,Delivered,
SHP102825,2025-11-03,Rajshahi DC,Rajshahi,Dhaka,Sundarban Courier,SKU1016,Saree,Apparel,4,6.48,10249.76,247.51,2025-11-08,2025-11-08,Delivered,
SHP102826,2026-04-02,Rajshahi DC,Rajshahi,Rajshahi,Pathao Courier,SKU1030,Face Wash,Beauty,4,3.97,13558.88,111.49,2026-04-04,2026-04-04,Delivered,
SHP102827,2025-12-20,Dhaka Hub,Dhaka,Narayanganj,Steadfast Courier,SKU1007,Bluetooth Speaker (V2),Electronics,2,9.65,7138.76,321.87,2025-12-25,2025-12-25,Delivered,
SHP102828,2025-11-04,Chattogram DC,Chattogram,Mymensingh,Pathao Courier,SKU1039,Perfume (V2),Beauty,3,1.5,9191.07,89.41,2025-11-08,,In Transit,
SHP102829,2026-04-15,Rajshahi DC,Rajshahi,Dhaka,Steadfast Courier,SKU1024,Non-stick Pan,Home & Living,2,3.75,7071.94,175.36,2026-04-21,,Cancelled,
SHP102830,2025-10-31,Chattogram DC,Chattogram,Narayanganj,eCourier,SKU1008,Phone Case,Electronics,3,1.34,2121.87,117.38,2025-11-03,2025-11-03,Delivered,
SHP102831,2026-04-21,Rajshahi DC,Rajshahi,Rajshahi,eCourier,SKU1001,Wireless Earbuds (V2),Electronics,1,2.73,2059.12,97.56,2026-04-23,2026-04-23,Delivered,
SHP102832,2025-10-27,Khulna DC,Khulna,Barisal,eCourier,SKU1014,Sneakers,Apparel,5,7.12,10394.25,289.69,2025-10-30,,In Transit,
SHP102833,2026-01-29,Rajshahi DC,Rajshahi,Dhaka,Pathao Courier,SKU1049,Honey Jar (V2),Grocery,4,1.69,3031.68,115.01,2026-02-02,2026-02-02,Delivered,
SHP102834,2026-06-07,Dhaka Hub,Dhaka,Khulna,RedX,SKU1002,Power Bank,Electronics,5,1.39,19424.5,118.55,2026-06-12,,Delayed,Warehouse backlog
SHP102835,2025-11-19,Sylhet DC,Sylhet,Mymensingh,eCourier,SKU1048,Honey Jar,Grocery,2,9.95,6237.72,278.9,2025-11-23,2025-11-23,Delivered,
SHP102836,2026-05-24,Sylhet DC,Sylhet,Khulna,eCourier,SKU1035,Hair Serum (V2),Beauty,5,1.6,4871.0,91.73,2026-05-28,2026-05-28,Delivered,
SHP102837,2026-05-08,Rajshahi DC,Rajshahi,Chattogram,Pathao Courier,SKU1003,Power Bank (V2),Electronics,3,7.38,9550.65,205.91,2026-05-11,2026-05-11,Delivered,
SHP102838,2026-07-10,Chattogram DC,Chattogram,Dhaka,Pathao Courier,SKU1013,Panjabi (V2),Apparel,1,4.35,3729.01,178.73,2026-07-15,2026-07-15,Delivered,
SHP102839,2025-10-29,Chattogram DC,Chattogram,Narayanganj,Sundarban Courier,SKU1040,Basmati Rice 5kg,Grocery,2,10.78,4103.22,310.64,2025-11-01,2025-11-01,Delivered,
SHP102840,2026-05-06,Dhaka Hub,Dhaka,Comilla,Sundarban Courier,SKU1040,Basmati Rice 5kg,Grocery,5,8.55,10258.05,243.94,2026-05-10,2026-05-11,Delivered Late,Vehicle breakdown
SHP102841,2026-07-22,Khulna DC,Khulna,Dhaka,RedX,SKU1024,Non-stick Pan,Home & Living,4,0.9,14143.88,118.34,2026-07-25,2026-07-25,Delivered,
SHP102842,2026-05-23,Rajshahi DC,Rajshahi,Narayanganj,eCourier,SKU1049,Honey Jar (V2),Grocery,4,10.77,3031.68,305.84,2026-05-27,2026-05-27,Delivered,
SHP102843,2025-11-05,Dhaka Hub,Dhaka,Comilla,eCourier,SKU1009,Phone Case (V2),Electronics,2,5.08,4218.36,204.08,2025-11-09,2025-11-09,Delivered,
SHP102844,2026-06-12,Chattogram DC,Chattogram,Khulna,RedX,SKU1020,Bedsheet Set,Home & Living,4,3.72,13790.72,125.6,2026-06-16,2026-06-16,Delivered,
SHP102845,2025-10-08,Chattogram DC,Chattogram,Rangpur,Pathao Courier,SKU1035,Hair Serum (V2),Beauty,5,8.14,4871.0,294.02,2025-10-12,2025-10-12,Delivered,
SHP102846,2026-03-23,Rajshahi DC,Rajshahi,Sylhet,Sundarban Courier,SKU1011,Cotton T-Shirt (V2),Apparel,1,8.67,4181.43,260.75,2026-03-29,2026-03-29,Delivered,
SHP102847,2026-02-20,Sylhet DC,Sylhet,Sylhet,Sundarban Courier,SKU1026,Storage Box,Home & Living,2,3.78,4360.48,123.08,2026-02-21,2026-02-21,Delivered,
SHP102848,2026-03-03,Chattogram DC,Chattogram,Mymensingh,Pathao Courier,SKU1039,Perfume (V2),Beauty,1,4.35,3063.69,208.33,2026-03-06,,In Transit,
SHP102849,2026-02-27,Chattogram DC,Chattogram,Sylhet,Pathao Courier,SKU1001,Wireless Earbuds (V2),Electronics,1,2.04,2059.12,145.06,2026-03-01,,Delayed,Weather disruption
SHP102850,2025-09-11,Sylhet DC,Sylhet,Khulna,Sundarban Courier,SKU1012,Panjabi,Apparel,5,7.2,14754.05,215.18,2025-09-13,2025-09-13,Delivered,
SHP102851,2026-02-23,Chattogram DC,Chattogram,Khulna,Pathao Courier,SKU1031,Face Wash (V2),Beauty,2,11.49,8717.34,356.29,2026-02-26,2026-02-27,Delivered Late,Courier capacity shortage
SHP102852,2026-07-22,Dhaka Hub,Dhaka,Chattogram,RedX,SKU1030,Face Wash,Beauty,1,5.12,3389.72,201.63,2026-07-25,,Delayed,Vehicle breakdown
SHP102853,2026-01-30,Rajshahi DC,Rajshahi,Comilla,Pathao Courier,SKU1015,Sneakers (V2),Apparel,1,11.96,1138.49,278.95,2026-02-05,2026-02-05,Delivered,
SHP102854,2025-12-05,Sylhet DC,Sylhet,Rangpur,Pathao Courier,SKU1031,Face Wash (V2),Beauty,5,2.28,21793.35,138.63,2025-12-11,2025-12-11,Delivered,
SHP102855,2026-08-11,Chattogram DC,Chattogram,Comilla,Pathao Courier,SKU1031,Face Wash (V2),Beauty,3,9.59,13076.01,358.76,2026-08-14,2026-08-13,Delivered,
SHP102856,2025-10-05,Khulna DC,Khulna,Barisal,RedX,SKU1033,Sunscreen SPF50 (V2),Beauty,4,11.15,7046.0,273.97,2025-10-10,2025-10-10,Delivered,
SHP102857,2026-02-16,Khulna DC,Khulna,Chattogram,RedX,SKU1010,Cotton T-Shirt,Apparel,2,8.32,3525.94,262.16,2026-02-21,2026-02-21,Delivered,
SHP102858,2026-02-25,Dhaka Hub,Dhaka,Sylhet,Sundarban Courier,SKU1009,Phone Case (V2),Electronics,4,1.49,8436.72,118.57,2026-03-01,2026-03-01,Delivered,
SHP102859,2026-02-13,Dhaka Hub,Dhaka,Khulna,Pathao Courier,SKU1014,Sneakers,Apparel,5,4.05,10394.25,187.99,2026-02-18,2026-02-18,Delivered,
SHP102860,2026-07-16,Dhaka Hub,Dhaka,Narayanganj,Steadfast Courier,SKU1016,Saree,Apparel,4,1.21,10249.76,90.23,2026-07-22,2026-07-22,Delivered,
SHP102861,2026-01-24,Khulna DC,Khulna,Sylhet,RedX,SKU1039,Perfume (V2),Beauty,3,7.3,9191.07,194.9,2026-01-30,2026-01-30,Delivered,
SHP102862,2026-08-03,Khulna DC,Khulna,Rangpur,RedX,SKU1017,Saree (V2),Apparel,2,11.98,855.22,304.25,2026-08-08,2026-08-08,Delivered,
SHP102863,2025-09-24,Khulna DC,Khulna,Chattogram,RedX,SKU1008,Phone Case,Electronics,2,4.62,1414.58,184.2,2025-09-27,2025-09-27,Delivered,
SHP102864,2026-05-12,Khulna DC,Khulna,Narayanganj,eCourier,SKU1024,Non-stick Pan,Home & Living,3,2.12,10607.91,116.16,2026-05-15,2026-05-15,Delivered,
SHP102865,2026-03-25,Sylhet DC,Sylhet,Rangpur,Steadfast Courier,SKU1039,Perfume (V2),Beauty,3,3.37,9191.07,131.58,2026-03-31,2026-03-31,Delivered,
SHP102866,2025-11-23,Sylhet DC,Sylhet,Rajshahi,Sundarban Courier,SKU1013,Panjabi (V2),Apparel,1,6.94,3729.01,241.47,2025-11-26,2025-11-26,Delivered,
SHP102867,2025-11-18,Khulna DC,Khulna,Khulna,RedX,SKU1024,Non-stick Pan,Home & Living,1,6.91,3535.97,197.55,2025-11-20,2025-11-22,Delivered Late,Address issue
SHP102868,2026-05-08,Chattogram DC,Chattogram,Khulna,Pathao Courier,SKU1049,Honey Jar (V2),Grocery,3,2.91,2273.76,117.35,2026-05-11,2026-05-11,Delivered,
SHP102869,2026-04-09,Rajshahi DC,Rajshahi,Sylhet,RedX,SKU1021,Bedsheet Set (V2),Home & Living,1,9.06,1692.19,319.52,2026-04-13,2026-04-13,Delivered,
SHP102870,2026-03-31,Rajshahi DC,Rajshahi,Barisal,Sundarban Courier,SKU1029,Curtain Set (V2),Home & Living,3,1.24,9363.78,120.94,2026-04-02,,In Transit,
SHP102871,2025-09-18,Rajshahi DC,Rajshahi,Comilla,Pathao Courier,SKU1019,Denim Jacket (V2),Apparel,2,7.55,5795.48,247.49,2025-09-23,2025-09-23,Delivered,
SHP102872,2026-03-26,Rajshahi DC,Rajshahi,Sylhet,Steadfast Courier,SKU1020,Bedsheet Set,Home & Living,2,5.22,6895.36,195.79,2026-03-30,2026-03-30,Delivered,
SHP102873,2026-08-06,Chattogram DC,Chattogram,Mymensingh,Steadfast Courier,SKU1043,Mustard Oil 1L (V2),Grocery,1,1.7,1508.79,110.78,2026-08-10,2026-08-10,Delivered,
SHP102874,2025-09-06,Dhaka Hub,Dhaka,Barisal,Sundarban Courier,SKU1031,Face Wash (V2),Beauty,3,7.69,13076.01,241.19,2025-09-09,2025-09-09,Delivered,
SHP102875,2026-02-10,Sylhet DC,Sylhet,Mymensingh,Steadfast Courier,SKU1045,Green Tea Pack (V2),Grocery,1,8.14,3650.72,302.6,2026-02-14,,In Transit,
SHP102876,2026-02-19,Khulna DC,Khulna,Mymensingh,Sundarban Courier,SKU1048,Honey Jar,Grocery,4,5.39,12475.44,212.15,2026-02-24,2026-02-25,Delivered Late,Failed delivery attempt
SHP102877,2026-07-08,Khulna DC,Khulna,Dhaka,Sundarban Courier,SKU1020,Bedsheet Set,Home & Living,5,9.62,17238.4,322.06,2026-07-14,2026-07-14,Delivered,
SHP102878,2025-12-07,Chattogram DC,Chattogram,Dhaka,eCourier,SKU1034,Hair Serum,Beauty,5,6.21,10962.85,186.39,2025-12-12,2025-12-12,Delivered,
SHP102879,2026-02-12,Chattogram DC,Chattogram,Narayanganj,Sundarban Courier,SKU1031,Face Wash (V2),Beauty,4,3.57,17434.68,169.76,2026-02-16,2026-02-18,Delivered Late,Weather disruption
SHP102880,2026-05-07,Sylhet DC,Sylhet,Chattogram,Sundarban Courier,SKU1029,Curtain Set (V2),Home & Living,5,11.45,15606.3,293.18,2026-05-12,2026-05-12,Delivered,
SHP102881,2025-09-21,Rajshahi DC,Rajshahi,Barisal,RedX,SKU1038,Perfume,Beauty,5,11.34,5685.3,281.63,2025-09-25,2025-09-25,Delivered,
SHP102882,2026-06-05,Dhaka Hub,Dhaka,Mymensingh,Pathao Courier,SKU1048,Honey Jar,Grocery,4,1.33,12475.44,107.16,2026-06-10,2026-06-14,Delivered Late,Warehouse backlog
SHP102883,2026-06-12,Chattogram DC,Chattogram,Barisal,Sundarban Courier,SKU1011,Cotton T-Shirt (V2),Apparel,2,11.36,8362.86,385.51,2026-06-17,2026-06-17,Delivered,
SHP102884,2026-05-07,Chattogram DC,Chattogram,Dhaka,Sundarban Courier,SKU1040,Basmati Rice 5kg,Grocery,3,9.35,6154.83,308.09,2026-05-11,,In Transit,
SHP102885,2026-04-13,Rajshahi DC,Rajshahi,Dhaka,RedX,SKU1046,Spice Combo,Grocery,5,1.46,9177.65,98.32,2026-04-17,,In Transit,
SHP102886,2026-05-17,Sylhet DC,Sylhet,Rangpur,Pathao Courier,SKU1017,Saree (V2),Apparel,4,6.33,1710.44,222.54,2026-05-22,2026-05-22,Delivered,
SHP102887,2026-05-29,Dhaka Hub,Dhaka,Comilla,Pathao Courier,SKU1020,Bedsheet Set,Home & Living,2,0.61,6895.36,90.9,2026-06-01,2026-06-01,Delivered,
SHP102888,2026-07-10,Chattogram DC,Chattogram,Khulna,eCourier,SKU1012,Panjabi,Apparel,1,7.15,2950.81,243.27,2026-07-15,2026-07-15,Delivered,
SHP102889,2026-01-27,Dhaka Hub,Dhaka,Barisal,Pathao Courier,SKU1020,Bedsheet Set,Home & Living,1,11.21,3447.68,357.54,2026-01-30,,In Transit,
SHP102890,2026-02-05,Sylhet DC,Sylhet,Narayanganj,Sundarban Courier,SKU1007,Bluetooth Speaker (V2),Electronics,2,4.54,7138.76,162.43,2026-02-09,2026-02-09,Delivered,
SHP102891,2026-04-09,Rajshahi DC,Rajshahi,Comilla,eCourier,SKU1045,Green Tea Pack (V2),Grocery,5,6.2,18253.6,220.2,2026-04-14,2026-04-14,Delivered,
SHP102892,2025-11-06,Sylhet DC,Sylhet,Barisal,eCourier,SKU1039,Perfume (V2),Beauty,3,2.89,9191.07,155.37,2025-11-08,2025-11-08,Delivered,
SHP102893,2026-06-24,Rajshahi DC,Rajshahi,Rangpur,Pathao Courier,SKU1045,Green Tea Pack (V2),Grocery,1,6.58,3650.72,183.46,2026-06-27,2026-06-27,Delivered,
SHP102894,2026-05-25,Khulna DC,Khulna,Narayanganj,eCourier,SKU1006,Bluetooth Speaker,Electronics,5,9.67,17304.8,224.35,2026-05-29,2026-05-29,Delivered,
SHP102895,2026-04-07,Rajshahi DC,Rajshahi,Mymensingh,eCourier,SKU1022,Table Lamp,Home & Living,3,2.74,13117.62,122.49,2026-04-09,2026-04-11,Delivered Late,Courier capacity shortage
SHP102896,2025-12-14,Chattogram DC,Chattogram,Rajshahi,Sundarban Courier,SKU1043,Mustard Oil 1L (V2),Grocery,2,6.73,3017.58,182.21,2025-12-17,2025-12-17,Delivered,
SHP102897,2025-12-30,Rajshahi DC,Rajshahi,Rangpur,eCourier,SKU1031,Face Wash (V2),Beauty,5,4.38,21793.35,180.34,2026-01-04,2026-01-04,Delivered,
SHP102898,2026-01-29,Chattogram DC,Chattogram,Khulna,eCourier,SKU1010,Cotton T-Shirt,Apparel,2,9.02,3525.94,275.23,2026-01-31,2026-01-31,Delivered,
SHP102899,2026-04-18,Sylhet DC,Sylhet,Narayanganj,RedX,SKU1021,Bedsheet Set (V2),Home & Living,4,8.48,6768.76,313.49,2026-04-22,2026-04-22,Delivered,
SHP102900,2026-05-28,Khulna DC,Khulna,Dhaka,RedX,SKU1021,Bedsheet Set (V2),Home & Living,5,8.45,8460.95,248.57,2026-05-30,2026-05-30,Delivered,
SHP102901,2026-04-21,Chattogram DC,Chattogram,Sylhet,eCourier,SKU1042,Mustard Oil 1L,Grocery,3,4.66,9588.45,194.97,2026-04-23,2026-04-23,Delivered,
SHP102902,2026-07-19,Chattogram DC,Chattogram,Khulna,Steadfast Courier,SKU1024,Non-stick Pan,Home & Living,4,7.27,14143.88,242.7,2026-07-23,,Cancelled,
SHP102903,2026-07-30,Dhaka Hub,Dhaka,Sylhet,RedX,SKU1021,Bedsheet Set (V2),Home & Living,2,7.88,3384.38,264.46,2026-08-05,2026-08-05,Delivered,
SHP102904,2026-05-02,Dhaka Hub,Dhaka,Barisal,eCourier,SKU1027,Storage Box (V2),Home & Living,5,8.23,1702.75,237.36,2026-05-06,2026-05-06,Delivered,
SHP102905,2026-01-07,Sylhet DC,Sylhet,Mymensingh,eCourier,SKU1028,Curtain Set,Home & Living,1,6.99,821.16,207.9,2026-01-10,,In Transit,
SHP102906,2026-03-27,Rajshahi DC,Rajshahi,Comilla,eCourier,SKU1012,Panjabi,Apparel,2,10.43,5901.62,248.22,2026-03-31,2026-03-31,Delivered,
SHP102907,2026-01-26,Chattogram DC,Chattogram,Barisal,Steadfast Courier,SKU1017,Saree (V2),Apparel,5,3.14,2138.05,164.08,2026-01-30,,Delayed,Courier capacity shortage
SHP102908,2026-04-06,Sylhet DC,Sylhet,Rangpur,Pathao Courier,SKU1001,Wireless Earbuds (V2),Electronics,3,0.86,6177.36,87.38,2026-04-10,2026-04-10,Delivered,
SHP102909,2026-06-08,Rajshahi DC,Rajshahi,Barisal,Pathao Courier,SKU1028,Curtain Set,Home & Living,1,11.56,821.16,346.46,2026-06-11,2026-06-11,Delivered,
SHP102910,2026-01-06,Khulna DC,Khulna,Dhaka,RedX,SKU1020,Bedsheet Set,Home & Living,3,0.92,10343.04,94.06,2026-01-09,2026-01-09,Delivered,
SHP102911,2026-02-22,Dhaka Hub,Dhaka,Mymensingh,Sundarban Courier,SKU1014,Sneakers,Apparel,2,10.85,4157.7,349.24,2026-02-26,2026-02-26,Delivered,
SHP102912,2025-09-16,Sylhet DC,Sylhet,Dhaka,RedX,SKU1026,Storage Box,Home & Living,3,7.42,6540.72,204.9,2025-09-21,,Delayed,Address issue
SHP102913,2026-05-13,Dhaka Hub,Dhaka,Barisal,eCourier,SKU1049,Honey Jar (V2),Grocery,2,11.04,1515.84,337.51,2026-05-18,,Delayed,Warehouse backlog
SHP102914,2026-02-17,Chattogram DC,Chattogram,Narayanganj,Steadfast Courier,SKU1030,Face Wash,Beauty,2,6.87,6779.44,222.98,2026-02-21,2026-02-21,Delivered,
SHP102915,2026-02-07,Chattogram DC,Chattogram,Mymensingh,Sundarban Courier,SKU1014,Sneakers,Apparel,5,9.89,10394.25,357.65,2026-02-12,2026-02-12,Delivered,
SHP102916,2026-03-04,Khulna DC,Khulna,Barisal,eCourier,SKU1022,Table Lamp,Home & Living,1,8.71,4372.54,289.69,2026-03-08,2026-03-08,Delivered,
SHP102917,2025-11-14,Dhaka Hub,Dhaka,Khulna,Pathao Courier,SKU1023,Table Lamp (V2),Home & Living,4,6.4,16140.32,210.64,2025-11-18,2025-11-18,Delivered,
SHP102918,2026-03-26,Chattogram DC,Chattogram,Comilla,RedX,SKU1043,Mustard Oil 1L (V2),Grocery,1,4.49,1508.79,193.23,2026-03-31,2026-03-31,Delivered,
SHP102919,2026-05-16,Chattogram DC,Chattogram,Comilla,Pathao Courier,SKU1012,Panjabi,Apparel,3,0.23,8852.43,67.18,2026-05-19,2026-05-19,Delivered,
SHP102920,2025-12-30,Chattogram DC,Chattogram,Khulna,RedX,SKU1021,Bedsheet Set (V2),Home & Living,4,3.16,6768.76,119.74,2026-01-05,2026-01-05,Delivered,
SHP102921,2025-10-16,Khulna DC,Khulna,Chattogram,RedX,SKU1042,Mustard Oil 1L,Grocery,5,11.43,15980.75,242.37,2025-10-19,2025-10-19,Delivered,
SHP102922,2026-01-12,Chattogram DC,Chattogram,Barisal,eCourier,SKU1036,Lipstick,Beauty,2,3.45,1430.32,142.03,2026-01-16,2026-01-18,Delivered Late,Address issue
SHP102923,2025-11-08,Chattogram DC,Chattogram,Rangpur,RedX,SKU1032,Sunscreen SPF50,Beauty,1,9.07,1567.34,268.08,2025-11-12,2025-11-12,Delivered,
SHP102924,2026-01-08,Sylhet DC,Sylhet,Narayanganj,Sundarban Courier,SKU1002,Power Bank,Electronics,4,6.2,15539.6,191.59,2026-01-13,2026-01-13,Delivered,
SHP102925,2026-04-05,Khulna DC,Khulna,Comilla,Pathao Courier,SKU1018,Denim Jacket,Apparel,5,3.84,18751.0,143.45,2026-04-07,2026-04-07,Delivered,
SHP102926,2025-10-10,Dhaka Hub,Dhaka,Sylhet,Pathao Courier,SKU1022,Table Lamp,Home & Living,3,11.89,13117.62,243.81,2025-10-16,2025-10-16,Delivered,
SHP102927,2026-05-17,Rajshahi DC,Rajshahi,Sylhet,Steadfast Courier,SKU1028,Curtain Set,Home & Living,1,0.75,821.16,107.32,2026-05-20,2026-05-20,Delivered,
SHP102928,2025-11-17,Rajshahi DC,Rajshahi,Narayanganj,Steadfast Courier,SKU1029,Curtain Set (V2),Home & Living,3,7.07,9363.78,264.99,2025-11-20,2025-11-20,Delivered,
SHP102929,2026-07-07,Khulna DC,Khulna,Khulna,Sundarban Courier,SKU1038,Perfume,Beauty,2,5.65,2274.12,176.05,2026-07-08,,In Transit,
SHP102930,2026-05-12,Sylhet DC,Sylhet,Rajshahi,Pathao Courier,SKU1043,Mustard Oil 1L (V2),Grocery,3,1.1,4526.37,119.41,2026-05-15,2026-05-15,Delivered,
SHP102931,2025-12-04,Khulna DC,Khulna,Khulna,Sundarban Courier,SKU1046,Spice Combo,Grocery,1,2.73,1835.53,105.59,2025-12-06,2025-12-06,Delivered,
SHP102932,2026-03-14,Sylhet DC,Sylhet,Khulna,RedX,SKU1024,Non-stick Pan,Home & Living,2,8.39,7071.94,210.32,2026-03-18,2026-03-18,Delivered,
SHP102933,2025-10-09,Chattogram DC,Chattogram,Barisal,Sundarban Courier,SKU1036,Lipstick,Beauty,5,1.48,3575.8,132.24,2025-10-15,,Cancelled,
SHP102934,2025-10-05,Chattogram DC,Chattogram,Sylhet,Pathao Courier,SKU1046,Spice Combo,Grocery,1,9.65,1835.53,286.03,2025-10-10,2025-10-10,Delivered,
SHP102935,2026-07-28,Dhaka Hub,Dhaka,Rajshahi,Sundarban Courier,SKU1007,Bluetooth Speaker (V2),Electronics,5,7.58,17846.9,238.53,2026-07-31,2026-07-31,Delivered,
SHP102936,2026-06-05,Rajshahi DC,Rajshahi,Khulna,Pathao Courier,SKU1041,Basmati Rice 5kg (V2),Grocery,3,1.39,11316.45,111.66,2026-06-10,2026-06-10,Delivered,
SHP102937,2025-10-24,Chattogram DC,Chattogram,Chattogram,Sundarban Courier,SKU1015,Sneakers (V2),Apparel,3,3.58,3415.47,103.22,2025-10-26,2025-10-26,Delivered,
SHP102938,2025-12-07,Chattogram DC,Chattogram,Mymensingh,Pathao Courier,SKU1007,Bluetooth Speaker (V2),Electronics,5,1.82,17846.9,115.49,2025-12-11,,In Transit,
SHP102939,2025-11-08,Rajshahi DC,Rajshahi,Comilla,RedX,SKU1000,Wireless Earbuds,Electronics,2,9.61,7033.42,349.82,2025-11-13,,In Transit,
SHP102940,2026-01-15,Sylhet DC,Sylhet,Rajshahi,RedX,SKU1043,Mustard Oil 1L (V2),Grocery,5,6.49,7543.95,234.24,2026-01-20,,In Transit,
SHP102941,2025-12-10,Khulna DC,Khulna,Sylhet,Pathao Courier,SKU1004,Smartwatch,Electronics,2,0.23,1119.34,69.36,2025-12-15,2025-12-15,Delivered,
SHP102942,2025-12-23,Chattogram DC,Chattogram,Rangpur,RedX,SKU1002,Power Bank,Electronics,2,6.61,7769.8,257.67,2025-12-28,2025-12-28,Delivered,
SHP102943,2026-03-03,Chattogram DC,Chattogram,Barisal,Sundarban Courier,SKU1000,Wireless Earbuds,Electronics,3,5.9,10550.13,240.16,2026-03-07,2026-03-07,Delivered,
SHP102944,2025-11-05,Khulna DC,Khulna,Barisal,eCourier,SKU1003,Power Bank (V2),Electronics,4,7.79,12734.2,294.93,2025-11-11,,In Transit,
SHP102945,2026-07-03,Sylhet DC,Sylhet,Barisal,Steadfast Courier,SKU1039,Perfume (V2),Beauty,2,0.61,6127.38,77.93,2026-07-06,2026-07-06,Delivered,
SHP102946,2026-05-10,Dhaka Hub,Dhaka,Mymensingh,Pathao Courier,SKU1034,Hair Serum,Beauty,4,0.62,8770.28,109.33,2026-05-13,2026-05-13,Delivered,
SHP102947,2026-05-22,Rajshahi DC,Rajshahi,Dhaka,Steadfast Courier,SKU1031,Face Wash (V2),Beauty,1,4.32,4358.67,186.88,2026-05-27,2026-05-27,Returned,
SHP102948,2025-10-29,Sylhet DC,Sylhet,Dhaka,eCourier,SKU1041,Basmati Rice 5kg (V2),Grocery,4,8.32,15088.6,262.29,2025-11-01,,Cancelled,
SHP102949,2026-05-04,Khulna DC,Khulna,Dhaka,RedX,SKU1033,Sunscreen SPF50 (V2),Beauty,4,8.07,7046.0,188.43,2026-05-08,2026-05-08,Delivered,
SHP102950,2026-06-17,Chattogram DC,Chattogram,Chattogram,Sundarban Courier,SKU1042,Mustard Oil 1L,Grocery,3,3.48,9588.45,117.34,2026-06-19,2026-06-19,Delivered,
SHP102951,2025-10-31,Sylhet DC,Sylhet,Narayanganj,Sundarban Courier,SKU1024,Non-stick Pan,Home & Living,4,2.75,14143.88,139.29,2025-11-04,2025-11-04,Delivered,
SHP102952,2026-05-18,Khulna DC,Khulna,Mymensingh,Pathao Courier,SKU1009,Phone Case (V2),Electronics,4,8.26,8436.72,295.87,2026-05-21,2026-05-21,Delivered,
SHP102953,2026-01-02,Rajshahi DC,Rajshahi,Rangpur,Steadfast Courier,SKU1020,Bedsheet Set,Home & Living,5,0.52,17238.4,78.07,2026-01-05,2026-01-05,Delivered,
SHP102954,2026-05-31,Chattogram DC,Chattogram,Rangpur,RedX,SKU1045,Green Tea Pack (V2),Grocery,2,6.77,7301.44,224.68,2026-06-03,2026-06-03,Delivered,
SHP102955,2026-02-13,Khulna DC,Khulna,Dhaka,Sundarban Courier,SKU1038,Perfume,Beauty,3,5.2,3411.18,170.14,2026-02-16,2026-02-16,Delivered,
SHP102956,2026-06-05,Rajshahi DC,Rajshahi,Sylhet,RedX,SKU1026,Storage Box,Home & Living,3,3.02,6540.72,147.12,2026-06-08,,In Transit,
SHP102957,2025-10-22,Khulna DC,Khulna,Mymensingh,Pathao Courier,SKU1026,Storage Box,Home & Living,2,6.34,4360.48,206.24,2025-10-27,,Cancelled,
SHP102958,2026-01-13,Dhaka Hub,Dhaka,Rajshahi,Pathao Courier,SKU1001,Wireless Earbuds (V2),Electronics,5,2.76,10295.6,162.19,2026-01-16,,Cancelled,
SHP102959,2025-12-04,Dhaka Hub,Dhaka,Barisal,RedX,SKU1040,Basmati Rice 5kg,Grocery,3,6.86,6154.83,227.4,2025-12-09,,In Transit,
SHP102960,2025-11-25,Chattogram DC,Chattogram,Mymensingh,RedX,SKU1047,Spice Combo (V2),Grocery,3,1.96,4212.69,124.66,2025-12-01,2025-12-01,Delivered,
SHP102961,2025-12-16,Dhaka Hub,Dhaka,Dhaka,eCourier,SKU1012,Panjabi,Apparel,1,4.99,2950.81,144.09,2025-12-18,2025-12-18,Delivered,
SHP102962,2026-01-11,Khulna DC,Khulna,Mymensingh,RedX,SKU1008,Phone Case,Electronics,3,6.22,2121.87,183.76,2026-01-17,2026-01-17,Delivered,
SHP102963,2025-10-15,Rajshahi DC,Rajshahi,Rangpur,RedX,SKU1035,Hair Serum (V2),Beauty,4,0.57,3896.8,109.25,2025-10-18,2025-10-18,Delivered,
SHP102964,2026-05-03,Sylhet DC,Sylhet,Rajshahi,eCourier,SKU1021,Bedsheet Set (V2),Home & Living,3,7.41,5076.57,244.62,2026-05-08,2026-05-08,Delivered,
SHP102965,2026-03-10,Sylhet DC,Sylhet,Rajshahi,Pathao Courier,SKU1041,Basmati Rice 5kg (V2),Grocery,4,9.05,15088.6,233.86,2026-03-16,2026-03-16,Delivered,
SHP102966,2026-06-14,Khulna DC,Khulna,Dhaka,RedX,SKU1025,Non-stick Pan (V2),Home & Living,1,11.48,996.68,277.04,2026-06-19,,In Transit,
SHP102967,2026-05-02,Sylhet DC,Sylhet,Sylhet,eCourier,SKU1011,Cotton T-Shirt (V2),Apparel,1,2.6,4181.43,101.31,2026-05-03,2026-05-03,Delivered,
SHP102968,2025-10-22,Sylhet DC,Sylhet,Sylhet,Pathao Courier,SKU1016,Saree,Apparel,2,2.66,5124.88,98.72,2025-10-24,2025-10-24,Delivered,
SHP102969,2025-09-25,Sylhet DC,Sylhet,Comilla,Pathao Courier,SKU1013,Panjabi (V2),Apparel,2,3.8,7458.02,127.22,2025-09-28,2025-10-03,Delivered Late,Vehicle breakdown
SHP102970,2026-01-25,Chattogram DC,Chattogram,Chattogram,Pathao Courier,SKU1013,Panjabi (V2),Apparel,5,10.71,18645.05,283.86,2026-01-27,2026-01-27,Delivered,
SHP102971,2026-02-14,Dhaka Hub,Dhaka,Sylhet,Pathao Courier,SKU1033,Sunscreen SPF50 (V2),Beauty,5,5.0,8807.5,205.63,2026-02-17,2026-02-17,Delivered,
SHP102972,2025-11-23,Sylhet DC,Sylhet,Chattogram,RedX,SKU1019,Denim Jacket (V2),Apparel,3,3.76,8693.22,128.73,2025-11-27,2025-11-27,Delivered,
SHP102973,2026-05-29,Rajshahi DC,Rajshahi,Sylhet,Pathao Courier,SKU1010,Cotton T-Shirt,Apparel,3,8.95,5288.91,212.73,2026-06-01,2026-06-01,Delivered,
SHP102974,2026-03-21,Dhaka Hub,Dhaka,Dhaka,RedX,SKU1015,Sneakers (V2),Apparel,2,0.65,2276.98,52.58,2026-03-22,2026-03-22,Delivered,
SHP102975,2026-05-17,Chattogram DC,Chattogram,Sylhet,Pathao Courier,SKU1030,Face Wash,Beauty,3,6.68,10169.16,249.85,2026-05-21,2026-05-21,Delivered,
SHP102976,2025-10-08,Chattogram DC,Chattogram,Mymensingh,Pathao Courier,SKU1005,Smartwatch (V2),Electronics,4,5.51,17575.84,172.06,2025-10-11,,Delayed,Failed delivery attempt
SHP102977,2026-06-10,Rajshahi DC,Rajshahi,Mymensingh,Sundarban Courier,SKU1018,Denim Jacket,Apparel,4,7.57,15000.8,274.31,2026-06-14,2026-06-14,Delivered,
SHP102978,2025-11-11,Sylhet DC,Sylhet,Khulna,Pathao Courier,SKU1036,Lipstick,Beauty,5,8.83,3575.8,271.5,2025-11-15,2025-11-15,Delivered,
SHP102979,2026-02-03,Sylhet DC,Sylhet,Mymensingh,Steadfast Courier,SKU1003,Power Bank (V2),Electronics,3,4.03,9550.65,180.11,2026-02-07,2026-02-07,Delivered,
SHP102980,2026-01-31,Khulna DC,Khulna,Rangpur,Sundarban Courier,SKU1046,Spice Combo,Grocery,2,7.71,3671.06,302.12,2026-02-04,2026-02-04,Delivered,
SHP102981,2026-06-11,Chattogram DC,Chattogram,Narayanganj,Pathao Courier,SKU1003,Power Bank (V2),Electronics,1,6.39,3183.55,195.67,2026-06-14,,Cancelled,
SHP102982,2025-12-05,Khulna DC,Khulna,Comilla,Pathao Courier,SKU1019,Denim Jacket (V2),Apparel,4,1.78,11590.96,125.59,2025-12-10,2025-12-10,Delivered,
SHP102983,2025-11-23,Dhaka Hub,Dhaka,Sylhet,Sundarban Courier,SKU1009,Phone Case (V2),Electronics,5,10.6,10545.9,270.0,2025-11-27,,In Transit,
SHP102984,2025-12-27,Dhaka Hub,Dhaka,Barisal,RedX,SKU1023,Table Lamp (V2),Home & Living,3,9.1,12105.24,237.05,2025-12-31,,In Transit,
SHP102985,2026-01-03,Rajshahi DC,Rajshahi,Mymensingh,eCourier,SKU1034,Hair Serum,Beauty,5,11.08,10962.85,340.63,2026-01-06,2026-01-06,Delivered,
SHP102986,2025-11-02,Khulna DC,Khulna,Khulna,Sundarban Courier,SKU1025,Non-stick Pan (V2),Home & Living,2,8.7,1993.36,171.87,2025-11-04,2025-11-05,Delivered Late,Failed delivery attempt
SHP102987,2025-11-01,Dhaka Hub,Dhaka,Barisal,RedX,SKU1036,Lipstick,Beauty,1,3.09,715.16,174.3,2025-11-06,2025-11-06,Returned,
SHP102988,2025-11-20,Sylhet DC,Sylhet,Rajshahi,Sundarban Courier,SKU1037,Lipstick (V2),Beauty,4,5.28,8877.28,224.41,2025-11-25,,Cancelled,
SHP102989,2026-02-09,Dhaka Hub,Dhaka,Khulna,eCourier,SKU1020,Bedsheet Set,Home & Living,1,4.77,3447.68,177.03,2026-02-12,2026-02-12,Delivered,
SHP102990,2025-12-28,Khulna DC,Khulna,Chattogram,RedX,SKU1039,Perfume (V2),Beauty,1,0.62,3063.69,107.83,2025-12-31,2025-12-31,Delivered,
SHP102991,2026-01-14,Khulna DC,Khulna,Dhaka,Sundarban Courier,SKU1038,Perfume,Beauty,4,5.04,4548.24,194.18,2026-01-17,2026-01-17,Delivered,
SHP102992,2026-05-07,Chattogram DC,Chattogram,Mymensingh,eCourier,SKU1020,Bedsheet Set,Home & Living,3,4.28,10343.04,129.95,2026-05-12,2026-05-12,Delivered,
SHP102993,2025-11-23,Chattogram DC,Chattogram,Comilla,eCourier,SKU1009,Phone Case (V2),Electronics,4,0.25,8436.72,99.05,2025-11-26,2025-11-26,Delivered,
SHP102994,2026-07-12,Chattogram DC,Chattogram,Rangpur,Sundarban Courier,SKU1037,Lipstick (V2),Beauty,4,10.2,8877.28,244.22,2026-07-18,2026-07-18,Delivered,
SHP102995,2026-05-19,Chattogram DC,Chattogram,Sylhet,Steadfast Courier,SKU1045,Green Tea Pack (V2),Grocery,2,1.9,7301.44,106.89,2026-05-21,2026-05-21,Delivered,
SHP102996,2025-10-31,Chattogram DC,Chattogram,Dhaka,Steadfast Courier,SKU1003,Power Bank (V2),Electronics,4,6.11,12734.2,213.92,2025-11-06,2025-11-07,Delivered Late,Weather disruption
SHP102997,2025-12-18,Chattogram DC,Chattogram,Rangpur,Pathao Courier,SKU1044,Green Tea Pack,Grocery,3,9.46,11310.99,250.49,2025-12-20,2025-12-20,Delivered,
SHP102998,2025-11-03,Sylhet DC,Sylhet,Chattogram,eCourier,SKU1019,Denim Jacket (V2),Apparel,3,7.33,8693.22,219.53,2025-11-06,,Delayed,Address issue
SHP102999,2025-12-04,Rajshahi DC,Rajshahi,Barisal,RedX,SKU1016,Saree,Apparel,4,2.2,10249.76,136.71,2025-12-07,2025-12-07,Delivered,
SHP103000,2026-01-05,Khulna DC,Khulna,Narayanganj,RedX,SKU1006,Bluetooth Speaker,Electronics,2,7.49,6921.92,243.0,2026-01-08,2026-01-08,Delivered,
SHP103001,2025-10-16,Chattogram DC,Chattogram,Dhaka,RedX,SKU1003,Power Bank (V2),Electronics,3,9.14,9550.65,324.79,2025-10-22,,In Transit,
SHP103002,2025-09-05,Rajshahi DC,Rajshahi,Barisal,eCourier,SKU1028,Curtain Set,Home & Living,3,10.29,2463.48,332.65,2025-09-09,2025-09-09,Delivered,
SHP103003,2026-01-30,Chattogram DC,Chattogram,Narayanganj,RedX,SKU1013,Panjabi (V2),Apparel,1,3.96,3729.01,195.02,2026-02-01,2026-02-01,Delivered,
SHP103004,2026-05-01,Rajshahi DC,Rajshahi,Khulna,RedX,SKU1002,Power Bank,Electronics,2,0.6,7769.8,108.6,2026-05-07,,Cancelled,
SHP103005,2025-12-14,Chattogram DC,Chattogram,Comilla,Pathao Courier,SKU1023,Table Lamp (V2),Home & Living,1,7.37,4035.08,262.74,2025-12-17,,Delayed,Weather disruption
SHP103006,2026-06-25,Sylhet DC,Sylhet,Comilla,Sundarban Courier,SKU1036,Lipstick,Beauty,1,2.86,715.16,135.18,2026-06-27,,In Transit,
SHP103007,2026-01-06,Chattogram DC,Chattogram,Rajshahi,Steadfast Courier,SKU1015,Sneakers (V2),Apparel,3,9.41,3415.47,245.11,2026-01-08,2026-01-08,Delivered,
SHP103008,2026-07-09,Khulna DC,Khulna,Khulna,eCourier,SKU1003,Power Bank (V2),Electronics,5,8.22,15917.75,206.24,2026-07-11,2026-07-11,Delivered,
SHP103009,2025-11-21,Chattogram DC,Chattogram,Rangpur,Pathao Courier,SKU1023,Table Lamp (V2),Home & Living,5,9.32,20175.4,242.04,2025-11-27,2025-11-27,Delivered,
SHP103010,2026-03-06,Rajshahi DC,Rajshahi,Rangpur,Steadfast Courier,SKU1033,Sunscreen SPF50 (V2),Beauty,4,11.62,7046.0,381.49,2026-03-08,2026-03-08,Delivered,
SHP103011,2026-05-23,Dhaka Hub,Dhaka,Rajshahi,eCourier,SKU1029,Curtain Set (V2),Home & Living,3,7.1,9363.78,228.32,2026-05-28,,Cancelled,
SHP103012,2025-09-21,Sylhet DC,Sylhet,Chattogram,RedX,SKU1017,Saree (V2),Apparel,2,10.87,855.22,370.7,2025-09-24,2025-09-24,Delivered,
SHP103013,2026-07-19,Dhaka Hub,Dhaka,Mymensingh,Pathao Courier,SKU1018,Denim Jacket,Apparel,2,7.77,7500.4,223.96,2026-07-22,2026-07-25,Delivered Late,Failed delivery attempt
SHP103014,2026-01-05,Rajshahi DC,Rajshahi,Sylhet,RedX,SKU1030,Face Wash,Beauty,4,2.34,13558.88,143.94,2026-01-10,2026-01-10,Delivered,
SHP103015,2026-02-20,Sylhet DC,Sylhet,Chattogram,Pathao Courier,SKU1018,Denim Jacket,Apparel,5,9.63,18751.0,252.62,2026-02-25,2026-02-25,Delivered,
SHP103016,2026-04-06,Khulna DC,Khulna,Dhaka,Sundarban Courier,SKU1048,Honey Jar,Grocery,5,8.39,15594.3,236.19,2026-04-10,2026-04-10,Delivered,
SHP103017,2026-04-11,Rajshahi DC,Rajshahi,Rajshahi,RedX,SKU1045,Green Tea Pack (V2),Grocery,2,11.74,7301.44,353.63,2026-04-12,2026-04-12,Delivered,
SHP103018,2025-09-09,Sylhet DC,Sylhet,Chattogram,Steadfast Courier,SKU1018,Denim Jacket,Apparel,3,3.07,11250.6,129.53,2025-09-11,2025-09-11,Delivered,
SHP103019,2026-06-28,Dhaka Hub,Dhaka,Khulna,Sundarban Courier,SKU1021,Bedsheet Set (V2),Home & Living,3,4.13,5076.57,184.58,2026-07-03,,Delayed,Warehouse backlog
SHP103020,2026-04-04,Chattogram DC,Chattogram,Sylhet,Steadfast Courier,SKU1023,Table Lamp (V2),Home & Living,1,9.89,4035.08,264.38,2026-04-08,2026-04-08,Delivered,
SHP103021,2026-08-12,Chattogram DC,Chattogram,Rajshahi,Steadfast Courier,SKU1044,Green Tea Pack,Grocery,1,0.94,3770.33,120.33,2026-08-16,2026-08-13,Delivered,
SHP103022,2026-02-11,Rajshahi DC,Rajshahi,Mymensingh,Pathao Courier,SKU1011,Cotton T-Shirt (V2),Apparel,1,7.67,4181.43,250.73,2026-02-14,2026-02-14,Delivered,
SHP103023,2026-04-01,Rajshahi DC,Rajshahi,Rajshahi,Pathao Courier,SKU1029,Curtain Set (V2),Home & Living,4,6.52,12485.04,206.61,2026-04-02,2026-04-06,Delivered Late,Failed delivery attempt
SHP103024,2026-01-31,Sylhet DC,Sylhet,Barisal,eCourier,SKU1037,Lipstick (V2),Beauty,2,2.19,4438.64,108.29,2026-02-02,2026-02-02,Delivered,
SHP103025,2026-07-05,Rajshahi DC,Rajshahi,Chattogram,eCourier,SKU1030,Face Wash,Beauty,4,2.15,13558.88,143.36,2026-07-10,2026-07-10,Delivered,
SHP103026,2026-06-16,Chattogram DC,Chattogram,Chattogram,Sundarban Courier,SKU1035,Hair Serum (V2),Beauty,2,9.76,1948.4,253.48,2026-06-18,2026-06-18,Delivered,
SHP103027,2026-07-12,Khulna DC,Khulna,Narayanganj,RedX,SKU1018,Denim Jacket,Apparel,4,0.38,15000.8,76.57,2026-07-15,,In Transit,
SHP103028,2026-02-22,Chattogram DC,Chattogram,Rangpur,RedX,SKU1047,Spice Combo (V2),Grocery,1,9.01,1404.23,311.24,2026-02-26,,Cancelled,
SHP103029,2026-06-01,Chattogram DC,Chattogram,Dhaka,eCourier,SKU1044,Green Tea Pack,Grocery,2,8.85,7540.66,218.83,2026-06-05,2026-06-05,Returned,
SHP103030,2026-01-03,Chattogram DC,Chattogram,Barisal,eCourier,SKU1035,Hair Serum (V2),Beauty,2,7.87,1948.4,280.04,2026-01-07,2026-01-07,Delivered,
SHP103031,2026-02-07,Sylhet DC,Sylhet,Dhaka,Pathao Courier,SKU1029,Curtain Set (V2),Home & Living,3,5.03,9363.78,188.15,2026-02-13,2026-02-13,Delivered,
SHP103032,2026-05-22,Chattogram DC,Chattogram,Dhaka,Pathao Courier,SKU1048,Honey Jar,Grocery,3,0.53,9356.58,84.8,2026-05-26,2026-05-26,Delivered,
SHP103033,2025-09-29,Chattogram DC,Chattogram,Khulna,Pathao Courier,SKU1032,Sunscreen SPF50,Beauty,1,9.66,1567.34,289.79,2025-10-01,2025-10-01,Delivered,
SHP103034,2026-05-04,Chattogram DC,Chattogram,Rangpur,Steadfast Courier,SKU1017,Saree (V2),Apparel,4,1.68,1710.44,135.5,2026-05-07,2026-05-07,Delivered,
SHP103035,2025-09-06,Dhaka Hub,Dhaka,Rangpur,Steadfast Courier,SKU1048,Honey Jar,Grocery,5,3.51,15594.3,171.67,2025-09-11,2025-09-11,Delivered,
SHP103036,2026-03-20,Rajshahi DC,Rajshahi,Mymensingh,eCourier,SKU1027,Storage Box (V2),Home & Living,1,11.37,340.55,413.81,2026-03-23,2026-03-23,Delivered,
SHP103037,2026-02-13,Chattogram DC,Chattogram,Chattogram,Pathao Courier,SKU1046,Spice Combo,Grocery,1,3.76,1835.53,118.96,2026-02-15,2026-02-15,Delivered,
SHP103038,2026-02-10,Dhaka Hub,Dhaka,Chattogram,RedX,SKU1010,Cotton T-Shirt,Apparel,5,3.21,8814.85,179.73,2026-02-13,2026-02-13,Delivered,
SHP103039,2026-02-19,Sylhet DC,Sylhet,Barisal,Pathao Courier,SKU1044,Green Tea Pack,Grocery,4,11.69,15081.32,346.75,2026-02-22,,Cancelled,
SHP103040,2026-02-18,Rajshahi DC,Rajshahi,Comilla,Sundarban Courier,SKU1032,Sunscreen SPF50,Beauty,5,1.21,7836.7,84.03,2026-02-21,2026-02-21,Delivered,
SHP103041,2026-01-19,Chattogram DC,Chattogram,Mymensingh,Pathao Courier,SKU1016,Saree,Apparel,4,2.1,10249.76,145.31,2026-01-25,2026-01-25,Delivered,
SHP103042,2026-02-04,Rajshahi DC,Rajshahi,Rangpur,eCourier,SKU1005,Smartwatch (V2),Electronics,4,5.37,17575.84,187.5,2026-02-09,2026-02-09,Delivered,
SHP103043,2026-03-16,Khulna DC,Khulna,Dhaka,Pathao Courier,SKU1003,Power Bank (V2),Electronics,1,9.49,3183.55,350.64,2026-03-20,2026-03-20,Delivered,
SHP103044,2026-05-23,Khulna DC,Khulna,Comilla,RedX,SKU1019,Denim Jacket (V2),Apparel,3,10.64,8693.22,315.73,2026-05-26,2026-05-26,Delivered,
SHP103045,2026-03-11,Chattogram DC,Chattogram,Narayanganj,Steadfast Courier,SKU1047,Spice Combo (V2),Grocery,2,9.12,2808.46,205.43,2026-03-17,,In Transit,
SHP103046,2026-04-11,Dhaka Hub,Dhaka,Barisal,RedX,SKU1046,Spice Combo,Grocery,5,11.72,9177.65,346.92,2026-04-17,2026-04-17,Delivered,
SHP103047,2026-06-17,Chattogram DC,Chattogram,Khulna,Pathao Courier,SKU1026,Storage Box,Home & Living,1,0.4,2180.24,72.91,2026-06-21,2026-06-21,Delivered,
SHP103048,2026-08-09,Rajshahi DC,Rajshahi,Rangpur,Steadfast Courier,SKU1014,Sneakers,Apparel,1,7.51,2078.85,207.2,2026-08-14,,Delayed,Address issue
SHP103049,2025-10-08,Khulna DC,Khulna,Rangpur,RedX,SKU1005,Smartwatch (V2),Electronics,3,1.57,13181.88,101.57,2025-10-14,2025-10-14,Delivered,
SHP103050,2026-05-05,Khulna DC,Khulna,Narayanganj,Sundarban Courier,SKU1046,Spice Combo,Grocery,5,10.94,9177.65,353.78,2026-05-08,2026-05-08,Delivered,
SHP103051,2025-11-17,Rajshahi DC,Rajshahi,Chattogram,RedX,SKU1013,Panjabi (V2),Apparel,5,11.24,18645.05,256.55,2025-11-20,2025-11-20,Delivered,
SHP103052,2025-11-08,Chattogram DC,Chattogram,Barisal,Steadfast Courier,SKU1010,Cotton T-Shirt,Apparel,3,3.78,5288.91,156.66,2025-11-12,2025-11-12,Delivered,
SHP103053,2026-06-02,Chattogram DC,Chattogram,Mymensingh,Sundarban Courier,SKU1038,Perfume,Beauty,3,9.97,3411.18,292.61,2026-06-06,2026-06-06,Delivered,
SHP103054,2025-09-24,Rajshahi DC,Rajshahi,Khulna,RedX,SKU1008,Phone Case,Electronics,2,7.64,1414.58,275.54,2025-09-29,2025-09-29,Delivered,
SHP103055,2026-06-21,Sylhet DC,Sylhet,Comilla,Sundarban Courier,SKU1025,Non-stick Pan (V2),Home & Living,5,1.39,4983.4,103.76,2026-06-25,2026-06-25,Delivered,
SHP103056,2026-05-25,Chattogram DC,Chattogram,Dhaka,Pathao Courier,SKU1015,Sneakers (V2),Apparel,1,7.31,1138.49,275.19,2026-05-28,,Cancelled,
SHP103057,2026-08-11,Chattogram DC,Chattogram,Chattogram,eCourier,SKU1004,Smartwatch,Electronics,1,11.72,559.67,276.74,2026-08-12,2026-08-12,Delivered,
SHP103058,2026-04-20,Rajshahi DC,Rajshahi,Mymensingh,Pathao Courier,SKU1009,Phone Case (V2),Electronics,3,3.84,6327.54,157.44,2026-04-25,2026-04-25,Delivered,
SHP103059,2026-06-30,Dhaka Hub,Dhaka,Chattogram,Sundarban Courier,SKU1049,Honey Jar (V2),Grocery,2,0.21,1515.84,80.7,2026-07-02,,In Transit,
SHP103060,2025-10-12,Dhaka Hub,Dhaka,Rajshahi,Sundarban Courier,SKU1002,Power Bank,Electronics,3,11.73,11654.7,291.89,2025-10-15,2025-10-15,Delivered,
SHP103061,2026-07-05,Khulna DC,Khulna,Sylhet,Sundarban Courier,SKU1012,Panjabi,Apparel,5,5.09,14754.05,151.39,2026-07-07,2026-07-12,Delivered Late,Address issue
SHP103062,2025-10-26,Dhaka Hub,Dhaka,Rangpur,Sundarban Courier,SKU1042,Mustard Oil 1L,Grocery,2,5.29,6392.3,214.19,2025-10-31,2025-10-31,Delivered,
SHP103063,2025-12-18,Dhaka Hub,Dhaka,Dhaka,RedX,SKU1048,Honey Jar,Grocery,5,8.61,15594.3,172.44,2025-12-20,2025-12-25,Delivered Late,Courier capacity shortage
SHP103064,2025-10-15,Rajshahi DC,Rajshahi,Khulna,Sundarban Courier,SKU1029,Curtain Set (V2),Home & Living,2,7.33,6242.52,218.27,2025-10-17,,Delayed,Vehicle breakdown
SHP103065,2026-01-17,Sylhet DC,Sylhet,Narayanganj,Pathao Courier,SKU1044,Green Tea Pack,Grocery,2,3.76,7540.66,145.14,2026-01-22,2026-01-22,Delivered,
SHP103066,2026-05-18,Khulna DC,Khulna,Khulna,Steadfast Courier,SKU1005,Smartwatch (V2),Electronics,1,1.38,4393.96,62.21,2026-05-19,2026-05-19,Delivered,
SHP103067,2025-12-02,Sylhet DC,Sylhet,Barisal,Steadfast Courier,SKU1016,Saree,Apparel,4,9.96,10249.76,335.67,2025-12-07,2025-12-07,Delivered,
SHP103068,2026-06-12,Dhaka Hub,Dhaka,Narayanganj,Sundarban Courier,SKU1044,Green Tea Pack,Grocery,5,5.9,18851.65,199.49,2026-06-16,2026-06-16,Delivered,
SHP103069,2026-03-29,Dhaka Hub,Dhaka,Rangpur,Sundarban Courier,SKU1018,Denim Jacket,Apparel,5,8.14,18751.0,246.32,2026-04-03,2026-04-03,Delivered,
SHP103070,2026-04-06,Khulna DC,Khulna,Mymensingh,Pathao Courier,SKU1041,Basmati Rice 5kg (V2),Grocery,1,10.35,3772.15,280.1,2026-04-09,2026-04-09,Delivered,
SHP103071,2026-07-22,Dhaka Hub,Dhaka,Narayanganj,Pathao Courier,SKU1034,Hair Serum,Beauty,4,0.41,8770.28,105.6,2026-07-24,2026-07-24,Delivered,
SHP103072,2026-01-28,Sylhet DC,Sylhet,Rangpur,Sundarban Courier,SKU1045,Green Tea Pack (V2),Grocery,1,10.34,3650.72,353.26,2026-01-31,2026-01-31,Delivered,
SHP103073,2025-12-29,Chattogram DC,Chattogram,Comilla,Steadfast Courier,SKU1025,Non-stick Pan (V2),Home & Living,4,9.07,3986.72,282.65,2026-01-04,2026-01-07,Delivered Late,Customs/checkpoint delay
SHP103074,2026-08-11,Chattogram DC,Chattogram,Barisal,eCourier,SKU1004,Smartwatch,Electronics,4,11.37,2238.68,337.27,2026-08-16,2026-08-13,Delivered,
SHP103075,2026-03-12,Rajshahi DC,Rajshahi,Comilla,Sundarban Courier,SKU1028,Curtain Set,Home & Living,1,2.96,821.16,140.48,2026-03-15,2026-03-15,Delivered,
SHP103076,2026-04-01,Khulna DC,Khulna,Rangpur,Steadfast Courier,SKU1036,Lipstick,Beauty,1,4.0,715.16,148.15,2026-04-04,,Cancelled,
SHP103077,2025-12-12,Khulna DC,Khulna,Khulna,Sundarban Courier,SKU1019,Denim Jacket (V2),Apparel,1,8.01,2897.74,202.06,2025-12-14,,In Transit,
SHP103078,2025-11-14,Chattogram DC,Chattogram,Barisal,Pathao Courier,SKU1048,Honey Jar,Grocery,4,11.12,12475.44,371.84,2025-11-17,,Cancelled,
SHP103079,2025-10-29,Chattogram DC,Chattogram,Khulna,Sundarban Courier,SKU1020,Bedsheet Set,Home & Living,4,11.91,13790.72,384.78,2025-11-01,2025-11-01,Delivered,
SHP103080,2025-11-17,Khulna DC,Khulna,Khulna,Pathao Courier,SKU1009,Phone Case (V2),Electronics,1,5.12,2109.18,121.11,2025-11-19,2025-11-19,Delivered,
SHP103081,2025-11-07,Dhaka Hub,Dhaka,Sylhet,Steadfast Courier,SKU1004,Smartwatch,Electronics,3,6.56,1679.01,240.9,2025-11-09,2025-11-09,Delivered,
SHP103082,2026-05-17,Chattogram DC,Chattogram,Rajshahi,Sundarban Courier,SKU1035,Hair Serum (V2),Beauty,4,2.21,3896.8,141.2,2026-05-23,,Delayed,Address issue
SHP103083,2025-09-21,Khulna DC,Khulna,Khulna,RedX,SKU1005,Smartwatch (V2),Electronics,2,8.39,8787.92,253.32,2025-09-22,,In Transit,
SHP103084,2026-04-06,Khulna DC,Khulna,Rangpur,Sundarban Courier,SKU1025,Non-stick Pan (V2),Home & Living,4,10.08,3986.72,342.84,2026-04-11,2026-04-12,Delivered Late,Warehouse backlog
SHP103085,2026-07-26,Dhaka Hub,Dhaka,Khulna,Steadfast Courier,SKU1003,Power Bank (V2),Electronics,2,9.62,6367.1,332.97,2026-07-30,2026-07-30,Delivered,
SHP103086,2026-05-23,Khulna DC,Khulna,Rajshahi,RedX,SKU1038,Perfume,Beauty,2,4.28,2274.12,158.3,2026-05-25,2026-05-25,Delivered,
SHP103087,2026-01-18,Sylhet DC,Sylhet,Chattogram,Sundarban Courier,SKU1038,Perfume,Beauty,2,11.57,2274.12,299.04,2026-01-23,2026-01-27,Delivered Late,Weather disruption
SHP103088,2025-09-21,Chattogram DC,Chattogram,Khulna,Pathao Courier,SKU1049,Honey Jar (V2),Grocery,2,1.62,1515.84,130.54,2025-09-24,2025-09-24,Delivered,
SHP103089,2026-06-16,Khulna DC,Khulna,Khulna,Steadfast Courier,SKU1034,Hair Serum,Beauty,3,6.03,6577.71,173.77,2026-06-17,2026-06-17,Delivered,
SHP103090,2025-09-02,Rajshahi DC,Rajshahi,Narayanganj,RedX,SKU1000,Wireless Earbuds,Electronics,2,6.74,7033.42,237.9,2025-09-07,2025-09-07,Delivered,
SHP103091,2026-04-24,Sylhet DC,Sylhet,Rajshahi,Sundarban Courier,SKU1023,Table Lamp (V2),Home & Living,2,6.53,8070.16,214.49,2026-04-30,2026-05-01,Delivered Late,Courier capacity shortage
SHP103092,2026-04-21,Chattogram DC,Chattogram,Dhaka,Steadfast Courier,SKU1035,Hair Serum (V2),Beauty,4,9.14,3896.8,256.14,2026-04-26,2026-04-26,Delivered,
SHP103093,2025-11-06,Chattogram DC,Chattogram,Khulna,Pathao Courier,SKU1005,Smartwatch (V2),Electronics,2,7.39,8787.92,269.65,2025-11-09,2025-11-13,Delivered Late,Weather disruption
SHP103094,2026-05-14,Sylhet DC,Sylhet,Mymensingh,Sundarban Courier,SKU1040,Basmati Rice 5kg,Grocery,4,1.11,8206.44,108.93,2026-05-18,2026-05-18,Delivered,
SHP103095,2025-10-31,Dhaka Hub,Dhaka,Chattogram,RedX,SKU1045,Green Tea Pack (V2),Grocery,1,2.32,3650.72,128.12,2025-11-05,2025-11-05,Delivered,
SHP103096,2025-11-18,Sylhet DC,Sylhet,Chattogram,Sundarban Courier,SKU1043,Mustard Oil 1L (V2),Grocery,1,6.48,1508.79,204.7,2025-11-21,2025-11-21,Delivered,
SHP103097,2026-06-08,Dhaka Hub,Dhaka,Khulna,Sundarban Courier,SKU1030,Face Wash,Beauty,5,8.4,16948.6,326.59,2026-06-12,2026-06-12,Delivered,
SHP103098,2026-08-05,Dhaka Hub,Dhaka,Khulna,Pathao Courier,SKU1019,Denim Jacket (V2),Apparel,3,6.27,8693.22,201.23,2026-08-08,2026-08-08,Delivered,
SHP103099,2025-12-01,Sylhet DC,Sylhet,Rajshahi,Pathao Courier,SKU1023,Table Lamp (V2),Home & Living,4,4.39,16140.32,184.4,2025-12-06,2025-12-06,Delivered,
SHP103100,2026-07-16,Khulna DC,Khulna,Dhaka,Pathao Courier,SKU1024,Non-stick Pan,Home & Living,4,0.8,14143.88,91.68,2026-07-19,2026-07-19,Delivered,
SHP103101,2026-07-13,Rajshahi DC,Rajshahi,Mymensingh,Pathao Courier,SKU1035,Hair Serum (V2),Beauty,1,9.47,974.2,340.6,2026-07-15,2026-07-15,Delivered,
SHP103102,2026-05-25,Dhaka Hub,Dhaka,Sylhet,Steadfast Courier,SKU1020,Bedsheet Set,Home & Living,5,6.07,17238.4,185.11,2026-05-31,2026-05-31,Delivered,
SHP103103,2025-10-19,Chattogram DC,Chattogram,Mymensingh,RedX,SKU1029,Curtain Set (V2),Home & Living,3,6.56,9363.78,258.51,2025-10-24,2025-10-26,Delivered Late,Courier capacity shortage
SHP103104,2025-12-13,Sylhet DC,Sylhet,Barisal,Sundarban Courier,SKU1023,Table Lamp (V2),Home & Living,5,5.73,20175.4,219.16,2025-12-16,2025-12-16,Delivered,
SHP103105,2026-04-23,Sylhet DC,Sylhet,Sylhet,Sundarban Courier,SKU1043,Mustard Oil 1L (V2),Grocery,3,3.33,4526.37,94.88,2026-04-25,2026-04-25,Delivered,
SHP103106,2026-08-12,Rajshahi DC,Rajshahi,Rajshahi,eCourier,SKU1041,Basmati Rice 5kg (V2),Grocery,3,3.46,11316.45,105.2,2026-08-13,2026-08-13,Delivered,
SHP103107,2026-06-09,Khulna DC,Khulna,Dhaka,Pathao Courier,SKU1029,Curtain Set (V2),Home & Living,4,0.95,12485.04,111.85,2026-06-12,2026-06-12,Delivered,
SHP103108,2026-01-24,Sylhet DC,Sylhet,Mymensingh,Pathao Courier,SKU1021,Bedsheet Set (V2),Home & Living,1,8.55,1692.19,277.09,2026-01-28,2026-01-28,Delivered,
SHP103109,2025-11-21,Dhaka Hub,Dhaka,Khulna,RedX,SKU1027,Storage Box (V2),Home & Living,4,3.41,1362.2,135.38,2025-11-26,,In Transit,
SHP103110,2026-07-30,Dhaka Hub,Dhaka,Khulna,Sundarban Courier,SKU1006,Bluetooth Speaker,Electronics,5,3.72,17304.8,146.22,2026-08-02,2026-08-02,Delivered,
SHP103111,2025-12-05,Dhaka Hub,Dhaka,Chattogram,eCourier,SKU1034,Hair Serum,Beauty,4,11.92,8770.28,390.14,2025-12-08,2025-12-08,Delivered,
SHP103112,2025-12-28,Khulna DC,Khulna,Khulna,Steadfast Courier,SKU1027,Storage Box (V2),Home & Living,1,4.75,340.55,149.68,2025-12-30,2025-12-30,Delivered,
SHP103113,2026-07-31,Chattogram DC,Chattogram,Khulna,eCourier,SKU1013,Panjabi (V2),Apparel,4,6.23,14916.04,242.32,2026-08-03,2026-08-03,Delivered,
SHP103114,2026-03-14,Chattogram DC,Chattogram,Sylhet,Pathao Courier,SKU1009,Phone Case (V2),Electronics,1,4.76,2109.18,167.28,2026-03-18,,In Transit,
SHP103115,2025-12-01,Khulna DC,Khulna,Narayanganj,Pathao Courier,SKU1015,Sneakers (V2),Apparel,1,3.62,1138.49,147.07,2025-12-04,2025-12-04,Delivered,
SHP103116,2025-09-02,Rajshahi DC,Rajshahi,Sylhet,Pathao Courier,SKU1015,Sneakers (V2),Apparel,2,0.27,2276.98,76.07,2025-09-08,2025-09-12,Delivered Late,Address issue
SHP103117,2026-01-27,Sylhet DC,Sylhet,Chattogram,eCourier,SKU1030,Face Wash,Beauty,2,10.29,6779.44,220.46,2026-02-01,,In Transit,
SHP103118,2026-08-08,Rajshahi DC,Rajshahi,Barisal,Steadfast Courier,SKU1041,Basmati Rice 5kg (V2),Grocery,1,5.78,3772.15,231.18,2026-08-11,2026-08-11,Delivered,
SHP103119,2026-01-28,Khulna DC,Khulna,Khulna,Steadfast Courier,SKU1024,Non-stick Pan,Home & Living,1,8.69,3535.97,211.76,2026-01-29,2026-01-29,Delivered,
SHP103120,2026-05-01,Khulna DC,Khulna,Rajshahi,Sundarban Courier,SKU1012,Panjabi,Apparel,4,11.51,11803.24,325.85,2026-05-05,2026-05-08,Delivered Late,Failed delivery attempt
SHP103121,2025-11-27,Rajshahi DC,Rajshahi,Mymensingh,eCourier,SKU1005,Smartwatch (V2),Electronics,3,0.23,13181.88,81.27,2025-12-01,2025-12-04,Delivered Late,Failed delivery attempt
SHP103122,2026-05-27,Dhaka Hub,Dhaka,Dhaka,RedX,SKU1043,Mustard Oil 1L (V2),Grocery,1,8.17,1508.79,200.27,2026-05-29,2026-05-29,Delivered,
SHP103123,2026-05-27,Khulna DC,Khulna,Barisal,eCourier,SKU1008,Phone Case,Electronics,3,1.6,2121.87,110.76,2026-05-29,2026-05-29,Delivered,
SHP103124,2026-03-30,Rajshahi DC,Rajshahi,Dhaka,RedX,SKU1044,Green Tea Pack,Grocery,4,5.6,15081.32,197.69,2026-04-02,2026-04-02,Delivered,
SHP103125,2026-05-26,Rajshahi DC,Rajshahi,Dhaka,Pathao Courier,SKU1035,Hair Serum (V2),Beauty,4,10.19,3896.8,343.8,2026-05-29,2026-05-29,Delivered,
SHP103126,2026-03-20,Sylhet DC,Sylhet,Dhaka,Pathao Courier,SKU1042,Mustard Oil 1L,Grocery,2,1.04,6392.3,109.19,2026-03-23,2026-03-23,Delivered,
SHP103127,2026-01-09,Khulna DC,Khulna,Chattogram,Steadfast Courier,SKU1019,Denim Jacket (V2),Apparel,1,11.88,2897.74,404.75,2026-01-14,2026-01-14,Delivered,
SHP103128,2026-05-14,Rajshahi DC,Rajshahi,Khulna,Sundarban Courier,SKU1017,Saree (V2),Apparel,5,7.05,2138.05,262.76,2026-05-20,2026-05-20,Delivered,
SHP103129,2026-06-16,Rajshahi DC,Rajshahi,Narayanganj,Sundarban Courier,SKU1042,Mustard Oil 1L,Grocery,4,4.86,12784.6,212.76,2026-06-21,2026-06-21,Delivered,
SHP103130,2026-06-19,Rajshahi DC,Rajshahi,Narayanganj,Sundarban Courier,SKU1020,Bedsheet Set,Home & Living,5,0.43,17238.4,89.25,2026-06-25,2026-06-25,Delivered,
SHP103131,2025-11-13,Rajshahi DC,Rajshahi,Chattogram,Sundarban Courier,SKU1003,Power Bank (V2),Electronics,2,7.12,6367.1,243.95,2025-11-17,,In Transit,
SHP103132,2026-04-23,Chattogram DC,Chattogram,Narayanganj,Steadfast Courier,SKU1049,Honey Jar (V2),Grocery,1,6.04,757.92,232.19,2026-04-26,2026-04-26,Delivered,
SHP103133,2025-09-02,Khulna DC,Khulna,Rangpur,Pathao Courier,SKU1032,Sunscreen SPF50,Beauty,2,2.74,3134.68,133.42,2025-09-07,2025-09-11,Delivered Late,Weather disruption
SHP103134,2026-03-17,Sylhet DC,Sylhet,Barisal,Pathao Courier,SKU1026,Storage Box,Home & Living,2,5.99,4360.48,191.8,2026-03-19,2026-03-19,Delivered,
SHP103135,2026-03-17,Rajshahi DC,Rajshahi,Mymensingh,eCourier,SKU1006,Bluetooth Speaker,Electronics,4,0.35,13843.84,75.04,2026-03-19,2026-03-19,Delivered,
SHP103136,2026-01-04,Rajshahi DC,Rajshahi,Rajshahi,RedX,SKU1005,Smartwatch (V2),Electronics,4,11.99,17575.84,350.55,2026-01-06,2026-01-06,Delivered,
SHP103137,2026-08-10,Rajshahi DC,Rajshahi,Sylhet,Pathao Courier,SKU1014,Sneakers,Apparel,1,4.12,2078.85,187.54,2026-08-15,2026-08-13,Delivered,
SHP103138,2026-07-03,Sylhet DC,Sylhet,Barisal,Pathao Courier,SKU1017,Saree (V2),Apparel,3,5.87,1282.83,199.44,2026-07-09,2026-07-09,Delivered,
SHP103139,2025-09-14,Sylhet DC,Sylhet,Mymensingh,Pathao Courier,SKU1031,Face Wash (V2),Beauty,2,9.46,8717.34,287.22,2025-09-17,2025-09-17,Delivered,
SHP103140,2025-11-12,Dhaka Hub,Dhaka,Rangpur,Pathao Courier,SKU1010,Cotton T-Shirt,Apparel,4,8.61,7051.88,303.7,2025-11-17,,Delayed,Address issue
SHP103141,2025-11-11,Khulna DC,Khulna,Chattogram,Pathao Courier,SKU1019,Denim Jacket (V2),Apparel,2,10.68,5795.48,282.16,2025-11-14,2025-11-14,Delivered,
SHP103142,2026-07-08,Sylhet DC,Sylhet,Narayanganj,Pathao Courier,SKU1023,Table Lamp (V2),Home & Living,3,11.31,12105.24,360.97,2026-07-11,2026-07-11,Delivered,
SHP103143,2026-02-27,Sylhet DC,Sylhet,Sylhet,eCourier,SKU1014,Sneakers,Apparel,4,2.43,8315.4,85.08,2026-02-28,2026-02-28,Delivered,
SHP103144,2026-05-11,Khulna DC,Khulna,Comilla,eCourier,SKU1047,Spice Combo (V2),Grocery,2,4.81,2808.46,144.53,2026-05-15,2026-05-20,Delivered Late,Warehouse backlog
SHP103145,2026-06-08,Rajshahi DC,Rajshahi,Khulna,Steadfast Courier,SKU1006,Bluetooth Speaker,Electronics,1,8.3,3460.96,306.36,2026-06-13,2026-06-13,Delivered,
SHP103146,2026-05-24,Dhaka Hub,Dhaka,Dhaka,Sundarban Courier,SKU1020,Bedsheet Set,Home & Living,4,0.73,13790.72,54.17,2026-05-26,2026-05-26,Delivered,
SHP103147,2025-10-01,Sylhet DC,Sylhet,Narayanganj,Sundarban Courier,SKU1041,Basmati Rice 5kg (V2),Grocery,5,8.66,18860.75,220.32,2025-10-06,,Delayed,Customs/checkpoint delay
SHP103148,2025-10-19,Khulna DC,Khulna,Barisal,Steadfast Courier,SKU1025,Non-stick Pan (V2),Home & Living,3,0.26,2990.04,95.65,2025-10-21,2025-10-21,Delivered,
SHP103149,2026-01-15,Rajshahi DC,Rajshahi,Sylhet,eCourier,SKU1043,Mustard Oil 1L (V2),Grocery,5,10.99,7543.95,358.68,2026-01-18,2026-01-18,Delivered,
SHP103150,2025-12-27,Khulna DC,Khulna,Dhaka,RedX,SKU1013,Panjabi (V2),Apparel,1,8.67,3729.01,306.74,2026-01-02,2026-01-02,Delivered,
SHP103151,2026-05-17,Khulna DC,Khulna,Chattogram,Pathao Courier,SKU1036,Lipstick,Beauty,5,6.87,3575.8,203.14,2026-05-21,2026-05-21,Delivered,
SHP103152,2025-10-25,Rajshahi DC,Rajshahi,Chattogram,Sundarban Courier,SKU1020,Bedsheet Set,Home & Living,5,5.26,17238.4,212.86,2025-10-29,2025-11-02,Delivered Late,Weather disruption
SHP103153,2026-01-07,Rajshahi DC,Rajshahi,Narayanganj,RedX,SKU1017,Saree (V2),Apparel,2,11.86,855.22,248.29,2026-01-09,2026-01-09,Delivered,
SHP103154,2025-11-21,Khulna DC,Khulna,Chattogram,RedX,SKU1004,Smartwatch,Electronics,1,8.89,559.67,217.24,2025-11-23,,In Transit,
SHP103155,2025-11-05,Chattogram DC,Chattogram,Chattogram,Pathao Courier,SKU1002,Power Bank,Electronics,4,9.73,15539.6,218.74,2025-11-06,2025-11-06,Delivered,
SHP103156,2025-10-30,Sylhet DC,Sylhet,Comilla,Steadfast Courier,SKU1022,Table Lamp,Home & Living,5,9.94,21862.7,308.71,2025-11-03,,In Transit,
SHP103157,2025-11-07,Khulna DC,Khulna,Comilla,RedX,SKU1025,Non-stick Pan (V2),Home & Living,1,0.46,996.68,72.54,2025-11-12,,Delayed,Courier capacity shortage
SHP103158,2026-03-15,Dhaka Hub,Dhaka,Sylhet,RedX,SKU1036,Lipstick,Beauty,4,0.85,2860.64,88.91,2026-03-18,2026-03-18,Returned,
SHP103159,2026-01-20,Khulna DC,Khulna,Rangpur,Pathao Courier,SKU1023,Table Lamp (V2),Home & Living,5,2.54,20175.4,160.85,2026-01-23,2026-01-25,Delivered Late,Warehouse backlog
SHP103160,2026-01-29,Sylhet DC,Sylhet,Barisal,eCourier,SKU1048,Honey Jar,Grocery,1,7.93,3118.86,311.91,2026-02-02,2026-02-05,Delivered Late,Weather disruption
SHP103161,2026-02-13,Rajshahi DC,Rajshahi,Barisal,eCourier,SKU1018,Denim Jacket,Apparel,3,7.56,11250.6,210.57,2026-02-19,2026-02-19,Delivered,
SHP103162,2026-05-15,Chattogram DC,Chattogram,Khulna,Pathao Courier,SKU1024,Non-stick Pan,Home & Living,1,4.04,3535.97,168.21,2026-05-18,2026-05-18,Delivered,
SHP103163,2026-06-26,Rajshahi DC,Rajshahi,Mymensingh,RedX,SKU1020,Bedsheet Set,Home & Living,1,11.68,3447.68,344.64,2026-06-29,2026-06-29,Delivered,
SHP103164,2026-03-02,Sylhet DC,Sylhet,Comilla,RedX,SKU1011,Cotton T-Shirt (V2),Apparel,3,1.3,12544.29,126.44,2026-03-06,2026-03-06,Delivered,
SHP103165,2026-04-11,Sylhet DC,Sylhet,Mymensingh,eCourier,SKU1040,Basmati Rice 5kg,Grocery,2,9.37,4103.22,264.38,2026-04-13,2026-04-13,Delivered,
SHP103166,2026-05-14,Khulna DC,Khulna,Narayanganj,Pathao Courier,SKU1032,Sunscreen SPF50,Beauty,1,5.87,1567.34,237.33,2026-05-18,2026-05-18,Delivered,
SHP103167,2026-04-27,Sylhet DC,Sylhet,Chattogram,Steadfast Courier,SKU1049,Honey Jar (V2),Grocery,5,5.14,3789.6,167.77,2026-05-01,2026-05-01,Delivered,
SHP103168,2025-10-17,Rajshahi DC,Rajshahi,Rangpur,Sundarban Courier,SKU1003,Power Bank (V2),Electronics,2,0.5,6367.1,101.25,2025-10-19,2025-10-19,Delivered,
SHP103169,2026-08-07,Dhaka Hub,Dhaka,Narayanganj,Pathao Courier,SKU1041,Basmati Rice 5kg (V2),Grocery,5,8.79,18860.75,223.89,2026-08-12,2026-08-12,Delivered,
SHP103170,2025-10-28,Khulna DC,Khulna,Barisal,Pathao Courier,SKU1006,Bluetooth Speaker,Electronics,1,9.3,3460.96,210.21,2025-10-30,,In Transit,
SHP103171,2026-01-21,Rajshahi DC,Rajshahi,Narayanganj,Pathao Courier,SKU1021,Bedsheet Set (V2),Home & Living,3,3.96,5076.57,159.89,2026-01-26,2026-01-26,Delivered,
SHP103172,2026-04-14,Chattogram DC,Chattogram,Khulna,Sundarban Courier,SKU1032,Sunscreen SPF50,Beauty,4,6.3,6269.36,211.31,2026-04-19,2026-04-19,Delivered,
SHP103173,2026-01-18,Chattogram DC,Chattogram,Comilla,Sundarban Courier,SKU1016,Saree,Apparel,3,7.36,7687.32,268.65,2026-01-23,2026-01-23,Delivered,
SHP103174,2025-11-24,Sylhet DC,Sylhet,Narayanganj,eCourier,SKU1023,Table Lamp (V2),Home & Living,3,4.54,12105.24,190.96,2025-11-29,2025-11-29,Delivered,
SHP103175,2026-07-17,Khulna DC,Khulna,Rangpur,Pathao Courier,SKU1033,Sunscreen SPF50 (V2),Beauty,4,7.46,7046.0,233.56,2026-07-21,2026-07-21,Delivered,
SHP103176,2025-09-25,Rajshahi DC,Rajshahi,Mymensingh,Steadfast Courier,SKU1027,Storage Box (V2),Home & Living,1,5.32,340.55,213.28,2025-09-28,2025-09-28,Delivered,
SHP103177,2025-11-25,Khulna DC,Khulna,Barisal,Pathao Courier,SKU1042,Mustard Oil 1L,Grocery,5,10.56,15980.75,300.05,2025-11-29,,Delayed,Vehicle breakdown
SHP103178,2026-08-10,Khulna DC,Khulna,Khulna,RedX,SKU1040,Basmati Rice 5kg,Grocery,4,8.68,8206.44,250.21,2026-08-12,2026-08-13,Delivered Late,Address issue
SHP103179,2026-05-11,Sylhet DC,Sylhet,Barisal,Steadfast Courier,SKU1038,Perfume,Beauty,4,1.5,4548.24,94.54,2026-05-16,2026-05-16,Delivered,
SHP103180,2025-10-01,Khulna DC,Khulna,Narayanganj,eCourier,SKU1021,Bedsheet Set (V2),Home & Living,3,9.64,5076.57,248.36,2025-10-03,2025-10-03,Delivered,
SHP103181,2026-05-20,Chattogram DC,Chattogram,Dhaka,RedX,SKU1048,Honey Jar,Grocery,2,4.18,6237.72,207.83,2026-05-24,2026-05-24,Delivered,
SHP103182,2026-08-02,Sylhet DC,Sylhet,Sylhet,eCourier,SKU1016,Saree,Apparel,3,11.24,7687.32,342.84,2026-08-04,2026-08-04,Delivered,
SHP103183,2025-10-04,Dhaka Hub,Dhaka,Rajshahi,Pathao Courier,SKU1033,Sunscreen SPF50 (V2),Beauty,4,7.32,7046.0,207.8,2025-10-09,,Cancelled,
SHP103184,2026-01-22,Dhaka Hub,Dhaka,Khulna,Pathao Courier,SKU1005,Smartwatch (V2),Electronics,5,0.53,21969.8,108.32,2026-01-25,2026-01-25,Delivered,
SHP103185,2026-02-10,Rajshahi DC,Rajshahi,Rangpur,Sundarban Courier,SKU1045,Green Tea Pack (V2),Grocery,5,8.87,18253.6,304.69,2026-02-14,2026-02-14,Delivered,
SHP103186,2025-10-16,Rajshahi DC,Rajshahi,Khulna,Pathao Courier,SKU1005,Smartwatch (V2),Electronics,1,1.74,4393.96,120.71,2025-10-20,2025-10-20,Returned,
SHP103187,2025-11-09,Sylhet DC,Sylhet,Rangpur,Sundarban Courier,SKU1033,Sunscreen SPF50 (V2),Beauty,1,10.55,1761.5,358.84,2025-11-15,2025-11-15,Delivered,
SHP103188,2025-10-31,Dhaka Hub,Dhaka,Chattogram,Pathao Courier,SKU1000,Wireless Earbuds,Electronics,5,11.39,17583.55,247.85,2025-11-05,,Cancelled,
SHP103189,2025-11-04,Dhaka Hub,Dhaka,Khulna,Steadfast Courier,SKU1009,Phone Case (V2),Electronics,2,8.4,4218.36,205.92,2025-11-07,2025-11-07,Delivered,
SHP103190,2026-01-18,Dhaka Hub,Dhaka,Rangpur,Steadfast Courier,SKU1020,Bedsheet Set,Home & Living,3,6.49,10343.04,192.33,2026-01-23,2026-01-24,Delivered Late,Warehouse backlog
SHP103191,2026-02-08,Khulna DC,Khulna,Rajshahi,eCourier,SKU1004,Smartwatch,Electronics,1,7.3,559.67,204.77,2026-02-10,2026-02-10,Delivered,
SHP103192,2025-11-22,Chattogram DC,Chattogram,Mymensingh,eCourier,SKU1001,Wireless Earbuds (V2),Electronics,1,5.26,2059.12,221.72,2025-11-25,,In Transit,
SHP103193,2025-12-10,Chattogram DC,Chattogram,Rangpur,Pathao Courier,SKU1021,Bedsheet Set (V2),Home & Living,3,1.19,5076.57,109.34,2025-12-12,,Delayed,Failed delivery attempt
SHP103194,2025-11-06,Rajshahi DC,Rajshahi,Khulna,Pathao Courier,SKU1047,Spice Combo (V2),Grocery,4,11.16,5616.92,266.85,2025-11-10,2025-11-10,Delivered,
SHP103195,2026-06-03,Rajshahi DC,Rajshahi,Rajshahi,RedX,SKU1001,Wireless Earbuds (V2),Electronics,4,4.08,8236.48,105.39,2026-06-05,2026-06-10,Delivered Late,Customs/checkpoint delay
SHP103196,2025-11-13,Khulna DC,Khulna,Narayanganj,RedX,SKU1009,Phone Case (V2),Electronics,5,3.89,10545.9,149.38,2025-11-17,2025-11-17,Delivered,
SHP103197,2026-07-12,Chattogram DC,Chattogram,Narayanganj,Sundarban Courier,SKU1033,Sunscreen SPF50 (V2),Beauty,1,2.46,1761.5,134.19,2026-07-17,2026-07-17,Delivered,
SHP103198,2026-03-06,Sylhet DC,Sylhet,Dhaka,Sundarban Courier,SKU1015,Sneakers (V2),Apparel,2,11.91,2276.98,332.98,2026-03-10,2026-03-10,Delivered,
SHP103199,2026-06-05,Chattogram DC,Chattogram,Mymensingh,Sundarban Courier,SKU1047,Spice Combo (V2),Grocery,3,11.32,4212.69,258.12,2026-06-08,2026-06-08,Delivered,
SHP103200,2026-04-09,Rajshahi DC,Rajshahi,Rajshahi,Pathao Courier,SKU1038,Perfume,Beauty,3,4.32,3411.18,147.53,2026-04-10,2026-04-10,Delivered,
SHP103201,2025-12-02,Dhaka Hub,Dhaka,Dhaka,Sundarban Courier,SKU1021,Bedsheet Set (V2),Home & Living,1,3.27,1692.19,115.93,2025-12-04,2025-12-04,Delivered,
SHP103202,2026-03-28,Khulna DC,Khulna,Rangpur,Sundarban Courier,SKU1011,Cotton T-Shirt (V2),Apparel,3,9.7,12544.29,346.54,2026-04-01,2026-04-01,Delivered,
SHP103203,2025-12-04,Sylhet DC,Sylhet,Dhaka,RedX,SKU1023,Table Lamp (V2),Home & Living,5,5.19,20175.4,191.42,2025-12-08,2025-12-08,Delivered,
SHP103204,2025-10-12,Khulna DC,Khulna,Khulna,Steadfast Courier,SKU1046,Spice Combo,Grocery,1,11.62,1835.53,263.75,2025-10-14,2025-10-14,Delivered,
SHP103205,2025-11-28,Sylhet DC,Sylhet,Rangpur,RedX,SKU1039,Perfume (V2),Beauty,5,10.83,15318.45,244.03,2025-12-02,2025-12-02,Delivered,
SHP103206,2025-12-05,Dhaka Hub,Dhaka,Comilla,eCourier,SKU1037,Lipstick (V2),Beauty,3,9.16,6657.96,312.82,2025-12-08,,In Transit,
SHP103207,2025-10-17,Khulna DC,Khulna,Rajshahi,eCourier,SKU1009,Phone Case (V2),Electronics,3,1.26,6327.54,109.55,2025-10-22,2025-10-22,Delivered,
SHP103208,2025-09-09,Khulna DC,Khulna,Comilla,Pathao Courier,SKU1034,Hair Serum,Beauty,4,8.49,8770.28,226.74,2025-09-12,,Delayed,Weather disruption
SHP103209,2026-07-24,Sylhet DC,Sylhet,Comilla,RedX,SKU1048,Honey Jar,Grocery,4,11.85,12475.44,345.55,2026-07-26,2026-07-26,Delivered,
SHP103210,2026-02-25,Chattogram DC,Chattogram,Rajshahi,Sundarban Courier,SKU1031,Face Wash (V2),Beauty,4,4.6,17434.68,192.98,2026-03-02,2026-03-02,Delivered,
SHP103211,2026-01-18,Chattogram DC,Chattogram,Chattogram,RedX,SKU1006,Bluetooth Speaker,Electronics,1,10.6,3460.96,279.24,2026-01-19,2026-01-19,Delivered,
SHP103212,2026-07-19,Sylhet DC,Sylhet,Rangpur,Pathao Courier,SKU1020,Bedsheet Set,Home & Living,2,5.02,6895.36,193.61,2026-07-24,2026-07-24,Delivered,
SHP103213,2025-11-17,Chattogram DC,Chattogram,Dhaka,Steadfast Courier,SKU1019,Denim Jacket (V2),Apparel,5,11.66,14488.7,258.49,2025-11-21,2025-11-21,Delivered,
SHP103214,2026-01-18,Chattogram DC,Chattogram,Comilla,Steadfast Courier,SKU1025,Non-stick Pan (V2),Home & Living,1,7.91,996.68,292.39,2026-01-24,2026-01-24,Delivered,
SHP103215,2026-06-20,Chattogram DC,Chattogram,Khulna,Pathao Courier,SKU1003,Power Bank (V2),Electronics,4,1.34,12734.2,129.97,2026-06-23,2026-06-23,Delivered,
SHP103216,2026-04-07,Dhaka Hub,Dhaka,Mymensingh,Pathao Courier,SKU1045,Green Tea Pack (V2),Grocery,3,5.85,10952.16,179.29,2026-04-11,2026-04-11,Delivered,
SHP103217,2026-01-17,Rajshahi DC,Rajshahi,Mymensingh,Pathao Courier,SKU1021,Bedsheet Set (V2),Home & Living,1,0.79,1692.19,79.7,2026-01-21,2026-01-24,Delivered Late,Weather disruption
SHP103218,2025-11-28,Chattogram DC,Chattogram,Rajshahi,eCourier,SKU1014,Sneakers,Apparel,1,4.86,2078.85,212.77,2025-12-02,2025-12-02,Delivered,
SHP103219,2025-09-13,Dhaka Hub,Dhaka,Narayanganj,RedX,SKU1039,Perfume (V2),Beauty,5,11.0,15318.45,298.0,2025-09-17,2025-09-17,Delivered,
SHP103220,2025-09-30,Dhaka Hub,Dhaka,Mymensingh,Pathao Courier,SKU1020,Bedsheet Set,Home & Living,1,2.94,3447.68,125.55,2025-10-06,2025-10-06,Delivered,
SHP103221,2025-10-27,Rajshahi DC,Rajshahi,Comilla,eCourier,SKU1014,Sneakers,Apparel,1,11.42,2078.85,315.63,2025-10-30,2025-10-30,Delivered,
SHP103222,2026-05-31,Sylhet DC,Sylhet,Dhaka,Sundarban Courier,SKU1021,Bedsheet Set (V2),Home & Living,1,1.38,1692.19,128.89,2026-06-03,2026-06-03,Returned,
SHP103223,2026-04-10,Chattogram DC,Chattogram,Rajshahi,Sundarban Courier,SKU1027,Storage Box (V2),Home & Living,4,8.04,1362.2,260.98,2026-04-14,2026-04-14,Delivered,
SHP103224,2026-01-28,Sylhet DC,Sylhet,Narayanganj,Sundarban Courier,SKU1013,Panjabi (V2),Apparel,5,11.6,18645.05,356.48,2026-02-01,2026-02-01,Delivered,
SHP103225,2026-05-29,Dhaka Hub,Dhaka,Comilla,RedX,SKU1026,Storage Box,Home & Living,1,7.92,2180.24,229.95,2026-06-03,2026-06-03,Delivered,
SHP103226,2025-10-26,Chattogram DC,Chattogram,Rajshahi,Sundarban Courier,SKU1040,Basmati Rice 5kg,Grocery,4,10.81,8206.44,276.8,2025-11-01,,Delayed,Vehicle breakdown
SHP103227,2025-11-12,Chattogram DC,Chattogram,Dhaka,Pathao Courier,SKU1039,Perfume (V2),Beauty,4,11.89,12254.76,340.47,2025-11-17,2025-11-17,Delivered,
SHP103228,2026-01-14,Rajshahi DC,Rajshahi,Sylhet,Sundarban Courier,SKU1027,Storage Box (V2),Home & Living,2,7.77,681.1,242.89,2026-01-20,,In Transit,
SHP103229,2026-07-15,Dhaka Hub,Dhaka,Barisal,Steadfast Courier,SKU1025,Non-stick Pan (V2),Home & Living,1,9.43,996.68,296.52,2026-07-18,2026-07-20,Delivered Late,Vehicle breakdown
SHP103230,2026-04-01,Sylhet DC,Sylhet,Rangpur,RedX,SKU1048,Honey Jar,Grocery,3,0.58,9356.58,80.68,2026-04-04,2026-04-04,Delivered,
SHP103231,2026-06-22,Khulna DC,Khulna,Narayanganj,Steadfast Courier,SKU1001,Wireless Earbuds (V2),Electronics,1,5.24,2059.12,209.97,2026-06-25,2026-06-30,Delivered Late,Courier capacity shortage
SHP103232,2025-11-25,Rajshahi DC,Rajshahi,Dhaka,RedX,SKU1024,Non-stick Pan,Home & Living,1,3.6,3535.97,130.63,2025-11-30,2025-11-30,Delivered,
SHP103233,2026-06-21,Sylhet DC,Sylhet,Khulna,eCourier,SKU1002,Power Bank,Electronics,3,9.93,11654.7,242.87,2026-06-24,2026-06-24,Delivered,
SHP103234,2025-09-26,Chattogram DC,Chattogram,Sylhet,Sundarban Courier,SKU1007,Bluetooth Speaker (V2),Electronics,5,8.2,17846.9,303.79,2025-09-29,2025-09-29,Delivered,
SHP103235,2025-11-18,Chattogram DC,Chattogram,Narayanganj,eCourier,SKU1043,Mustard Oil 1L (V2),Grocery,5,7.45,7543.95,232.12,2025-11-22,2025-11-22,Delivered,
SHP103236,2026-02-28,Chattogram DC,Chattogram,Chattogram,Pathao Courier,SKU1032,Sunscreen SPF50,Beauty,4,11.19,6269.36,216.94,2026-03-02,2026-03-02,Delivered,
SHP103237,2025-09-18,Khulna DC,Khulna,Sylhet,Pathao Courier,SKU1041,Basmati Rice 5kg (V2),Grocery,2,1.25,7544.3,106.5,2025-09-23,2025-09-27,Delivered Late,Address issue
SHP103238,2026-06-24,Chattogram DC,Chattogram,Sylhet,Pathao Courier,SKU1034,Hair Serum,Beauty,2,11.46,4385.14,357.88,2026-06-30,2026-06-30,Delivered,
SHP103239,2026-06-28,Khulna DC,Khulna,Chattogram,Pathao Courier,SKU1005,Smartwatch (V2),Electronics,4,1.39,17575.84,99.96,2026-07-01,,In Transit,
SHP103240,2026-03-07,Khulna DC,Khulna,Rangpur,Steadfast Courier,SKU1038,Perfume,Beauty,1,4.29,1137.06,183.23,2026-03-11,2026-03-11,Delivered,
SHP103241,2025-12-15,Rajshahi DC,Rajshahi,Barisal,Steadfast Courier,SKU1022,Table Lamp,Home & Living,3,7.64,13117.62,251.53,2025-12-17,2025-12-17,Delivered,
SHP103242,2025-10-05,Chattogram DC,Chattogram,Barisal,eCourier,SKU1024,Non-stick Pan,Home & Living,4,4.23,14143.88,174.01,2025-10-08,2025-10-08,Delivered,
SHP103243,2026-04-03,Rajshahi DC,Rajshahi,Narayanganj,Pathao Courier,SKU1049,Honey Jar (V2),Grocery,5,8.25,3789.6,222.21,2026-04-06,,In Transit,
SHP103244,2026-03-06,Sylhet DC,Sylhet,Rajshahi,Steadfast Courier,SKU1042,Mustard Oil 1L,Grocery,1,9.35,3196.15,269.23,2026-03-10,2026-03-10,Delivered,
SHP103245,2026-05-21,Khulna DC,Khulna,Khulna,eCourier,SKU1018,Denim Jacket,Apparel,2,9.98,7500.4,251.36,2026-05-22,2026-05-22,Delivered,
SHP103246,2026-03-28,Khulna DC,Khulna,Khulna,Sundarban Courier,SKU1004,Smartwatch,Electronics,2,2.32,1119.34,96.27,2026-03-30,2026-03-30,Delivered,
SHP103247,2025-10-15,Rajshahi DC,Rajshahi,Comilla,RedX,SKU1010,Cotton T-Shirt,Apparel,3,2.35,5288.91,112.74,2025-10-20,2025-10-24,Delivered Late,Courier capacity shortage
SHP103248,2025-10-13,Sylhet DC,Sylhet,Barisal,RedX,SKU1011,Cotton T-Shirt (V2),Apparel,1,0.82,4181.43,76.28,2025-10-16,2025-10-16,Delivered,
SHP103249,2026-05-29,Khulna DC,Khulna,Chattogram,Pathao Courier,SKU1009,Phone Case (V2),Electronics,5,5.99,10545.9,231.9,2026-06-03,2026-06-03,Delivered,
SHP103250,2025-10-26,Chattogram DC,Chattogram,Rangpur,RedX,SKU1007,Bluetooth Speaker (V2),Electronics,5,1.82,17846.9,103.59,2025-10-31,2025-10-31,Delivered,
SHP103251,2026-07-22,Sylhet DC,Sylhet,Mymensingh,eCourier,SKU1023,Table Lamp (V2),Home & Living,2,3.96,8070.16,169.59,2026-07-24,2026-07-27,Delivered Late,Weather disruption
SHP103252,2025-10-07,Sylhet DC,Sylhet,Sylhet,Pathao Courier,SKU1027,Storage Box (V2),Home & Living,3,10.12,1021.65,284.98,2025-10-08,2025-10-11,Delivered Late,Address issue
SHP103253,2026-05-11,Khulna DC,Khulna,Barisal,Sundarban Courier,SKU1040,Basmati Rice 5kg,Grocery,3,11.39,6154.83,343.3,2026-05-13,2026-05-17,Delivered Late,Failed delivery attempt
SHP103254,2026-08-04,Khulna DC,Khulna,Barisal,RedX,SKU1035,Hair Serum (V2),Beauty,1,9.9,974.2,305.08,2026-08-06,2026-08-06,Delivered,
SHP103255,2026-01-31,Dhaka Hub,Dhaka,Chattogram,eCourier,SKU1036,Lipstick,Beauty,5,0.21,3575.8,92.9,2026-02-03,2026-02-03,Delivered,
SHP103256,2025-09-20,Rajshahi DC,Rajshahi,Dhaka,Steadfast Courier,SKU1020,Bedsheet Set,Home & Living,4,6.9,13790.72,254.14,2025-09-23,2025-09-23,Delivered,
SHP103257,2026-07-01,Khulna DC,Khulna,Mymensingh,eCourier,SKU1007,Bluetooth Speaker (V2),Electronics,2,2.17,7138.76,119.98,2026-07-07,2026-07-07,Delivered,
SHP103258,2025-11-04,Dhaka Hub,Dhaka,Rangpur,RedX,SKU1008,Phone Case,Electronics,3,4.63,2121.87,180.68,2025-11-10,2025-11-10,Returned,
SHP103259,2026-03-02,Rajshahi DC,Rajshahi,Mymensingh,RedX,SKU1046,Spice Combo,Grocery,2,5.25,3671.06,189.75,2026-03-06,2026-03-06,Delivered,
SHP103260,2026-08-07,Khulna DC,Khulna,Khulna,RedX,SKU1014,Sneakers,Apparel,2,11.33,4157.7,297.86,2026-08-09,2026-08-09,Delivered,
SHP103261,2026-05-16,Dhaka Hub,Dhaka,Barisal,RedX,SKU1047,Spice Combo (V2),Grocery,2,7.68,2808.46,222.64,2026-05-22,2026-05-22,Delivered,
SHP103262,2025-09-17,Sylhet DC,Sylhet,Narayanganj,Pathao Courier,SKU1045,Green Tea Pack (V2),Grocery,1,3.36,3650.72,124.86,2025-09-21,2025-09-21,Delivered,
SHP103263,2026-06-11,Rajshahi DC,Rajshahi,Sylhet,RedX,SKU1039,Perfume (V2),Beauty,5,7.78,15318.45,248.64,2026-06-15,2026-06-15,Delivered,
SHP103264,2025-10-26,Chattogram DC,Chattogram,Rangpur,eCourier,SKU1017,Saree (V2),Apparel,4,11.43,1710.44,376.21,2025-10-31,2025-10-31,Delivered,
SHP103265,2026-05-18,Rajshahi DC,Rajshahi,Chattogram,RedX,SKU1041,Basmati Rice 5kg (V2),Grocery,5,0.9,18860.75,109.98,2026-05-24,2026-05-24,Delivered,
SHP103266,2026-04-03,Sylhet DC,Sylhet,Dhaka,Steadfast Courier,SKU1019,Denim Jacket (V2),Apparel,1,9.83,2897.74,305.06,2026-04-08,,Cancelled,
SHP103267,2025-12-09,Chattogram DC,Chattogram,Narayanganj,RedX,SKU1005,Smartwatch (V2),Electronics,4,2.76,17575.84,162.99,2025-12-11,,In Transit,
SHP103268,2026-01-25,Chattogram DC,Chattogram,Chattogram,Sundarban Courier,SKU1011,Cotton T-Shirt (V2),Apparel,3,2.01,12544.29,84.51,2026-01-26,,Cancelled,
SHP103269,2025-10-11,Sylhet DC,Sylhet,Rangpur,Pathao Courier,SKU1001,Wireless Earbuds (V2),Electronics,4,10.81,8236.48,321.79,2025-10-14,2025-10-14,Delivered,
SHP103270,2026-08-08,Khulna DC,Khulna,Barisal,Pathao Courier,SKU1006,Bluetooth Speaker,Electronics,5,0.22,17304.8,84.67,2026-08-11,2026-08-11,Returned,
SHP103271,2025-11-22,Rajshahi DC,Rajshahi,Comilla,Sundarban Courier,SKU1015,Sneakers (V2),Apparel,2,8.94,2276.98,219.97,2025-11-26,2025-11-26,Delivered,
SHP103272,2025-12-16,Dhaka Hub,Dhaka,Barisal,Sundarban Courier,SKU1002,Power Bank,Electronics,1,1.23,3884.9,99.96,2025-12-21,2025-12-21,Delivered,
SHP103273,2026-02-21,Rajshahi DC,Rajshahi,Rangpur,Pathao Courier,SKU1044,Green Tea Pack,Grocery,1,7.49,3770.33,272.14,2026-02-24,2026-02-24,Delivered,
SHP103274,2026-04-21,Sylhet DC,Sylhet,Comilla,Pathao Courier,SKU1002,Power Bank,Electronics,3,7.53,11654.7,217.13,2026-04-24,2026-04-24,Delivered,
SHP103275,2026-02-22,Dhaka Hub,Dhaka,Comilla,Pathao Courier,SKU1026,Storage Box,Home & Living,1,10.38,2180.24,265.57,2026-02-27,2026-03-01,Delivered Late,Customs/checkpoint delay
SHP103276,2026-02-22,Rajshahi DC,Rajshahi,Mymensingh,eCourier,SKU1049,Honey Jar (V2),Grocery,1,9.91,757.92,237.63,2026-02-25,2026-02-25,Delivered,
SHP103277,2026-03-21,Chattogram DC,Chattogram,Chattogram,eCourier,SKU1042,Mustard Oil 1L,Grocery,1,8.28,3196.15,249.01,2026-03-23,2026-03-23,Delivered,
SHP103278,2026-06-24,Khulna DC,Khulna,Chattogram,Sundarban Courier,SKU1039,Perfume (V2),Beauty,2,4.69,6127.38,184.96,2026-06-28,2026-06-28,Delivered,
SHP103279,2026-01-15,Khulna DC,Khulna,Rajshahi,Pathao Courier,SKU1037,Lipstick (V2),Beauty,1,2.16,2219.32,149.07,2026-01-19,2026-01-19,Delivered,
SHP103280,2026-06-15,Dhaka Hub,Dhaka,Rangpur,Pathao Courier,SKU1032,Sunscreen SPF50,Beauty,3,7.7,4702.02,230.6,2026-06-17,,In Transit,
SHP103281,2026-05-31,Chattogram DC,Chattogram,Rangpur,Pathao Courier,SKU1027,Storage Box (V2),Home & Living,4,6.06,1362.2,238.74,2026-06-06,2026-06-06,Delivered,
SHP103282,2026-07-30,Khulna DC,Khulna,Mymensingh,Sundarban Courier,SKU1000,Wireless Earbuds,Electronics,2,1.12,7033.42,100.88,2026-08-05,2026-08-05,Delivered,
SHP103283,2026-07-13,Chattogram DC,Chattogram,Chattogram,Pathao Courier,SKU1007,Bluetooth Speaker (V2),Electronics,1,11.48,3569.38,278.95,2026-07-14,2026-07-15,Delivered Late,Customs/checkpoint delay
SHP103284,2026-06-04,Dhaka Hub,Dhaka,Chattogram,Sundarban Courier,SKU1036,Lipstick,Beauty,3,3.91,2145.48,203.79,2026-06-09,,In Transit,
SHP103285,2025-11-25,Dhaka Hub,Dhaka,Chattogram,Steadfast Courier,SKU1031,Face Wash (V2),Beauty,1,0.23,4358.67,69.3,2025-11-30,2025-11-30,Delivered,
SHP103286,2026-05-26,Rajshahi DC,Rajshahi,Barisal,RedX,SKU1047,Spice Combo (V2),Grocery,4,10.84,5616.92,236.17,2026-05-28,2026-05-28,Delivered,
SHP103287,2026-05-13,Dhaka Hub,Dhaka,Rangpur,eCourier,SKU1042,Mustard Oil 1L,Grocery,2,7.01,6392.3,220.67,2026-05-17,2026-05-17,Returned,
SHP103288,2025-12-10,Dhaka Hub,Dhaka,Chattogram,Pathao Courier,SKU1036,Lipstick,Beauty,3,8.85,2145.48,284.3,2025-12-15,2025-12-15,Delivered,
SHP103289,2026-04-23,Sylhet DC,Sylhet,Comilla,Pathao Courier,SKU1003,Power Bank (V2),Electronics,2,2.0,6367.1,112.13,2026-04-27,2026-04-27,Delivered,
SHP103290,2025-11-27,Dhaka Hub,Dhaka,Khulna,Steadfast Courier,SKU1029,Curtain Set (V2),Home & Living,2,4.97,6242.52,209.37,2025-12-03,2025-12-03,Delivered,
SHP103291,2026-02-28,Khulna DC,Khulna,Rangpur,Sundarban Courier,SKU1005,Smartwatch (V2),Electronics,1,7.81,4393.96,264.29,2026-03-02,2026-03-02,Delivered,
SHP103292,2026-06-03,Sylhet DC,Sylhet,Mymensingh,RedX,SKU1045,Green Tea Pack (V2),Grocery,3,3.16,10952.16,140.67,2026-06-09,,Delayed,Failed delivery attempt
SHP103293,2025-11-05,Khulna DC,Khulna,Dhaka,Steadfast Courier,SKU1018,Denim Jacket,Apparel,1,8.48,3750.2,307.36,2025-11-11,,Delayed,Vehicle breakdown
SHP103294,2025-12-26,Sylhet DC,Sylhet,Comilla,RedX,SKU1031,Face Wash (V2),Beauty,4,2.96,17434.68,135.33,2025-12-29,2025-12-29,Delivered,
SHP103295,2026-06-03,Khulna DC,Khulna,Narayanganj,Sundarban Courier,SKU1008,Phone Case,Electronics,2,2.67,1414.58,135.45,2026-06-07,2026-06-07,Delivered,
SHP103296,2026-02-05,Khulna DC,Khulna,Narayanganj,RedX,SKU1011,Cotton T-Shirt (V2),Apparel,3,0.34,12544.29,97.3,2026-02-09,,In Transit,
SHP103297,2026-07-30,Sylhet DC,Sylhet,Chattogram,Pathao Courier,SKU1010,Cotton T-Shirt,Apparel,3,3.53,5288.91,173.71,2026-08-05,2026-08-05,Delivered,
SHP103298,2025-09-03,Dhaka Hub,Dhaka,Khulna,Pathao Courier,SKU1045,Green Tea Pack (V2),Grocery,4,3.11,14602.88,147.33,2025-09-06,2025-09-06,Delivered,
SHP103299,2026-05-08,Chattogram DC,Chattogram,Sylhet,Pathao Courier,SKU1015,Sneakers (V2),Apparel,4,9.22,4553.96,220.42,2026-05-11,,Cancelled,
SHP103300,2026-06-09,Dhaka Hub,Dhaka,Rajshahi,Steadfast Courier,SKU1000,Wireless Earbuds,Electronics,3,6.92,10550.13,265.43,2026-06-14,2026-06-14,Delivered,
SHP103301,2026-07-15,Dhaka Hub,Dhaka,Narayanganj,RedX,SKU1044,Green Tea Pack,Grocery,5,2.3,18851.65,126.17,2026-07-19,2026-07-19,Delivered,
SHP103302,2025-10-25,Chattogram DC,Chattogram,Mymensingh,Sundarban Courier,SKU1020,Bedsheet Set,Home & Living,2,6.9,6895.36,172.76,2025-10-29,2025-11-01,Delivered Late,Warehouse backlog
SHP103303,2026-08-07,Chattogram DC,Chattogram,Mymensingh,Pathao Courier,SKU1029,Curtain Set (V2),Home & Living,4,2.86,12485.04,135.7,2026-08-11,2026-08-13,Delivered Late,Failed delivery attempt
SHP103304,2026-01-14,Dhaka Hub,Dhaka,Rajshahi,RedX,SKU1012,Panjabi,Apparel,2,5.22,5901.62,188.25,2026-01-20,2026-01-20,Delivered,
SHP103305,2025-12-31,Chattogram DC,Chattogram,Narayanganj,Steadfast Courier,SKU1033,Sunscreen SPF50 (V2),Beauty,4,10.68,7046.0,266.48,2026-01-03,2026-01-03,Delivered,
SHP103306,2026-01-02,Sylhet DC,Sylhet,Narayanganj,Sundarban Courier,SKU1003,Power Bank (V2),Electronics,3,8.69,9550.65,313.05,2026-01-08,2026-01-08,Delivered,
SHP103307,2026-04-09,Dhaka Hub,Dhaka,Comilla,Sundarban Courier,SKU1027,Storage Box (V2),Home & Living,5,7.88,1702.75,219.03,2026-04-13,2026-04-13,Delivered,
SHP103308,2026-04-17,Chattogram DC,Chattogram,Comilla,eCourier,SKU1037,Lipstick (V2),Beauty,2,3.52,4438.64,175.67,2026-04-23,,In Transit,
SHP103309,2026-02-11,Dhaka Hub,Dhaka,Rangpur,Steadfast Courier,SKU1030,Face Wash,Beauty,3,1.67,10169.16,101.75,2026-02-13,,In Transit,
SHP103310,2025-09-25,Dhaka Hub,Dhaka,Dhaka,Steadfast Courier,SKU1026,Storage Box,Home & Living,1,9.08,2180.24,185.58,2025-09-26,2025-09-26,Delivered,
SHP103311,2026-08-08,Dhaka Hub,Dhaka,Sylhet,Sundarban Courier,SKU1004,Smartwatch,Electronics,4,6.9,2238.68,241.03,2026-08-13,2026-08-13,Delivered,
SHP103312,2025-11-16,Sylhet DC,Sylhet,Mymensingh,Pathao Courier,SKU1024,Non-stick Pan,Home & Living,1,7.55,3535.97,233.84,2025-11-21,2025-11-21,Delivered,
SHP103313,2025-10-03,Khulna DC,Khulna,Khulna,Sundarban Courier,SKU1002,Power Bank,Electronics,3,11.71,11654.7,349.57,2025-10-05,2025-10-05,Delivered,
SHP103314,2026-03-26,Khulna DC,Khulna,Chattogram,Sundarban Courier,SKU1032,Sunscreen SPF50,Beauty,1,4.31,1567.34,167.19,2026-03-30,2026-03-30,Delivered,
SHP103315,2026-01-21,Khulna DC,Khulna,Narayanganj,Steadfast Courier,SKU1003,Power Bank (V2),Electronics,2,9.65,6367.1,283.71,2026-01-23,2026-01-23,Delivered,
SHP103316,2026-04-01,Khulna DC,Khulna,Rajshahi,Pathao Courier,SKU1024,Non-stick Pan,Home & Living,3,6.8,10607.91,233.43,2026-04-04,,In Transit,
SHP103317,2026-06-30,Rajshahi DC,Rajshahi,Comilla,RedX,SKU1019,Denim Jacket (V2),Apparel,2,2.98,5795.48,152.95,2026-07-05,,In Transit,
SHP103318,2025-10-04,Chattogram DC,Chattogram,Sylhet,Steadfast Courier,SKU1033,Sunscreen SPF50 (V2),Beauty,2,0.82,3523.0,79.7,2025-10-10,2025-10-10,Delivered,
SHP103319,2025-12-08,Khulna DC,Khulna,Khulna,Steadfast Courier,SKU1025,Non-stick Pan (V2),Home & Living,1,7.47,996.68,176.26,2025-12-09,,In Transit,
SHP103320,2026-02-26,Rajshahi DC,Rajshahi,Khulna,RedX,SKU1004,Smartwatch,Electronics,4,3.71,2238.68,160.5,2026-02-28,2026-02-28,Delivered,
SHP103321,2026-05-31,Sylhet DC,Sylhet,Khulna,Steadfast Courier,SKU1034,Hair Serum,Beauty,4,8.41,8770.28,267.73,2026-06-03,2026-06-03,Delivered,
SHP103322,2026-03-27,Rajshahi DC,Rajshahi,Rajshahi,Pathao Courier,SKU1027,Storage Box (V2),Home & Living,3,8.47,1021.65,253.82,2026-03-29,2026-03-29,Delivered,
SHP103323,2026-01-11,Dhaka Hub,Dhaka,Sylhet,Sundarban Courier,SKU1028,Curtain Set,Home & Living,1,5.57,821.16,159.93,2026-01-14,,In Transit,
SHP103324,2026-03-31,Rajshahi DC,Rajshahi,Comilla,Pathao Courier,SKU1008,Phone Case,Electronics,1,6.53,707.29,190.19,2026-04-05,2026-04-05,Delivered,
SHP103325,2026-08-06,Sylhet DC,Sylhet,Khulna,Steadfast Courier,SKU1037,Lipstick (V2),Beauty,4,7.59,8877.28,228.74,2026-08-09,2026-08-09,Delivered,
SHP103326,2026-02-14,Chattogram DC,Chattogram,Rajshahi,Steadfast Courier,SKU1049,Honey Jar (V2),Grocery,5,5.73,3789.6,214.63,2026-02-17,2026-02-17,Delivered,
SHP103327,2026-07-03,Dhaka Hub,Dhaka,Comilla,Pathao Courier,SKU1005,Smartwatch (V2),Electronics,5,10.55,21969.8,238.47,2026-07-08,2026-07-08,Delivered,
SHP103328,2026-05-28,Khulna DC,Khulna,Rajshahi,Pathao Courier,SKU1018,Denim Jacket,Apparel,3,1.1,11250.6,111.29,2026-05-31,2026-05-31,Delivered,
SHP103329,2025-12-14,Sylhet DC,Sylhet,Dhaka,Sundarban Courier,SKU1043,Mustard Oil 1L (V2),Grocery,3,11.76,4526.37,288.73,2025-12-18,2025-12-18,Delivered,
SHP103330,2025-11-26,Chattogram DC,Chattogram,Dhaka,Pathao Courier,SKU1010,Cotton T-Shirt,Apparel,1,0.59,1762.97,90.92,2025-11-30,,Delayed,Courier capacity shortage
SHP103331,2026-05-25,Chattogram DC,Chattogram,Rajshahi,eCourier,SKU1001,Wireless Earbuds (V2),Electronics,1,2.66,2059.12,128.27,2026-05-27,2026-05-27,Delivered,
SHP103332,2025-11-11,Rajshahi DC,Rajshahi,Rangpur,Pathao Courier,SKU1046,Spice Combo,Grocery,4,8.56,7342.12,283.41,2025-11-15,2025-11-15,Delivered,
SHP103333,2025-12-26,Sylhet DC,Sylhet,Narayanganj,eCourier,SKU1043,Mustard Oil 1L (V2),Grocery,3,1.2,4526.37,106.62,2025-12-30,2025-12-30,Delivered,
SHP103334,2025-11-21,Dhaka Hub,Dhaka,Chattogram,RedX,SKU1043,Mustard Oil 1L (V2),Grocery,3,3.29,4526.37,134.82,2025-11-26,2025-11-29,Delivered Late,Vehicle breakdown
SHP103335,2026-03-29,Chattogram DC,Chattogram,Barisal,Sundarban Courier,SKU1008,Phone Case,Electronics,2,2.02,1414.58,118.54,2026-04-01,2026-04-01,Delivered,
SHP103336,2025-12-11,Dhaka Hub,Dhaka,Sylhet,Pathao Courier,SKU1020,Bedsheet Set,Home & Living,2,8.74,6895.36,266.09,2025-12-14,2025-12-16,Delivered Late,Vehicle breakdown
SHP103337,2026-04-16,Khulna DC,Khulna,Rajshahi,Steadfast Courier,SKU1023,Table Lamp (V2),Home & Living,5,7.03,20175.4,241.44,2026-04-21,2026-04-21,Delivered,
SHP103338,2026-07-21,Rajshahi DC,Rajshahi,Rajshahi,RedX,SKU1033,Sunscreen SPF50 (V2),Beauty,5,0.96,8807.5,66.0,2026-07-23,2026-07-23,Delivered,
SHP103339,2026-06-15,Rajshahi DC,Rajshahi,Khulna,Sundarban Courier,SKU1021,Bedsheet Set (V2),Home & Living,4,5.63,6768.76,190.86,2026-06-17,,In Transit,
SHP103340,2026-07-25,Khulna DC,Khulna,Dhaka,Sundarban Courier,SKU1002,Power Bank,Electronics,2,2.66,7769.8,118.18,2026-07-28,2026-07-28,Delivered,
SHP103341,2025-09-09,Khulna DC,Khulna,Dhaka,Steadfast Courier,SKU1011,Cotton T-Shirt (V2),Apparel,4,11.62,16725.72,302.47,2025-09-11,2025-09-11,Delivered,
SHP103342,2026-02-05,Sylhet DC,Sylhet,Barisal,eCourier,SKU1027,Storage Box (V2),Home & Living,2,1.47,681.1,107.53,2026-02-07,2026-02-07,Delivered,
SHP103343,2025-11-16,Khulna DC,Khulna,Sylhet,eCourier,SKU1029,Curtain Set (V2),Home & Living,3,7.26,9363.78,193.08,2025-11-22,2025-11-25,Delivered Late,Warehouse backlog
SHP103344,2026-07-15,Dhaka Hub,Dhaka,Khulna,RedX,SKU1025,Non-stick Pan (V2),Home & Living,1,5.89,996.68,203.27,2026-07-19,2026-07-19,Delivered,
SHP103345,2026-05-05,Sylhet DC,Sylhet,Dhaka,Steadfast Courier,SKU1047,Spice Combo (V2),Grocery,4,7.02,5616.92,198.53,2026-05-09,2026-05-09,Delivered,
SHP103346,2025-12-20,Sylhet DC,Sylhet,Dhaka,Sundarban Courier,SKU1020,Bedsheet Set,Home & Living,1,11.49,3447.68,265.05,2025-12-23,2025-12-23,Delivered,
SHP103347,2026-03-14,Dhaka Hub,Dhaka,Chattogram,eCourier,SKU1027,Storage Box (V2),Home & Living,4,4.23,1362.2,170.27,2026-03-16,2026-03-16,Delivered,
SHP103348,2026-03-29,Sylhet DC,Sylhet,Khulna,Sundarban Courier,SKU1025,Non-stick Pan (V2),Home & Living,4,9.04,3986.72,307.57,2026-04-03,2026-04-03,Delivered,
SHP103349,2026-02-19,Khulna DC,Khulna,Chattogram,RedX,SKU1032,Sunscreen SPF50,Beauty,1,5.48,1567.34,173.84,2026-02-24,2026-02-24,Delivered,
SHP103350,2026-02-12,Chattogram DC,Chattogram,Sylhet,Steadfast Courier,SKU1020,Bedsheet Set,Home & Living,3,8.0,10343.04,283.65,2026-02-18,2026-02-18,Delivered,
SHP103351,2025-09-20,Sylhet DC,Sylhet,Khulna,Steadfast Courier,SKU1034,Hair Serum,Beauty,2,4.51,4385.14,167.64,2025-09-22,2025-09-25,Delivered Late,Address issue
SHP103352,2026-02-04,Chattogram DC,Chattogram,Sylhet,RedX,SKU1033,Sunscreen SPF50 (V2),Beauty,3,2.88,5284.5,130.92,2026-02-07,2026-02-07,Delivered,
SHP103353,2025-12-30,Chattogram DC,Chattogram,Dhaka,RedX,SKU1040,Basmati Rice 5kg,Grocery,1,1.19,2051.61,110.99,2026-01-04,2026-01-04,Delivered,
SHP103354,2026-06-11,Dhaka Hub,Dhaka,Chattogram,Steadfast Courier,SKU1046,Spice Combo,Grocery,4,1.4,7342.12,99.42,2026-06-14,2026-06-14,Delivered,
SHP103355,2026-06-27,Chattogram DC,Chattogram,Narayanganj,Steadfast Courier,SKU1017,Saree (V2),Apparel,3,11.52,1282.83,257.59,2026-06-29,2026-06-29,Delivered,
SHP103356,2026-05-18,Rajshahi DC,Rajshahi,Rangpur,eCourier,SKU1010,Cotton T-Shirt,Apparel,2,9.5,3525.94,302.54,2026-05-21,2026-05-21,Delivered,
SHP103357,2025-09-11,Rajshahi DC,Rajshahi,Chattogram,Pathao Courier,SKU1022,Table Lamp,Home & Living,5,3.09,21862.7,159.98,2025-09-13,2025-09-17,Delivered Late,Failed delivery attempt
SHP103358,2026-06-19,Khulna DC,Khulna,Sylhet,Sundarban Courier,SKU1047,Spice Combo (V2),Grocery,4,6.44,5616.92,192.65,2026-06-24,2026-06-24,Delivered,
SHP103359,2026-01-16,Khulna DC,Khulna,Khulna,Steadfast Courier,SKU1021,Bedsheet Set (V2),Home & Living,4,8.63,6768.76,198.1,2026-01-18,,In Transit,
SHP103360,2026-01-23,Khulna DC,Khulna,Narayanganj,eCourier,SKU1016,Saree,Apparel,1,4.36,2562.44,146.71,2026-01-28,2026-01-28,Delivered,
SHP103361,2026-07-25,Sylhet DC,Sylhet,Comilla,eCourier,SKU1004,Smartwatch,Electronics,3,5.39,1679.01,188.14,2026-07-29,2026-07-29,Delivered,
SHP103362,2026-06-28,Sylhet DC,Sylhet,Mymensingh,RedX,SKU1043,Mustard Oil 1L (V2),Grocery,4,8.68,6035.16,288.19,2026-07-03,2026-07-03,Delivered,
SHP103363,2025-09-18,Khulna DC,Khulna,Chattogram,Sundarban Courier,SKU1010,Cotton T-Shirt,Apparel,5,2.88,8814.85,133.98,2025-09-23,2025-09-23,Delivered,
SHP103364,2026-01-03,Khulna DC,Khulna,Rajshahi,Sundarban Courier,SKU1029,Curtain Set (V2),Home & Living,4,6.41,12485.04,246.79,2026-01-08,,Delayed,Address issue
SHP103365,2026-05-18,Sylhet DC,Sylhet,Rajshahi,eCourier,SKU1014,Sneakers,Apparel,1,2.68,2078.85,143.5,2026-05-22,,In Transit,
SHP103366,2026-03-06,Sylhet DC,Sylhet,Rangpur,Sundarban Courier,SKU1026,Storage Box,Home & Living,4,0.24,8720.96,81.41,2026-03-12,2026-03-12,Delivered,
SHP103367,2025-11-29,Sylhet DC,Sylhet,Comilla,RedX,SKU1034,Hair Serum,Beauty,1,8.35,2192.57,221.34,2025-12-02,2025-12-02,Delivered,
SHP103368,2026-03-01,Chattogram DC,Chattogram,Khulna,eCourier,SKU1032,Sunscreen SPF50,Beauty,2,8.55,3134.68,212.87,2026-03-05,,In Transit,
SHP103369,2026-06-27,Chattogram DC,Chattogram,Barisal,eCourier,SKU1019,Denim Jacket (V2),Apparel,5,11.95,14488.7,280.55,2026-07-02,2026-07-02,Delivered,
SHP103370,2025-11-17,Dhaka Hub,Dhaka,Sylhet,Sundarban Courier,SKU1015,Sneakers (V2),Apparel,5,2.34,5692.45,149.52,2025-11-23,,Delayed,Weather disruption
SHP103371,2026-05-17,Sylhet DC,Sylhet,Sylhet,eCourier,SKU1033,Sunscreen SPF50 (V2),Beauty,5,8.93,8807.5,237.31,2026-05-19,2026-05-19,Delivered,
SHP103372,2026-05-13,Khulna DC,Khulna,Khulna,Pathao Courier,SKU1001,Wireless Earbuds (V2),Electronics,2,11.39,4118.24,298.55,2026-05-14,2026-05-14,Delivered,
SHP103373,2026-07-04,Khulna DC,Khulna,Mymensingh,Pathao Courier,SKU1034,Hair Serum,Beauty,4,7.81,8770.28,205.84,2026-07-09,2026-07-09,Delivered,
SHP103374,2025-12-13,Rajshahi DC,Rajshahi,Rajshahi,Sundarban Courier,SKU1039,Perfume (V2),Beauty,4,11.57,12254.76,219.94,2025-12-15,2025-12-15,Delivered,
SHP103375,2025-11-14,Dhaka Hub,Dhaka,Rangpur,Pathao Courier,SKU1027,Storage Box (V2),Home & Living,2,11.93,681.1,351.95,2025-11-19,2025-11-19,Delivered,
SHP103376,2026-03-09,Khulna DC,Khulna,Rangpur,Steadfast Courier,SKU1046,Spice Combo,Grocery,5,9.66,9177.65,223.85,2026-03-12,2026-03-12,Delivered,
SHP103377,2026-03-03,Khulna DC,Khulna,Khulna,Steadfast Courier,SKU1038,Perfume,Beauty,5,11.99,5685.3,364.75,2026-03-05,,Delayed,Failed delivery attempt
SHP103378,2026-01-20,Sylhet DC,Sylhet,Narayanganj,Pathao Courier,SKU1005,Smartwatch (V2),Electronics,1,7.58,4393.96,253.56,2026-01-26,2026-01-26,Delivered,
SHP103379,2026-05-28,Chattogram DC,Chattogram,Dhaka,eCourier,SKU1008,Phone Case,Electronics,4,6.07,2829.16,186.51,2026-06-02,2026-06-02,Delivered,
SHP103380,2026-06-04,Chattogram DC,Chattogram,Comilla,RedX,SKU1019,Denim Jacket (V2),Apparel,3,11.03,8693.22,321.08,2026-06-08,2026-06-08,Delivered,
SHP103381,2025-11-25,Khulna DC,Khulna,Dhaka,eCourier,SKU1000,Wireless Earbuds,Electronics,4,10.01,14066.84,267.1,2025-11-28,2025-11-28,Delivered,
SHP103382,2026-06-03,Rajshahi DC,Rajshahi,Khulna,Steadfast Courier,SKU1007,Bluetooth Speaker (V2),Electronics,3,1.5,10708.14,134.18,2026-06-07,2026-06-07,Delivered,
SHP103383,2025-11-19,Khulna DC,Khulna,Comilla,RedX,SKU1022,Table Lamp,Home & Living,2,3.77,8745.08,174.29,2025-11-22,2025-11-22,Delivered,
SHP103384,2026-01-20,Sylhet DC,Sylhet,Rangpur,Pathao Courier,SKU1002,Power Bank,Electronics,1,3.28,3884.9,136.9,2026-01-22,2026-01-25,Delivered Late,Address issue
SHP103385,2025-09-10,Khulna DC,Khulna,Khulna,Pathao Courier,SKU1003,Power Bank (V2),Electronics,3,10.29,9550.65,285.37,2025-09-12,,In Transit,
SHP103386,2025-12-27,Dhaka Hub,Dhaka,Comilla,Sundarban Courier,SKU1024,Non-stick Pan,Home & Living,5,2.95,17679.85,131.11,2025-12-31,,Delayed,Vehicle breakdown
SHP103387,2026-07-29,Khulna DC,Khulna,Chattogram,Steadfast Courier,SKU1046,Spice Combo,Grocery,5,3.79,9177.65,131.92,2026-07-31,2026-07-31,Delivered,
SHP103388,2026-02-01,Dhaka Hub,Dhaka,Rangpur,RedX,SKU1037,Lipstick (V2),Beauty,2,6.32,4438.64,191.7,2026-02-06,2026-02-06,Delivered,
SHP103389,2026-05-04,Rajshahi DC,Rajshahi,Barisal,Sundarban Courier,SKU1014,Sneakers,Apparel,5,1.1,10394.25,83.56,2026-05-06,2026-05-06,Delivered,
SHP103390,2025-10-08,Rajshahi DC,Rajshahi,Sylhet,Pathao Courier,SKU1020,Bedsheet Set,Home & Living,2,11.54,6895.36,268.29,2025-10-12,2025-10-16,Delivered Late,Customs/checkpoint delay
SHP103391,2026-04-08,Sylhet DC,Sylhet,Narayanganj,Steadfast Courier,SKU1034,Hair Serum,Beauty,3,5.99,6577.71,247.61,2026-04-11,2026-04-11,Delivered,
SHP103392,2026-01-07,Chattogram DC,Chattogram,Mymensingh,Sundarban Courier,SKU1045,Green Tea Pack (V2),Grocery,2,2.45,7301.44,132.88,2026-01-10,,In Transit,
SHP103393,2026-05-16,Khulna DC,Khulna,Dhaka,eCourier,SKU1013,Panjabi (V2),Apparel,3,3.4,11187.03,177.44,2026-05-20,,Cancelled,
SHP103394,2026-07-19,Khulna DC,Khulna,Dhaka,RedX,SKU1035,Hair Serum (V2),Beauty,3,9.62,2922.6,220.87,2026-07-24,2026-07-24,Delivered,
SHP103395,2026-03-03,Khulna DC,Khulna,Dhaka,Pathao Courier,SKU1011,Cotton T-Shirt (V2),Apparel,4,7.68,16725.72,269.23,2026-03-07,2026-03-07,Delivered,
SHP103396,2025-10-06,Sylhet DC,Sylhet,Rajshahi,Pathao Courier,SKU1016,Saree,Apparel,3,5.68,7687.32,210.07,2025-10-11,2025-10-11,Delivered,
SHP103397,2026-02-12,Chattogram DC,Chattogram,Rajshahi,Sundarban Courier,SKU1038,Perfume,Beauty,3,4.11,3411.18,186.03,2026-02-18,2026-02-18,Delivered,
SHP103398,2025-10-13,Dhaka Hub,Dhaka,Mymensingh,Sundarban Courier,SKU1008,Phone Case,Electronics,4,10.83,2829.16,340.65,2025-10-18,2025-10-18,Delivered,
SHP103399,2026-02-03,Chattogram DC,Chattogram,Rangpur,eCourier,SKU1034,Hair Serum,Beauty,3,9.32,6577.71,298.97,2026-02-09,2026-02-09,Delivered,
SHP103400,2025-09-22,Sylhet DC,Sylhet,Dhaka,eCourier,SKU1012,Panjabi,Apparel,3,8.67,8852.43,271.6,2025-09-28,,In Transit,
SHP103401,2026-04-10,Sylhet DC,Sylhet,Rajshahi,Pathao Courier,SKU1014,Sneakers,Apparel,1,5.46,2078.85,210.88,2026-04-15,2026-04-15,Delivered,
SHP103402,2025-12-17,Sylhet DC,Sylhet,Mymensingh,RedX,SKU1017,Saree (V2),Apparel,5,11.78,2138.05,279.82,2025-12-20,2025-12-20,Delivered,
SHP103403,2025-11-09,Chattogram DC,Chattogram,Comilla,Pathao Courier,SKU1032,Sunscreen SPF50,Beauty,1,8.58,1567.34,205.93,2025-11-12,2025-11-12,Delivered,
SHP103404,2025-09-06,Rajshahi DC,Rajshahi,Sylhet,Pathao Courier,SKU1005,Smartwatch (V2),Electronics,5,5.2,21969.8,220.78,2025-09-11,2025-09-13,Delivered Late,Warehouse backlog
SHP103405,2026-07-05,Chattogram DC,Chattogram,Dhaka,eCourier,SKU1026,Storage Box,Home & Living,4,11.53,8720.96,367.52,2026-07-10,2026-07-10,Delivered,
SHP103406,2026-06-17,Rajshahi DC,Rajshahi,Chattogram,eCourier,SKU1022,Table Lamp,Home & Living,5,10.77,21862.7,312.11,2026-06-22,,In Transit,
SHP103407,2026-06-08,Chattogram DC,Chattogram,Khulna,eCourier,SKU1026,Storage Box,Home & Living,1,8.93,2180.24,296.74,2026-06-13,2026-06-13,Delivered,
SHP103408,2025-09-21,Sylhet DC,Sylhet,Rajshahi,Pathao Courier,SKU1033,Sunscreen SPF50 (V2),Beauty,2,9.25,3523.0,311.59,2025-09-26,,Delayed,Customs/checkpoint delay
SHP103409,2025-12-30,Khulna DC,Khulna,Khulna,RedX,SKU1045,Green Tea Pack (V2),Grocery,1,5.2,3650.72,149.56,2026-01-01,2026-01-06,Delivered Late,Customs/checkpoint delay
SHP103410,2026-08-03,Chattogram DC,Chattogram,Dhaka,Sundarban Courier,SKU1037,Lipstick (V2),Beauty,3,6.19,6657.96,191.54,2026-08-08,,In Transit,
SHP103411,2026-03-20,Chattogram DC,Chattogram,Khulna,Steadfast Courier,SKU1013,Panjabi (V2),Apparel,5,2.46,18645.05,142.82,2026-03-22,2026-03-25,Delivered Late,Courier capacity shortage
SHP103412,2025-10-15,Chattogram DC,Chattogram,Sylhet,RedX,SKU1035,Hair Serum (V2),Beauty,4,7.23,3896.8,215.89,2025-10-19,2025-10-19,Delivered,
SHP103413,2025-10-19,Rajshahi DC,Rajshahi,Rajshahi,Steadfast Courier,SKU1007,Bluetooth Speaker (V2),Electronics,4,4.57,14277.52,109.92,2025-10-21,2025-10-21,Delivered,
SHP103414,2025-12-01,Dhaka Hub,Dhaka,Dhaka,Pathao Courier,SKU1034,Hair Serum,Beauty,5,4.3,10962.85,158.11,2025-12-03,2025-12-07,Delivered Late,Weather disruption
SHP103415,2026-08-03,Sylhet DC,Sylhet,Mymensingh,Sundarban Courier,SKU1018,Denim Jacket,Apparel,1,11.39,3750.2,371.03,2026-08-07,2026-08-07,Delivered,
SHP103416,2025-10-29,Khulna DC,Khulna,Rajshahi,eCourier,SKU1029,Curtain Set (V2),Home & Living,4,2.14,12485.04,153.12,2025-10-31,2025-10-31,Delivered,
SHP103417,2026-07-10,Khulna DC,Khulna,Khulna,Sundarban Courier,SKU1013,Panjabi (V2),Apparel,2,9.99,7458.02,267.35,2026-07-12,2026-07-12,Delivered,
SHP103418,2026-04-23,Sylhet DC,Sylhet,Narayanganj,RedX,SKU1019,Denim Jacket (V2),Apparel,4,3.52,11590.96,127.52,2026-04-27,2026-04-27,Delivered,
SHP103419,2026-07-16,Dhaka Hub,Dhaka,Mymensingh,RedX,SKU1048,Honey Jar,Grocery,4,0.54,12475.44,109.05,2026-07-21,2026-07-21,Delivered,
SHP103420,2026-06-13,Dhaka Hub,Dhaka,Chattogram,Steadfast Courier,SKU1024,Non-stick Pan,Home & Living,4,0.68,14143.88,93.69,2026-06-16,2026-06-16,Delivered,
SHP103421,2025-12-24,Sylhet DC,Sylhet,Chattogram,Pathao Courier,SKU1039,Perfume (V2),Beauty,3,5.26,9191.07,186.62,2025-12-29,2025-12-29,Delivered,
SHP103422,2026-06-14,Rajshahi DC,Rajshahi,Dhaka,Steadfast Courier,SKU1023,Table Lamp (V2),Home & Living,4,5.56,16140.32,188.25,2026-06-18,2026-06-18,Delivered,
SHP103423,2025-10-29,Dhaka Hub,Dhaka,Barisal,Sundarban Courier,SKU1013,Panjabi (V2),Apparel,3,3.98,11187.03,178.87,2025-11-02,,In Transit,
SHP103424,2025-12-10,Rajshahi DC,Rajshahi,Khulna,Sundarban Courier,SKU1025,Non-stick Pan (V2),Home & Living,4,8.09,3986.72,232.62,2025-12-15,2025-12-15,Delivered,
SHP103425,2025-11-13,Khulna DC,Khulna,Khulna,RedX,SKU1037,Lipstick (V2),Beauty,3,5.93,6657.96,159.53,2025-11-14,,Delayed,Vehicle breakdown
SHP103426,2025-10-17,Dhaka Hub,Dhaka,Barisal,Pathao Courier,SKU1022,Table Lamp,Home & Living,2,1.07,8745.08,119.97,2025-10-21,,Cancelled,
SHP103427,2025-10-02,Chattogram DC,Chattogram,Barisal,Steadfast Courier,SKU1021,Bedsheet Set (V2),Home & Living,2,4.31,3384.38,199.58,2025-10-07,2025-10-07,Delivered,
SHP103428,2025-11-04,Chattogram DC,Chattogram,Dhaka,Steadfast Courier,SKU1047,Spice Combo (V2),Grocery,2,1.4,2808.46,122.22,2025-11-09,2025-11-09,Delivered,
SHP103429,2025-10-12,Rajshahi DC,Rajshahi,Chattogram,Steadfast Courier,SKU1018,Denim Jacket,Apparel,4,0.94,15000.8,81.42,2025-10-15,2025-10-15,Delivered,
SHP103430,2026-01-10,Sylhet DC,Sylhet,Mymensingh,Steadfast Courier,SKU1045,Green Tea Pack (V2),Grocery,5,2.66,18253.6,158.2,2026-01-16,,In Transit,
SHP103431,2025-09-25,Chattogram DC,Chattogram,Narayanganj,RedX,SKU1002,Power Bank,Electronics,1,8.47,3884.9,313.5,2025-09-28,2025-09-28,Delivered,
SHP103432,2025-09-22,Chattogram DC,Chattogram,Comilla,Sundarban Courier,SKU1041,Basmati Rice 5kg (V2),Grocery,1,8.41,3772.15,220.83,2025-09-25,2025-09-25,Delivered,
SHP103433,2026-08-09,Sylhet DC,Sylhet,Narayanganj,eCourier,SKU1018,Denim Jacket,Apparel,3,10.36,11250.6,335.56,2026-08-12,2026-08-12,Delivered,
SHP103434,2025-10-01,Dhaka Hub,Dhaka,Rajshahi,Pathao Courier,SKU1008,Phone Case,Electronics,4,9.13,2829.16,308.9,2025-10-04,2025-10-04,Delivered,
SHP103435,2025-09-26,Chattogram DC,Chattogram,Comilla,eCourier,SKU1027,Storage Box (V2),Home & Living,1,6.52,340.55,169.37,2025-09-29,2025-09-29,Delivered,
SHP103436,2025-09-11,Dhaka Hub,Dhaka,Comilla,Sundarban Courier,SKU1019,Denim Jacket (V2),Apparel,2,3.89,5795.48,183.74,2025-09-16,2025-09-16,Delivered,
SHP103437,2025-10-16,Khulna DC,Khulna,Comilla,RedX,SKU1044,Green Tea Pack,Grocery,1,0.27,3770.33,75.81,2025-10-20,,In Transit,
SHP103438,2026-03-02,Khulna DC,Khulna,Chattogram,Sundarban Courier,SKU1006,Bluetooth Speaker,Electronics,1,7.84,3460.96,291.03,2026-03-08,2026-03-08,Delivered,
SHP103439,2026-06-14,Sylhet DC,Sylhet,Chattogram,Sundarban Courier,SKU1013,Panjabi (V2),Apparel,1,3.62,3729.01,150.29,2026-06-16,2026-06-16,Delivered,
SHP103440,2026-05-13,Dhaka Hub,Dhaka,Rajshahi,Pathao Courier,SKU1008,Phone Case,Electronics,4,3.15,2829.16,163.33,2026-05-17,2026-05-17,Delivered,
SHP103441,2026-03-20,Chattogram DC,Chattogram,Barisal,Sundarban Courier,SKU1018,Denim Jacket,Apparel,5,11.7,18751.0,391.93,2026-03-22,2026-03-22,Delivered,
SHP103442,2025-09-30,Rajshahi DC,Rajshahi,Narayanganj,Sundarban Courier,SKU1046,Spice Combo,Grocery,3,2.26,5506.59,117.88,2025-10-04,2025-10-04,Delivered,
SHP103443,2026-05-26,Chattogram DC,Chattogram,Khulna,Pathao Courier,SKU1013,Panjabi (V2),Apparel,1,0.58,3729.01,112.27,2026-05-30,2026-05-30,Delivered,
SHP103444,2025-09-13,Dhaka Hub,Dhaka,Comilla,Pathao Courier,SKU1037,Lipstick (V2),Beauty,5,11.4,11096.6,279.12,2025-09-18,,Cancelled,
SHP103445,2026-04-07,Dhaka Hub,Dhaka,Comilla,RedX,SKU1035,Hair Serum (V2),Beauty,2,3.81,1948.4,133.97,2026-04-12,2026-04-12,Delivered,
SHP103446,2026-01-20,Rajshahi DC,Rajshahi,Narayanganj,Sundarban Courier,SKU1039,Perfume (V2),Beauty,1,4.84,3063.69,219.46,2026-01-23,2026-01-23,Delivered,
SHP103447,2026-07-03,Dhaka Hub,Dhaka,Chattogram,eCourier,SKU1016,Saree,Apparel,1,1.16,2562.44,118.19,2026-07-06,,In Transit,
SHP103448,2025-12-16,Sylhet DC,Sylhet,Sylhet,Pathao Courier,SKU1029,Curtain Set (V2),Home & Living,2,4.97,6242.52,162.44,2025-12-18,2025-12-18,Delivered,
SHP103449,2026-04-09,Rajshahi DC,Rajshahi,Sylhet,RedX,SKU1008,Phone Case,Electronics,4,11.67,2829.16,382.88,2026-04-12,2026-04-12,Delivered,
SHP103450,2026-01-31,Khulna DC,Khulna,Mymensingh,Pathao Courier,SKU1032,Sunscreen SPF50,Beauty,2,8.39,3134.68,208.06,2026-02-05,2026-02-05,Delivered,
SHP103451,2026-02-28,Sylhet DC,Sylhet,Rangpur,RedX,SKU1024,Non-stick Pan,Home & Living,3,5.79,10607.91,220.58,2026-03-04,2026-03-08,Delivered Late,Warehouse backlog
SHP103452,2026-07-22,Chattogram DC,Chattogram,Rajshahi,RedX,SKU1013,Panjabi (V2),Apparel,2,3.83,7458.02,199.88,2026-07-27,2026-07-27,Delivered,
SHP103453,2026-05-05,Dhaka Hub,Dhaka,Dhaka,RedX,SKU1010,Cotton T-Shirt,Apparel,5,4.52,8814.85,160.26,2026-05-07,2026-05-07,Delivered,
SHP103454,2026-01-22,Dhaka Hub,Dhaka,Barisal,Sundarban Courier,SKU1034,Hair Serum,Beauty,4,7.41,8770.28,225.97,2026-01-26,2026-01-26,Delivered,
SHP103455,2026-02-02,Rajshahi DC,Rajshahi,Mymensingh,RedX,SKU1040,Basmati Rice 5kg,Grocery,4,3.2,8206.44,134.74,2026-02-08,2026-02-11,Delivered Late,Warehouse backlog
SHP103456,2026-05-02,Dhaka Hub,Dhaka,Rajshahi,Pathao Courier,SKU1013,Panjabi (V2),Apparel,3,1.99,11187.03,136.68,2026-05-07,,In Transit,
SHP103457,2025-12-29,Dhaka Hub,Dhaka,Sylhet,Sundarban Courier,SKU1029,Curtain Set (V2),Home & Living,3,8.42,9363.78,194.44,2026-01-01,2026-01-01,Delivered,
SHP103458,2025-10-29,Rajshahi DC,Rajshahi,Barisal,Sundarban Courier,SKU1040,Basmati Rice 5kg,Grocery,5,10.46,10258.05,361.19,2025-11-03,2025-11-03,Delivered,
SHP103459,2026-02-09,Sylhet DC,Sylhet,Rangpur,RedX,SKU1003,Power Bank (V2),Electronics,4,10.84,12734.2,279.76,2026-02-13,2026-02-13,Delivered,
SHP103460,2025-09-24,Chattogram DC,Chattogram,Barisal,Sundarban Courier,SKU1003,Power Bank (V2),Electronics,5,10.13,15917.75,291.47,2025-09-29,2025-09-29,Delivered,
SHP103461,2025-10-29,Khulna DC,Khulna,Comilla,eCourier,SKU1027,Storage Box (V2),Home & Living,1,6.46,340.55,174.56,2025-11-03,2025-11-03,Delivered,
SHP103462,2026-01-24,Sylhet DC,Sylhet,Khulna,Sundarban Courier,SKU1007,Bluetooth Speaker (V2),Electronics,5,9.51,17846.9,315.87,2026-01-30,2026-01-30,Delivered,
SHP103463,2026-06-03,Rajshahi DC,Rajshahi,Rangpur,Pathao Courier,SKU1001,Wireless Earbuds (V2),Electronics,5,11.13,10295.6,388.79,2026-06-08,2026-06-08,Delivered,
SHP103464,2026-05-29,Sylhet DC,Sylhet,Comilla,Pathao Courier,SKU1040,Basmati Rice 5kg,Grocery,4,0.48,8206.44,98.38,2026-06-03,2026-06-07,Delivered Late,Courier capacity shortage
SHP103465,2025-11-30,Khulna DC,Khulna,Sylhet,Pathao Courier,SKU1045,Green Tea Pack (V2),Grocery,5,5.06,18253.6,219.45,2025-12-03,2025-12-03,Delivered,
SHP103466,2026-01-24,Rajshahi DC,Rajshahi,Sylhet,RedX,SKU1021,Bedsheet Set (V2),Home & Living,3,2.61,5076.57,133.42,2026-01-30,2026-01-30,Delivered,
SHP103467,2025-10-24,Sylhet DC,Sylhet,Dhaka,eCourier,SKU1040,Basmati Rice 5kg,Grocery,2,11.96,4103.22,296.09,2025-10-29,2025-10-29,Delivered,
SHP103468,2026-05-20,Chattogram DC,Chattogram,Khulna,eCourier,SKU1015,Sneakers (V2),Apparel,4,11.17,4553.96,357.09,2026-05-25,2026-05-29,Delivered Late,Failed delivery attempt
SHP103469,2025-11-25,Rajshahi DC,Rajshahi,Dhaka,Sundarban Courier,SKU1028,Curtain Set,Home & Living,4,9.67,3284.64,219.86,2025-11-30,2025-11-30,Delivered,
SHP103470,2026-06-04,Chattogram DC,Chattogram,Mymensingh,Pathao Courier,SKU1048,Honey Jar,Grocery,1,3.69,3118.86,143.83,2026-06-06,2026-06-06,Delivered,
SHP103471,2026-06-19,Dhaka Hub,Dhaka,Dhaka,Steadfast Courier,SKU1047,Spice Combo (V2),Grocery,2,11.43,2808.46,314.05,2026-06-21,2026-06-21,Delivered,
SHP103472,2026-04-27,Sylhet DC,Sylhet,Rangpur,Pathao Courier,SKU1029,Curtain Set (V2),Home & Living,2,0.55,6242.52,74.33,2026-05-02,2026-05-02,Delivered,
SHP103473,2025-12-24,Rajshahi DC,Rajshahi,Barisal,Sundarban Courier,SKU1011,Cotton T-Shirt (V2),Apparel,3,2.42,12544.29,150.06,2025-12-30,,Cancelled,
SHP103474,2026-07-27,Dhaka Hub,Dhaka,Narayanganj,eCourier,SKU1034,Hair Serum,Beauty,1,7.48,2192.57,220.61,2026-08-01,2026-08-01,Delivered,
SHP103475,2026-04-26,Rajshahi DC,Rajshahi,Khulna,Sundarban Courier,SKU1010,Cotton T-Shirt,Apparel,4,9.56,7051.88,235.68,2026-04-30,2026-04-30,Delivered,
SHP103476,2026-04-12,Rajshahi DC,Rajshahi,Khulna,Pathao Courier,SKU1045,Green Tea Pack (V2),Grocery,1,10.63,3650.72,281.7,2026-04-15,2026-04-15,Delivered,
SHP103477,2026-06-24,Rajshahi DC,Rajshahi,Sylhet,Pathao Courier,SKU1049,Honey Jar (V2),Grocery,5,3.75,3789.6,144.37,2026-06-28,2026-06-28,Delivered,
SHP103478,2026-07-02,Sylhet DC,Sylhet,Barisal,RedX,SKU1020,Bedsheet Set,Home & Living,4,4.81,13790.72,183.57,2026-07-06,2026-07-09,Delivered Late,Weather disruption
SHP103479,2025-09-27,Chattogram DC,Chattogram,Sylhet,Pathao Courier,SKU1020,Bedsheet Set,Home & Living,2,5.57,6895.36,186.96,2025-10-03,2025-10-03,Delivered,
SHP103480,2026-07-03,Sylhet DC,Sylhet,Chattogram,RedX,SKU1004,Smartwatch,Electronics,2,0.52,1119.34,85.76,2026-07-07,2026-07-07,Delivered,
SHP103481,2026-05-23,Dhaka Hub,Dhaka,Narayanganj,Sundarban Courier,SKU1047,Spice Combo (V2),Grocery,4,10.39,5616.92,254.69,2026-05-27,2026-05-27,Delivered,
SHP103482,2025-11-11,Rajshahi DC,Rajshahi,Rangpur,Sundarban Courier,SKU1019,Denim Jacket (V2),Apparel,1,4.19,2897.74,178.0,2025-11-15,2025-11-15,Delivered,
SHP103483,2025-12-16,Khulna DC,Khulna,Chattogram,Pathao Courier,SKU1036,Lipstick,Beauty,4,2.55,2860.64,129.18,2025-12-22,2025-12-22,Delivered,
SHP103484,2026-05-19,Sylhet DC,Sylhet,Rangpur,eCourier,SKU1002,Power Bank,Electronics,3,5.03,11654.7,183.36,2026-05-23,2026-05-27,Delivered Late,Failed delivery attempt
SHP103485,2025-11-14,Sylhet DC,Sylhet,Khulna,Sundarban Courier,SKU1043,Mustard Oil 1L (V2),Grocery,2,8.58,3017.58,275.45,2025-11-17,2025-11-17,Delivered,
SHP103486,2026-02-04,Khulna DC,Khulna,Chattogram,eCourier,SKU1032,Sunscreen SPF50,Beauty,5,10.48,7836.7,305.58,2026-02-08,2026-02-08,Delivered,
SHP103487,2026-04-27,Sylhet DC,Sylhet,Rajshahi,Sundarban Courier,SKU1008,Phone Case,Electronics,4,2.74,2829.16,112.63,2026-05-01,2026-05-01,Delivered,
SHP103488,2026-04-14,Rajshahi DC,Rajshahi,Mymensingh,Pathao Courier,SKU1008,Phone Case,Electronics,1,2.24,707.29,140.82,2026-04-17,,In Transit,
SHP103489,2026-07-12,Rajshahi DC,Rajshahi,Dhaka,Sundarban Courier,SKU1003,Power Bank (V2),Electronics,4,11.34,12734.2,380.14,2026-07-17,2026-07-17,Delivered,
SHP103490,2025-10-09,Rajshahi DC,Rajshahi,Khulna,RedX,SKU1034,Hair Serum,Beauty,3,6.7,6577.71,173.57,2025-10-12,2025-10-12,Delivered,
SHP103491,2025-12-12,Khulna DC,Khulna,Narayanganj,Sundarban Courier,SKU1016,Saree,Apparel,4,4.52,10249.76,179.42,2025-12-16,2025-12-16,Delivered,
SHP103492,2026-08-07,Khulna DC,Khulna,Khulna,eCourier,SKU1033,Sunscreen SPF50 (V2),Beauty,3,2.55,5284.5,88.86,2026-08-09,2026-08-09,Delivered,
SHP103493,2026-03-16,Chattogram DC,Chattogram,Dhaka,Steadfast Courier,SKU1023,Table Lamp (V2),Home & Living,5,11.94,20175.4,406.96,2026-03-20,2026-03-20,Delivered,
SHP103494,2025-11-26,Dhaka Hub,Dhaka,Rajshahi,eCourier,SKU1031,Face Wash (V2),Beauty,5,8.69,21793.35,235.8,2025-11-30,2025-12-04,Delivered Late,Vehicle breakdown
SHP103495,2025-12-10,Sylhet DC,Sylhet,Rangpur,RedX,SKU1000,Wireless Earbuds,Electronics,1,2.77,3516.71,138.59,2025-12-15,2025-12-15,Delivered,
SHP103496,2025-12-27,Rajshahi DC,Rajshahi,Narayanganj,RedX,SKU1007,Bluetooth Speaker (V2),Electronics,3,1.28,10708.14,93.24,2025-12-30,,Delayed,Customs/checkpoint delay
SHP103497,2026-03-11,Dhaka Hub,Dhaka,Rangpur,RedX,SKU1044,Green Tea Pack,Grocery,2,2.55,7540.66,159.63,2026-03-14,2026-03-14,Delivered,
SHP103498,2025-12-08,Sylhet DC,Sylhet,Dhaka,Sundarban Courier,SKU1022,Table Lamp,Home & Living,3,3.12,13117.62,133.52,2025-12-13,,In Transit,
SHP103499,2026-04-04,Dhaka Hub,Dhaka,Comilla,eCourier,SKU1046,Spice Combo,Grocery,1,1.51,1835.53,122.29,2026-04-10,2026-04-10,Delivered,
SHP103500,2026-02-02,Sylhet DC,Sylhet,Mymensingh,eCourier,SKU1039,Perfume (V2),Beauty,3,2.91,9191.07,145.27,2026-02-04,2026-02-04,Delivered,
SHP103501,2026-03-31,Dhaka Hub,Dhaka,Rangpur,Pathao Courier,SKU1011,Cotton T-Shirt (V2),Apparel,1,1.58,4181.43,132.84,2026-04-02,2026-04-05,Delivered Late,Failed delivery attempt
SHP103502,2025-10-24,Khulna DC,Khulna,Comilla,Steadfast Courier,SKU1011,Cotton T-Shirt (V2),Apparel,4,4.66,16725.72,201.42,2025-10-30,2025-10-30,Delivered,
SHP103503,2026-04-04,Rajshahi DC,Rajshahi,Mymensingh,eCourier,SKU1045,Green Tea Pack (V2),Grocery,3,5.94,10952.16,231.44,2026-04-07,2026-04-07,Delivered,
SHP103504,2026-07-17,Khulna DC,Khulna,Sylhet,Sundarban Courier,SKU1046,Spice Combo,Grocery,5,5.57,9177.65,220.32,2026-07-23,,In Transit,
SHP103505,2025-10-17,Khulna DC,Khulna,Rajshahi,Steadfast Courier,SKU1014,Sneakers,Apparel,5,9.98,10394.25,287.96,2025-10-22,2025-10-22,Delivered,
SHP103506,2025-12-23,Chattogram DC,Chattogram,Barisal,Pathao Courier,SKU1040,Basmati Rice 5kg,Grocery,4,3.2,8206.44,141.44,2025-12-25,,In Transit,
SHP103507,2026-04-28,Sylhet DC,Sylhet,Rajshahi,Pathao Courier,SKU1018,Denim Jacket,Apparel,3,10.67,11250.6,263.58,2026-04-30,2026-04-30,Delivered,
SHP103508,2026-04-02,Dhaka Hub,Dhaka,Rangpur,Sundarban Courier,SKU1025,Non-stick Pan (V2),Home & Living,4,10.92,3986.72,362.14,2026-04-08,2026-04-08,Delivered,
SHP103509,2026-04-22,Chattogram DC,Chattogram,Mymensingh,RedX,SKU1028,Curtain Set,Home & Living,4,11.53,3284.64,345.96,2026-04-25,2026-04-25,Delivered,
SHP103510,2026-03-13,Sylhet DC,Sylhet,Chattogram,Sundarban Courier,SKU1021,Bedsheet Set (V2),Home & Living,1,2.34,1692.19,149.0,2026-03-17,2026-03-17,Delivered,
SHP103511,2026-04-25,Khulna DC,Khulna,Barisal,Steadfast Courier,SKU1039,Perfume (V2),Beauty,2,3.1,6127.38,149.83,2026-04-28,2026-04-28,Delivered,
SHP103512,2026-03-30,Dhaka Hub,Dhaka,Dhaka,Pathao Courier,SKU1020,Bedsheet Set,Home & Living,5,7.56,17238.4,215.41,2026-04-01,2026-04-04,Delivered Late,Failed delivery attempt
SHP103513,2025-09-26,Rajshahi DC,Rajshahi,Barisal,Sundarban Courier,SKU1037,Lipstick (V2),Beauty,2,1.86,4438.64,120.93,2025-10-01,,In Transit,
SHP103514,2026-05-18,Sylhet DC,Sylhet,Rajshahi,RedX,SKU1019,Denim Jacket (V2),Apparel,1,1.21,2897.74,95.22,2026-05-23,2026-05-23,Delivered,
SHP103515,2026-02-02,Rajshahi DC,Rajshahi,Sylhet,Pathao Courier,SKU1028,Curtain Set,Home & Living,5,1.07,4105.8,113.83,2026-02-04,2026-02-04,Delivered,
SHP103516,2025-09-18,Sylhet DC,Sylhet,Narayanganj,eCourier,SKU1003,Power Bank (V2),Electronics,5,7.35,15917.75,257.95,2025-09-22,2025-09-22,Delivered,
SHP103517,2026-01-20,Sylhet DC,Sylhet,Sylhet,Sundarban Courier,SKU1006,Bluetooth Speaker,Electronics,4,9.7,13843.84,210.79,2026-01-21,2026-01-21,Delivered,
SHP103518,2026-01-29,Khulna DC,Khulna,Dhaka,Steadfast Courier,SKU1027,Storage Box (V2),Home & Living,4,3.25,1362.2,153.18,2026-02-01,2026-02-01,Delivered,
SHP103519,2025-10-01,Rajshahi DC,Rajshahi,Khulna,RedX,SKU1027,Storage Box (V2),Home & Living,2,11.22,681.1,377.48,2025-10-06,2025-10-06,Delivered,
SHP103520,2026-08-11,Dhaka Hub,Dhaka,Mymensingh,Pathao Courier,SKU1003,Power Bank (V2),Electronics,2,9.54,6367.1,327.15,2026-08-16,2026-08-13,Delivered,
SHP103521,2025-11-16,Sylhet DC,Sylhet,Dhaka,Pathao Courier,SKU1021,Bedsheet Set (V2),Home & Living,5,1.11,8460.95,94.93,2025-11-18,,Delayed,Warehouse backlog
SHP103522,2025-12-24,Dhaka Hub,Dhaka,Rajshahi,Pathao Courier,SKU1011,Cotton T-Shirt (V2),Apparel,5,5.01,20907.15,185.91,2025-12-30,,Delayed,Customs/checkpoint delay
SHP103523,2026-01-31,Sylhet DC,Sylhet,Rajshahi,Steadfast Courier,SKU1044,Green Tea Pack,Grocery,3,1.0,11310.99,95.07,2026-02-04,2026-02-04,Delivered,
SHP103524,2026-06-16,Rajshahi DC,Rajshahi,Comilla,RedX,SKU1002,Power Bank,Electronics,2,11.0,7769.8,300.2,2026-06-19,2026-06-19,Delivered,
SHP103525,2026-05-16,Rajshahi DC,Rajshahi,Dhaka,Sundarban Courier,SKU1021,Bedsheet Set (V2),Home & Living,1,8.97,1692.19,224.65,2026-05-18,2026-05-18,Delivered,
SHP103526,2026-05-25,Chattogram DC,Chattogram,Dhaka,Pathao Courier,SKU1043,Mustard Oil 1L (V2),Grocery,1,8.3,1508.79,204.42,2026-05-28,2026-05-28,Delivered,
SHP103527,2025-11-22,Chattogram DC,Chattogram,Barisal,Steadfast Courier,SKU1001,Wireless Earbuds (V2),Electronics,3,8.26,6177.36,206.28,2025-11-25,2025-11-25,Delivered,
SHP103528,2026-06-20,Sylhet DC,Sylhet,Chattogram,Pathao Courier,SKU1023,Table Lamp (V2),Home & Living,3,3.57,12105.24,138.16,2026-06-23,2026-06-23,Delivered,
SHP103529,2026-06-15,Chattogram DC,Chattogram,Mymensingh,eCourier,SKU1033,Sunscreen SPF50 (V2),Beauty,4,11.22,7046.0,281.46,2026-06-20,2026-06-22,Delivered Late,Failed delivery attempt
SHP103530,2026-02-08,Dhaka Hub,Dhaka,Sylhet,eCourier,SKU1026,Storage Box,Home & Living,5,11.09,10901.2,382.22,2026-02-13,2026-02-13,Delivered,
SHP103531,2026-03-08,Chattogram DC,Chattogram,Barisal,Sundarban Courier,SKU1040,Basmati Rice 5kg,Grocery,2,8.93,4103.22,237.69,2026-03-11,2026-03-11,Delivered,
SHP103532,2025-09-13,Sylhet DC,Sylhet,Dhaka,RedX,SKU1000,Wireless Earbuds,Electronics,1,5.73,3516.71,237.67,2025-09-18,2025-09-18,Delivered,
SHP103533,2026-05-22,Sylhet DC,Sylhet,Rangpur,Pathao Courier,SKU1007,Bluetooth Speaker (V2),Electronics,5,0.76,17846.9,98.64,2026-05-27,2026-05-27,Delivered,
SHP103534,2026-07-30,Rajshahi DC,Rajshahi,Barisal,Sundarban Courier,SKU1022,Table Lamp,Home & Living,4,0.53,17490.16,80.78,2026-08-03,2026-08-03,Delivered,
SHP103535,2026-02-11,Sylhet DC,Sylhet,Dhaka,Steadfast Courier,SKU1037,Lipstick (V2),Beauty,3,1.83,6657.96,129.64,2026-02-17,2026-02-17,Delivered,
SHP103536,2026-03-07,Chattogram DC,Chattogram,Sylhet,RedX,SKU1005,Smartwatch (V2),Electronics,1,7.23,4393.96,261.31,2026-03-10,2026-03-10,Delivered,
SHP103537,2026-02-20,Khulna DC,Khulna,Dhaka,eCourier,SKU1021,Bedsheet Set (V2),Home & Living,3,9.62,5076.57,232.61,2026-02-22,2026-02-22,Delivered,
SHP103538,2025-09-29,Khulna DC,Khulna,Dhaka,RedX,SKU1024,Non-stick Pan,Home & Living,4,11.39,14143.88,326.58,2025-10-01,2025-10-01,Delivered,
SHP103539,2026-04-03,Sylhet DC,Sylhet,Rangpur,Pathao Courier,SKU1017,Saree (V2),Apparel,5,2.27,2138.05,129.13,2026-04-06,2026-04-06,Delivered,
SHP103540,2026-05-08,Sylhet DC,Sylhet,Rajshahi,eCourier,SKU1016,Saree,Apparel,3,3.45,7687.32,131.71,2026-05-12,,In Transit,
SHP103541,2026-07-19,Chattogram DC,Chattogram,Comilla,RedX,SKU1011,Cotton T-Shirt (V2),Apparel,3,0.84,12544.29,91.05,2026-07-21,,In Transit,
SHP103542,2026-07-19,Rajshahi DC,Rajshahi,Sylhet,Pathao Courier,SKU1005,Smartwatch (V2),Electronics,2,11.87,8787.92,330.57,2026-07-23,2026-07-23,Delivered,
SHP103543,2026-02-18,Rajshahi DC,Rajshahi,Mymensingh,Sundarban Courier,SKU1025,Non-stick Pan (V2),Home & Living,3,9.41,2990.04,338.22,2026-02-24,,In Transit,
SHP103544,2026-07-29,Dhaka Hub,Dhaka,Rangpur,RedX,SKU1026,Storage Box,Home & Living,1,5.87,2180.24,195.66,2026-08-03,2026-08-03,Delivered,
SHP103545,2026-03-02,Chattogram DC,Chattogram,Rangpur,eCourier,SKU1007,Bluetooth Speaker (V2),Electronics,1,6.99,3569.38,277.3,2026-03-07,2026-03-07,Delivered,
SHP103546,2026-04-11,Chattogram DC,Chattogram,Comilla,Pathao Courier,SKU1018,Denim Jacket,Apparel,4,6.83,15000.8,178.91,2026-04-16,2026-04-16,Delivered,
SHP103547,2026-03-28,Rajshahi DC,Rajshahi,Mymensingh,Steadfast Courier,SKU1041,Basmati Rice 5kg (V2),Grocery,2,3.2,7544.3,165.48,2026-04-02,2026-04-02,Delivered,
SHP103548,2026-08-12,Dhaka Hub,Dhaka,Mymensingh,Sundarban Courier,SKU1000,Wireless Earbuds,Electronics,5,2.39,17583.55,140.48,2026-08-16,2026-08-13,Delivered,
SHP103549,2026-05-14,Chattogram DC,Chattogram,Mymensingh,Pathao Courier,SKU1028,Curtain Set,Home & Living,2,3.7,1642.32,198.25,2026-05-18,,Cancelled,
SHP103550,2025-10-12,Chattogram DC,Chattogram,Rajshahi,Pathao Courier,SKU1044,Green Tea Pack,Grocery,5,3.12,18851.65,134.78,2025-10-15,2025-10-15,Delivered,
SHP103551,2025-09-25,Sylhet DC,Sylhet,Mymensingh,eCourier,SKU1048,Honey Jar,Grocery,1,6.78,3118.86,202.71,2025-09-27,2025-09-27,Delivered,
SHP103552,2026-01-20,Chattogram DC,Chattogram,Comilla,Sundarban Courier,SKU1034,Hair Serum,Beauty,1,3.84,2192.57,170.25,2026-01-24,2026-01-24,Delivered,
SHP103553,2026-02-26,Sylhet DC,Sylhet,Mymensingh,Sundarban Courier,SKU1039,Perfume (V2),Beauty,3,8.8,9191.07,239.15,2026-03-02,,In Transit,
SHP103554,2026-04-20,Khulna DC,Khulna,Rangpur,Pathao Courier,SKU1013,Panjabi (V2),Apparel,5,6.9,18645.05,261.95,2026-04-22,2026-04-22,Delivered,
SHP103555,2026-02-14,Rajshahi DC,Rajshahi,Dhaka,RedX,SKU1034,Hair Serum,Beauty,1,6.48,2192.57,170.3,2026-02-17,,Delayed,Vehicle breakdown
SHP103556,2026-02-26,Dhaka Hub,Dhaka,Rajshahi,eCourier,SKU1047,Spice Combo (V2),Grocery,3,11.43,4212.69,275.73,2026-03-03,2026-03-03,Delivered,
SHP103557,2026-07-16,Dhaka Hub,Dhaka,Dhaka,Sundarban Courier,SKU1044,Green Tea Pack,Grocery,2,4.0,7540.66,114.48,2026-07-18,2026-07-20,Delivered Late,Customs/checkpoint delay
SHP103558,2025-12-25,Dhaka Hub,Dhaka,Chattogram,Steadfast Courier,SKU1019,Denim Jacket (V2),Apparel,4,7.7,11590.96,270.73,2025-12-29,2025-12-29,Delivered,
SHP103559,2026-02-18,Rajshahi DC,Rajshahi,Khulna,Pathao Courier,SKU1048,Honey Jar,Grocery,3,0.2,9356.58,88.29,2026-02-21,2026-02-21,Delivered,
SHP103560,2026-03-12,Khulna DC,Khulna,Rajshahi,Pathao Courier,SKU1012,Panjabi,Apparel,4,8.9,11803.24,290.94,2026-03-15,2026-03-15,Delivered,
SHP103561,2026-02-10,Sylhet DC,Sylhet,Barisal,RedX,SKU1037,Lipstick (V2),Beauty,2,6.13,4438.64,177.75,2026-02-15,2026-02-15,Delivered,
SHP103562,2026-08-01,Khulna DC,Khulna,Narayanganj,eCourier,SKU1048,Honey Jar,Grocery,2,2.66,6237.72,123.73,2026-08-03,2026-08-03,Delivered,
SHP103563,2026-07-30,Sylhet DC,Sylhet,Mymensingh,Pathao Courier,SKU1045,Green Tea Pack (V2),Grocery,4,0.22,14602.88,88.17,2026-08-02,2026-08-02,Delivered,
SHP103564,2026-02-25,Chattogram DC,Chattogram,Rajshahi,RedX,SKU1048,Honey Jar,Grocery,2,8.54,6237.72,254.07,2026-03-03,2026-03-03,Delivered,
SHP103565,2026-02-03,Sylhet DC,Sylhet,Khulna,Sundarban Courier,SKU1007,Bluetooth Speaker (V2),Electronics,4,8.02,14277.52,226.12,2026-02-07,2026-02-07,Delivered,
SHP103566,2026-03-23,Khulna DC,Khulna,Mymensingh,RedX,SKU1042,Mustard Oil 1L,Grocery,1,8.05,3196.15,270.77,2026-03-27,2026-03-27,Delivered,
SHP103567,2025-11-02,Dhaka Hub,Dhaka,Sylhet,RedX,SKU1019,Denim Jacket (V2),Apparel,2,5.36,5795.48,202.19,2025-11-07,2025-11-07,Delivered,
SHP103568,2026-01-26,Khulna DC,Khulna,Comilla,Steadfast Courier,SKU1032,Sunscreen SPF50,Beauty,1,7.74,1567.34,265.12,2026-01-29,2026-02-01,Delivered Late,Weather disruption
SHP103569,2025-11-15,Sylhet DC,Sylhet,Mymensingh,Sundarban Courier,SKU1025,Non-stick Pan (V2),Home & Living,1,6.94,996.68,205.84,2025-11-18,2025-11-18,Returned,
SHP103570,2025-10-20,Dhaka Hub,Dhaka,Rangpur,RedX,SKU1038,Perfume,Beauty,2,3.02,2274.12,168.33,2025-10-24,2025-10-24,Delivered,
SHP103571,2025-10-03,Chattogram DC,Chattogram,Sylhet,RedX,SKU1020,Bedsheet Set,Home & Living,3,6.32,10343.04,249.09,2025-10-06,2025-10-06,Delivered,
SHP103572,2026-03-23,Sylhet DC,Sylhet,Rangpur,Sundarban Courier,SKU1048,Honey Jar,Grocery,1,6.27,3118.86,250.13,2026-03-26,,Cancelled,
SHP103573,2025-09-01,Chattogram DC,Chattogram,Comilla,Pathao Courier,SKU1041,Basmati Rice 5kg (V2),Grocery,1,9.92,3772.15,319.18,2025-09-05,,Delayed,Failed delivery attempt
SHP103574,2026-04-12,Chattogram DC,Chattogram,Dhaka,Steadfast Courier,SKU1042,Mustard Oil 1L,Grocery,5,5.32,15980.75,182.69,2026-04-14,,Delayed,Warehouse backlog
SHP103575,2026-01-28,Khulna DC,Khulna,Chattogram,Pathao Courier,SKU1040,Basmati Rice 5kg,Grocery,3,5.35,6154.83,215.32,2026-01-31,2026-01-31,Delivered,
SHP103576,2026-01-05,Sylhet DC,Sylhet,Barisal,eCourier,SKU1008,Phone Case,Electronics,4,11.82,2829.16,332.07,2026-01-09,2026-01-09,Delivered,
SHP103577,2026-05-25,Sylhet DC,Sylhet,Khulna,Pathao Courier,SKU1023,Table Lamp (V2),Home & Living,4,10.75,16140.32,294.22,2026-05-29,,Delayed,Courier capacity shortage
SHP103578,2026-03-06,Khulna DC,Khulna,Mymensingh,eCourier,SKU1036,Lipstick,Beauty,1,3.06,715.16,151.02,2026-03-10,2026-03-10,Delivered,
SHP103579,2026-05-12,Dhaka Hub,Dhaka,Rajshahi,Pathao Courier,SKU1048,Honey Jar,Grocery,4,10.94,12475.44,356.86,2026-05-14,2026-05-14,Delivered,
SHP103580,2026-05-04,Chattogram DC,Chattogram,Narayanganj,Steadfast Courier,SKU1040,Basmati Rice 5kg,Grocery,5,1.83,10258.05,117.39,2026-05-09,2026-05-09,Returned,
SHP103581,2025-09-12,Dhaka Hub,Dhaka,Sylhet,RedX,SKU1016,Saree,Apparel,3,10.27,7687.32,363.48,2025-09-17,,In Transit,
SHP103582,2025-11-14,Rajshahi DC,Rajshahi,Khulna,Pathao Courier,SKU1023,Table Lamp (V2),Home & Living,5,2.36,20175.4,141.79,2025-11-18,2025-11-18,Delivered,
SHP103583,2026-03-17,Dhaka Hub,Dhaka,Dhaka,RedX,SKU1020,Bedsheet Set,Home & Living,5,5.22,17238.4,144.63,2026-03-19,2026-03-19,Delivered,
SHP103584,2026-08-04,Rajshahi DC,Rajshahi,Sylhet,RedX,SKU1038,Perfume,Beauty,3,11.81,3411.18,409.66,2026-08-08,,In Transit,
SHP103585,2025-10-24,Dhaka Hub,Dhaka,Sylhet,Sundarban Courier,SKU1040,Basmati Rice 5kg,Grocery,1,1.35,2051.61,126.9,2025-10-26,2025-10-26,Delivered,
SHP103586,2025-10-07,Chattogram DC,Chattogram,Mymensingh,Pathao Courier,SKU1038,Perfume,Beauty,4,10.11,4548.24,351.78,2025-10-11,2025-10-11,Delivered,
SHP103587,2026-07-23,Khulna DC,Khulna,Khulna,eCourier,SKU1012,Panjabi,Apparel,5,6.04,14754.05,194.39,2026-07-25,2026-07-25,Delivered,
SHP103588,2026-08-01,Rajshahi DC,Rajshahi,Sylhet,eCourier,SKU1010,Cotton T-Shirt,Apparel,3,1.51,5288.91,111.42,2026-08-06,2026-08-06,Delivered,
SHP103589,2025-10-28,Dhaka Hub,Dhaka,Khulna,Sundarban Courier,SKU1045,Green Tea Pack (V2),Grocery,5,11.44,18253.6,390.59,2025-10-31,2025-11-03,Delivered Late,Customs/checkpoint delay
SHP103590,2026-01-17,Chattogram DC,Chattogram,Barisal,Steadfast Courier,SKU1018,Denim Jacket,Apparel,3,6.68,11250.6,208.68,2026-01-20,,Cancelled,
SHP103591,2026-04-05,Rajshahi DC,Rajshahi,Mymensingh,Pathao Courier,SKU1010,Cotton T-Shirt,Apparel,3,10.59,5288.91,357.24,2026-04-11,2026-04-11,Delivered,
SHP103592,2025-11-07,Chattogram DC,Chattogram,Narayanganj,Pathao Courier,SKU1012,Panjabi,Apparel,5,10.46,14754.05,340.9,2025-11-10,2025-11-10,Delivered,
SHP103593,2025-12-22,Chattogram DC,Chattogram,Dhaka,RedX,SKU1045,Green Tea Pack (V2),Grocery,1,0.37,3650.72,76.39,2025-12-27,2025-12-27,Delivered,
SHP103594,2026-01-15,Khulna DC,Khulna,Comilla,Pathao Courier,SKU1044,Green Tea Pack,Grocery,3,3.33,11310.99,164.78,2026-01-18,2026-01-18,Delivered,
SHP103595,2026-04-10,Dhaka Hub,Dhaka,Khulna,Pathao Courier,SKU1000,Wireless Earbuds,Electronics,1,4.18,3516.71,158.72,2026-04-16,,Delayed,Warehouse backlog
SHP103596,2025-12-16,Rajshahi DC,Rajshahi,Comilla,RedX,SKU1039,Perfume (V2),Beauty,4,6.51,12254.76,215.45,2025-12-19,2025-12-19,Delivered,
SHP103597,2026-01-21,Rajshahi DC,Rajshahi,Dhaka,Sundarban Courier,SKU1043,Mustard Oil 1L (V2),Grocery,5,1.05,7543.95,123.54,2026-01-26,,Delayed,Warehouse backlog
SHP103598,2025-12-10,Rajshahi DC,Rajshahi,Rangpur,Pathao Courier,SKU1018,Denim Jacket,Apparel,5,4.79,18751.0,179.04,2025-12-14,,In Transit,
SHP103599,2026-05-21,Chattogram DC,Chattogram,Narayanganj,eCourier,SKU1011,Cotton T-Shirt (V2),Apparel,2,9.81,8362.86,271.26,2026-05-27,2026-05-27,Delivered,
SHP103600,2025-10-23,Dhaka Hub,Dhaka,Dhaka,RedX,SKU1007,Bluetooth Speaker (V2),Electronics,4,2.24,14277.52,81.01,2025-10-25,2025-10-25,Delivered,
SHP103601,2025-11-19,Sylhet DC,Sylhet,Mymensingh,eCourier,SKU1007,Bluetooth Speaker (V2),Electronics,5,8.48,17846.9,242.38,2025-11-24,,Cancelled,
SHP103602,2025-11-26,Chattogram DC,Chattogram,Chattogram,RedX,SKU1044,Green Tea Pack,Grocery,5,5.63,18851.65,190.2,2025-11-27,2025-11-27,Delivered,
SHP103603,2026-07-11,Rajshahi DC,Rajshahi,Narayanganj,Sundarban Courier,SKU1011,Cotton T-Shirt (V2),Apparel,3,1.03,12544.29,115.68,2026-07-15,,In Transit,
SHP103604,2026-07-24,Khulna DC,Khulna,Mymensingh,Pathao Courier,SKU1047,Spice Combo (V2),Grocery,1,2.29,1404.23,132.79,2026-07-29,2026-07-29,Delivered,
SHP103605,2026-02-21,Rajshahi DC,Rajshahi,Narayanganj,eCourier,SKU1032,Sunscreen SPF50,Beauty,3,1.86,4702.02,125.78,2026-02-26,2026-02-26,Delivered,
SHP103606,2025-10-25,Khulna DC,Khulna,Comilla,Pathao Courier,SKU1044,Green Tea Pack,Grocery,4,7.51,15081.32,289.4,2025-10-31,2025-10-31,Delivered,
SHP103607,2026-05-20,Khulna DC,Khulna,Khulna,Pathao Courier,SKU1025,Non-stick Pan (V2),Home & Living,4,1.23,3986.72,71.11,2026-05-22,2026-05-22,Delivered,
SHP103608,2026-02-18,Dhaka Hub,Dhaka,Rajshahi,eCourier,SKU1038,Perfume,Beauty,2,9.91,2274.12,263.94,2026-02-21,2026-02-21,Delivered,
SHP103609,2026-06-22,Dhaka Hub,Dhaka,Rangpur,eCourier,SKU1027,Storage Box (V2),Home & Living,2,9.72,681.1,269.17,2026-06-25,2026-06-25,Delivered,
SHP103610,2026-01-03,Dhaka Hub,Dhaka,Chattogram,RedX,SKU1004,Smartwatch,Electronics,4,1.14,2238.68,92.56,2026-01-06,2026-01-06,Delivered,
SHP103611,2026-08-12,Sylhet DC,Sylhet,Khulna,Pathao Courier,SKU1007,Bluetooth Speaker (V2),Electronics,3,10.68,10708.14,371.83,2026-08-17,2026-08-13,Delivered,
SHP103612,2026-06-07,Chattogram DC,Chattogram,Dhaka,Pathao Courier,SKU1024,Non-stick Pan,Home & Living,3,11.52,10607.91,301.71,2026-06-11,2026-06-11,Delivered,
SHP103613,2025-11-17,Rajshahi DC,Rajshahi,Comilla,Sundarban Courier,SKU1026,Storage Box,Home & Living,5,0.71,10901.2,104.39,2025-11-19,,Delayed,Address issue
SHP103614,2026-05-10,Dhaka Hub,Dhaka,Sylhet,eCourier,SKU1045,Green Tea Pack (V2),Grocery,1,11.41,3650.72,388.06,2026-05-15,,In Transit,
SHP103615,2025-12-09,Rajshahi DC,Rajshahi,Rajshahi,Sundarban Courier,SKU1022,Table Lamp,Home & Living,2,3.5,8745.08,103.95,2025-12-11,2025-12-11,Delivered,
SHP103616,2025-12-31,Khulna DC,Khulna,Rajshahi,Pathao Courier,SKU1029,Curtain Set (V2),Home & Living,5,8.04,15606.3,266.78,2026-01-04,,Cancelled,
SHP103617,2025-11-26,Dhaka Hub,Dhaka,Khulna,Pathao Courier,SKU1044,Green Tea Pack,Grocery,5,2.26,18851.65,130.59,2025-11-30,2025-11-30,Delivered,
SHP103618,2026-04-25,Dhaka Hub,Dhaka,Mymensingh,RedX,SKU1046,Spice Combo,Grocery,2,9.85,3671.06,229.44,2026-04-29,2026-04-29,Delivered,
SHP103619,2025-11-30,Chattogram DC,Chattogram,Narayanganj,RedX,SKU1022,Table Lamp,Home & Living,5,10.13,21862.7,321.34,2025-12-03,2025-12-03,Delivered,
SHP103620,2026-04-10,Chattogram DC,Chattogram,Barisal,Pathao Courier,SKU1048,Honey Jar,Grocery,2,11.74,6237.72,298.56,2026-04-15,,In Transit,
SHP103621,2026-03-21,Chattogram DC,Chattogram,Comilla,Pathao Courier,SKU1046,Spice Combo,Grocery,1,11.91,1835.53,332.66,2026-03-26,2026-03-26,Delivered,
SHP103622,2026-05-18,Sylhet DC,Sylhet,Chattogram,Pathao Courier,SKU1019,Denim Jacket (V2),Apparel,2,1.1,5795.48,95.32,2026-05-23,,In Transit,
SHP103623,2026-08-10,Dhaka Hub,Dhaka,Narayanganj,Pathao Courier,SKU1017,Saree (V2),Apparel,3,7.96,1282.83,284.14,2026-08-16,2026-08-13,Delivered,
SHP103624,2025-09-04,Dhaka Hub,Dhaka,Chattogram,RedX,SKU1017,Saree (V2),Apparel,1,3.42,427.61,132.63,2025-09-07,2025-09-07,Delivered,
SHP103625,2026-08-09,Khulna DC,Khulna,Dhaka,Pathao Courier,SKU1001,Wireless Earbuds (V2),Electronics,1,1.68,2059.12,114.51,2026-08-12,2026-08-12,Delivered,
SHP103626,2025-10-08,Rajshahi DC,Rajshahi,Dhaka,RedX,SKU1003,Power Bank (V2),Electronics,4,1.96,12734.2,113.61,2025-10-10,2025-10-10,Delivered,
SHP103627,2026-03-02,Chattogram DC,Chattogram,Sylhet,eCourier,SKU1029,Curtain Set (V2),Home & Living,4,11.25,12485.04,247.57,2026-03-07,2026-03-07,Delivered,
SHP103628,2025-12-27,Rajshahi DC,Rajshahi,Comilla,Steadfast Courier,SKU1032,Sunscreen SPF50,Beauty,4,8.27,6269.36,306.35,2025-12-30,,In Transit,
SHP103629,2026-04-10,Chattogram DC,Chattogram,Khulna,Steadfast Courier,SKU1035,Hair Serum (V2),Beauty,5,0.8,4871.0,102.63,2026-04-16,2026-04-16,Delivered,
SHP103630,2026-05-08,Chattogram DC,Chattogram,Mymensingh,Pathao Courier,SKU1017,Saree (V2),Apparel,2,11.81,855.22,293.61,2026-05-12,2026-05-12,Delivered,
SHP103631,2026-06-25,Dhaka Hub,Dhaka,Rajshahi,Pathao Courier,SKU1036,Lipstick,Beauty,5,9.73,3575.8,239.51,2026-06-30,2026-07-02,Delivered Late,Vehicle breakdown
SHP103632,2026-01-18,Sylhet DC,Sylhet,Chattogram,Sundarban Courier,SKU1018,Denim Jacket,Apparel,2,3.85,7500.4,146.49,2026-01-22,2026-01-22,Delivered,
SHP103633,2026-07-20,Sylhet DC,Sylhet,Rajshahi,eCourier,SKU1046,Spice Combo,Grocery,5,5.76,9177.65,183.73,2026-07-25,,In Transit,
SHP103634,2025-12-21,Khulna DC,Khulna,Sylhet,Pathao Courier,SKU1027,Storage Box (V2),Home & Living,4,8.77,1362.2,280.03,2025-12-25,2025-12-25,Delivered,
SHP103635,2025-11-10,Dhaka Hub,Dhaka,Sylhet,Sundarban Courier,SKU1039,Perfume (V2),Beauty,2,8.18,6127.38,275.39,2025-11-14,2025-11-14,Delivered,
SHP103636,2026-01-10,Dhaka Hub,Dhaka,Barisal,Sundarban Courier,SKU1019,Denim Jacket (V2),Apparel,2,5.66,5795.48,176.84,2026-01-15,2026-01-15,Delivered,
SHP103637,2026-03-02,Sylhet DC,Sylhet,Mymensingh,Pathao Courier,SKU1048,Honey Jar,Grocery,3,6.25,9356.58,190.93,2026-03-05,2026-03-05,Delivered,
SHP103638,2026-04-20,Dhaka Hub,Dhaka,Barisal,eCourier,SKU1032,Sunscreen SPF50,Beauty,3,0.71,4702.02,89.57,2026-04-26,2026-04-26,Delivered,
SHP103639,2026-06-16,Dhaka Hub,Dhaka,Sylhet,RedX,SKU1011,Cotton T-Shirt (V2),Apparel,2,6.11,8362.86,238.14,2026-06-21,2026-06-21,Delivered,
SHP103640,2025-11-17,Khulna DC,Khulna,Mymensingh,RedX,SKU1014,Sneakers,Apparel,2,4.21,4157.7,157.81,2025-11-22,2025-11-22,Delivered,
SHP103641,2025-12-14,Rajshahi DC,Rajshahi,Rangpur,Steadfast Courier,SKU1040,Basmati Rice 5kg,Grocery,5,3.56,10258.05,150.46,2025-12-17,2025-12-17,Delivered,
SHP103642,2026-07-22,Sylhet DC,Sylhet,Sylhet,Pathao Courier,SKU1038,Perfume,Beauty,4,3.38,4548.24,132.6,2026-07-23,2026-07-23,Delivered,
SHP103643,2026-01-31,Dhaka Hub,Dhaka,Comilla,Pathao Courier,SKU1001,Wireless Earbuds (V2),Electronics,1,7.86,2059.12,188.13,2026-02-02,2026-02-02,Delivered,
SHP103644,2025-11-23,Rajshahi DC,Rajshahi,Comilla,Sundarban Courier,SKU1028,Curtain Set,Home & Living,4,5.27,3284.64,167.17,2025-11-28,2025-11-29,Delivered Late,Courier capacity shortage
SHP103645,2026-08-08,Sylhet DC,Sylhet,Rangpur,RedX,SKU1040,Basmati Rice 5kg,Grocery,1,5.22,2051.61,222.93,2026-08-11,2026-08-11,Delivered,
SHP103646,2026-02-03,Khulna DC,Khulna,Sylhet,RedX,SKU1009,Phone Case (V2),Electronics,3,2.08,6327.54,131.47,2026-02-09,2026-02-09,Delivered,
SHP103647,2026-08-07,Dhaka Hub,Dhaka,Khulna,Pathao Courier,SKU1001,Wireless Earbuds (V2),Electronics,1,11.55,2059.12,288.67,2026-08-13,2026-08-13,Delivered,
SHP103648,2026-07-16,Sylhet DC,Sylhet,Rajshahi,Steadfast Courier,SKU1010,Cotton T-Shirt,Apparel,4,2.84,7051.88,141.21,2026-07-18,2026-07-18,Delivered,
SHP103649,2026-07-11,Dhaka Hub,Dhaka,Chattogram,Sundarban Courier,SKU1012,Panjabi,Apparel,1,4.99,2950.81,186.03,2026-07-16,2026-07-16,Delivered,
SHP103650,2026-03-21,Khulna DC,Khulna,Khulna,Sundarban Courier,SKU1009,Phone Case (V2),Electronics,2,2.44,4218.36,89.42,2026-03-23,,In Transit,
SHP103651,2026-06-04,Chattogram DC,Chattogram,Chattogram,RedX,SKU1013,Panjabi (V2),Apparel,1,8.5,3729.01,241.48,2026-06-05,2026-06-05,Delivered,
SHP103652,2026-07-30,Rajshahi DC,Rajshahi,Chattogram,Steadfast Courier,SKU1017,Saree (V2),Apparel,1,5.35,427.61,186.04,2026-08-02,2026-08-02,Delivered,
SHP103653,2025-12-03,Dhaka Hub,Dhaka,Mymensingh,RedX,SKU1008,Phone Case,Electronics,1,5.08,707.29,228.18,2025-12-08,2025-12-08,Delivered,
SHP103654,2025-09-14,Khulna DC,Khulna,Chattogram,Steadfast Courier,SKU1038,Perfume,Beauty,3,10.53,3411.18,295.69,2025-09-20,2025-09-20,Delivered,
SHP103655,2025-12-21,Dhaka Hub,Dhaka,Rajshahi,Pathao Courier,SKU1027,Storage Box (V2),Home & Living,5,9.16,1702.75,289.91,2025-12-23,,In Transit,
SHP103656,2026-04-09,Khulna DC,Khulna,Rajshahi,RedX,SKU1002,Power Bank,Electronics,2,6.33,7769.8,238.08,2026-04-12,2026-04-12,Delivered,
SHP103657,2026-03-09,Sylhet DC,Sylhet,Dhaka,eCourier,SKU1019,Denim Jacket (V2),Apparel,4,5.73,11590.96,193.78,2026-03-13,2026-03-15,Delivered Late,Failed delivery attempt
SHP103658,2025-09-28,Rajshahi DC,Rajshahi,Comilla,RedX,SKU1005,Smartwatch (V2),Electronics,3,11.53,13181.88,345.08,2025-10-02,2025-10-02,Delivered,
SHP103659,2026-03-14,Khulna DC,Khulna,Narayanganj,Sundarban Courier,SKU1026,Storage Box,Home & Living,2,11.49,4360.48,273.7,2026-03-16,2026-03-16,Delivered,
SHP103660,2025-10-31,Chattogram DC,Chattogram,Rangpur,Steadfast Courier,SKU1001,Wireless Earbuds (V2),Electronics,1,8.52,2059.12,295.56,2025-11-05,2025-11-05,Delivered,
SHP103661,2026-02-22,Dhaka Hub,Dhaka,Rangpur,Pathao Courier,SKU1028,Curtain Set,Home & Living,4,9.17,3284.64,295.06,2026-02-28,2026-02-28,Delivered,
SHP103662,2026-03-19,Sylhet DC,Sylhet,Sylhet,Sundarban Courier,SKU1037,Lipstick (V2),Beauty,1,10.81,2219.32,320.11,2026-03-21,2026-03-21,Delivered,
SHP103663,2026-04-09,Sylhet DC,Sylhet,Comilla,Steadfast Courier,SKU1002,Power Bank,Electronics,3,11.58,11654.7,361.63,2026-04-14,2026-04-14,Delivered,
SHP103664,2026-01-21,Dhaka Hub,Dhaka,Mymensingh,Steadfast Courier,SKU1015,Sneakers (V2),Apparel,1,1.17,1138.49,114.33,2026-01-26,2026-01-26,Delivered,
SHP103665,2026-01-20,Sylhet DC,Sylhet,Rajshahi,Steadfast Courier,SKU1029,Curtain Set (V2),Home & Living,4,11.97,12485.04,367.4,2026-01-24,2026-01-24,Delivered,
SHP103666,2026-04-23,Chattogram DC,Chattogram,Mymensingh,Steadfast Courier,SKU1039,Perfume (V2),Beauty,5,8.5,15318.45,259.48,2026-04-28,2026-04-28,Delivered,
SHP103667,2026-05-18,Chattogram DC,Chattogram,Narayanganj,Pathao Courier,SKU1001,Wireless Earbuds (V2),Electronics,2,7.19,4118.24,232.9,2026-05-22,2026-05-22,Delivered,
SHP103668,2026-06-07,Dhaka Hub,Dhaka,Rangpur,Steadfast Courier,SKU1016,Saree,Apparel,2,5.08,5124.88,151.74,2026-06-11,,In Transit,
SHP103669,2025-12-25,Chattogram DC,Chattogram,Chattogram,Sundarban Courier,SKU1040,Basmati Rice 5kg,Grocery,3,4.17,6154.83,108.01,2025-12-27,2025-12-27,Delivered,
SHP103670,2026-01-25,Chattogram DC,Chattogram,Khulna,RedX,SKU1011,Cotton T-Shirt (V2),Apparel,3,9.69,12544.29,319.74,2026-01-30,2026-01-30,Delivered,
SHP103671,2025-12-24,Dhaka Hub,Dhaka,Chattogram,Sundarban Courier,SKU1034,Hair Serum,Beauty,2,7.92,4385.14,298.08,2025-12-27,2025-12-27,Delivered,
SHP103672,2026-03-02,Sylhet DC,Sylhet,Khulna,eCourier,SKU1042,Mustard Oil 1L,Grocery,2,2.57,6392.3,141.0,2026-03-05,2026-03-05,Delivered,
SHP103673,2025-10-15,Chattogram DC,Chattogram,Comilla,RedX,SKU1000,Wireless Earbuds,Electronics,1,7.4,3516.71,191.91,2025-10-19,2025-10-19,Delivered,
SHP103674,2026-01-27,Dhaka Hub,Dhaka,Chattogram,eCourier,SKU1044,Green Tea Pack,Grocery,2,1.87,7540.66,99.51,2026-01-31,2026-01-31,Delivered,
SHP103675,2025-11-05,Sylhet DC,Sylhet,Comilla,Pathao Courier,SKU1014,Sneakers,Apparel,3,6.06,6236.55,166.55,2025-11-08,2025-11-08,Delivered,
SHP103676,2026-03-04,Dhaka Hub,Dhaka,Sylhet,Pathao Courier,SKU1025,Non-stick Pan (V2),Home & Living,4,7.08,3986.72,279.37,2026-03-07,2026-03-07,Delivered,
SHP103677,2026-06-22,Rajshahi DC,Rajshahi,Rajshahi,Sundarban Courier,SKU1036,Lipstick,Beauty,4,7.7,2860.64,199.76,2026-06-23,2026-06-23,Delivered,
SHP103678,2026-08-07,Sylhet DC,Sylhet,Barisal,Pathao Courier,SKU1020,Bedsheet Set,Home & Living,3,1.91,10343.04,113.64,2026-08-11,2026-08-11,Delivered,
SHP103679,2026-02-02,Rajshahi DC,Rajshahi,Chattogram,RedX,SKU1048,Honey Jar,Grocery,4,1.33,12475.44,108.02,2026-02-06,2026-02-06,Delivered,
SHP103680,2025-09-20,Rajshahi DC,Rajshahi,Chattogram,Sundarban Courier,SKU1030,Face Wash,Beauty,3,3.25,10169.16,133.83,2025-09-25,2025-09-25,Delivered,
SHP103681,2025-11-18,Rajshahi DC,Rajshahi,Khulna,RedX,SKU1024,Non-stick Pan,Home & Living,2,7.36,7071.94,261.82,2025-11-23,,In Transit,
SHP103682,2025-10-07,Sylhet DC,Sylhet,Dhaka,Pathao Courier,SKU1022,Table Lamp,Home & Living,2,11.19,8745.08,268.81,2025-10-09,2025-10-09,Delivered,
SHP103683,2026-05-21,Sylhet DC,Sylhet,Mymensingh,Pathao Courier,SKU1023,Table Lamp (V2),Home & Living,3,9.39,12105.24,290.71,2026-05-25,2026-05-25,Delivered,
SHP103684,2026-08-07,Khulna DC,Khulna,Barisal,RedX,SKU1037,Lipstick (V2),Beauty,2,9.0,4438.64,322.35,2026-08-10,,Delayed,Customs/checkpoint delay
SHP103685,2026-03-11,Dhaka Hub,Dhaka,Comilla,Sundarban Courier,SKU1027,Storage Box (V2),Home & Living,4,4.1,1362.2,149.84,2026-03-15,2026-03-15,Delivered,
SHP103686,2025-11-01,Rajshahi DC,Rajshahi,Comilla,Pathao Courier,SKU1020,Bedsheet Set,Home & Living,1,1.52,3447.68,87.9,2025-11-06,2025-11-06,Delivered,
SHP103687,2025-09-08,Chattogram DC,Chattogram,Khulna,Pathao Courier,SKU1042,Mustard Oil 1L,Grocery,1,10.72,3196.15,302.67,2025-09-10,2025-09-13,Delivered Late,Customs/checkpoint delay
SHP103688,2026-08-04,Dhaka Hub,Dhaka,Comilla,Pathao Courier,SKU1017,Saree (V2),Apparel,3,6.11,1282.83,237.9,2026-08-08,2026-08-08,Delivered,
SHP103689,2025-12-19,Chattogram DC,Chattogram,Dhaka,RedX,SKU1035,Hair Serum (V2),Beauty,1,1.39,974.2,106.67,2025-12-22,2025-12-22,Delivered,
SHP103690,2025-10-09,Chattogram DC,Chattogram,Rajshahi,Pathao Courier,SKU1034,Hair Serum,Beauty,1,6.51,2192.57,180.31,2025-10-13,2025-10-13,Delivered,
SHP103691,2025-11-01,Dhaka Hub,Dhaka,Rangpur,Sundarban Courier,SKU1044,Green Tea Pack,Grocery,2,8.17,7540.66,299.67,2025-11-03,2025-11-03,Delivered,
SHP103692,2025-11-28,Khulna DC,Khulna,Rajshahi,RedX,SKU1008,Phone Case,Electronics,1,3.97,707.29,169.46,2025-12-03,2025-12-03,Delivered,
SHP103693,2026-04-15,Dhaka Hub,Dhaka,Mymensingh,RedX,SKU1037,Lipstick (V2),Beauty,2,0.31,4438.64,105.25,2026-04-19,2026-04-19,Delivered,
SHP103694,2026-07-06,Rajshahi DC,Rajshahi,Comilla,RedX,SKU1029,Curtain Set (V2),Home & Living,3,7.53,9363.78,199.2,2026-07-09,2026-07-09,Delivered,
SHP103695,2025-12-05,Sylhet DC,Sylhet,Rajshahi,Pathao Courier,SKU1043,Mustard Oil 1L (V2),Grocery,2,0.67,3017.58,99.2,2025-12-10,2025-12-10,Delivered,
SHP103696,2026-04-26,Khulna DC,Khulna,Sylhet,Steadfast Courier,SKU1033,Sunscreen SPF50 (V2),Beauty,5,5.31,8807.5,223.32,2026-04-28,2026-04-28,Delivered,
SHP103697,2025-09-23,Chattogram DC,Chattogram,Barisal,Sundarban Courier,SKU1031,Face Wash (V2),Beauty,1,9.93,4358.67,319.62,2025-09-27,2025-09-27,Delivered,
SHP103698,2025-09-04,Dhaka Hub,Dhaka,Comilla,Sundarban Courier,SKU1002,Power Bank,Electronics,4,11.99,15539.6,288.57,2025-09-08,,In Transit,
SHP103699,2025-09-20,Dhaka Hub,Dhaka,Narayanganj,Steadfast Courier,SKU1002,Power Bank,Electronics,3,4.57,11654.7,142.93,2025-09-22,2025-09-24,Delivered Late,Address issue
SHP103700,2026-07-17,Khulna DC,Khulna,Comilla,RedX,SKU1027,Storage Box (V2),Home & Living,4,0.44,1362.2,84.51,2026-07-20,2026-07-20,Delivered,
SHP103701,2026-03-21,Khulna DC,Khulna,Sylhet,RedX,SKU1043,Mustard Oil 1L (V2),Grocery,4,6.02,6035.16,224.56,2026-03-23,2026-03-23,Delivered,
SHP103702,2026-06-06,Chattogram DC,Chattogram,Sylhet,Steadfast Courier,SKU1014,Sneakers,Apparel,1,3.46,2078.85,152.21,2026-06-11,2026-06-11,Delivered,
SHP103703,2025-09-08,Chattogram DC,Chattogram,Barisal,Pathao Courier,SKU1040,Basmati Rice 5kg,Grocery,4,10.73,8206.44,358.05,2025-09-13,2025-09-13,Delivered,
SHP103704,2025-09-08,Rajshahi DC,Rajshahi,Rajshahi,eCourier,SKU1022,Table Lamp,Home & Living,2,8.6,8745.08,216.24,2025-09-09,2025-09-09,Delivered,
SHP103705,2026-06-21,Rajshahi DC,Rajshahi,Rangpur,RedX,SKU1039,Perfume (V2),Beauty,4,4.97,12254.76,195.83,2026-06-23,2026-06-23,Delivered,
SHP103706,2025-10-06,Sylhet DC,Sylhet,Narayanganj,Sundarban Courier,SKU1010,Cotton T-Shirt,Apparel,2,9.19,3525.94,338.33,2025-10-12,,In Transit,
SHP103707,2025-10-24,Chattogram DC,Chattogram,Barisal,Pathao Courier,SKU1047,Spice Combo (V2),Grocery,2,4.23,2808.46,154.57,2025-10-27,2025-10-27,Delivered,
SHP103708,2026-02-27,Chattogram DC,Chattogram,Khulna,Pathao Courier,SKU1031,Face Wash (V2),Beauty,4,6.36,17434.68,191.55,2026-03-02,2026-03-02,Delivered,
SHP103709,2026-03-29,Sylhet DC,Sylhet,Comilla,Steadfast Courier,SKU1035,Hair Serum (V2),Beauty,5,11.09,4871.0,358.69,2026-04-03,2026-04-03,Delivered,
SHP103710,2025-11-19,Sylhet DC,Sylhet,Rajshahi,Pathao Courier,SKU1032,Sunscreen SPF50,Beauty,5,2.56,7836.7,147.67,2025-11-21,2025-11-21,Delivered,
SHP103711,2026-02-01,Dhaka Hub,Dhaka,Rangpur,Pathao Courier,SKU1023,Table Lamp (V2),Home & Living,4,3.89,16140.32,130.05,2026-02-07,2026-02-07,Delivered,
SHP103712,2026-04-22,Dhaka Hub,Dhaka,Chattogram,RedX,SKU1038,Perfume,Beauty,3,10.65,3411.18,343.43,2026-04-24,2026-04-24,Delivered,
SHP103713,2026-02-01,Sylhet DC,Sylhet,Barisal,eCourier,SKU1033,Sunscreen SPF50 (V2),Beauty,3,5.65,5284.5,175.21,2026-02-06,,In Transit,
SHP103714,2026-01-11,Khulna DC,Khulna,Rajshahi,Pathao Courier,SKU1027,Storage Box (V2),Home & Living,5,3.95,1702.75,157.4,2026-01-14,2026-01-16,Delivered Late,Address issue
SHP103715,2025-09-25,Dhaka Hub,Dhaka,Chattogram,eCourier,SKU1036,Lipstick,Beauty,2,0.64,1430.32,99.4,2025-09-28,,In Transit,
SHP103716,2026-02-04,Sylhet DC,Sylhet,Sylhet,RedX,SKU1006,Bluetooth Speaker,Electronics,5,5.14,17304.8,133.11,2026-02-06,2026-02-06,Delivered,
SHP103717,2026-06-05,Dhaka Hub,Dhaka,Mymensingh,eCourier,SKU1003,Power Bank (V2),Electronics,4,6.11,12734.2,171.06,2026-06-11,2026-06-11,Delivered,
SHP103718,2026-04-05,Chattogram DC,Chattogram,Chattogram,Pathao Courier,SKU1036,Lipstick,Beauty,4,4.99,2860.64,157.67,2026-04-07,,In Transit,
SHP103719,2026-07-06,Khulna DC,Khulna,Chattogram,Pathao Courier,SKU1000,Wireless Earbuds,Electronics,3,3.47,10550.13,169.74,2026-07-08,2026-07-08,Delivered,
SHP103720,2025-10-14,Chattogram DC,Chattogram,Dhaka,RedX,SKU1000,Wireless Earbuds,Electronics,5,4.56,17583.55,160.13,2025-10-20,,In Transit,
SHP103721,2025-09-04,Chattogram DC,Chattogram,Dhaka,Pathao Courier,SKU1046,Spice Combo,Grocery,4,7.78,7342.12,226.06,2025-09-07,,Delayed,Address issue
SHP103722,2026-03-09,Rajshahi DC,Rajshahi,Rajshahi,RedX,SKU1019,Denim Jacket (V2),Apparel,1,10.72,2897.74,270.63,2026-03-10,2026-03-10,Delivered,
SHP103723,2025-11-01,Dhaka Hub,Dhaka,Rajshahi,Pathao Courier,SKU1018,Denim Jacket,Apparel,4,7.87,15000.8,281.03,2025-11-03,2025-11-03,Delivered,
SHP103724,2026-03-25,Dhaka Hub,Dhaka,Rangpur,eCourier,SKU1028,Curtain Set,Home & Living,4,7.82,3284.64,264.62,2026-03-30,2026-03-30,Delivered,
SHP103725,2026-07-10,Rajshahi DC,Rajshahi,Barisal,Steadfast Courier,SKU1009,Phone Case (V2),Electronics,5,9.84,10545.9,274.38,2026-07-13,2026-07-13,Delivered,
SHP103726,2025-12-26,Sylhet DC,Sylhet,Barisal,eCourier,SKU1017,Saree (V2),Apparel,5,2.15,2138.05,103.16,2025-12-29,,In Transit,
SHP103727,2026-03-10,Dhaka Hub,Dhaka,Narayanganj,Steadfast Courier,SKU1027,Storage Box (V2),Home & Living,5,3.75,1702.75,166.09,2026-03-16,2026-03-16,Delivered,
SHP103728,2026-04-24,Sylhet DC,Sylhet,Sylhet,Steadfast Courier,SKU1034,Hair Serum,Beauty,1,0.8,2192.57,53.52,2026-04-25,2026-04-25,Delivered,
SHP103729,2025-10-22,Sylhet DC,Sylhet,Mymensingh,Sundarban Courier,SKU1042,Mustard Oil 1L,Grocery,4,4.33,12784.6,146.54,2025-10-25,2025-10-25,Delivered,
SHP103730,2026-07-08,Chattogram DC,Chattogram,Dhaka,Sundarban Courier,SKU1046,Spice Combo,Grocery,5,11.99,9177.65,401.66,2026-07-12,2026-07-12,Delivered,
SHP103731,2025-11-10,Sylhet DC,Sylhet,Comilla,Steadfast Courier,SKU1030,Face Wash,Beauty,5,4.09,16948.6,199.08,2025-11-13,2025-11-15,Delivered Late,Weather disruption
SHP103732,2026-06-07,Khulna DC,Khulna,Khulna,Steadfast Courier,SKU1026,Storage Box,Home & Living,3,10.35,6540.72,230.24,2026-06-08,2026-06-08,Delivered,
SHP103733,2026-04-17,Chattogram DC,Chattogram,Khulna,Steadfast Courier,SKU1010,Cotton T-Shirt,Apparel,5,1.21,8814.85,94.79,2026-04-20,2026-04-20,Delivered,
SHP103734,2025-10-19,Rajshahi DC,Rajshahi,Chattogram,eCourier,SKU1048,Honey Jar,Grocery,5,5.62,15594.3,209.62,2025-10-23,2025-10-23,Delivered,
SHP103735,2026-05-09,Sylhet DC,Sylhet,Barisal,Pathao Courier,SKU1048,Honey Jar,Grocery,1,4.35,3118.86,195.99,2026-05-14,2026-05-14,Delivered,
SHP103736,2025-11-07,Rajshahi DC,Rajshahi,Khulna,Steadfast Courier,SKU1037,Lipstick (V2),Beauty,5,2.58,11096.6,138.72,2025-11-10,2025-11-10,Delivered,
SHP103737,2026-03-27,Dhaka Hub,Dhaka,Narayanganj,Steadfast Courier,SKU1004,Smartwatch,Electronics,4,4.6,2238.68,154.76,2026-03-30,2026-03-30,Delivered,
SHP103738,2026-07-30,Chattogram DC,Chattogram,Chattogram,RedX,SKU1007,Bluetooth Speaker (V2),Electronics,3,7.89,10708.14,226.27,2026-07-31,2026-07-31,Delivered,
SHP103739,2026-07-27,Khulna DC,Khulna,Rajshahi,eCourier,SKU1033,Sunscreen SPF50 (V2),Beauty,1,5.99,1761.5,203.85,2026-08-01,,In Transit,
SHP103740,2026-06-29,Rajshahi DC,Rajshahi,Narayanganj,RedX,SKU1047,Spice Combo (V2),Grocery,5,10.16,7021.15,351.85,2026-07-04,2026-07-04,Delivered,
SHP103741,2026-02-18,Chattogram DC,Chattogram,Comilla,Steadfast Courier,SKU1011,Cotton T-Shirt (V2),Apparel,2,10.88,8362.86,275.15,2026-02-23,2026-02-23,Delivered,
SHP103742,2026-03-13,Rajshahi DC,Rajshahi,Mymensingh,Pathao Courier,SKU1037,Lipstick (V2),Beauty,3,5.89,6657.96,230.99,2026-03-19,2026-03-19,Delivered,
SHP103743,2025-12-13,Dhaka Hub,Dhaka,Barisal,Steadfast Courier,SKU1000,Wireless Earbuds,Electronics,2,11.78,7033.42,300.83,2025-12-18,2025-12-18,Delivered,
SHP103744,2026-07-16,Sylhet DC,Sylhet,Comilla,Pathao Courier,SKU1030,Face Wash,Beauty,5,1.05,16948.6,107.13,2026-07-22,2026-07-22,Delivered,
SHP103745,2026-02-13,Chattogram DC,Chattogram,Sylhet,Sundarban Courier,SKU1003,Power Bank (V2),Electronics,3,3.46,9550.65,130.68,2026-02-18,2026-02-18,Delivered,
SHP103746,2026-05-25,Sylhet DC,Sylhet,Comilla,Pathao Courier,SKU1048,Honey Jar,Grocery,1,5.12,3118.86,196.03,2026-05-28,2026-05-28,Delivered,
SHP103747,2026-01-03,Rajshahi DC,Rajshahi,Barisal,Sundarban Courier,SKU1044,Green Tea Pack,Grocery,1,7.08,3770.33,217.32,2026-01-07,,In Transit,
SHP103748,2026-05-15,Khulna DC,Khulna,Khulna,Pathao Courier,SKU1049,Honey Jar (V2),Grocery,5,6.64,3789.6,167.86,2026-05-17,2026-05-17,Delivered,
SHP103749,2025-11-17,Khulna DC,Khulna,Sylhet,Steadfast Courier,SKU1004,Smartwatch,Electronics,2,6.9,1119.34,183.31,2025-11-19,,In Transit,
SHP103750,2026-05-12,Chattogram DC,Chattogram,Barisal,RedX,SKU1029,Curtain Set (V2),Home & Living,4,10.78,12485.04,278.12,2026-05-15,2026-05-18,Delivered Late,Warehouse backlog
SHP103751,2025-09-16,Rajshahi DC,Rajshahi,Dhaka,Steadfast Courier,SKU1023,Table Lamp (V2),Home & Living,1,3.48,4035.08,159.89,2025-09-19,,In Transit,
SHP103752,2025-10-07,Sylhet DC,Sylhet,Mymensingh,Pathao Courier,SKU1002,Power Bank,Electronics,5,9.84,19424.5,292.52,2025-10-12,2025-10-12,Delivered,
SHP103753,2025-12-31,Khulna DC,Khulna,Sylhet,Pathao Courier,SKU1010,Cotton T-Shirt,Apparel,4,6.78,7051.88,233.76,2026-01-03,2026-01-03,Delivered,
SHP103754,2026-02-14,Khulna DC,Khulna,Khulna,eCourier,SKU1044,Green Tea Pack,Grocery,2,5.99,7540.66,206.2,2026-02-15,,In Transit,
SHP103755,2026-05-05,Khulna DC,Khulna,Chattogram,eCourier,SKU1003,Power Bank (V2),Electronics,5,3.73,15917.75,167.0,2026-05-11,,In Transit,
SHP103756,2026-01-03,Khulna DC,Khulna,Rajshahi,RedX,SKU1025,Non-stick Pan (V2),Home & Living,2,3.79,1993.36,125.43,2026-01-07,,In Transit,
SHP103757,2025-09-07,Sylhet DC,Sylhet,Khulna,eCourier,SKU1026,Storage Box,Home & Living,5,4.78,10901.2,192.7,2025-09-10,2025-09-10,Returned,
SHP103758,2025-12-22,Khulna DC,Khulna,Chattogram,eCourier,SKU1045,Green Tea Pack (V2),Grocery,3,9.21,10952.16,243.51,2025-12-25,2025-12-25,Delivered,
SHP103759,2026-01-30,Rajshahi DC,Rajshahi,Comilla,RedX,SKU1042,Mustard Oil 1L,Grocery,3,5.83,9588.45,239.65,2026-02-01,2026-02-01,Delivered,
SHP103760,2026-03-08,Chattogram DC,Chattogram,Mymensingh,Steadfast Courier,SKU1026,Storage Box,Home & Living,1,2.02,2180.24,120.03,2026-03-14,,In Transit,
SHP103761,2026-04-11,Sylhet DC,Sylhet,Khulna,eCourier,SKU1041,Basmati Rice 5kg (V2),Grocery,2,9.17,7544.3,225.76,2026-04-14,2026-04-14,Delivered,
SHP103762,2025-11-25,Dhaka Hub,Dhaka,Dhaka,RedX,SKU1049,Honey Jar (V2),Grocery,1,8.03,757.92,262.48,2025-11-26,2025-11-30,Delivered Late,Customs/checkpoint delay
SHP103763,2026-03-31,Chattogram DC,Chattogram,Comilla,Sundarban Courier,SKU1005,Smartwatch (V2),Electronics,5,11.4,21969.8,335.76,2026-04-03,,In Transit,
SHP103764,2026-04-07,Khulna DC,Khulna,Rangpur,Pathao Courier,SKU1014,Sneakers,Apparel,1,6.45,2078.85,231.28,2026-04-12,2026-04-12,Delivered,
SHP103765,2026-05-27,Khulna DC,Khulna,Barisal,Pathao Courier,SKU1029,Curtain Set (V2),Home & Living,1,7.92,3121.26,237.58,2026-05-29,2026-05-29,Delivered,
SHP103766,2026-02-28,Chattogram DC,Chattogram,Rangpur,eCourier,SKU1041,Basmati Rice 5kg (V2),Grocery,1,5.86,3772.15,199.49,2026-03-04,2026-03-04,Delivered,
SHP103767,2026-06-08,Sylhet DC,Sylhet,Dhaka,eCourier,SKU1036,Lipstick,Beauty,5,8.23,3575.8,246.34,2026-06-11,,Delayed,Address issue
SHP103768,2025-11-16,Rajshahi DC,Rajshahi,Rajshahi,Sundarban Courier,SKU1036,Lipstick,Beauty,5,5.35,3575.8,145.91,2025-11-18,2025-11-18,Delivered,
SHP103769,2026-05-05,Dhaka Hub,Dhaka,Chattogram,RedX,SKU1041,Basmati Rice 5kg (V2),Grocery,4,1.83,15088.6,144.75,2026-05-11,2026-05-11,Delivered,
SHP103770,2025-09-16,Dhaka Hub,Dhaka,Rangpur,Pathao Courier,SKU1036,Lipstick,Beauty,1,11.84,715.16,274.25,2025-09-21,2025-09-21,Delivered,
SHP103771,2025-10-06,Chattogram DC,Chattogram,Narayanganj,Pathao Courier,SKU1034,Hair Serum,Beauty,3,8.7,6577.71,284.28,2025-10-09,,In Transit,
SHP103772,2026-06-27,Khulna DC,Khulna,Barisal,Steadfast Courier,SKU1022,Table Lamp,Home & Living,5,7.38,21862.7,216.93,2026-07-02,2026-07-02,Delivered,
SHP103773,2026-02-12,Chattogram DC,Chattogram,Rangpur,Sundarban Courier,SKU1005,Smartwatch (V2),Electronics,1,5.88,4393.96,202.84,2026-02-15,2026-02-15,Delivered,
SHP103774,2026-04-03,Rajshahi DC,Rajshahi,Rangpur,Pathao Courier,SKU1003,Power Bank (V2),Electronics,4,8.59,12734.2,252.14,2026-04-09,2026-04-09,Delivered,
SHP103775,2026-03-28,Rajshahi DC,Rajshahi,Narayanganj,Sundarban Courier,SKU1017,Saree (V2),Apparel,1,1.7,427.61,96.46,2026-04-01,2026-04-01,Delivered,
SHP103776,2026-04-29,Sylhet DC,Sylhet,Dhaka,Sundarban Courier,SKU1008,Phone Case,Electronics,5,4.05,3536.45,185.91,2026-05-02,,In Transit,
SHP103777,2025-11-24,Chattogram DC,Chattogram,Khulna,eCourier,SKU1048,Honey Jar,Grocery,3,1.67,9356.58,104.99,2025-11-27,2025-11-27,Delivered,
SHP103778,2025-11-01,Dhaka Hub,Dhaka,Sylhet,Steadfast Courier,SKU1028,Curtain Set,Home & Living,5,1.69,4105.8,138.41,2025-11-04,2025-11-04,Delivered,
SHP103779,2025-09-15,Rajshahi DC,Rajshahi,Mymensingh,RedX,SKU1012,Panjabi,Apparel,3,0.45,8852.43,99.37,2025-09-21,2025-09-21,Delivered,
SHP103780,2026-06-27,Rajshahi DC,Rajshahi,Rajshahi,RedX,SKU1046,Spice Combo,Grocery,4,9.12,7342.12,234.05,2026-06-28,2026-06-28,Delivered,
SHP103781,2025-11-17,Sylhet DC,Sylhet,Mymensingh,Sundarban Courier,SKU1016,Saree,Apparel,5,2.88,12812.2,147.56,2025-11-20,2025-11-20,Delivered,
SHP103782,2026-03-19,Sylhet DC,Sylhet,Rajshahi,RedX,SKU1044,Green Tea Pack,Grocery,2,10.02,7540.66,292.76,2026-03-24,2026-03-29,Delivered Late,Vehicle breakdown
SHP103783,2026-02-05,Khulna DC,Khulna,Narayanganj,Sundarban Courier,SKU1031,Face Wash (V2),Beauty,4,10.87,17434.68,289.78,2026-02-08,2026-02-08,Delivered,
SHP103784,2025-10-27,Khulna DC,Khulna,Mymensingh,Pathao Courier,SKU1047,Spice Combo (V2),Grocery,3,2.19,4212.69,109.07,2025-10-29,2025-10-29,Delivered,
SHP103785,2026-01-22,Dhaka Hub,Dhaka,Dhaka,Steadfast Courier,SKU1021,Bedsheet Set (V2),Home & Living,3,8.56,5076.57,236.77,2026-01-24,2026-01-24,Delivered,
SHP103786,2025-09-29,Khulna DC,Khulna,Narayanganj,Sundarban Courier,SKU1003,Power Bank (V2),Electronics,4,5.63,12734.2,165.95,2025-10-01,,In Transit,
SHP103787,2025-11-01,Rajshahi DC,Rajshahi,Narayanganj,Sundarban Courier,SKU1004,Smartwatch,Electronics,2,11.04,1119.34,233.76,2025-11-06,2025-11-06,Delivered,
SHP103788,2025-10-19,Khulna DC,Khulna,Dhaka,Pathao Courier,SKU1036,Lipstick,Beauty,1,5.92,715.16,227.22,2025-10-23,2025-10-23,Delivered,
SHP103789,2026-06-13,Sylhet DC,Sylhet,Khulna,eCourier,SKU1040,Basmati Rice 5kg,Grocery,3,4.67,6154.83,216.65,2026-06-16,2026-06-16,Delivered,
SHP103790,2026-03-16,Sylhet DC,Sylhet,Narayanganj,Pathao Courier,SKU1048,Honey Jar,Grocery,5,3.68,15594.3,177.79,2026-03-20,,Cancelled,
SHP103791,2026-07-18,Chattogram DC,Chattogram,Comilla,Sundarban Courier,SKU1012,Panjabi,Apparel,1,10.86,2950.81,262.54,2026-07-21,2026-07-21,Delivered,
SHP103792,2026-01-29,Khulna DC,Khulna,Rajshahi,eCourier,SKU1033,Sunscreen SPF50 (V2),Beauty,2,2.87,3523.0,121.62,2026-02-02,2026-02-02,Delivered,
SHP103793,2025-11-09,Chattogram DC,Chattogram,Barisal,Sundarban Courier,SKU1044,Green Tea Pack,Grocery,4,9.97,15081.32,281.95,2025-11-13,2025-11-13,Delivered,
SHP103794,2026-03-30,Chattogram DC,Chattogram,Dhaka,Steadfast Courier,SKU1021,Bedsheet Set (V2),Home & Living,3,2.49,5076.57,136.78,2026-04-04,2026-04-04,Delivered,
SHP103795,2026-07-19,Chattogram DC,Chattogram,Barisal,Pathao Courier,SKU1022,Table Lamp,Home & Living,4,7.79,17490.16,288.49,2026-07-23,,Cancelled,
SHP103796,2026-03-04,Chattogram DC,Chattogram,Rangpur,eCourier,SKU1002,Power Bank,Electronics,3,5.52,11654.7,201.2,2026-03-09,2026-03-09,Delivered,
SHP103797,2025-09-07,Chattogram DC,Chattogram,Khulna,Steadfast Courier,SKU1041,Basmati Rice 5kg (V2),Grocery,5,1.43,18860.75,99.74,2025-09-09,2025-09-14,Delivered Late,Address issue
SHP103798,2025-12-15,Dhaka Hub,Dhaka,Khulna,RedX,SKU1033,Sunscreen SPF50 (V2),Beauty,5,1.69,8807.5,110.3,2025-12-21,,In Transit,
SHP103799,2026-07-18,Khulna DC,Khulna,Comilla,RedX,SKU1031,Face Wash (V2),Beauty,3,3.52,13076.01,159.2,2026-07-21,2026-07-21,Delivered,
SHP103800,2026-02-27,Sylhet DC,Sylhet,Rajshahi,Sundarban Courier,SKU1044,Green Tea Pack,Grocery,3,9.25,11310.99,258.97,2026-03-04,2026-03-04,Delivered,
SHP103801,2026-07-27,Rajshahi DC,Rajshahi,Sylhet,eCourier,SKU1048,Honey Jar,Grocery,2,8.8,6237.72,284.33,2026-07-31,2026-07-31,Delivered,
SHP103802,2026-02-24,Dhaka Hub,Dhaka,Khulna,Steadfast Courier,SKU1020,Bedsheet Set,Home & Living,3,2.62,10343.04,136.96,2026-02-26,2026-02-26,Delivered,
SHP103803,2025-09-05,Khulna DC,Khulna,Rajshahi,eCourier,SKU1045,Green Tea Pack (V2),Grocery,5,5.82,18253.6,170.01,2025-09-08,,Cancelled,
SHP103804,2026-06-30,Dhaka Hub,Dhaka,Sylhet,Steadfast Courier,SKU1043,Mustard Oil 1L (V2),Grocery,3,1.34,4526.37,107.46,2026-07-06,,In Transit,
SHP103805,2026-05-23,Sylhet DC,Sylhet,Barisal,RedX,SKU1020,Bedsheet Set,Home & Living,4,8.65,13790.72,305.59,2026-05-28,2026-05-28,Delivered,
SHP103806,2026-05-06,Sylhet DC,Sylhet,Comilla,RedX,SKU1043,Mustard Oil 1L (V2),Grocery,3,9.56,4526.37,299.87,2026-05-11,,In Transit,
SHP103807,2026-08-02,Sylhet DC,Sylhet,Mymensingh,Sundarban Courier,SKU1010,Cotton T-Shirt,Apparel,4,10.74,7051.88,269.98,2026-08-06,2026-08-06,Delivered,
SHP103808,2025-11-07,Khulna DC,Khulna,Sylhet,eCourier,SKU1038,Perfume,Beauty,4,10.65,4548.24,258.53,2025-11-11,2025-11-11,Delivered,
SHP103809,2026-07-11,Rajshahi DC,Rajshahi,Rajshahi,Steadfast Courier,SKU1003,Power Bank (V2),Electronics,3,4.19,9550.65,107.87,2026-07-13,2026-07-13,Delivered,
SHP103810,2025-11-20,Chattogram DC,Chattogram,Barisal,RedX,SKU1000,Wireless Earbuds,Electronics,5,3.2,17583.55,165.91,2025-11-25,,In Transit,
SHP103811,2026-08-02,Rajshahi DC,Rajshahi,Rangpur,Pathao Courier,SKU1027,Storage Box (V2),Home & Living,5,10.78,1702.75,277.56,2026-08-05,2026-08-05,Delivered,
SHP103812,2025-11-06,Dhaka Hub,Dhaka,Mymensingh,RedX,SKU1023,Table Lamp (V2),Home & Living,1,1.92,4035.08,140.7,2025-11-11,2025-11-11,Delivered,
SHP103813,2026-03-10,Chattogram DC,Chattogram,Rajshahi,eCourier,SKU1034,Hair Serum,Beauty,2,0.9,4385.14,117.39,2026-03-15,2026-03-15,Delivered,
SHP103814,2026-06-01,Chattogram DC,Chattogram,Khulna,Steadfast Courier,SKU1012,Panjabi,Apparel,5,3.91,14754.05,173.22,2026-06-05,2026-06-05,Delivered,
SHP103815,2025-09-28,Rajshahi DC,Rajshahi,Rangpur,Pathao Courier,SKU1046,Spice Combo,Grocery,3,9.17,5506.59,310.67,2025-10-03,2025-10-03,Delivered,
SHP103816,2025-09-24,Dhaka Hub,Dhaka,Chattogram,Pathao Courier,SKU1033,Sunscreen SPF50 (V2),Beauty,2,8.39,3523.0,256.59,2025-09-27,2025-09-27,Delivered,
SHP103817,2026-06-22,Chattogram DC,Chattogram,Rangpur,Sundarban Courier,SKU1010,Cotton T-Shirt,Apparel,4,11.85,7051.88,309.22,2026-06-25,,In Transit,
SHP103818,2025-09-21,Sylhet DC,Sylhet,Comilla,Pathao Courier,SKU1035,Hair Serum (V2),Beauty,4,4.44,3896.8,210.81,2025-09-24,,Cancelled,
SHP103819,2026-04-01,Rajshahi DC,Rajshahi,Mymensingh,Steadfast Courier,SKU1016,Saree,Apparel,1,3.45,2562.44,159.35,2026-04-04,2026-04-04,Delivered,
SHP103820,2026-07-22,Sylhet DC,Sylhet,Rajshahi,Sundarban Courier,SKU1034,Hair Serum,Beauty,1,4.66,2192.57,170.5,2026-07-25,,Delayed,Address issue
SHP103821,2026-04-01,Rajshahi DC,Rajshahi,Comilla,RedX,SKU1017,Saree (V2),Apparel,5,9.43,2138.05,266.25,2026-04-06,,In Transit,
SHP103822,2026-02-14,Khulna DC,Khulna,Barisal,Pathao Courier,SKU1039,Perfume (V2),Beauty,4,2.73,12254.76,141.57,2026-02-19,,In Transit,
SHP103823,2026-01-23,Khulna DC,Khulna,Barisal,Sundarban Courier,SKU1021,Bedsheet Set (V2),Home & Living,2,11.38,3384.38,373.07,2026-01-27,2026-01-27,Delivered,
SHP103824,2026-04-09,Khulna DC,Khulna,Comilla,Steadfast Courier,SKU1023,Table Lamp (V2),Home & Living,5,6.25,20175.4,215.27,2026-04-15,,In Transit,
SHP103825,2026-03-17,Dhaka Hub,Dhaka,Chattogram,Sundarban Courier,SKU1018,Denim Jacket,Apparel,1,9.44,3750.2,241.6,2026-03-23,2026-03-23,Delivered,
SHP103826,2026-02-21,Sylhet DC,Sylhet,Mymensingh,Pathao Courier,SKU1036,Lipstick,Beauty,5,9.96,3575.8,355.28,2026-02-23,2026-02-23,Delivered,
SHP103827,2025-10-24,Sylhet DC,Sylhet,Rangpur,Pathao Courier,SKU1038,Perfume,Beauty,1,5.85,1137.06,189.98,2025-10-28,2025-11-02,Delivered Late,Customs/checkpoint delay
SHP103828,2026-04-18,Chattogram DC,Chattogram,Barisal,Steadfast Courier,SKU1020,Bedsheet Set,Home & Living,4,8.95,13790.72,317.11,2026-04-24,2026-04-24,Delivered,
SHP103829,2026-05-14,Dhaka Hub,Dhaka,Dhaka,Steadfast Courier,SKU1007,Bluetooth Speaker (V2),Electronics,5,4.5,17846.9,108.02,2026-05-15,,In Transit,
SHP103830,2026-05-04,Dhaka Hub,Dhaka,Mymensingh,Pathao Courier,SKU1027,Storage Box (V2),Home & Living,4,9.77,1362.2,293.76,2026-05-08,2026-05-08,Delivered,
SHP103831,2025-09-26,Khulna DC,Khulna,Sylhet,RedX,SKU1004,Smartwatch,Electronics,4,9.92,2238.68,361.53,2025-10-02,2025-10-02,Delivered,
SHP103832,2026-05-02,Khulna DC,Khulna,Comilla,Pathao Courier,SKU1016,Saree,Apparel,2,6.88,5124.88,231.99,2026-05-07,2026-05-07,Delivered,
SHP103833,2026-05-11,Chattogram DC,Chattogram,Mymensingh,RedX,SKU1036,Lipstick,Beauty,2,2.77,1430.32,114.06,2026-05-16,,In Transit,
SHP103834,2025-11-03,Khulna DC,Khulna,Khulna,Pathao Courier,SKU1035,Hair Serum (V2),Beauty,2,11.65,1948.4,322.28,2025-11-04,2025-11-04,Delivered,
SHP103835,2026-06-21,Khulna DC,Khulna,Rajshahi,eCourier,SKU1018,Denim Jacket,Apparel,1,11.37,3750.2,262.41,2026-06-24,,In Transit,
SHP103836,2026-03-01,Rajshahi DC,Rajshahi,Dhaka,Steadfast Courier,SKU1026,Storage Box,Home & Living,2,7.51,4360.48,219.15,2026-03-06,2026-03-06,Delivered,
SHP103837,2026-02-11,Rajshahi DC,Rajshahi,Rajshahi,Pathao Courier,SKU1033,Sunscreen SPF50 (V2),Beauty,2,11.81,3523.0,253.49,2026-02-12,2026-02-12,Delivered,
SHP103838,2026-05-09,Rajshahi DC,Rajshahi,Dhaka,Sundarban Courier,SKU1010,Cotton T-Shirt,Apparel,4,6.13,7051.88,190.31,2026-05-12,2026-05-12,Delivered,
SHP103839,2026-02-24,Dhaka Hub,Dhaka,Narayanganj,Pathao Courier,SKU1044,Green Tea Pack,Grocery,2,4.63,7540.66,156.64,2026-02-26,,Cancelled,
SHP103840,2026-03-08,Khulna DC,Khulna,Rangpur,Sundarban Courier,SKU1046,Spice Combo,Grocery,1,5.63,1835.53,221.08,2026-03-11,,Delayed,Warehouse backlog
SHP103841,2025-12-18,Chattogram DC,Chattogram,Sylhet,Pathao Courier,SKU1011,Cotton T-Shirt (V2),Apparel,4,0.74,16725.72,80.03,2025-12-23,2025-12-23,Delivered,
SHP103842,2026-07-19,Sylhet DC,Sylhet,Comilla,Pathao Courier,SKU1020,Bedsheet Set,Home & Living,3,6.68,10343.04,209.99,2026-07-24,2026-07-24,Delivered,
SHP103843,2026-08-02,Khulna DC,Khulna,Dhaka,Steadfast Courier,SKU1010,Cotton T-Shirt,Apparel,2,8.06,3525.94,255.93,2026-08-08,2026-08-08,Delivered,
SHP103844,2025-10-16,Khulna DC,Khulna,Barisal,Pathao Courier,SKU1038,Perfume,Beauty,4,1.49,4548.24,112.63,2025-10-19,2025-10-23,Delivered Late,Courier capacity shortage
SHP103845,2026-05-12,Sylhet DC,Sylhet,Chattogram,eCourier,SKU1027,Storage Box (V2),Home & Living,2,3.22,681.1,164.42,2026-05-16,2026-05-16,Delivered,
SHP103846,2025-09-09,Rajshahi DC,Rajshahi,Dhaka,Pathao Courier,SKU1004,Smartwatch,Electronics,4,8.71,2238.68,320.27,2025-09-11,2025-09-11,Delivered,
SHP103847,2026-01-06,Dhaka Hub,Dhaka,Sylhet,RedX,SKU1016,Saree,Apparel,1,9.56,2562.44,344.86,2026-01-12,2026-01-12,Delivered,
SHP103848,2026-08-02,Dhaka Hub,Dhaka,Sylhet,Sundarban Courier,SKU1019,Denim Jacket (V2),Apparel,3,11.83,8693.22,398.09,2026-08-06,,Cancelled,
SHP103849,2025-10-31,Dhaka Hub,Dhaka,Mymensingh,Steadfast Courier,SKU1040,Basmati Rice 5kg,Grocery,3,3.19,6154.83,145.39,2025-11-05,2025-11-05,Delivered,
SHP103850,2026-01-09,Rajshahi DC,Rajshahi,Comilla,Pathao Courier,SKU1045,Green Tea Pack (V2),Grocery,2,10.13,7301.44,235.91,2026-01-12,2026-01-17,Delivered Late,Vehicle breakdown
SHP103851,2025-11-15,Sylhet DC,Sylhet,Mymensingh,Pathao Courier,SKU1011,Cotton T-Shirt (V2),Apparel,4,2.23,16725.72,149.8,2025-11-17,2025-11-17,Delivered,
SHP103852,2026-05-10,Sylhet DC,Sylhet,Mymensingh,eCourier,SKU1005,Smartwatch (V2),Electronics,2,1.74,8787.92,112.69,2026-05-12,2026-05-12,Delivered,
SHP103853,2026-02-08,Khulna DC,Khulna,Barisal,eCourier,SKU1016,Saree,Apparel,4,8.8,10249.76,264.28,2026-02-13,2026-02-13,Delivered,
SHP103854,2026-03-25,Sylhet DC,Sylhet,Khulna,RedX,SKU1018,Denim Jacket,Apparel,2,5.46,7500.4,187.42,2026-03-28,,Delayed,Weather disruption
SHP103855,2026-07-24,Sylhet DC,Sylhet,Sylhet,Pathao Courier,SKU1025,Non-stick Pan (V2),Home & Living,3,9.57,2990.04,248.77,2026-07-26,2026-07-29,Delivered Late,Weather disruption
SHP103856,2026-02-28,Dhaka Hub,Dhaka,Narayanganj,Pathao Courier,SKU1047,Spice Combo (V2),Grocery,4,3.53,5616.92,130.12,2026-03-03,2026-03-03,Delivered,
SHP103857,2026-05-13,Dhaka Hub,Dhaka,Barisal,eCourier,SKU1043,Mustard Oil 1L (V2),Grocery,5,2.72,7543.95,151.67,2026-05-17,2026-05-17,Delivered,
SHP103858,2025-10-04,Rajshahi DC,Rajshahi,Barisal,RedX,SKU1043,Mustard Oil 1L (V2),Grocery,2,6.68,3017.58,190.45,2025-10-07,2025-10-07,Delivered,
SHP103859,2025-11-14,Sylhet DC,Sylhet,Dhaka,RedX,SKU1031,Face Wash (V2),Beauty,3,1.56,13076.01,125.35,2025-11-16,2025-11-16,Delivered,
SHP103860,2026-07-25,Dhaka Hub,Dhaka,Rajshahi,Sundarban Courier,SKU1005,Smartwatch (V2),Electronics,3,3.49,13181.88,120.11,2026-07-29,,Cancelled,
SHP103861,2026-06-25,Chattogram DC,Chattogram,Rangpur,Pathao Courier,SKU1035,Hair Serum (V2),Beauty,5,2.16,4871.0,137.84,2026-06-28,2026-06-28,Delivered,
SHP103862,2026-04-16,Chattogram DC,Chattogram,Rajshahi,Steadfast Courier,SKU1037,Lipstick (V2),Beauty,5,3.98,11096.6,183.24,2026-04-20,,In Transit,
SHP103863,2026-01-09,Chattogram DC,Chattogram,Rangpur,eCourier,SKU1010,Cotton T-Shirt,Apparel,4,9.23,7051.88,302.86,2026-01-13,2026-01-13,Delivered,
SHP103864,2025-11-09,Chattogram DC,Chattogram,Comilla,Pathao Courier,SKU1032,Sunscreen SPF50,Beauty,5,1.62,7836.7,127.78,2025-11-12,,In Transit,
SHP103865,2026-06-22,Khulna DC,Khulna,Dhaka,Steadfast Courier,SKU1023,Table Lamp (V2),Home & Living,1,7.42,4035.08,292.61,2026-06-26,,In Transit,
SHP103866,2026-05-30,Dhaka Hub,Dhaka,Narayanganj,RedX,SKU1022,Table Lamp,Home & Living,4,7.1,17490.16,211.6,2026-06-04,2026-06-04,Delivered,
SHP103867,2025-11-23,Chattogram DC,Chattogram,Comilla,Sundarban Courier,SKU1014,Sneakers,Apparel,5,6.55,10394.25,203.61,2025-11-25,2025-11-25,Delivered,
SHP103868,2026-03-24,Sylhet DC,Sylhet,Rajshahi,Sundarban Courier,SKU1026,Storage Box,Home & Living,4,5.91,8720.96,184.4,2026-03-27,,In Transit,
SHP103869,2026-04-03,Sylhet DC,Sylhet,Mymensingh,eCourier,SKU1010,Cotton T-Shirt,Apparel,3,8.03,5288.91,252.33,2026-04-05,,In Transit,
SHP103870,2026-02-13,Rajshahi DC,Rajshahi,Dhaka,Sundarban Courier,SKU1049,Honey Jar (V2),Grocery,5,10.25,3789.6,297.51,2026-02-15,2026-02-15,Delivered,
SHP103871,2026-07-18,Rajshahi DC,Rajshahi,Khulna,RedX,SKU1016,Saree,Apparel,4,2.11,10249.76,140.79,2026-07-20,,Delayed,Vehicle breakdown
SHP103872,2025-10-13,Chattogram DC,Chattogram,Chattogram,eCourier,SKU1013,Panjabi (V2),Apparel,5,9.81,18645.05,196.49,2025-10-14,,In Transit,
SHP103873,2025-11-29,Sylhet DC,Sylhet,Rangpur,Pathao Courier,SKU1026,Storage Box,Home & Living,1,0.93,2180.24,116.77,2025-12-01,2025-12-01,Delivered,
SHP103874,2025-10-03,Dhaka Hub,Dhaka,Comilla,Steadfast Courier,SKU1017,Saree (V2),Apparel,4,5.89,1710.44,191.2,2025-10-08,2025-10-08,Delivered,
SHP103875,2026-04-28,Khulna DC,Khulna,Rangpur,Sundarban Courier,SKU1027,Storage Box (V2),Home & Living,3,6.24,1021.65,199.3,2026-05-03,2026-05-03,Delivered,
SHP103876,2026-04-11,Dhaka Hub,Dhaka,Mymensingh,Sundarban Courier,SKU1046,Spice Combo,Grocery,5,2.53,9177.65,124.68,2026-04-13,2026-04-13,Delivered,
SHP103877,2026-08-08,Dhaka Hub,Dhaka,Chattogram,RedX,SKU1046,Spice Combo,Grocery,5,1.26,9177.65,92.65,2026-08-12,,In Transit,
SHP103878,2026-03-07,Khulna DC,Khulna,Narayanganj,RedX,SKU1003,Power Bank (V2),Electronics,5,1.08,15917.75,128.26,2026-03-09,,In Transit,
SHP103879,2025-10-23,Dhaka Hub,Dhaka,Chattogram,Sundarban Courier,SKU1006,Bluetooth Speaker,Electronics,2,0.64,6921.92,102.06,2025-10-25,2025-10-25,Delivered,
SHP103880,2026-02-04,Sylhet DC,Sylhet,Barisal,RedX,SKU1044,Green Tea Pack,Grocery,3,6.97,11310.99,188.06,2026-02-10,2026-02-10,Delivered,
SHP103881,2025-10-01,Dhaka Hub,Dhaka,Rangpur,Steadfast Courier,SKU1034,Hair Serum,Beauty,1,2.03,2192.57,140.03,2025-10-05,2025-10-05,Delivered,
SHP103882,2026-04-21,Khulna DC,Khulna,Comilla,eCourier,SKU1047,Spice Combo (V2),Grocery,5,9.74,7021.15,298.38,2026-04-23,2026-04-23,Delivered,
SHP103883,2026-04-22,Khulna DC,Khulna,Narayanganj,eCourier,SKU1008,Phone Case,Electronics,2,10.81,1414.58,339.06,2026-04-27,2026-05-01,Delivered Late,Vehicle breakdown
SHP103884,2026-06-24,Sylhet DC,Sylhet,Barisal,Pathao Courier,SKU1007,Bluetooth Speaker (V2),Electronics,4,3.65,14277.52,134.7,2026-06-30,2026-06-30,Delivered,
SHP103885,2025-12-27,Rajshahi DC,Rajshahi,Barisal,Sundarban Courier,SKU1044,Green Tea Pack,Grocery,3,2.14,11310.99,134.85,2025-12-31,2025-12-31,Delivered,
SHP103886,2025-12-17,Sylhet DC,Sylhet,Rajshahi,RedX,SKU1016,Saree,Apparel,5,5.03,12812.2,202.04,2025-12-22,2025-12-22,Delivered,
SHP103887,2025-09-25,Dhaka Hub,Dhaka,Barisal,Pathao Courier,SKU1016,Saree,Apparel,5,10.6,12812.2,377.22,2025-09-30,,In Transit,
SHP103888,2026-01-22,Dhaka Hub,Dhaka,Rangpur,eCourier,SKU1048,Honey Jar,Grocery,4,4.92,12475.44,215.67,2026-01-27,2026-01-27,Delivered,
SHP103889,2026-02-12,Chattogram DC,Chattogram,Rangpur,Sundarban Courier,SKU1032,Sunscreen SPF50,Beauty,4,1.48,6269.36,123.98,2026-02-16,2026-02-16,Delivered,
SHP103890,2026-05-20,Chattogram DC,Chattogram,Barisal,Sundarban Courier,SKU1031,Face Wash (V2),Beauty,1,11.82,4358.67,325.83,2026-05-25,,Cancelled,
SHP103891,2026-05-19,Chattogram DC,Chattogram,Rajshahi,Pathao Courier,SKU1007,Bluetooth Speaker (V2),Electronics,5,6.1,17846.9,203.36,2026-05-23,,In Transit,
SHP103892,2025-10-19,Chattogram DC,Chattogram,Chattogram,Sundarban Courier,SKU1018,Denim Jacket,Apparel,1,4.24,3750.2,107.73,2025-10-20,2025-10-20,Delivered,
SHP103893,2025-12-08,Sylhet DC,Sylhet,Dhaka,Sundarban Courier,SKU1037,Lipstick (V2),Beauty,3,10.74,6657.96,366.43,2025-12-10,2025-12-10,Delivered,
SHP103894,2026-02-24,Dhaka Hub,Dhaka,Rajshahi,RedX,SKU1002,Power Bank,Electronics,2,11.14,7769.8,371.94,2026-02-27,2026-02-27,Delivered,
SHP103895,2025-12-25,Khulna DC,Khulna,Khulna,RedX,SKU1004,Smartwatch,Electronics,2,6.06,1119.34,186.7,2025-12-27,2025-12-27,Delivered,
SHP103896,2025-09-09,Chattogram DC,Chattogram,Rangpur,Pathao Courier,SKU1012,Panjabi,Apparel,5,3.82,14754.05,138.9,2025-09-11,2025-09-11,Delivered,
SHP103897,2026-06-20,Khulna DC,Khulna,Narayanganj,Pathao Courier,SKU1046,Spice Combo,Grocery,2,5.9,3671.06,194.01,2026-06-24,2026-06-24,Delivered,
SHP103898,2026-05-12,Sylhet DC,Sylhet,Mymensingh,eCourier,SKU1045,Green Tea Pack (V2),Grocery,3,2.79,10952.16,146.48,2026-05-18,2026-05-18,Delivered,
SHP103899,2026-02-27,Rajshahi DC,Rajshahi,Comilla,Pathao Courier,SKU1030,Face Wash,Beauty,2,5.84,6779.44,234.96,2026-03-01,2026-03-01,Delivered,
SHP103900,2025-12-19,Sylhet DC,Sylhet,Barisal,RedX,SKU1015,Sneakers (V2),Apparel,5,2.91,5692.45,129.64,2025-12-22,,Cancelled,
SHP103901,2026-06-19,Chattogram DC,Chattogram,Narayanganj,RedX,SKU1049,Honey Jar (V2),Grocery,4,7.54,3031.68,185.77,2026-06-24,2026-06-28,Delivered Late,Warehouse backlog
SHP103902,2025-09-13,Sylhet DC,Sylhet,Narayanganj,RedX,SKU1031,Face Wash (V2),Beauty,3,9.17,13076.01,310.5,2025-09-17,2025-09-17,Delivered,
SHP103903,2026-02-02,Khulna DC,Khulna,Chattogram,Steadfast Courier,SKU1021,Bedsheet Set (V2),Home & Living,1,11.64,1692.19,343.77,2026-02-07,2026-02-07,Delivered,
SHP103904,2026-06-05,Sylhet DC,Sylhet,Rangpur,RedX,SKU1028,Curtain Set,Home & Living,1,10.14,821.16,329.07,2026-06-09,2026-06-09,Delivered,
SHP103905,2026-07-27,Sylhet DC,Sylhet,Barisal,Steadfast Courier,SKU1021,Bedsheet Set (V2),Home & Living,2,1.22,3384.38,130.49,2026-07-31,2026-07-31,Delivered,
SHP103906,2025-11-26,Sylhet DC,Sylhet,Narayanganj,Steadfast Courier,SKU1042,Mustard Oil 1L,Grocery,3,2.7,9588.45,139.25,2025-11-29,2025-11-29,Delivered,
SHP103907,2026-04-14,Chattogram DC,Chattogram,Barisal,Pathao Courier,SKU1002,Power Bank,Electronics,5,6.47,19424.5,213.23,2026-04-17,,Delayed,Vehicle breakdown
SHP103908,2025-11-05,Chattogram DC,Chattogram,Dhaka,Pathao Courier,SKU1009,Phone Case (V2),Electronics,1,3.24,2109.18,147.36,2025-11-09,,Delayed,Weather disruption
SHP103909,2025-10-11,Rajshahi DC,Rajshahi,Sylhet,Sundarban Courier,SKU1041,Basmati Rice 5kg (V2),Grocery,3,0.37,11316.45,97.76,2025-10-13,,Delayed,Courier capacity shortage
SHP103910,2026-01-01,Khulna DC,Khulna,Chattogram,Sundarban Courier,SKU1020,Bedsheet Set,Home & Living,2,9.11,6895.36,244.58,2026-01-04,2026-01-04,Delivered,
SHP103911,2026-07-04,Dhaka Hub,Dhaka,Sylhet,RedX,SKU1015,Sneakers (V2),Apparel,1,4.42,1138.49,167.28,2026-07-08,,In Transit,
SHP103912,2026-04-27,Rajshahi DC,Rajshahi,Dhaka,Pathao Courier,SKU1011,Cotton T-Shirt (V2),Apparel,4,0.98,16725.72,92.18,2026-05-02,2026-05-03,Delivered Late,Vehicle breakdown
SHP103913,2026-02-17,Khulna DC,Khulna,Mymensingh,Pathao Courier,SKU1001,Wireless Earbuds (V2),Electronics,4,6.2,8236.48,202.83,2026-02-21,2026-02-21,Delivered,
SHP103914,2025-12-07,Dhaka Hub,Dhaka,Rajshahi,Sundarban Courier,SKU1040,Basmati Rice 5kg,Grocery,5,11.73,10258.05,404.15,2025-12-12,2025-12-12,Delivered,
SHP103915,2025-10-20,Khulna DC,Khulna,Rangpur,RedX,SKU1023,Table Lamp (V2),Home & Living,3,8.21,12105.24,235.05,2025-10-25,2025-10-25,Delivered,
SHP103916,2025-12-03,Sylhet DC,Sylhet,Narayanganj,RedX,SKU1034,Hair Serum,Beauty,2,2.07,4385.14,145.38,2025-12-05,2025-12-05,Delivered,
SHP103917,2025-10-23,Rajshahi DC,Rajshahi,Rangpur,Steadfast Courier,SKU1029,Curtain Set (V2),Home & Living,5,6.27,15606.3,178.44,2025-10-29,,In Transit,
SHP103918,2025-11-04,Sylhet DC,Sylhet,Rajshahi,Pathao Courier,SKU1029,Curtain Set (V2),Home & Living,2,10.84,6242.52,294.66,2025-11-09,2025-11-09,Delivered,
SHP103919,2026-04-26,Sylhet DC,Sylhet,Sylhet,Sundarban Courier,SKU1046,Spice Combo,Grocery,4,0.84,7342.12,56.96,2026-04-28,2026-04-28,Returned,
SHP103920,2025-10-16,Chattogram DC,Chattogram,Mymensingh,Steadfast Courier,SKU1034,Hair Serum,Beauty,5,7.73,10962.85,268.4,2025-10-20,2025-10-20,Delivered,
SHP103921,2025-09-17,Chattogram DC,Chattogram,Barisal,RedX,SKU1018,Denim Jacket,Apparel,1,8.71,3750.2,233.61,2025-09-20,2025-09-20,Delivered,
SHP103922,2026-03-07,Khulna DC,Khulna,Mymensingh,RedX,SKU1049,Honey Jar (V2),Grocery,5,8.51,3789.6,244.56,2026-03-13,2026-03-13,Delivered,
SHP103923,2025-12-09,Rajshahi DC,Rajshahi,Dhaka,RedX,SKU1007,Bluetooth Speaker (V2),Electronics,2,1.97,7138.76,146.98,2025-12-13,2025-12-13,Delivered,
SHP103924,2026-02-05,Rajshahi DC,Rajshahi,Chattogram,Pathao Courier,SKU1025,Non-stick Pan (V2),Home & Living,3,10.91,2990.04,348.16,2026-02-09,,Delayed,Courier capacity shortage
SHP103925,2025-10-19,Khulna DC,Khulna,Chattogram,Steadfast Courier,SKU1048,Honey Jar,Grocery,2,4.0,6237.72,187.62,2025-10-25,2025-10-25,Delivered,
SHP103926,2025-11-12,Khulna DC,Khulna,Rangpur,RedX,SKU1039,Perfume (V2),Beauty,1,0.81,3063.69,87.54,2025-11-16,2025-11-16,Delivered,
SHP103927,2026-01-31,Sylhet DC,Sylhet,Barisal,RedX,SKU1006,Bluetooth Speaker,Electronics,4,1.18,13843.84,91.3,2026-02-03,2026-02-03,Delivered,
SHP103928,2026-04-27,Chattogram DC,Chattogram,Khulna,RedX,SKU1029,Curtain Set (V2),Home & Living,3,5.6,9363.78,207.06,2026-05-02,,In Transit,
SHP103929,2026-01-22,Khulna DC,Khulna,Khulna,Sundarban Courier,SKU1006,Bluetooth Speaker,Electronics,3,0.67,10382.88,53.53,2026-01-24,2026-01-24,Delivered,
SHP103930,2026-03-07,Chattogram DC,Chattogram,Rangpur,Pathao Courier,SKU1002,Power Bank,Electronics,3,9.4,11654.7,245.87,2026-03-10,2026-03-10,Delivered,
SHP103931,2026-02-28,Chattogram DC,Chattogram,Narayanganj,eCourier,SKU1000,Wireless Earbuds,Electronics,4,10.42,14066.84,263.37,2026-03-04,2026-03-08,Delivered Late,Vehicle breakdown
SHP103932,2025-12-03,Rajshahi DC,Rajshahi,Narayanganj,RedX,SKU1035,Hair Serum (V2),Beauty,5,0.36,4871.0,91.67,2025-12-08,2025-12-08,Delivered,
SHP103933,2025-12-06,Sylhet DC,Sylhet,Rajshahi,Pathao Courier,SKU1024,Non-stick Pan,Home & Living,3,9.76,10607.91,359.85,2025-12-10,2025-12-10,Delivered,
SHP103934,2026-01-26,Chattogram DC,Chattogram,Rangpur,Sundarban Courier,SKU1036,Lipstick,Beauty,1,11.78,715.16,359.09,2026-02-01,2026-02-01,Delivered,
SHP103935,2025-09-12,Rajshahi DC,Rajshahi,Dhaka,Steadfast Courier,SKU1000,Wireless Earbuds,Electronics,2,0.56,7033.42,85.62,2025-09-16,2025-09-16,Delivered,
SHP103936,2026-04-26,Rajshahi DC,Rajshahi,Narayanganj,Sundarban Courier,SKU1014,Sneakers,Apparel,3,8.75,6236.55,318.99,2026-05-01,2026-05-01,Delivered,
SHP103937,2026-04-01,Chattogram DC,Chattogram,Dhaka,Sundarban Courier,SKU1036,Lipstick,Beauty,1,11.99,715.16,321.62,2026-04-06,2026-04-06,Delivered,
SHP103938,2025-12-15,Sylhet DC,Sylhet,Khulna,RedX,SKU1012,Panjabi,Apparel,2,9.61,5901.62,257.62,2025-12-18,2025-12-18,Delivered,
SHP103939,2026-01-08,Sylhet DC,Sylhet,Mymensingh,eCourier,SKU1039,Perfume (V2),Beauty,2,6.16,6127.38,168.33,2026-01-10,2026-01-10,Delivered,
SHP103940,2025-12-23,Khulna DC,Khulna,Narayanganj,RedX,SKU1007,Bluetooth Speaker (V2),Electronics,5,10.64,17846.9,373.99,2025-12-29,2025-12-29,Delivered,
SHP103941,2026-04-14,Rajshahi DC,Rajshahi,Chattogram,eCourier,SKU1004,Smartwatch,Electronics,3,8.55,1679.01,294.1,2026-04-19,2026-04-19,Delivered,
SHP103942,2026-05-21,Sylhet DC,Sylhet,Rangpur,Pathao Courier,SKU1008,Phone Case,Electronics,5,3.65,3536.45,177.26,2026-05-25,2026-05-25,Delivered,
SHP103943,2025-10-08,Khulna DC,Khulna,Chattogram,Steadfast Courier,SKU1000,Wireless Earbuds,Electronics,3,2.85,10550.13,145.5,2025-10-10,2025-10-13,Delivered Late,Warehouse backlog
SHP103944,2026-01-22,Sylhet DC,Sylhet,Dhaka,Steadfast Courier,SKU1035,Hair Serum (V2),Beauty,3,6.25,2922.6,232.05,2026-01-25,,In Transit,
SHP103945,2025-09-05,Rajshahi DC,Rajshahi,Rajshahi,RedX,SKU1034,Hair Serum,Beauty,5,4.6,10962.85,129.96,2025-09-06,,In Transit,
SHP103946,2026-02-04,Sylhet DC,Sylhet,Barisal,RedX,SKU1001,Wireless Earbuds (V2),Electronics,4,4.09,8236.48,169.79,2026-02-08,2026-02-08,Delivered,
SHP103947,2025-11-25,Chattogram DC,Chattogram,Sylhet,Pathao Courier,SKU1039,Perfume (V2),Beauty,2,2.3,6127.38,130.87,2025-11-29,2025-11-29,Delivered,
SHP103948,2025-12-26,Sylhet DC,Sylhet,Narayanganj,Sundarban Courier,SKU1022,Table Lamp,Home & Living,2,10.17,8745.08,253.96,2025-12-29,2025-12-29,Delivered,
SHP103949,2026-02-05,Rajshahi DC,Rajshahi,Rangpur,Pathao Courier,SKU1008,Phone Case,Electronics,4,8.52,2829.16,249.29,2026-02-10,,In Transit,
SHP103950,2025-12-22,Khulna DC,Khulna,Rajshahi,Pathao Courier,SKU1033,Sunscreen SPF50 (V2),Beauty,1,4.11,1761.5,151.79,2025-12-28,2025-12-28,Delivered,
SHP103951,2026-01-15,Dhaka Hub,Dhaka,Rajshahi,Steadfast Courier,SKU1045,Green Tea Pack (V2),Grocery,1,3.0,3650.72,168.03,2026-01-21,2026-01-21,Returned,
SHP103952,2026-05-23,Dhaka Hub,Dhaka,Rajshahi,Pathao Courier,SKU1013,Panjabi (V2),Apparel,1,1.71,3729.01,101.98,2026-05-28,2026-05-28,Delivered,
SHP103953,2026-06-08,Sylhet DC,Sylhet,Chattogram,RedX,SKU1003,Power Bank (V2),Electronics,4,1.53,12734.2,117.34,2026-06-12,2026-06-12,Delivered,
SHP103954,2025-09-03,Rajshahi DC,Rajshahi,Rangpur,Sundarban Courier,SKU1029,Curtain Set (V2),Home & Living,3,7.58,9363.78,254.6,2025-09-07,,In Transit,
SHP103955,2026-01-09,Sylhet DC,Sylhet,Mymensingh,Sundarban Courier,SKU1030,Face Wash,Beauty,1,1.48,3389.72,99.3,2026-01-13,2026-01-13,Delivered,
SHP103956,2026-06-21,Sylhet DC,Sylhet,Rajshahi,Sundarban Courier,SKU1037,Lipstick (V2),Beauty,4,11.53,8877.28,289.38,2026-06-24,,Delayed,Weather disruption
SHP103957,2026-03-03,Khulna DC,Khulna,Rajshahi,Sundarban Courier,SKU1010,Cotton T-Shirt,Apparel,4,3.49,7051.88,172.89,2026-03-08,2026-03-08,Delivered,
SHP103958,2025-11-11,Sylhet DC,Sylhet,Narayanganj,RedX,SKU1034,Hair Serum,Beauty,4,0.5,8770.28,87.16,2025-11-16,2025-11-16,Delivered,
SHP103959,2026-03-25,Rajshahi DC,Rajshahi,Rangpur,Steadfast Courier,SKU1007,Bluetooth Speaker (V2),Electronics,1,10.29,3569.38,250.01,2026-03-30,2026-03-30,Delivered,
SHP103960,2025-10-21,Khulna DC,Khulna,Sylhet,Sundarban Courier,SKU1002,Power Bank,Electronics,5,4.54,19424.5,149.27,2025-10-24,2025-10-24,Delivered,
SHP103961,2025-09-08,Khulna DC,Khulna,Dhaka,Steadfast Courier,SKU1013,Panjabi (V2),Apparel,1,4.25,3729.01,206.63,2025-09-11,2025-09-13,Delivered Late,Warehouse backlog
SHP103962,2026-04-07,Khulna DC,Khulna,Comilla,RedX,SKU1012,Panjabi,Apparel,3,1.6,8852.43,114.07,2026-04-12,2026-04-12,Delivered,
SHP103963,2026-02-26,Khulna DC,Khulna,Rangpur,RedX,SKU1044,Green Tea Pack,Grocery,3,7.99,11310.99,226.51,2026-03-01,2026-03-01,Delivered,
SHP103964,2026-05-20,Dhaka Hub,Dhaka,Rangpur,Pathao Courier,SKU1031,Face Wash (V2),Beauty,2,4.43,8717.34,146.12,2026-05-22,2026-05-22,Delivered,
SHP103965,2025-12-29,Sylhet DC,Sylhet,Sylhet,Pathao Courier,SKU1033,Sunscreen SPF50 (V2),Beauty,2,9.91,3523.0,253.88,2025-12-31,,In Transit,
SHP103966,2026-06-23,Dhaka Hub,Dhaka,Chattogram,eCourier,SKU1044,Green Tea Pack,Grocery,1,7.64,3770.33,223.69,2026-06-28,,In Transit,
SHP103967,2026-01-24,Sylhet DC,Sylhet,Rajshahi,RedX,SKU1018,Denim Jacket,Apparel,3,10.58,11250.6,245.34,2026-01-26,2026-01-26,Delivered,
SHP103968,2026-05-14,Dhaka Hub,Dhaka,Mymensingh,Sundarban Courier,SKU1037,Lipstick (V2),Beauty,4,7.55,8877.28,286.08,2026-05-17,,In Transit,
SHP103969,2025-10-05,Sylhet DC,Sylhet,Sylhet,eCourier,SKU1015,Sneakers (V2),Apparel,2,9.4,2276.98,290.77,2025-10-07,,In Transit,
SHP103970,2025-10-04,Chattogram DC,Chattogram,Barisal,Sundarban Courier,SKU1001,Wireless Earbuds (V2),Electronics,3,8.42,6177.36,256.72,2025-10-10,2025-10-10,Delivered,
SHP103971,2026-05-29,Dhaka Hub,Dhaka,Narayanganj,eCourier,SKU1039,Perfume (V2),Beauty,5,5.66,15318.45,166.49,2026-06-02,2026-06-02,Returned,
SHP103972,2026-06-16,Dhaka Hub,Dhaka,Sylhet,Sundarban Courier,SKU1016,Saree,Apparel,2,8.33,5124.88,235.64,2026-06-21,2026-06-21,Delivered,
SHP103973,2026-07-24,Sylhet DC,Sylhet,Sylhet,Steadfast Courier,SKU1033,Sunscreen SPF50 (V2),Beauty,2,8.03,3523.0,256.99,2026-07-26,,In Transit,
SHP103974,2025-12-22,Dhaka Hub,Dhaka,Sylhet,Pathao Courier,SKU1041,Basmati Rice 5kg (V2),Grocery,1,0.28,3772.15,100.7,2025-12-27,2025-12-27,Delivered,
SHP103975,2025-09-08,Rajshahi DC,Rajshahi,Narayanganj,Pathao Courier,SKU1015,Sneakers (V2),Apparel,3,8.44,3415.47,234.72,2025-09-12,,Cancelled,
SHP103976,2026-08-06,Khulna DC,Khulna,Barisal,RedX,SKU1037,Lipstick (V2),Beauty,2,3.29,4438.64,148.72,2026-08-11,2026-08-11,Delivered,
SHP103977,2026-03-28,Khulna DC,Khulna,Narayanganj,Pathao Courier,SKU1001,Wireless Earbuds (V2),Electronics,5,6.59,10295.6,224.73,2026-04-02,2026-04-02,Delivered,
SHP103978,2025-11-25,Dhaka Hub,Dhaka,Narayanganj,Steadfast Courier,SKU1001,Wireless Earbuds (V2),Electronics,2,1.51,4118.24,115.39,2025-11-28,,In Transit,
SHP103979,2026-05-23,Khulna DC,Khulna,Rajshahi,RedX,SKU1025,Non-stick Pan (V2),Home & Living,4,0.47,3986.72,93.46,2026-05-26,2026-05-27,Delivered Late,Courier capacity shortage
SHP103980,2026-07-10,Khulna DC,Khulna,Dhaka,Pathao Courier,SKU1012,Panjabi,Apparel,1,0.38,2950.81,86.58,2026-07-15,2026-07-15,Delivered,
SHP103981,2025-12-08,Chattogram DC,Chattogram,Khulna,Pathao Courier,SKU1046,Spice Combo,Grocery,2,2.07,3671.06,122.56,2025-12-10,2025-12-10,Delivered,
SHP103982,2026-05-25,Dhaka Hub,Dhaka,Barisal,Steadfast Courier,SKU1030,Face Wash,Beauty,1,0.43,3389.72,76.82,2026-05-30,2026-05-30,Delivered,
SHP103983,2026-05-31,Sylhet DC,Sylhet,Khulna,RedX,SKU1033,Sunscreen SPF50 (V2),Beauty,3,1.76,5284.5,132.32,2026-06-04,2026-06-04,Delivered,
SHP103984,2026-02-21,Khulna DC,Khulna,Dhaka,Steadfast Courier,SKU1038,Perfume,Beauty,1,6.8,1137.06,190.96,2026-02-23,2026-02-23,Delivered,
SHP103985,2026-04-07,Dhaka Hub,Dhaka,Narayanganj,Pathao Courier,SKU1002,Power Bank,Electronics,1,4.92,3884.9,206.66,2026-04-12,2026-04-12,Delivered,
SHP103986,2025-12-03,Dhaka Hub,Dhaka,Khulna,Steadfast Courier,SKU1007,Bluetooth Speaker (V2),Electronics,3,11.77,10708.14,380.46,2025-12-07,2025-12-07,Delivered,
SHP103987,2026-07-19,Chattogram DC,Chattogram,Rangpur,RedX,SKU1022,Table Lamp,Home & Living,3,9.74,13117.62,345.06,2026-07-24,,In Transit,
SHP103988,2026-08-07,Sylhet DC,Sylhet,Narayanganj,RedX,SKU1013,Panjabi (V2),Apparel,2,1.93,7458.02,124.78,2026-08-10,2026-08-10,Delivered,
SHP103989,2026-08-06,Sylhet DC,Sylhet,Barisal,Sundarban Courier,SKU1026,Storage Box,Home & Living,3,5.12,6540.72,177.02,2026-08-08,2026-08-08,Delivered,
SHP103990,2026-05-14,Sylhet DC,Sylhet,Rangpur,Pathao Courier,SKU1028,Curtain Set,Home & Living,3,5.29,2463.48,228.51,2026-05-17,2026-05-17,Delivered,
SHP103991,2025-09-15,Chattogram DC,Chattogram,Dhaka,Steadfast Courier,SKU1038,Perfume,Beauty,4,4.47,4548.24,199.71,2025-09-18,,In Transit,
SHP103992,2026-01-05,Dhaka Hub,Dhaka,Rangpur,Steadfast Courier,SKU1038,Perfume,Beauty,3,6.05,3411.18,218.59,2026-01-10,2026-01-10,Delivered,
SHP103993,2026-02-01,Dhaka Hub,Dhaka,Comilla,Sundarban Courier,SKU1000,Wireless Earbuds,Electronics,5,8.1,17583.55,268.66,2026-02-04,2026-02-04,Delivered,
SHP103994,2026-07-30,Dhaka Hub,Dhaka,Narayanganj,Steadfast Courier,SKU1016,Saree,Apparel,2,7.76,5124.88,214.88,2026-08-01,,In Transit,
SHP103995,2026-03-09,Khulna DC,Khulna,Dhaka,Pathao Courier,SKU1040,Basmati Rice 5kg,Grocery,1,4.41,2051.61,210.28,2026-03-15,2026-03-15,Delivered,
SHP103996,2026-03-05,Khulna DC,Khulna,Sylhet,Pathao Courier,SKU1029,Curtain Set (V2),Home & Living,3,8.52,9363.78,264.4,2026-03-07,,In Transit,
SHP103997,2025-10-21,Sylhet DC,Sylhet,Dhaka,Pathao Courier,SKU1012,Panjabi,Apparel,1,3.62,2950.81,176.79,2025-10-24,2025-10-24,Delivered,
SHP103998,2026-06-02,Dhaka Hub,Dhaka,Narayanganj,Sundarban Courier,SKU1020,Bedsheet Set,Home & Living,4,10.06,13790.72,283.82,2026-06-08,2026-06-09,Delivered Late,Courier capacity shortage
SHP103999,2025-12-26,Sylhet DC,Sylhet,Sylhet,Pathao Courier,SKU1018,Denim Jacket,Apparel,2,11.58,7500.4,334.25,2025-12-27,2025-12-27,Delivered,
SHP104000,2025-10-02,Rajshahi DC,Rajshahi,Barisal,Sundarban Courier,SKU1018,Denim Jacket,Apparel,2,3.68,7500.4,150.33,2025-10-05,2025-10-05,Delivered,
SHP104001,2026-08-08,Chattogram DC,Chattogram,Rajshahi,Pathao Courier,SKU1024,Non-stick Pan,Home & Living,3,9.46,10607.91,230.54,2026-08-14,2026-08-13,Delivered,
SHP104002,2025-11-05,Sylhet DC,Sylhet,Rangpur,eCourier,SKU1021,Bedsheet Set (V2),Home & Living,1,9.8,1692.19,282.92,2025-11-09,2025-11-09,Delivered,
SHP104003,2025-09-06,Sylhet DC,Sylhet,Comilla,eCourier,SKU1030,Face Wash,Beauty,2,5.99,6779.44,245.19,2025-09-08,,In Transit,
SHP104004,2025-09-27,Chattogram DC,Chattogram,Khulna,RedX,SKU1016,Saree,Apparel,5,1.24,12812.2,100.55,2025-09-29,2025-09-29,Delivered,
SHP104005,2026-02-04,Sylhet DC,Sylhet,Mymensingh,Pathao Courier,SKU1022,Table Lamp,Home & Living,4,9.48,17490.16,259.11,2026-02-10,2026-02-10,Delivered,
SHP104006,2025-10-06,Sylhet DC,Sylhet,Sylhet,eCourier,SKU1031,Face Wash (V2),Beauty,3,5.01,13076.01,130.47,2025-10-07,2025-10-07,Delivered,
SHP104007,2026-06-19,Sylhet DC,Sylhet,Chattogram,Pathao Courier,SKU1009,Phone Case (V2),Electronics,3,2.66,6327.54,141.34,2026-06-24,,In Transit,
SHP104008,2026-02-25,Khulna DC,Khulna,Chattogram,eCourier,SKU1009,Phone Case (V2),Electronics,3,7.59,6327.54,262.84,2026-02-27,,Delayed,Vehicle breakdown
SHP104009,2025-12-22,Sylhet DC,Sylhet,Khulna,RedX,SKU1035,Hair Serum (V2),Beauty,5,5.36,4871.0,201.53,2025-12-25,2025-12-25,Delivered,
SHP104010,2025-09-02,Dhaka Hub,Dhaka,Barisal,Sundarban Courier,SKU1007,Bluetooth Speaker (V2),Electronics,5,1.23,17846.9,92.48,2025-09-07,2025-09-07,Delivered,
SHP104011,2026-02-14,Dhaka Hub,Dhaka,Mymensingh,Pathao Courier,SKU1019,Denim Jacket (V2),Apparel,3,11.81,8693.22,293.09,2026-02-20,2026-02-22,Delivered Late,Vehicle breakdown
SHP104012,2025-10-23,Sylhet DC,Sylhet,Comilla,eCourier,SKU1031,Face Wash (V2),Beauty,5,3.09,21793.35,165.26,2025-10-25,,In Transit,
SHP104013,2026-08-05,Rajshahi DC,Rajshahi,Barisal,Steadfast Courier,SKU1049,Honey Jar (V2),Grocery,1,6.23,757.92,214.59,2026-08-08,2026-08-08,Delivered,
SHP104014,2025-12-10,Dhaka Hub,Dhaka,Rajshahi,RedX,SKU1013,Panjabi (V2),Apparel,2,8.07,7458.02,232.32,2025-12-15,2025-12-15,Delivered,
SHP104015,2026-02-12,Dhaka Hub,Dhaka,Chattogram,Steadfast Courier,SKU1049,Honey Jar (V2),Grocery,2,1.56,1515.84,101.5,2026-02-16,2026-02-20,Delivered Late,Warehouse backlog
SHP104016,2025-09-07,Khulna DC,Khulna,Narayanganj,Steadfast Courier,SKU1027,Storage Box (V2),Home & Living,4,8.93,1362.2,288.05,2025-09-11,2025-09-11,Delivered,
SHP104017,2025-10-16,Sylhet DC,Sylhet,Khulna,Pathao Courier,SKU1045,Green Tea Pack (V2),Grocery,4,7.85,14602.88,207.63,2025-10-19,2025-10-19,Returned,
SHP104018,2025-11-11,Chattogram DC,Chattogram,Mymensingh,eCourier,SKU1023,Table Lamp (V2),Home & Living,3,6.03,12105.24,187.02,2025-11-17,,In Transit,
SHP104019,2025-09-18,Chattogram DC,Chattogram,Rangpur,Sundarban Courier,SKU1014,Sneakers,Apparel,2,6.43,4157.7,228.04,2025-09-21,,In Transit,
SHP104020,2026-05-10,Khulna DC,Khulna,Narayanganj,Sundarban Courier,SKU1021,Bedsheet Set (V2),Home & Living,3,11.47,5076.57,294.66,2026-05-13,,In Transit,
SHP104021,2026-07-25,Sylhet DC,Sylhet,Narayanganj,Pathao Courier,SKU1029,Curtain Set (V2),Home & Living,2,10.95,6242.52,379.0,2026-07-28,,Delayed,Address issue
SHP104022,2026-08-07,Khulna DC,Khulna,Mymensingh,Steadfast Courier,SKU1003,Power Bank (V2),Electronics,3,1.52,9550.65,127.63,2026-08-10,2026-08-10,Delivered,
SHP104023,2025-12-01,Chattogram DC,Chattogram,Rangpur,eCourier,SKU1012,Panjabi,Apparel,2,4.55,5901.62,207.19,2025-12-05,,Delayed,Warehouse backlog
SHP104024,2026-05-31,Sylhet DC,Sylhet,Chattogram,Pathao Courier,SKU1022,Table Lamp,Home & Living,5,6.3,21862.7,212.25,2026-06-03,2026-06-03,Delivered,
SHP104025,2026-02-22,Rajshahi DC,Rajshahi,Dhaka,Sundarban Courier,SKU1007,Bluetooth Speaker (V2),Electronics,4,11.06,14277.52,246.16,2026-02-26,2026-02-26,Delivered,
SHP104026,2025-09-16,Chattogram DC,Chattogram,Barisal,Sundarban Courier,SKU1017,Saree (V2),Apparel,1,9.84,427.61,274.25,2025-09-19,2025-09-19,Delivered,
SHP104027,2025-10-02,Chattogram DC,Chattogram,Mymensingh,eCourier,SKU1011,Cotton T-Shirt (V2),Apparel,5,4.76,20907.15,202.41,2025-10-04,2025-10-04,Delivered,
SHP104028,2026-03-09,Dhaka Hub,Dhaka,Mymensingh,Steadfast Courier,SKU1030,Face Wash,Beauty,4,10.66,13558.88,242.11,2026-03-14,2026-03-14,Delivered,
SHP104029,2026-01-25,Khulna DC,Khulna,Sylhet,Sundarban Courier,SKU1013,Panjabi (V2),Apparel,2,4.66,7458.02,180.18,2026-01-29,2026-01-29,Delivered,
SHP104030,2025-09-03,Dhaka Hub,Dhaka,Barisal,Sundarban Courier,SKU1033,Sunscreen SPF50 (V2),Beauty,3,3.4,5284.5,166.91,2025-09-06,2025-09-06,Delivered,
SHP104031,2026-07-19,Chattogram DC,Chattogram,Comilla,RedX,SKU1017,Saree (V2),Apparel,1,7.4,427.61,259.45,2026-07-21,2026-07-21,Delivered,
SHP104032,2026-05-11,Khulna DC,Khulna,Dhaka,Sundarban Courier,SKU1033,Sunscreen SPF50 (V2),Beauty,1,4.4,1761.5,174.7,2026-05-15,2026-05-15,Delivered,
SHP104033,2026-02-21,Dhaka Hub,Dhaka,Khulna,RedX,SKU1010,Cotton T-Shirt,Apparel,3,7.54,5288.91,261.78,2026-02-26,2026-02-26,Delivered,
SHP104034,2026-08-08,Rajshahi DC,Rajshahi,Narayanganj,Pathao Courier,SKU1040,Basmati Rice 5kg,Grocery,4,5.03,8206.44,170.96,2026-08-13,2026-08-13,Delivered,
SHP104035,2026-08-03,Sylhet DC,Sylhet,Chattogram,Pathao Courier,SKU1011,Cotton T-Shirt (V2),Apparel,2,9.59,8362.86,348.75,2026-08-08,2026-08-10,Delivered Late,Weather disruption
SHP104036,2026-08-03,Chattogram DC,Chattogram,Khulna,Sundarban Courier,SKU1048,Honey Jar,Grocery,2,11.46,6237.72,319.49,2026-08-06,2026-08-08,Delivered Late,Vehicle breakdown
SHP104037,2025-11-29,Sylhet DC,Sylhet,Rajshahi,Steadfast Courier,SKU1014,Sneakers,Apparel,5,3.39,10394.25,150.33,2025-12-05,2025-12-05,Delivered,
SHP104038,2026-07-02,Khulna DC,Khulna,Rangpur,Sundarban Courier,SKU1030,Face Wash,Beauty,5,6.22,16948.6,186.83,2026-07-05,2026-07-05,Delivered,
SHP104039,2026-02-22,Sylhet DC,Sylhet,Sylhet,Pathao Courier,SKU1048,Honey Jar,Grocery,3,8.75,9356.58,242.99,2026-02-24,2026-02-24,Delivered,
SHP104040,2026-05-10,Rajshahi DC,Rajshahi,Mymensingh,eCourier,SKU1028,Curtain Set,Home & Living,1,2.07,821.16,115.4,2026-05-14,2026-05-14,Delivered,
SHP104041,2026-06-25,Rajshahi DC,Rajshahi,Sylhet,Steadfast Courier,SKU1025,Non-stick Pan (V2),Home & Living,4,9.59,3986.72,238.66,2026-06-27,2026-06-27,Delivered,
SHP104042,2025-10-27,Chattogram DC,Chattogram,Khulna,Sundarban Courier,SKU1017,Saree (V2),Apparel,4,7.08,1710.44,206.5,2025-10-31,,In Transit,
SHP104043,2026-02-03,Khulna DC,Khulna,Barisal,Pathao Courier,SKU1031,Face Wash (V2),Beauty,5,1.97,21793.35,120.67,2026-02-06,2026-02-06,Delivered,
SHP104044,2025-10-15,Chattogram DC,Chattogram,Dhaka,RedX,SKU1021,Bedsheet Set (V2),Home & Living,5,10.45,8460.95,276.77,2025-10-20,,Cancelled,
SHP104045,2025-12-06,Rajshahi DC,Rajshahi,Mymensingh,Sundarban Courier,SKU1037,Lipstick (V2),Beauty,4,5.24,8877.28,200.38,2025-12-11,2025-12-11,Delivered,
SHP104046,2026-01-22,Chattogram DC,Chattogram,Rangpur,RedX,SKU1016,Saree,Apparel,1,2.28,2562.44,129.83,2026-01-26,2026-01-27,Delivered Late,Courier capacity shortage
SHP104047,2026-06-23,Chattogram DC,Chattogram,Comilla,Pathao Courier,SKU1022,Table Lamp,Home & Living,2,2.51,8745.08,124.0,2026-06-27,2026-06-27,Delivered,
SHP104048,2026-06-26,Khulna DC,Khulna,Sylhet,Pathao Courier,SKU1023,Table Lamp (V2),Home & Living,4,9.47,16140.32,243.16,2026-06-29,,Delayed,Customs/checkpoint delay
SHP104049,2026-01-13,Khulna DC,Khulna,Khulna,Sundarban Courier,SKU1049,Honey Jar (V2),Grocery,4,11.24,3031.68,313.52,2026-01-14,,In Transit,
SHP104050,2025-12-23,Dhaka Hub,Dhaka,Comilla,eCourier,SKU1007,Bluetooth Speaker (V2),Electronics,3,4.66,10708.14,203.95,2025-12-27,2025-12-27,Delivered,
SHP104051,2026-03-03,Sylhet DC,Sylhet,Dhaka,Sundarban Courier,SKU1040,Basmati Rice 5kg,Grocery,3,1.13,6154.83,120.91,2026-03-07,2026-03-07,Delivered,
SHP104052,2026-07-13,Chattogram DC,Chattogram,Rajshahi,Pathao Courier,SKU1005,Smartwatch (V2),Electronics,4,1.39,17575.84,122.84,2026-07-15,2026-07-15,Delivered,
SHP104053,2026-08-04,Khulna DC,Khulna,Rajshahi,Sundarban Courier,SKU1004,Smartwatch,Electronics,3,7.92,1679.01,246.39,2026-08-07,2026-08-07,Delivered,
SHP104054,2025-11-18,Sylhet DC,Sylhet,Rajshahi,eCourier,SKU1043,Mustard Oil 1L (V2),Grocery,1,4.57,1508.79,194.57,2025-11-21,2025-11-21,Delivered,
SHP104055,2025-11-04,Rajshahi DC,Rajshahi,Rajshahi,Pathao Courier,SKU1028,Curtain Set,Home & Living,5,5.23,4105.8,130.09,2025-11-05,,Cancelled,
SHP104056,2026-05-03,Rajshahi DC,Rajshahi,Mymensingh,RedX,SKU1027,Storage Box (V2),Home & Living,2,4.18,681.1,211.38,2026-05-08,2026-05-08,Delivered,
SHP104057,2025-12-14,Khulna DC,Khulna,Chattogram,RedX,SKU1010,Cotton T-Shirt,Apparel,2,5.69,3525.94,215.74,2025-12-20,2025-12-20,Delivered,
SHP104058,2025-11-09,Khulna DC,Khulna,Comilla,Sundarban Courier,SKU1000,Wireless Earbuds,Electronics,1,7.79,3516.71,209.7,2025-11-13,2025-11-13,Delivered,
SHP104059,2025-09-11,Rajshahi DC,Rajshahi,Comilla,Steadfast Courier,SKU1042,Mustard Oil 1L,Grocery,3,6.59,9588.45,182.21,2025-09-15,2025-09-15,Delivered,
SHP104060,2026-01-18,Dhaka Hub,Dhaka,Chattogram,Steadfast Courier,SKU1018,Denim Jacket,Apparel,5,2.14,18751.0,124.64,2026-01-23,,In Transit,
SHP104061,2026-01-14,Khulna DC,Khulna,Narayanganj,Sundarban Courier,SKU1008,Phone Case,Electronics,1,6.0,707.29,183.77,2026-01-17,2026-01-17,Delivered,
SHP104062,2026-03-14,Khulna DC,Khulna,Sylhet,Pathao Courier,SKU1026,Storage Box,Home & Living,2,5.64,4360.48,186.81,2026-03-18,2026-03-18,Delivered,
SHP104063,2025-11-09,Dhaka Hub,Dhaka,Dhaka,Sundarban Courier,SKU1033,Sunscreen SPF50 (V2),Beauty,1,6.64,1761.5,222.33,2025-11-11,2025-11-11,Delivered,
SHP104064,2026-05-06,Rajshahi DC,Rajshahi,Khulna,Pathao Courier,SKU1043,Mustard Oil 1L (V2),Grocery,1,1.51,1508.79,105.79,2026-05-09,2026-05-09,Returned,
SHP104065,2026-04-24,Khulna DC,Khulna,Mymensingh,RedX,SKU1003,Power Bank (V2),Electronics,4,2.01,12734.2,133.14,2026-04-27,2026-04-27,Delivered,
SHP104066,2026-02-07,Chattogram DC,Chattogram,Comilla,Steadfast Courier,SKU1035,Hair Serum (V2),Beauty,2,6.46,1948.4,181.56,2026-02-10,2026-02-14,Delivered Late,Vehicle breakdown
SHP104067,2025-11-02,Sylhet DC,Sylhet,Rangpur,Steadfast Courier,SKU1017,Saree (V2),Apparel,4,3.45,1710.44,171.35,2025-11-06,2025-11-06,Delivered,
SHP104068,2026-02-23,Sylhet DC,Sylhet,Comilla,Sundarban Courier,SKU1014,Sneakers,Apparel,3,7.62,6236.55,297.16,2026-02-26,,In Transit,
SHP104069,2026-04-22,Rajshahi DC,Rajshahi,Sylhet,Sundarban Courier,SKU1012,Panjabi,Apparel,4,4.6,11803.24,208.1,2026-04-25,2026-04-25,Delivered,
SHP104070,2026-01-07,Rajshahi DC,Rajshahi,Comilla,Pathao Courier,SKU1018,Denim Jacket,Apparel,1,2.8,3750.2,145.46,2026-01-10,,In Transit,
SHP104071,2025-12-01,Rajshahi DC,Rajshahi,Rangpur,RedX,SKU1048,Honey Jar,Grocery,2,7.95,6237.72,291.9,2025-12-06,,Cancelled,
SHP104072,2026-02-23,Khulna DC,Khulna,Chattogram,Pathao Courier,SKU1005,Smartwatch (V2),Electronics,3,4.85,13181.88,192.15,2026-03-01,2026-03-01,Delivered,
SHP104073,2026-01-01,Dhaka Hub,Dhaka,Chattogram,Steadfast Courier,SKU1047,Spice Combo (V2),Grocery,1,2.06,1404.23,133.43,2026-01-07,2026-01-07,Delivered,
SHP104074,2026-01-17,Rajshahi DC,Rajshahi,Sylhet,Steadfast Courier,SKU1011,Cotton T-Shirt (V2),Apparel,3,9.74,12544.29,310.55,2026-01-22,,Cancelled,
SHP104075,2025-12-30,Dhaka Hub,Dhaka,Dhaka,Pathao Courier,SKU1036,Lipstick,Beauty,3,5.29,2145.48,164.12,2026-01-01,2026-01-01,Delivered,
SHP104076,2025-12-14,Dhaka Hub,Dhaka,Sylhet,RedX,SKU1016,Saree,Apparel,3,11.0,7687.32,360.42,2025-12-16,,In Transit,
SHP104077,2026-05-06,Dhaka Hub,Dhaka,Narayanganj,RedX,SKU1022,Table Lamp,Home & Living,3,2.48,13117.62,160.43,2026-05-10,,In Transit,
SHP104078,2026-02-07,Rajshahi DC,Rajshahi,Sylhet,eCourier,SKU1025,Non-stick Pan (V2),Home & Living,4,10.54,3986.72,269.54,2026-02-11,2026-02-11,Delivered,
SHP104079,2026-02-09,Sylhet DC,Sylhet,Rangpur,Sundarban Courier,SKU1028,Curtain Set,Home & Living,4,9.83,3284.64,255.14,2026-02-14,2026-02-14,Delivered,
SHP104080,2026-04-14,Chattogram DC,Chattogram,Narayanganj,Pathao Courier,SKU1032,Sunscreen SPF50,Beauty,1,1.43,1567.34,132.56,2026-04-17,2026-04-17,Delivered,
SHP104081,2026-01-04,Dhaka Hub,Dhaka,Sylhet,RedX,SKU1026,Storage Box,Home & Living,4,6.47,8720.96,204.33,2026-01-10,2026-01-10,Delivered,
SHP104082,2025-10-05,Sylhet DC,Sylhet,Rangpur,Pathao Courier,SKU1024,Non-stick Pan,Home & Living,5,7.91,17679.85,225.04,2025-10-08,2025-10-08,Delivered,
SHP104083,2026-06-23,Khulna DC,Khulna,Rajshahi,RedX,SKU1009,Phone Case (V2),Electronics,5,6.05,10545.9,214.57,2026-06-27,2026-07-01,Delivered Late,Vehicle breakdown
SHP104084,2025-09-20,Rajshahi DC,Rajshahi,Sylhet,Pathao Courier,SKU1046,Spice Combo,Grocery,2,4.81,3671.06,188.63,2025-09-25,2025-09-25,Delivered,
SHP104085,2026-03-17,Sylhet DC,Sylhet,Narayanganj,RedX,SKU1022,Table Lamp,Home & Living,4,11.34,17490.16,345.89,2026-03-21,,In Transit,
SHP104086,2025-12-01,Khulna DC,Khulna,Rangpur,eCourier,SKU1020,Bedsheet Set,Home & Living,5,8.47,17238.4,264.81,2025-12-06,2025-12-06,Delivered,
SHP104087,2025-11-13,Rajshahi DC,Rajshahi,Rajshahi,Pathao Courier,SKU1020,Bedsheet Set,Home & Living,2,11.6,6895.36,314.0,2025-11-15,2025-11-15,Delivered,
SHP104088,2025-09-15,Rajshahi DC,Rajshahi,Comilla,Sundarban Courier,SKU1042,Mustard Oil 1L,Grocery,5,10.19,15980.75,346.95,2025-09-20,2025-09-20,Delivered,
SHP104089,2026-07-09,Chattogram DC,Chattogram,Narayanganj,eCourier,SKU1012,Panjabi,Apparel,4,9.84,11803.24,246.82,2026-07-14,2026-07-14,Delivered,
SHP104090,2026-01-27,Rajshahi DC,Rajshahi,Mymensingh,Pathao Courier,SKU1036,Lipstick,Beauty,4,8.76,2860.64,335.97,2026-01-31,2026-01-31,Delivered,
SHP104091,2025-12-28,Sylhet DC,Sylhet,Comilla,RedX,SKU1032,Sunscreen SPF50,Beauty,4,7.82,6269.36,267.85,2025-12-31,,Delayed,Customs/checkpoint delay
SHP104092,2026-05-15,Rajshahi DC,Rajshahi,Khulna,RedX,SKU1023,Table Lamp (V2),Home & Living,4,10.66,16140.32,345.5,2026-05-20,2026-05-20,Delivered,
SHP104093,2025-09-14,Dhaka Hub,Dhaka,Khulna,Sundarban Courier,SKU1043,Mustard Oil 1L (V2),Grocery,5,7.44,7543.95,272.7,2025-09-18,2025-09-18,Delivered,
SHP104094,2026-03-15,Dhaka Hub,Dhaka,Sylhet,eCourier,SKU1010,Cotton T-Shirt,Apparel,5,1.09,8814.85,86.86,2026-03-19,2026-03-19,Delivered,
SHP104095,2026-02-19,Rajshahi DC,Rajshahi,Rangpur,RedX,SKU1016,Saree,Apparel,3,7.07,7687.32,251.83,2026-02-23,2026-02-28,Delivered Late,Warehouse backlog
SHP104096,2026-03-11,Khulna DC,Khulna,Comilla,RedX,SKU1003,Power Bank (V2),Electronics,3,1.41,9550.65,115.91,2026-03-14,2026-03-14,Delivered,
SHP104097,2025-10-13,Dhaka Hub,Dhaka,Rangpur,Pathao Courier,SKU1046,Spice Combo,Grocery,4,11.4,7342.12,366.38,2025-10-17,2025-10-17,Delivered,
SHP104098,2026-07-27,Rajshahi DC,Rajshahi,Barisal,Pathao Courier,SKU1024,Non-stick Pan,Home & Living,5,7.83,17679.85,216.86,2026-08-02,2026-08-02,Delivered,
SHP104099,2025-11-22,Dhaka Hub,Dhaka,Mymensingh,Pathao Courier,SKU1029,Curtain Set (V2),Home & Living,2,6.76,6242.52,199.75,2025-11-25,2025-11-25,Delivered,
SHP104100,2026-04-23,Khulna DC,Khulna,Chattogram,Steadfast Courier,SKU1008,Phone Case,Electronics,2,2.53,1414.58,141.29,2026-04-26,2026-04-26,Delivered,
SHP104101,2026-05-17,Chattogram DC,Chattogram,Khulna,Steadfast Courier,SKU1020,Bedsheet Set,Home & Living,4,6.29,13790.72,256.27,2026-05-20,2026-05-20,Delivered,
SHP104102,2025-12-29,Dhaka Hub,Dhaka,Mymensingh,eCourier,SKU1019,Denim Jacket (V2),Apparel,5,4.24,14488.7,194.26,2026-01-02,2026-01-02,Delivered,
SHP104103,2025-10-16,Rajshahi DC,Rajshahi,Dhaka,Pathao Courier,SKU1018,Denim Jacket,Apparel,5,8.17,18751.0,258.84,2025-10-19,,In Transit,
SHP104104,2025-12-12,Rajshahi DC,Rajshahi,Narayanganj,RedX,SKU1018,Denim Jacket,Apparel,1,7.33,3750.2,288.78,2025-12-17,2025-12-17,Delivered,
SHP104105,2026-06-07,Dhaka Hub,Dhaka,Chattogram,eCourier,SKU1011,Cotton T-Shirt (V2),Apparel,5,6.09,20907.15,262.31,2026-06-10,2026-06-10,Delivered,
SHP104106,2026-07-11,Dhaka Hub,Dhaka,Mymensingh,RedX,SKU1036,Lipstick,Beauty,4,3.18,2860.64,112.78,2026-07-14,,In Transit,
SHP104107,2026-07-22,Khulna DC,Khulna,Rangpur,Pathao Courier,SKU1041,Basmati Rice 5kg (V2),Grocery,1,6.4,3772.15,184.68,2026-07-24,2026-07-24,Delivered,
SHP104108,2025-11-18,Dhaka Hub,Dhaka,Comilla,Steadfast Courier,SKU1016,Saree,Apparel,1,5.65,2562.44,222.25,2025-11-20,2025-11-23,Delivered Late,Customs/checkpoint delay
SHP104109,2026-03-29,Khulna DC,Khulna,Mymensingh,Pathao Courier,SKU1036,Lipstick,Beauty,2,10.24,1430.32,261.83,2026-04-03,,In Transit,
SHP104110,2025-10-23,Rajshahi DC,Rajshahi,Barisal,Pathao Courier,SKU1047,Spice Combo (V2),Grocery,5,10.75,7021.15,358.55,2025-10-29,2025-10-29,Delivered,
SHP104111,2026-05-04,Khulna DC,Khulna,Mymensingh,Steadfast Courier,SKU1038,Perfume,Beauty,4,9.16,4548.24,285.98,2026-05-09,2026-05-10,Delivered Late,Courier capacity shortage
SHP104112,2026-01-22,Chattogram DC,Chattogram,Khulna,Sundarban Courier,SKU1027,Storage Box (V2),Home & Living,3,3.97,1021.65,148.8,2026-01-27,2026-01-27,Delivered,
SHP104113,2026-05-05,Dhaka Hub,Dhaka,Barisal,Sundarban Courier,SKU1040,Basmati Rice 5kg,Grocery,4,0.65,8206.44,84.44,2026-05-07,,Delayed,Failed delivery attempt
SHP104114,2026-04-26,Khulna DC,Khulna,Narayanganj,RedX,SKU1034,Hair Serum,Beauty,3,11.12,6577.71,339.69,2026-05-02,2026-05-06,Delivered Late,Customs/checkpoint delay
SHP104115,2026-08-10,Dhaka Hub,Dhaka,Dhaka,Steadfast Courier,SKU1046,Spice Combo,Grocery,5,11.91,9177.65,311.86,2026-08-12,2026-08-12,Delivered,
SHP104116,2026-02-17,Sylhet DC,Sylhet,Khulna,Pathao Courier,SKU1047,Spice Combo (V2),Grocery,1,1.7,1404.23,145.42,2026-02-22,2026-02-22,Delivered,
SHP104117,2025-12-28,Sylhet DC,Sylhet,Dhaka,eCourier,SKU1017,Saree (V2),Apparel,2,8.29,855.22,249.92,2026-01-01,2026-01-01,Delivered,
SHP104118,2026-03-02,Khulna DC,Khulna,Barisal,Sundarban Courier,SKU1013,Panjabi (V2),Apparel,2,5.22,7458.02,229.58,2026-03-05,2026-03-05,Delivered,
SHP104119,2025-10-27,Chattogram DC,Chattogram,Mymensingh,Pathao Courier,SKU1034,Hair Serum,Beauty,5,1.95,10962.85,127.15,2025-10-30,2025-10-30,Delivered,
SHP104120,2025-10-09,Khulna DC,Khulna,Dhaka,Sundarban Courier,SKU1043,Mustard Oil 1L (V2),Grocery,3,11.98,4526.37,304.66,2025-10-11,2025-10-11,Delivered,
SHP104121,2026-02-27,Khulna DC,Khulna,Barisal,RedX,SKU1040,Basmati Rice 5kg,Grocery,4,11.21,8206.44,372.43,2026-03-03,2026-03-03,Delivered,
SHP104122,2026-06-13,Chattogram DC,Chattogram,Rajshahi,Pathao Courier,SKU1006,Bluetooth Speaker,Electronics,5,11.79,17304.8,261.58,2026-06-17,2026-06-17,Delivered,
SHP104123,2026-03-04,Chattogram DC,Chattogram,Mymensingh,Sundarban Courier,SKU1040,Basmati Rice 5kg,Grocery,1,1.9,2051.61,103.27,2026-03-10,2026-03-10,Delivered,
SHP104124,2026-05-29,Dhaka Hub,Dhaka,Sylhet,RedX,SKU1012,Panjabi,Apparel,5,6.0,14754.05,172.92,2026-05-31,2026-05-31,Delivered,
SHP104125,2025-11-01,Sylhet DC,Sylhet,Chattogram,RedX,SKU1017,Saree (V2),Apparel,1,10.77,427.61,322.79,2025-11-05,2025-11-05,Delivered,
SHP104126,2026-02-03,Chattogram DC,Chattogram,Dhaka,eCourier,SKU1036,Lipstick,Beauty,4,8.17,2860.64,286.99,2026-02-07,2026-02-07,Delivered,
SHP104127,2026-04-01,Dhaka Hub,Dhaka,Rajshahi,eCourier,SKU1012,Panjabi,Apparel,4,5.33,11803.24,232.05,2026-04-03,2026-04-03,Delivered,
SHP104128,2025-12-30,Sylhet DC,Sylhet,Rajshahi,Sundarban Courier,SKU1035,Hair Serum (V2),Beauty,5,6.3,4871.0,176.96,2026-01-02,,Delayed,Weather disruption
SHP104129,2025-09-05,Sylhet DC,Sylhet,Narayanganj,Sundarban Courier,SKU1030,Face Wash,Beauty,1,0.66,3389.72,98.25,2025-09-09,2025-09-09,Delivered,
SHP104130,2025-09-26,Dhaka Hub,Dhaka,Rajshahi,Sundarban Courier,SKU1001,Wireless Earbuds (V2),Electronics,5,7.42,10295.6,223.72,2025-09-30,2025-09-30,Delivered,
SHP104131,2026-07-18,Dhaka Hub,Dhaka,Chattogram,RedX,SKU1015,Sneakers (V2),Apparel,4,10.34,4553.96,349.92,2026-07-21,,Delayed,Failed delivery attempt
SHP104132,2026-03-29,Dhaka Hub,Dhaka,Rangpur,Pathao Courier,SKU1008,Phone Case,Electronics,1,0.23,707.29,74.78,2026-03-31,2026-04-03,Delivered Late,Courier capacity shortage
SHP104133,2025-12-01,Khulna DC,Khulna,Dhaka,Sundarban Courier,SKU1008,Phone Case,Electronics,3,2.09,2121.87,110.18,2025-12-04,2025-12-04,Delivered,
SHP104134,2025-11-29,Chattogram DC,Chattogram,Khulna,Pathao Courier,SKU1037,Lipstick (V2),Beauty,5,6.31,11096.6,198.7,2025-12-04,2025-12-04,Delivered,
SHP104135,2025-09-14,Dhaka Hub,Dhaka,Rangpur,Sundarban Courier,SKU1010,Cotton T-Shirt,Apparel,3,6.82,5288.91,215.7,2025-09-19,,In Transit,
SHP104136,2026-07-24,Dhaka Hub,Dhaka,Sylhet,Steadfast Courier,SKU1021,Bedsheet Set (V2),Home & Living,2,4.25,3384.38,175.15,2026-07-27,2026-07-27,Delivered,
SHP104137,2025-10-08,Rajshahi DC,Rajshahi,Barisal,RedX,SKU1032,Sunscreen SPF50,Beauty,2,0.53,3134.68,76.82,2025-10-13,2025-10-13,Delivered,
SHP104138,2026-05-21,Chattogram DC,Chattogram,Rajshahi,Sundarban Courier,SKU1035,Hair Serum (V2),Beauty,3,8.97,2922.6,278.04,2026-05-27,2026-05-27,Delivered,
SHP104139,2025-11-23,Khulna DC,Khulna,Narayanganj,RedX,SKU1044,Green Tea Pack,Grocery,5,3.07,18851.65,126.44,2025-11-26,2025-11-26,Delivered,
SHP104140,2025-12-26,Sylhet DC,Sylhet,Sylhet,RedX,SKU1022,Table Lamp,Home & Living,4,7.81,17490.16,159.82,2025-12-27,2025-12-27,Delivered,
SHP104141,2025-12-04,Dhaka Hub,Dhaka,Narayanganj,Sundarban Courier,SKU1044,Green Tea Pack,Grocery,4,6.8,15081.32,250.71,2025-12-06,2025-12-06,Returned,
SHP104142,2026-06-13,Chattogram DC,Chattogram,Rangpur,Sundarban Courier,SKU1044,Green Tea Pack,Grocery,4,5.28,15081.32,215.73,2026-06-16,,Cancelled,
SHP104143,2025-09-12,Dhaka Hub,Dhaka,Mymensingh,eCourier,SKU1033,Sunscreen SPF50 (V2),Beauty,4,7.17,7046.0,209.06,2025-09-17,2025-09-17,Delivered,
SHP104144,2025-12-31,Khulna DC,Khulna,Chattogram,Pathao Courier,SKU1008,Phone Case,Electronics,3,8.4,2121.87,268.82,2026-01-05,,In Transit,
SHP104145,2025-12-06,Chattogram DC,Chattogram,Dhaka,RedX,SKU1023,Table Lamp (V2),Home & Living,4,6.95,16140.32,248.16,2025-12-10,,In Transit,
SHP104146,2025-12-04,Sylhet DC,Sylhet,Mymensingh,RedX,SKU1007,Bluetooth Speaker (V2),Electronics,2,6.78,7138.76,238.79,2025-12-07,,Cancelled,
SHP104147,2025-11-06,Dhaka Hub,Dhaka,Rajshahi,eCourier,SKU1006,Bluetooth Speaker,Electronics,3,5.35,10382.88,216.05,2025-11-11,,In Transit,
SHP104148,2026-07-13,Rajshahi DC,Rajshahi,Khulna,Steadfast Courier,SKU1035,Hair Serum (V2),Beauty,2,5.27,1948.4,219.49,2026-07-16,,In Transit,
SHP104149,2026-01-10,Chattogram DC,Chattogram,Comilla,eCourier,SKU1017,Saree (V2),Apparel,5,5.99,2138.05,204.17,2026-01-13,2026-01-13,Delivered,
SHP104150,2026-01-23,Sylhet DC,Sylhet,Khulna,RedX,SKU1002,Power Bank,Electronics,4,5.53,15539.6,180.39,2026-01-25,2026-01-25,Delivered,
SHP104151,2026-01-12,Rajshahi DC,Rajshahi,Rajshahi,Pathao Courier,SKU1027,Storage Box (V2),Home & Living,3,5.38,1021.65,153.76,2026-01-14,2026-01-14,Delivered,
SHP104152,2026-08-06,Khulna DC,Khulna,Mymensingh,RedX,SKU1005,Smartwatch (V2),Electronics,3,2.68,13181.88,138.75,2026-08-11,2026-08-11,Delivered,
SHP104153,2025-12-27,Khulna DC,Khulna,Narayanganj,eCourier,SKU1043,Mustard Oil 1L (V2),Grocery,3,8.75,4526.37,307.19,2025-12-31,,Delayed,Courier capacity shortage
SHP104154,2025-12-28,Rajshahi DC,Rajshahi,Comilla,Steadfast Courier,SKU1043,Mustard Oil 1L (V2),Grocery,4,1.77,6035.16,103.24,2026-01-02,2026-01-02,Returned,
SHP104155,2025-12-23,Dhaka Hub,Dhaka,Rangpur,eCourier,SKU1020,Bedsheet Set,Home & Living,2,10.92,6895.36,230.83,2025-12-26,,In Transit,
SHP104156,2025-12-23,Rajshahi DC,Rajshahi,Chattogram,Pathao Courier,SKU1027,Storage Box (V2),Home & Living,5,7.57,1702.75,290.64,2025-12-27,,In Transit,
SHP104157,2025-10-02,Sylhet DC,Sylhet,Chattogram,eCourier,SKU1039,Perfume (V2),Beauty,2,0.78,6127.38,97.12,2025-10-07,2025-10-07,Delivered,
SHP104158,2026-03-29,Sylhet DC,Sylhet,Rangpur,Steadfast Courier,SKU1000,Wireless Earbuds,Electronics,1,7.98,3516.71,207.01,2026-04-04,2026-04-04,Delivered,
SHP104159,2025-09-09,Chattogram DC,Chattogram,Barisal,RedX,SKU1035,Hair Serum (V2),Beauty,4,4.47,3896.8,184.65,2025-09-13,2025-09-13,Delivered,
SHP104160,2025-11-18,Khulna DC,Khulna,Chattogram,RedX,SKU1020,Bedsheet Set,Home & Living,4,11.17,13790.72,279.33,2025-11-20,2025-11-20,Delivered,
SHP104161,2025-11-09,Rajshahi DC,Rajshahi,Rangpur,RedX,SKU1042,Mustard Oil 1L,Grocery,2,11.25,6392.3,390.78,2025-11-15,,In Transit,
SHP104162,2025-12-10,Khulna DC,Khulna,Narayanganj,RedX,SKU1034,Hair Serum,Beauty,4,10.18,8770.28,289.6,2025-12-14,2025-12-14,Delivered,
SHP104163,2026-05-20,Dhaka Hub,Dhaka,Dhaka,Sundarban Courier,SKU1012,Panjabi,Apparel,4,6.9,11803.24,206.3,2026-05-21,2026-05-21,Delivered,
SHP104164,2026-03-27,Sylhet DC,Sylhet,Comilla,Pathao Courier,SKU1048,Honey Jar,Grocery,4,11.05,12475.44,390.54,2026-03-29,2026-03-29,Delivered,
SHP104165,2026-08-09,Khulna DC,Khulna,Khulna,eCourier,SKU1009,Phone Case (V2),Electronics,5,7.87,10545.9,226.9,2026-08-10,2026-08-10,Delivered,
SHP104166,2025-12-31,Chattogram DC,Chattogram,Khulna,Steadfast Courier,SKU1043,Mustard Oil 1L (V2),Grocery,5,10.53,7543.95,346.71,2026-01-04,2026-01-06,Delivered Late,Courier capacity shortage
SHP104167,2026-07-19,Khulna DC,Khulna,Mymensingh,eCourier,SKU1046,Spice Combo,Grocery,3,2.09,5506.59,119.91,2026-07-23,,In Transit,
SHP104168,2025-09-16,Khulna DC,Khulna,Sylhet,Sundarban Courier,SKU1009,Phone Case (V2),Electronics,2,10.87,4218.36,291.94,2025-09-19,2025-09-19,Delivered,
SHP104169,2026-02-22,Dhaka Hub,Dhaka,Chattogram,Pathao Courier,SKU1045,Green Tea Pack (V2),Grocery,1,8.01,3650.72,230.75,2026-02-25,,In Transit,
SHP104170,2026-06-04,Sylhet DC,Sylhet,Narayanganj,Sundarban Courier,SKU1012,Panjabi,Apparel,3,3.78,8852.43,172.38,2026-06-08,2026-06-08,Delivered,
SHP104171,2026-03-04,Dhaka Hub,Dhaka,Khulna,eCourier,SKU1036,Lipstick,Beauty,4,11.97,2860.64,247.96,2026-03-08,2026-03-08,Delivered,
SHP104172,2026-07-20,Sylhet DC,Sylhet,Chattogram,RedX,SKU1037,Lipstick (V2),Beauty,4,8.31,8877.28,245.35,2026-07-23,2026-07-23,Delivered,
SHP104173,2025-12-18,Chattogram DC,Chattogram,Rangpur,Steadfast Courier,SKU1023,Table Lamp (V2),Home & Living,1,10.92,4035.08,368.7,2025-12-21,,In Transit,
SHP104174,2025-09-12,Rajshahi DC,Rajshahi,Sylhet,Sundarban Courier,SKU1001,Wireless Earbuds (V2),Electronics,4,0.27,8236.48,77.42,2025-09-17,,Delayed,Address issue
SHP104175,2026-05-26,Rajshahi DC,Rajshahi,Mymensingh,RedX,SKU1021,Bedsheet Set (V2),Home & Living,4,6.72,6768.76,230.53,2026-06-01,2026-06-01,Delivered,
SHP104176,2025-09-24,Sylhet DC,Sylhet,Dhaka,eCourier,SKU1016,Saree,Apparel,4,8.61,10249.76,234.4,2025-09-27,2025-10-01,Delivered Late,Courier capacity shortage
SHP104177,2026-05-23,Sylhet DC,Sylhet,Barisal,Pathao Courier,SKU1035,Hair Serum (V2),Beauty,3,0.36,2922.6,79.33,2026-05-28,,In Transit,
SHP104178,2026-05-12,Khulna DC,Khulna,Rajshahi,Steadfast Courier,SKU1013,Panjabi (V2),Apparel,1,9.2,3729.01,257.72,2026-05-17,,Cancelled,
SHP104179,2026-06-20,Khulna DC,Khulna,Narayanganj,RedX,SKU1009,Phone Case (V2),Electronics,3,7.89,6327.54,298.33,2026-06-22,2026-06-22,Delivered,
SHP104180,2026-02-13,Khulna DC,Khulna,Barisal,Pathao Courier,SKU1034,Hair Serum,Beauty,4,3.44,8770.28,133.79,2026-02-19,2026-02-19,Delivered,
SHP104181,2026-07-07,Khulna DC,Khulna,Narayanganj,Pathao Courier,SKU1024,Non-stick Pan,Home & Living,3,8.33,10607.91,231.26,2026-07-11,2026-07-11,Delivered,
SHP104182,2025-10-29,Rajshahi DC,Rajshahi,Sylhet,Steadfast Courier,SKU1002,Power Bank,Electronics,3,1.74,11654.7,108.3,2025-11-02,,Delayed,Address issue
SHP104183,2026-01-29,Rajshahi DC,Rajshahi,Rajshahi,RedX,SKU1046,Spice Combo,Grocery,3,9.92,5506.59,236.4,2026-01-31,2026-01-31,Delivered,
SHP104184,2025-10-13,Dhaka Hub,Dhaka,Comilla,eCourier,SKU1037,Lipstick (V2),Beauty,3,10.42,6657.96,316.58,2025-10-16,2025-10-16,Delivered,
SHP104185,2026-05-24,Sylhet DC,Sylhet,Chattogram,eCourier,SKU1016,Saree,Apparel,2,5.93,5124.88,197.56,2026-05-29,2026-05-29,Returned,
SHP104186,2026-05-06,Sylhet DC,Sylhet,Narayanganj,Sundarban Courier,SKU1011,Cotton T-Shirt (V2),Apparel,4,6.19,16725.72,250.84,2026-05-11,2026-05-11,Delivered,
SHP104187,2026-06-07,Sylhet DC,Sylhet,Mymensingh,eCourier,SKU1023,Table Lamp (V2),Home & Living,2,4.94,8070.16,197.01,2026-06-09,2026-06-09,Delivered,
SHP104188,2026-05-23,Sylhet DC,Sylhet,Rangpur,Steadfast Courier,SKU1028,Curtain Set,Home & Living,3,4.27,2463.48,136.84,2026-05-27,2026-05-27,Returned,
SHP104189,2025-12-16,Khulna DC,Khulna,Sylhet,Pathao Courier,SKU1042,Mustard Oil 1L,Grocery,3,10.5,9588.45,348.81,2025-12-22,2025-12-22,Delivered,
SHP104190,2025-09-24,Sylhet DC,Sylhet,Comilla,eCourier,SKU1024,Non-stick Pan,Home & Living,4,3.8,14143.88,159.89,2025-09-29,2025-09-29,Delivered,
SHP104191,2026-07-19,Chattogram DC,Chattogram,Comilla,Sundarban Courier,SKU1035,Hair Serum (V2),Beauty,5,4.95,4871.0,165.4,2026-07-24,2026-07-24,Delivered,
SHP104192,2026-02-18,Sylhet DC,Sylhet,Sylhet,Sundarban Courier,SKU1025,Non-stick Pan (V2),Home & Living,4,3.74,3986.72,120.05,2026-02-20,2026-02-20,Delivered,
SHP104193,2025-10-03,Rajshahi DC,Rajshahi,Barisal,Sundarban Courier,SKU1037,Lipstick (V2),Beauty,1,7.95,2219.32,304.22,2025-10-06,2025-10-06,Delivered,
SHP104194,2026-07-18,Chattogram DC,Chattogram,Dhaka,Steadfast Courier,SKU1000,Wireless Earbuds,Electronics,4,9.81,14066.84,339.06,2026-07-21,2026-07-21,Delivered,
SHP104195,2026-08-11,Dhaka Hub,Dhaka,Khulna,Pathao Courier,SKU1019,Denim Jacket (V2),Apparel,2,2.14,5795.48,134.38,2026-08-16,2026-08-13,Delivered,
SHP104196,2026-02-02,Rajshahi DC,Rajshahi,Chattogram,Sundarban Courier,SKU1027,Storage Box (V2),Home & Living,1,3.21,340.55,148.02,2026-02-07,2026-02-07,Delivered,
SHP104197,2026-05-25,Dhaka Hub,Dhaka,Barisal,RedX,SKU1015,Sneakers (V2),Apparel,1,1.43,1138.49,124.13,2026-05-31,,In Transit,
SHP104198,2025-09-13,Khulna DC,Khulna,Barisal,Pathao Courier,SKU1046,Spice Combo,Grocery,5,2.09,9177.65,143.43,2025-09-15,2025-09-15,Delivered,
SHP104199,2025-10-03,Rajshahi DC,Rajshahi,Barisal,eCourier,SKU1016,Saree,Apparel,3,5.0,7687.32,190.28,2025-10-09,2025-10-13,Delivered Late,Warehouse backlog
